Configuration,Term,J,Prefix,Level (eV),Suffix,Uncertainty (eV),Lande,Leading percentages,Reference
"=""3d5.(6S).4s""","=""a 7S""","=""3""","=""""","=""0.00000000""","=""""","=""0.00000014""","=""2.00183""","="" 100                                                 ""","=""L18327,L7185"""
"=""3d5.(6S).4s""","=""a 5S""","=""2""","=""""","=""0.94143042""","=""""","=""0.00000017""","=""2.006""","="" 100                                                 ""","=""L18327,L7185"""
"=""3d4.4s2""","=""a 5D""","=""0""","=""""","=""0.96097009""","=""""","=""0.00000016""","=""""","=""                                                     ""","=""L18327"""
"=""3d4.4s2""","=""a 5D""","=""1""","=""""","=""0.96841324""","=""""","=""0.00000014""","=""1.50060""","=""                                                     ""","=""L18327,L7185"""
"=""3d4.4s2""","=""a 5D""","=""2""","=""""","=""0.98287742""","=""""","=""0.00000014""","=""1.50060""","=""                                                     ""","=""L18327,L7185"""
"=""3d4.4s2""","=""a 5D""","=""3""","=""""","=""1.00367492""","=""""","=""0.00000014""","=""1.50060""","=""                                                     ""","=""L18327,L7185"""
"=""3d4.4s2""","=""a 5D""","=""4""","=""""","=""1.03000806""","=""""","=""0.00000015""","=""1.50060""","=""                                                     ""","=""L18327,L7185"""
"=""3d5.(4G).4s""","=""a 5G""","=""2""","=""""","=""2.54383615""","=""""","=""0.00000015""","=""0.37""","="" 100                                                 ""","=""L18327,L7185"""
"=""3d5.(4G).4s""","=""a 5G""","=""6""","=""""","=""2.54410014""","=""""","=""0.00000017""","=""1.33""","="" 100                                                 ""","=""L18327,L7185"""
"=""3d5.(4G).4s""","=""a 5G""","=""3""","=""""","=""2.54426770""","=""""","=""0.00000015""","=""0.93""","="" 100                                                 ""","=""L18327,L7185"""
"=""3d5.(4G).4s""","=""a 5G""","=""4""","=""""","=""2.54460569""","=""""","=""0.00000016""","=""1.13""","="" 100                                                 ""","=""L18327,L7185"""
"=""3d5.(4G).4s""","=""a 5G""","=""5""","=""""","=""2.54463928""","=""""","=""0.00000017""","=""1.25""","="" 100                                                 ""","=""L18327,L7185"""
"=""3d5.(4P).4s""","=""a 5P""","=""3""","=""""","=""2.70791527""","=""""","=""0.00000015""","=""1.6""","=""  98                                                 ""","=""L18327,L7185"""
"=""3d5.(4P).4s""","=""a 5P""","=""2""","=""""","=""2.70878630""","=""""","=""0.00000015""","=""1.847""","=""  98                                                 ""","=""L18327,L7185"""
"=""3d5.(4P).4s""","=""a 5P""","=""1""","=""""","=""2.70991379""","=""""","=""0.00000014""","=""2.500""","="" 100                                                 ""","=""L18327,L7185"""
"=""3d4.4s2""","=""a 3P""","=""0""","=""""","=""2.87187333""","=""""","=""0.00000022""","=""""","=""                                                     ""","=""L18327"""
"=""3d4.4s2""","=""a 3P""","=""1""","=""""","=""2.91511324""","=""""","=""0.00000017""","=""""","=""                                                     ""","=""L18327"""
"=""3d4.4s2""","=""a 3P""","=""2""","=""""","=""2.98716595""","=""""","=""0.00000017""","=""""","=""                                                     ""","=""L18327"""
"=""3d5.(6S).4p""","=""z 7P*""","=""2""","=""""","=""2.88945207""","=""""","=""0.00000019""","=""2.334""","=""  67             :    33  3d4.(5D).4s.4p.(3P*)  7P*  ""","=""L18327,L7185"""
"=""3d5.(6S).4p""","=""z 7P*""","=""3""","=""""","=""2.89953685""","=""""","=""0.00000017""","=""1.9176""","=""  67             :    33  3d4.(5D).4s.4p.(3P*)  7P*  ""","=""L18327,L7185"""
"=""3d5.(6S).4p""","=""z 7P*""","=""4""","=""""","=""2.91348182""","=""""","=""0.00000017""","=""1.7510""","=""  67             :    31  3d4.(5D).4s.4p.(3P*)  7P*  ""","=""L18327,L7185"""
"=""3d4.4s2""","=""a 3H""","=""4""","=""""","=""2.96741996""","=""""","=""0.00000019""","=""""","=""                                                     ""","=""L18327"""
"=""3d4.4s2""","=""a 3H""","=""5""","=""""","=""2.98256889""","=""""","=""0.00000017""","=""""","=""                                                     ""","=""L18327"""
"=""3d4.4s2""","=""a 3H""","=""6""","=""""","=""3.00044215""","=""""","=""0.00000017""","=""""","=""                                                     ""","=""L18327"""
"=""3d5.(4D).4s""","=""b 5D""","=""0""","=""""","=""3.00997115""","=""""","=""0.00000019""","=""""","="" 100                                                 ""","=""L18327,L7185"""
"=""3d5.(4D).4s""","=""b 5D""","=""4""","=""""","=""3.01062753""","=""""","=""0.00000015""","=""1.51""","="" 100                                                 ""","=""L18327,L7185"""
"=""3d5.(4D).4s""","=""b 5D""","=""1""","=""""","=""3.01114742""","=""""","=""0.00000015""","=""1.48""","="" 100                                                 ""","=""L18327,L7185"""
"=""3d5.(4D).4s""","=""b 5D""","=""2""","=""""","=""3.01279642""","=""""","=""0.00000015""","=""1.51""","=""  98                                                 ""","=""L18327,L7185"""
"=""3d5.(4D).4s""","=""b 5D""","=""3""","=""""","=""3.01329987""","=""""","=""0.00000015""","=""1.55""","=""  98                                                 ""","=""L18327,L7185"""
"=""3d5.(4G).4s""","=""a 3G""","=""3""","=""""","=""3.07899825""","=""""","=""0.00000017""","=""""","="" 100                                                 ""","=""L18327,L7185"""
"=""3d5.(4G).4s""","=""a 3G""","=""4""","=""""","=""3.08689206""","=""""","=""0.00000017""","=""""","="" 100                                                 ""","=""L18327,L7185"""
"=""3d5.(4G).4s""","=""a 3G""","=""5""","=""""","=""3.10437812""","=""""","=""0.00000017""","=""""","="" 100                                                 ""","=""L18327,L7185"""
"=""3d4.4s2""","=""a 3F""","=""2""","=""""","=""3.0922396""","=""""","=""0.0000003""","=""""","=""                                                     ""","=""L18327"""
"=""3d4.4s2""","=""a 3F""","=""3""","=""""","=""3.11278390""","=""""","=""0.00000019""","=""""","=""                                                     ""","=""L18327"""
"=""3d4.4s2""","=""a 3F""","=""4""","=""""","=""3.12159404""","=""""","=""0.00000017""","=""""","=""                                                     ""","=""L18327"""
"=""3d4.(5D).4s.4p.(3P*)""","=""z 7F*""","=""0""","=""""","=""3.0960208""","=""""","=""0.0000004""","=""""","="" 100                                                 ""","=""L18327,L7185"""
"=""3d4.(5D).4s.4p.(3P*)""","=""z 7F*""","=""1""","=""""","=""3.10092412""","=""""","=""0.00000025""","=""1.52""","="" 100                                                 ""","=""L18327,L7185"""
"=""3d4.(5D).4s.4p.(3P*)""","=""z 7F*""","=""2""","=""""","=""3.11067051""","=""""","=""0.00000025""","=""1.50""","="" 100                                                 ""","=""L18327,L7185"""
"=""3d4.(5D).4s.4p.(3P*)""","=""z 7F*""","=""3""","=""""","=""3.12514546""","=""""","=""0.00000025""","=""1.49""","="" 100                                                 ""","=""L18327,L7185"""
"=""3d4.(5D).4s.4p.(3P*)""","=""z 7F*""","=""4""","=""""","=""3.14419143""","=""""","=""0.00000024""","=""1.51""","="" 100                                                 ""","=""L18327,L7185"""
"=""3d4.(5D).4s.4p.(3P*)""","=""z 7F*""","=""5""","=""""","=""3.16762385""","=""""","=""0.00000024""","=""1.51""","="" 100                                                 ""","=""L18327,L7185"""
"=""3d4.(5D).4s.4p.(3P*)""","=""z 7F*""","=""6""","=""""","=""3.1952485""","=""""","=""0.0000004""","=""1.53""","="" 100                                                 ""","=""L18327,L7185"""
"=""3d5.(6S).4p""","=""z 5P*""","=""3""","=""""","=""3.32122225""","=""""","=""0.00000014""","=""1.670""","=""  92                                                 ""","=""L18327,L7185"""
"=""3d5.(6S).4p""","=""z 5P*""","=""2""","=""""","=""3.32231395""","=""""","=""0.00000014""","=""1.830""","=""  91                                                 ""","=""L18327,L7185"""
"=""3d5.(6S).4p""","=""z 5P*""","=""1""","=""""","=""3.32301220""","=""""","=""0.00000014""","=""2.512""","=""  92                                                 ""","=""L18327,L7185"""
"=""3d5.(4P).4s""","=""b 3P""","=""0""","=""""","=""3.36779583""","=""""","=""0.00000017""","=""""","="" 100                                                 ""","=""L18327,L7185"""
"=""3d5.(4P).4s""","=""b 3P""","=""1""","=""""","=""3.36940787""","=""""","=""0.00000016""","=""""","="" 100                                                 ""","=""L18327,L7185"""
"=""3d5.(4P).4s""","=""b 3P""","=""2""","=""""","=""3.37521461""","=""""","=""0.00000016""","=""""","=""  98                                                 ""","=""L18327,L7185"""
"=""3d4.(5D).4s.4p.(3P*)""","=""z 7D*""","=""1""","=""""","=""3.38478638""","=""""","=""0.00000016""","=""3.01""","=""  99                                                 ""","=""L18327,L7185"""
"=""3d4.(5D).4s.4p.(3P*)""","=""z 7D*""","=""2""","=""""","=""3.39495688""","=""""","=""0.00000016""","=""1.99""","=""  99                                                 ""","=""L18327,L7185"""
"=""3d4.(5D).4s.4p.(3P*)""","=""z 7D*""","=""3""","=""""","=""3.40961132""","=""""","=""0.00000017""","=""1.76""","=""  99                                                 ""","=""L18327,L7185"""
"=""3d4.(5D).4s.4p.(3P*)""","=""z 7D*""","=""4""","=""""","=""3.42812540""","=""""","=""0.00000016""","=""1.66""","=""  99                                                 ""","=""L18327,L7185"""
"=""3d4.(5D).4s.4p.(3P*)""","=""z 7D*""","=""5""","=""""","=""3.44990008""","=""""","=""0.00000021""","=""1.61""","="" 100                                                 ""","=""L18327,L7185"""
"=""3d4.4s2""","=""b 3G""","=""3""","=""""","=""3.42162179""","=""""","=""0.00000017""","=""""","=""                                                     ""","=""L18327"""
"=""3d4.4s2""","=""b 3G""","=""4""","=""""","=""3.43483025""","=""""","=""0.00000016""","=""""","=""                                                     ""","=""L18327"""
"=""3d4.4s2""","=""b 3G""","=""5""","=""""","=""3.44884096""","=""""","=""0.00000017""","=""""","=""                                                     ""","=""L18327"""
"=""3d4.(5D).4s.4p.(3P*)""","=""y 7P*""","=""2""","=""""","=""3.43793441""","=""""","=""0.00000016""","=""2.341""","=""  66             :    33  3d5.(6S).4p           7P*  ""","=""L18327,L7185"""
"=""3d4.(5D).4s.4p.(3P*)""","=""y 7P*""","=""3""","=""""","=""3.44926489""","=""""","=""0.00000016""","=""1.929""","=""  66             :    33  3d5.(6S).4p           7P*  ""","=""L18327,L7185"""
"=""3d4.(5D).4s.4p.(3P*)""","=""y 7P*""","=""4""","=""""","=""3.46352849""","=""""","=""0.00000020""","=""1.761""","=""  67             :    32  3d5.(6S).4p           7P*  ""","=""L18327,L7185"""
"=""3d5.(4D).4s""","=""a 3D""","=""3""","=""""","=""3.55053095""","=""""","=""0.00000016""","=""""","="" 100                                                 ""","=""L18327,L7185"""
"=""3d5.(4D).4s""","=""a 3D""","=""1""","=""""","=""3.55579538""","=""""","=""0.00000017""","=""""","="" 100                                                 ""","=""L18327,L7185"""
"=""3d5.(4D).4s""","=""a 3D""","=""2""","=""""","=""3.55614020""","=""""","=""0.00000016""","=""""","=""  98                                                 ""","=""L18327,L7185"""
"=""3d4.(5D).4s.4p.(3P*)""","=""y 5P*""","=""1""","=""""","=""3.64772230""","=""""","=""0.00000015""","=""2.513""","=""  95                                                 ""","=""L18327,L7185"""
"=""3d4.(5D).4s.4p.(3P*)""","=""y 5P*""","=""2""","=""""","=""3.66801930""","=""""","=""0.00000014""","=""1.836""","=""  95                                                 ""","=""L18327,L7185"""
"=""3d4.(5D).4s.4p.(3P*)""","=""y 5P*""","=""3""","=""""","=""3.69779039""","=""""","=""0.00000015""","=""1.669""","=""  96                                                 ""","=""L18327,L7185"""
"=""3d4.(5D).4s.4p.(3P*)""","=""z 5F*""","=""1""","=""""","=""3.81713644""","=""""","=""0.00000016""","=""0.002""","=""  96                                                 ""","=""L18327,L7185"""
"=""3d4.(5D).4s.4p.(3P*)""","=""z 5F*""","=""2""","=""""","=""3.82599758""","=""""","=""0.00000015""","=""0.997""","=""  96                                                 ""","=""L18327,L7185"""
"=""3d4.(5D).4s.4p.(3P*)""","=""z 5F*""","=""3""","=""""","=""3.83921781""","=""""","=""0.00000015""","=""1.245""","=""  96                                                 ""","=""L18327,L7185"""
"=""3d4.(5D).4s.4p.(3P*)""","=""z 5F*""","=""4""","=""""","=""3.85669178""","=""""","=""0.00000020""","=""1.345""","=""  95                                                 ""","=""L18327,L7185"""
"=""3d4.(5D).4s.4p.(3P*)""","=""z 5F*""","=""5""","=""""","=""3.87826474""","=""""","=""0.00000017""","=""1.396""","=""  96                                                 ""","=""L18327,L7185"""
"=""3d5.(2D3).4s""","=""b 3D""","=""3""","=""""","=""3.84462239""","=""""","=""0.00000019""","=""""","=""  56             :    18  3d5.(2D1).4s          3D   ""","=""L18327,L7185"""
"=""3d5.(2D3).4s""","=""b 3D""","=""2""","=""""","=""3.84701382""","=""""","=""0.00000017""","=""""","=""  50             :    24  3d5.(4F).4s           5F   ""","=""L18327,L7185"""
"=""3d5.(2D3).4s""","=""b 3D""","=""1""","=""""","=""3.84955423""","=""""","=""0.00000020""","=""""","=""  45             :    41  3d5.(4F).4s           5F   ""","=""L18327,L7185"""
"=""3d5.(2I).4s""","=""a 3I""","=""7""","=""""","=""3.84945609""","=""""","=""0.00000024""","=""""","="" 100                                                 ""","=""L18327,L7185"""
"=""3d5.(2I).4s""","=""a 3I""","=""6""","=""""","=""3.84961210""","=""""","=""0.00000025""","=""""","="" 100                                                 ""","=""L18327,L7185"""
"=""3d5.(2I).4s""","=""a 3I""","=""5""","=""""","=""3.85036371""","=""""","=""0.00000022""","=""""","="" 100                                                 ""","=""L18327,L7185"""
"=""3d5.(4F).4s""","=""a 5F""","=""1""","=""""","=""3.8872001""","=""""","=""0.0000003""","=""""","=""  59             :    31  3d5.(2D3).4s          3D   ""","=""L18327,L7185"""
"=""3d5.(4F).4s""","=""a 5F""","=""2""","=""""","=""3.88753932""","=""""","=""0.00000021""","=""""","=""  74             :    12  3d5.(2D3).4s          3D   ""","=""L18327,L7185"""
"=""3d5.(4F).4s""","=""a 5F""","=""3""","=""""","=""3.88866925""","=""""","=""0.00000019""","=""""","=""  88             :     6  3d5.(2D3).4s          3D   ""","=""L18327,L7185"""
"=""3d5.(4F).4s""","=""a 5F""","=""4""","=""""","=""3.89035912""","=""""","=""0.00000019""","=""""","="" 100                                                 ""","=""L18327,L7185"""
"=""3d5.(4F).4s""","=""a 5F""","=""5""","=""""","=""3.89227274""","=""""","=""0.00000019""","=""""","="" 100                                                 ""","=""L18327,L7185"""
"=""3d4.4s2""","=""a 1G""","=""4""","=""""","=""3.965856""","=""""","=""0.000004""","=""""","=""                                                     ""","=""L18327"""
"=""3d4.4s2""","=""a 1I""","=""6""","=""""","=""3.9795577""","=""""","=""0.0000004""","=""""","=""                                                     ""","=""L18327"""
"=""3d5.(2F1).4s""","=""b 3F""","=""2""","=""""","=""4.0964341""","=""""","=""0.0000003""","=""""","=""  79             :    14  3d5.(2D3).4s          3D   ""","=""L18327,L7185"""
"=""3d5.(2F1).4s""","=""b 3F""","=""3""","=""""","=""4.0989996""","=""""","=""0.0000005""","=""""","=""  83             :    13  3d5.(2D3).4s          3D   ""","=""L18327,L7185"""
"=""3d5.(2F1).4s""","=""b 3F""","=""4""","=""""","=""4.1055150""","=""""","=""0.0000004""","=""""","="" 100                                                 ""","=""L18327,L7185"""
"=""3d4.(5D).4s.4p.(3P*)""","=""z 5D*""","=""0""","=""""","=""4.13341698""","=""""","=""0.00000016""","=""""","=""  89             :     8  3d4.(5D).4s.4p.(3P*)  3P*  ""","=""L18327,L7185"""
"=""3d4.(5D).4s.4p.(3P*)""","=""z 5D*""","=""1""","=""""","=""4.14402113""","=""""","=""0.00000016""","=""1.499""","=""  93                                                 ""","=""L18327,L7185"""
"=""3d4.(5D).4s.4p.(3P*)""","=""z 5D*""","=""2""","=""""","=""4.15869020""","=""""","=""0.00000014""","=""1.497""","=""  96                                                 ""","=""L18327,L7185"""
"=""3d4.(5D).4s.4p.(3P*)""","=""z 5D*""","=""3""","=""""","=""4.17473732""","=""""","=""0.00000015""","=""1.497""","=""  97                                                 ""","=""L18327,L7185"""
"=""3d4.(5D).4s.4p.(3P*)""","=""z 5D*""","=""4""","=""""","=""4.19265380""","=""""","=""0.00000016""","=""1.499""","=""  97                                                 ""","=""L18327,L7185"""
"=""3d4.(5D).4s.4p.(3P*)""","=""z 3P*""","=""0""","=""""","=""4.18602054""","=""""","=""0.00000017""","=""""","=""  88             :     8  3d4.(5D).4s.4p.(3P*)  5D*  ""","=""L18327,L7185"""
"=""3d4.(5D).4s.4p.(3P*)""","=""z 3P*""","=""1""","=""""","=""4.20272344""","=""""","=""0.00000017""","=""1.49""","=""  92                                                 ""","=""L18327,L7185"""
"=""3d4.(5D).4s.4p.(3P*)""","=""z 3P*""","=""2""","=""""","=""4.23907331""","=""""","=""0.00000016""","=""1.55""","=""  95                                                 ""","=""L18327,L7185"""
"=""3d5.(2I).4s""","=""b 1I""","=""6""","=""""","=""4.1860366""","=""""","=""0.0000004""","=""""","="" 100                                                 ""","=""L18327,L7185"""
"=""3d4.4s2""","=""c 3D""","=""1""","=""""","=""4.2038751""","=""""","=""0.0000012""","=""""","=""                                                     ""","=""L18327"""
"=""3d4.4s2""","=""c 3D""","=""3""","=""""","=""4.2073736""","=""""","=""0.0000007""","=""""","=""                                                     ""","=""L18327"""
"=""3d4.4s2""","=""c 3D""","=""2""","=""""","=""4.2074798""","=""""","=""0.0000009""","=""""","=""                                                     ""","=""L18327"""
"=""3d6""","=""c 5D""","=""4""","=""""","=""4.38878728""","=""""","=""0.00000017""","=""""","=""                                                     ""","=""L18327"""
"=""3d6""","=""c 5D""","=""3""","=""""","=""4.40158502""","=""""","=""0.00000014""","=""""","=""                                                     ""","=""L18327"""
"=""3d6""","=""c 5D""","=""2""","=""""","=""4.41047990""","=""""","=""0.00000014""","=""""","=""                                                     ""","=""L18327"""
"=""3d6""","=""c 5D""","=""1""","=""""","=""4.41612877""","=""""","=""0.00000015""","=""""","=""                                                     ""","=""L18327"""
"=""3d6""","=""c 5D""","=""0""","=""""","=""4.41887660""","=""""","=""0.00000017""","=""""","=""                                                     ""","=""L18327"""
"=""3d5.(4F).4s""","=""c 3F""","=""2""","=""""","=""4.439590""","=""""","=""0.000003""","=""""","="" 100                                                 ""","=""L18327,L7185"""
"=""3d5.(4F).4s""","=""c 3F""","=""3""","=""""","=""4.4403310""","=""""","=""0.0000012""","=""""","="" 100                                                 ""","=""L18327,L7185"""
"=""3d5.(4F).4s""","=""c 3F""","=""4""","=""""","=""4.44641605""","=""""","=""0.00000025""","=""""","=""  98                                                 ""","=""L18327,L7185"""
"=""3d5.(2H).4s""","=""b 3H""","=""4""","=""""","=""4.4473700""","=""""","=""0.0000005""","=""""","=""  98                                                 ""","=""L18327,L7185"""
"=""3d5.(2H).4s""","=""b 3H""","=""5""","=""""","=""4.4490806""","=""""","=""0.0000004""","=""""","=""  98                                                 ""","=""L18327,L7185"""
"=""3d5.(2H).4s""","=""b 3H""","=""6""","=""""","=""4.4552365""","=""""","=""0.0000004""","=""""","="" 100                                                 ""","=""L18327,L7185"""
"=""3d4.(5D).4s.4p.(3P*)""","=""z 3F*""","=""2""","=""""","=""4.45075789""","=""""","=""0.00000017""","=""""","=""  95                                                 ""","=""L18327,L7185"""
"=""3d4.(5D).4s.4p.(3P*)""","=""z 3F*""","=""3""","=""""","=""4.46766550""","=""""","=""0.00000016""","=""""","=""  95                                                 ""","=""L18327,L7185"""
"=""3d4.(5D).4s.4p.(3P*)""","=""z 3F*""","=""4""","=""""","=""4.48973240""","=""""","=""0.00000016""","=""""","=""  95                                                 ""","=""L18327,L7185"""
"=""3d5.(2F2).4s""","=""d 3F""","=""3""","=""""","=""4.5318872""","=""""","=""0.0000003""","=""""","="" 100                                                 ""","=""L18327,L7185"""
"=""3d5.(2F2).4s""","=""d 3F""","=""2""","=""""","=""4.5326696""","=""""","=""0.0000004""","=""""","="" 100                                                 ""","=""L18327,L7185"""
"=""3d5.(2F2).4s""","=""d 3F""","=""4""","=""""","=""4.5350512""","=""""","=""0.0000003""","=""""","="" 100                                                 ""","=""L18327,L7185"""
"=""3d5.(6S).5s""","=""e 7S""","=""3""","=""""","=""4.57449693""","=""""","=""0.00000020""","=""""","=""                                                     ""","=""L18327"""
"=""3d5.(2G2).4s""","=""c 3G""","=""3""","=""""","=""4.6129376""","=""""","=""0.0000012""","=""""","=""  98                                                 ""","=""L18327,L7185"""
"=""3d5.(2G2).4s""","=""c 3G""","=""5""","=""""","=""4.6163561""","=""""","=""0.0000006""","=""""","=""  96                                                 ""","=""L18327,L7185"""
"=""3d5.(2G2).4s""","=""c 3G""","=""4""","=""""","=""4.6176689""","=""""","=""0.0000007""","=""""","=""  98                                                 ""","=""L18327,L7185"""
"=""3d5.(6S).5s""","=""e 5S""","=""2""","=""""","=""4.69694311""","=""""","=""0.00000014""","=""""","=""                                                     ""","=""L18327"""
"=""3d5.(2H).4s""","=""a 1H""","=""5""","=""""","=""4.7780523""","=""""","=""0.0000004""","=""""","=""  98                                                 ""","=""L18327,L7185"""
"=""3d4.(5D).4s.4p.(3P*)""","=""z 3D*""","=""1""","=""""","=""4.78541708""","=""""","=""0.00000017""","=""""","=""  96                                                 ""","=""L18327,L7185"""
"=""3d4.(5D).4s.4p.(3P*)""","=""z 3D*""","=""2""","=""""","=""4.80198709""","=""""","=""0.00000016""","=""""","=""  96                                                 ""","=""L18327,L7185"""
"=""3d4.(5D).4s.4p.(3P*)""","=""z 3D*""","=""3""","=""""","=""4.82438691""","=""""","=""0.00000017""","=""""","=""  96                                                 ""","=""L18327,L7185"""
"=""3d5.(2G2).4s""","=""b 1G""","=""4""","=""""","=""4.855053""","=""""","=""0.000006""","=""""","=""  98                                                 ""","=""L18327,L7185"""
"=""3d4.(5D).4s.4p.(1P*)""","=""y 5F*""","=""1""","=""""","=""5.0717494""","=""""","=""0.0000014""","=""0.004""","=""  84             :    12  3d5.(4G).4p           5F*  ""","=""L18327,L7185"""
"=""3d4.(5D).4s.4p.(1P*)""","=""y 5F*""","=""2""","=""""","=""5.07978882""","=""""","=""0.00000025""","=""1.28""","=""  83             :    12  3d5.(4G).4p           5F*  ""","=""L18327,L7185"""
"=""3d4.(5D).4s.4p.(1P*)""","=""y 5F*""","=""3""","=""""","=""5.0940418""","=""""","=""0.0000009""","=""1.246""","=""  83             :    12  3d5.(4G).4p           5F*  ""","=""L18327,L7185"""
"=""3d4.(5D).4s.4p.(1P*)""","=""y 5F*""","=""4""","=""""","=""5.11121670""","=""""","=""0.00000021""","=""1.360""","=""  82             :    13  3d5.(4G).4p           5F*  ""","=""L18327,L7185"""
"=""3d4.(5D).4s.4p.(1P*)""","=""y 5F*""","=""5""","=""""","=""5.1321332""","=""""","=""0.0000010""","=""""","=""  82             :    14  3d5.(4G).4p           5F*  ""","=""L18327,L7185"""
"=""3d4.(5D).4s.4p.(1P*)""","=""x 5P*""","=""1""","=""""","=""5.07470726""","=""""","=""0.00000015""","=""2.455""","=""  68             :     7  3d5.(4P).4p           5P*  ""","=""L18327,L7185"""
"=""3d4.(5D).4s.4p.(1P*)""","=""x 5P*""","=""2""","=""""","=""5.08121834""","=""""","=""0.00000016""","=""1.76""","=""  56             :     7  3d5.(4P).4p           5P*  ""","=""L18327,L7185"""
"=""3d4.(5D).4s.4p.(1P*)""","=""x 5P*""","=""3""","=""""","=""5.08872640""","=""""","=""0.00000014""","=""1.640""","=""  55             :     8  3d5.(4P).4p           5P*  ""","=""L18327,L7185"""
"=""3d4.(5D).4s.4p.(1P*)""","=""y 5D*""","=""0""","=""""","=""5.11121771""","=""""","=""0.00000025""","=""""","=""  52             :    14  3d5.(4P).4p           5D*  ""","=""L18327,L7185"""
"=""3d4.(5D).4s.4p.(1P*)""","=""y 5D*""","=""1""","=""""","=""5.11919762""","=""""","=""0.00000022""","=""1.503""","=""  54             :    14  3d5.(4P).4p           5D*  ""","=""L18327,L7185"""
"=""3d4.(5D).4s.4p.(1P*)""","=""y 5D*""","=""2""","=""""","=""5.13405969""","=""""","=""0.00000022""","=""1.504""","=""  56             :    13  3d5.(4P).4p           5D*  ""","=""L18327,L7185"""
"=""3d4.(5D).4s.4p.(1P*)""","=""y 5D*""","=""3""","=""""","=""5.15465532""","=""""","=""0.00000025""","=""1.503""","=""  58             :    13  3d5.(4P).4p           5D*  ""","=""L18327,L7185"""
"=""3d4.(5D).4s.4p.(1P*)""","=""y 5D*""","=""4""","=""""","=""5.18032406""","=""""","=""0.00000024""","=""1.500""","=""  62             :    14  3d5.(4P).4p           5D*  ""","=""L18327,L7185"""
"=""3d4.(3H).4s.4p.(3P*)""","=""z 5H*""","=""3""","=""""","=""5.21049739""","=""""","=""0.00000025""","=""""","=""  61             :    20  3d5.(4G).4p           5H*  ""","=""L18327,L7185"""
"=""3d4.(3H).4s.4p.(3P*)""","=""z 5H*""","=""4""","=""""","=""5.21722114""","=""""","=""0.00000024""","=""""","=""  55             :    19  3d5.(4G).4p           5H*  ""","=""L18327,L7185"""
"=""3d4.(3H).4s.4p.(3P*)""","=""z 5H*""","=""5""","=""""","=""5.2263678""","=""""","=""0.0000004""","=""""","=""  48             :    17  3d5.(4G).4p           5H*  ""","=""L18327,L7185"""
"=""3d4.(3H).4s.4p.(3P*)""","=""z 5H*""","=""6""","=""""","=""5.2385978""","=""""","=""0.0000004""","=""""","=""  38             :    25  3d5.(4G).4p           5G*  ""","=""L18327,L7185"""
"=""3d4.(3H).4s.4p.(3P*)""","=""z 5H*""","=""7""","=""""","=""5.2553505""","=""""","=""0.0000004""","=""""","=""  65             :    24  3d5.(4G).4p           5H*  ""","=""L18327,L7185"""
"=""3d4.(3P1).4s.4p.(3P*)""","=""x 5D*""","=""0""","=""""","=""5.2344047""","=""""","=""0.0000004""","=""""","=""  49             :    26  3d4.(5D).4s.4p.(1P*)  5D*  ""","=""L18327,L7185"""
"=""3d4.(3P1).4s.4p.(3P*)""","=""x 5D*""","=""1""","=""""","=""5.24364408""","=""""","=""0.00000024""","=""1.501""","=""  47             :    26  3d4.(5D).4s.4p.(1P*)  5D*  ""","=""L18327,L7185"""
"=""3d4.(3P1).4s.4p.(3P*)""","=""x 5D*""","=""2""","=""""","=""5.2617345""","=""""","=""0.0000006""","=""1.494""","=""  43             :    21  3d4.(5D).4s.4p.(1P*)  5D*  ""","=""L18327,L7185"""
"=""3d4.(3P1).4s.4p.(3P*)""","=""x 5D*""","=""3""","=""""","=""5.28771005""","=""""","=""0.00000021""","=""1.498""","=""  40             :    22  3d4.(5D).4s.4p.(1P*)  5D*  ""","=""L18327,L7185"""
"=""3d4.(3P1).4s.4p.(3P*)""","=""x 5D*""","=""4""","=""""","=""5.31995962""","=""""","=""0.00000025""","=""1.497""","=""  45             :    20  3d4.(5D).4s.4p.(1P*)  5D*  ""","=""L18327,L7185"""
"=""3d5.(6S).5p""","=""x 7P*""","=""2""","=""""","=""5.2368392""","=""""","=""0.0000009""","=""""","=""                                                     ""","=""L18327"""
"=""3d5.(6S).5p""","=""x 7P*""","=""3""","=""""","=""5.2388241""","=""""","=""0.0000009""","=""""","=""                                                     ""","=""L18327"""
"=""3d5.(6S).5p""","=""x 7P*""","=""4""","=""""","=""5.241456""","=""""","=""0.000025""","=""""","=""                                                     ""","=""L18327"""
"=""3d5.(6S).4d""","=""e 7D""","=""1""","=""""","=""5.23873429""","=""""","=""0.00000022""","=""""","=""                                                     ""","=""L18327"""
"=""3d5.(6S).4d""","=""e 7D""","=""2""","=""""","=""5.23887703""","=""""","=""0.00000020""","=""""","=""                                                     ""","=""L18327"""
"=""3d5.(6S).4d""","=""e 7D""","=""3""","=""""","=""5.23908705""","=""""","=""0.00000019""","=""""","=""                                                     ""","=""L18327"""
"=""3d5.(6S).4d""","=""e 7D""","=""4""","=""""","=""5.23936898""","=""""","=""0.00000017""","=""""","=""                                                     ""","=""L18327"""
"=""3d5.(6S).4d""","=""e 7D""","=""5""","=""""","=""5.23972421""","=""""","=""0.00000020""","=""1.55""","=""                                                     ""","=""L18327,L7185"""
"=""3d5.(4G).4p""","=""z 5G*""","=""2""","=""""","=""5.27122963""","=""""","=""0.00000022""","=""0.35""","=""  61             :    20  3d4.(3H).4s.4p.(3P*)  5G*  ""","=""L18327,L7185"""
"=""3d5.(4G).4p""","=""z 5G*""","=""3""","=""""","=""5.27413188""","=""""","=""0.00000021""","=""""","=""  57             :    19  3d4.(3H).4s.4p.(3P*)  5G*  ""","=""L18327,L7185"""
"=""3d5.(4G).4p""","=""z 5G*""","=""4""","=""""","=""5.27735992""","=""""","=""0.00000020""","=""""","=""  53             :    18  3d4.(3H).4s.4p.(3P*)  5G*  ""","=""L18327,L7185"""
"=""3d5.(4G).4p""","=""z 5G*""","=""5""","=""""","=""5.28038436""","=""""","=""0.00000020""","=""1.23""","=""  47             :    16  3d4.(3H).4s.4p.(3P*)  5G*  ""","=""L18327,L7185"""
"=""3d5.(4G).4p""","=""z 5G*""","=""6""","=""""","=""5.28243456""","=""""","=""0.00000025""","=""1.32""","=""  37             :    27  3d4.(3H).4s.4p.(3P*)  5H*  ""","=""L18327,L7185"""
"=""3d5.(4P).4p""","=""z 5S*""","=""2""","=""""","=""5.3467945""","=""""","=""0.0000009""","=""1.93""","=""  46             :    46  3d4.(3P1).4s.4p.(3P*) 5S*  ""","=""L18327,L7185"""
"=""3d5.(6S).4d""","=""e 5D""","=""4""","=""""","=""5.46162527""","=""""","=""0.00000015""","=""""","=""                                                     ""","=""L18327"""
"=""3d5.(6S).4d""","=""e 5D""","=""3""","=""""","=""5.46384067""","=""""","=""0.00000015""","=""""","=""                                                     ""","=""L18327"""
"=""3d5.(6S).4d""","=""e 5D""","=""2""","=""""","=""5.46534712""","=""""","=""0.00000016""","=""""","=""                                                     ""","=""L18327"""
"=""3d5.(6S).4d""","=""e 5D""","=""1""","=""""","=""5.46633655""","=""""","=""0.00000024""","=""""","=""                                                     ""","=""L18327"""
"=""3d5.(6S).4d""","=""e 5D""","=""0""","=""""","=""5.46682328""","=""""","=""0.00000025""","=""""","=""                                                     ""","=""L18327"""
"=""3d5.(6S).5p""","=""w 5P*""","=""1""","=""""","=""5.47089133""","=""""","=""0.00000017""","=""2.74""","=""                                                     ""","=""L18327,L7185"""
"=""3d5.(6S).5p""","=""w 5P*""","=""2""","=""""","=""5.47846032""","=""""","=""0.00000017""","=""1.79""","=""                                                     ""","=""L18327,L7185"""
"=""3d5.(6S).5p""","=""w 5P*""","=""3""","=""""","=""5.4874392""","=""""","=""0.0000003""","=""1.68""","=""                                                     ""","=""L18327,L7185"""
"=""3d4.(3H).4s.4p.(3P*)""","=""z 5I*""","=""4""","=""""","=""5.4858739""","=""""","=""0.0000005""","=""""","=""  99                                                 ""","=""L18327,L7185"""
"=""3d4.(3H).4s.4p.(3P*)""","=""z 5I*""","=""5""","=""""","=""5.493488""","=""""","=""0.000014""","=""""","=""  99                                                 ""","=""L18327,L7185"""
"=""3d4.(3H).4s.4p.(3P*)""","=""z 5I*""","=""6""","=""""","=""5.504033""","=""""","=""0.000024""","=""""","=""  99                                                 ""","=""L18327,L7185"""
"=""3d4.(3H).4s.4p.(3P*)""","=""z 5I*""","=""7""","=""""","=""5.519076""","=""""","=""0.000007""","=""""","=""  99                                                 ""","=""L18327,L7185"""
"=""3d4.(3H).4s.4p.(3P*)""","=""z 5I*""","=""8""","=""""","=""5.5379442""","=""""","=""0.0000022""","=""""","="" 100                                                 ""","=""L18327,L7185"""
"=""3d4.(3F1).4s.4p.(3P*)""","=""y 5G*""","=""2""","=""""","=""5.49248971""","=""""","=""0.00000025""","=""0.35""","=""  85                                                 ""","=""L18327,L7185"""
"=""3d4.(3F1).4s.4p.(3P*)""","=""y 5G*""","=""3""","=""""","=""5.50158714""","=""""","=""0.00000025""","=""0.93""","=""  80                                                 ""","=""L18327,L7185"""
"=""3d4.(3F1).4s.4p.(3P*)""","=""y 5G*""","=""4""","=""""","=""5.5215655""","=""""","=""0.0000004""","=""""","=""  68             :    18  3d4.(3F1).4s.4p.(3P*) 5F*  ""","=""L18327,L7185"""
"=""3d4.(3F1).4s.4p.(3P*)""","=""y 5G*""","=""5""","=""""","=""5.52862611""","=""""","=""0.00000024""","=""1.25""","=""  46             :    29  3d4.(3F1).4s.4p.(3P*) 5F*  ""","=""L18327,L7185"""
"=""3d4.(3F1).4s.4p.(3P*)""","=""y 5G*""","=""6""","=""""","=""5.5478291""","=""""","=""0.0000003""","=""1.34""","=""  85             :     5  3d4.(3G).4s.4p.(3P*)  5G*  ""","=""L18327,L7185"""
"=""3d4.(3P1).4s.4p.(3P*)""","=""v 5P*""","=""1""","=""""","=""5.5379638""","=""""","=""0.0000004""","=""2.47""","=""  78             :     8  3d5.(4D).4p           5P*  ""","=""L18327,L7185"""
"=""3d4.(3P1).4s.4p.(3P*)""","=""v 5P*""","=""2""","=""""","=""5.56380704""","=""""","=""0.00000024""","=""""","=""  76             :     9  3d5.(4D).4p           5P*  ""","=""L18327,L7185"""
"=""3d4.(3P1).4s.4p.(3P*)""","=""v 5P*""","=""3""","=""""","=""5.59330998""","=""""","=""0.00000022""","=""1.65""","=""  70             :    13  3d5.(4D).4p           5P*  ""","=""L18327,L7185"""
"=""3d4.(3F1).4s.4p.(3P*)""","=""x 5F*""","=""1""","=""""","=""5.60429253""","=""""","=""0.00000024""","=""""","=""  66             :    28  3d5.(4G).4p           5F*  ""","=""L18327,L7185"""
"=""3d4.(3F1).4s.4p.(3P*)""","=""x 5F*""","=""2""","=""""","=""5.60719388""","=""""","=""0.00000021""","=""""","=""  63             :    27  3d5.(4G).4p           5F*  ""","=""L18327,L7185"""
"=""3d4.(3F1).4s.4p.(3P*)""","=""x 5F*""","=""3""","=""""","=""5.61095253""","=""""","=""0.00000021""","=""""","=""  58             :    26  3d5.(4G).4p           5F*  ""","=""L18327,L7185"""
"=""3d4.(3F1).4s.4p.(3P*)""","=""x 5F*""","=""4""","=""""","=""5.61474406""","=""""","=""0.00000019""","=""""","=""  50             :    23  3d5.(4G).4p           5F*  ""","=""L18327,L7185"""
"=""3d4.(3F1).4s.4p.(3P*)""","=""x 5F*""","=""5""","=""""","=""5.61727046""","=""""","=""0.00000020""","=""1.41""","=""  37  5G*        :    34                        5F*  ""","=""L18327,L7185"""
"=""3d5.(4G).4p""","=""z 3H*""","=""6""","=""""","=""5.62251964""","=""""","=""0.00000020""","=""""","=""  68             :    16  3d5.(4G).4p           5H*  ""","=""L18327,L7185"""
"=""3d5.(4G).4p""","=""z 3H*""","=""5""","=""""","=""5.62319793""","=""""","=""0.00000020""","=""""","=""  49             :    32  3d5.(4G).4p           5H*  ""","=""L18327,L7185"""
"=""3d5.(4G).4p""","=""z 3H*""","=""4""","=""""","=""5.62374764""","=""""","=""0.00000020""","=""""","=""  59             :    25  3d5.(4G).4p           5H*  ""","=""L18327,L7185"""
"=""3d5.(4G).4p""","=""y 5H*""","=""3""","=""""","=""5.64946442""","=""""","=""0.00000025""","=""0.52""","=""  76             :    22  3d4.(3H).4s.4p.(3P*)  5H*  ""","=""L18327,L7185"""
"=""3d5.(4G).4p""","=""y 5H*""","=""4""","=""""","=""5.65551992""","=""""","=""0.00000021""","=""""","=""  51             :    28  3d5.(4G).4p           3H*  ""","=""L18327,L7185"""
"=""3d5.(4G).4p""","=""y 5H*""","=""5""","=""""","=""5.66152243""","=""""","=""0.00000022""","=""""","=""  43             :    38  3d5.(4G).4p           3H*  ""","=""L18327,L7185"""
"=""3d5.(4G).4p""","=""y 5H*""","=""6""","=""""","=""5.66698616""","=""""","=""0.00000022""","=""""","=""  58             :    20  3d5.(4G).4p           3H*  ""","=""L18327,L7185"""
"=""3d5.(4G).4p""","=""y 5H*""","=""7""","=""""","=""5.67121951""","=""""","=""0.00000025""","=""1.29""","=""  74             :    25  3d4.(3H).4s.4p.(3P*)  5H*  ""","=""L18327,L7185"""
"=""3d5.(6S).6s""","=""f 7S""","=""3""","=""""","=""5.6590394""","=""""","=""0.0000021""","=""2.05""","=""                                                     ""","=""L18327,L7185"""
"=""3d5.(4P).4p""","=""y 3P*""","=""1""","=""""","=""5.66846045""","=""""","=""0.00000022""","=""""","=""  45             :    24  3d4.(3P1).4s.4p.(3P*) 3P*  ""","=""L18327,L7185"""
"=""3d5.(4P).4p""","=""y 3P*""","=""0""","=""""","=""5.6688702""","=""""","=""0.0000009""","=""""","=""  39             :    31  3d4.(3P1).4s.4p.(3P*) 3P*  ""","=""L18327,L7185"""
"=""3d5.(4P).4p""","=""y 3P*""","=""2""","=""""","=""5.67032643""","=""""","=""0.00000019""","=""""","=""  49             :    20  3d4.(3P1).4s.4p.(3P*) 3P*  ""","=""L18327,L7185"""
"=""3d5.(4G).4p""","=""y 3F*""","=""2""","=""""","=""5.6991023""","=""""","=""0.0000003""","=""""","=""  75             :     8  3d4.(3F1).4s.4p.(3P*) 3F*  ""","=""L18327,L7185"""
"=""3d5.(4G).4p""","=""y 3F*""","=""3""","=""""","=""5.70332536""","=""""","=""0.00000025""","=""""","=""  80             :     8  3d4.(3F1).4s.4p.(3P*) 3F*  ""","=""L18327,L7185"""
"=""3d5.(4G).4p""","=""y 3F*""","=""4""","=""""","=""5.71048876""","=""""","=""0.00000021""","=""""","=""  83             :     7  3d4.(3F1).4s.4p.(3P*) 3F*  ""","=""L18327,L7185"""
"=""3d5.(6S).6s""","=""f 5S""","=""2""","=""""","=""5.69928154""","=""""","=""0.00000021""","=""""","=""                                                     ""","=""L18327"""
"=""3d5.(4P).4p""","=""y 3D*""","=""1""","=""""","=""5.71282481""","=""""","=""0.00000021""","=""""","=""  22             :    19  3d5.(4D).4p           5F*  ""","=""L18327,L7185"""
"=""3d5.(4P).4p""","=""y 3D*""","=""2""","=""""","=""5.71681492""","=""""","=""0.00000017""","=""1.24""","=""  23             :    14  3d5.(4D).4p           5F*  ""","=""L18327,L7185"""
"=""3d5.(4P).4p""","=""y 3D*""","=""3""","=""""","=""5.72489453""","=""""","=""0.00000017""","=""1.33""","=""  37             :    15  3d4.(3F1).4s.4p.(3P*) 5D*  ""","=""L18327,L7185"""
"=""3d4.(3F1).4s.4p.(3P*)""","=""w 5D*""","=""0""","=""""","=""5.71334746""","=""""","=""0.00000025""","=""""","=""  40             :    25  3d4.(3P1).4s.4p.(3P*) 5D*  ""","=""L18327,L7185"""
"=""3d4.(3F1).4s.4p.(3P*)""","=""w 5D*""","=""1""","=""""","=""5.74025070""","=""""","=""0.00000020""","=""""","=""  42             :    20  3d4.(3P1).4s.4p.(3P*) 5D*  ""","=""L18327,L7185"""
"=""3d4.(3F1).4s.4p.(3P*)""","=""w 5D*""","=""2""","=""""","=""5.74659540""","=""""","=""0.00000019""","=""""","=""  40             :    22  3d4.(3P1).4s.4p.(3P*) 5D*  ""","=""L18327,L7185"""
"=""3d4.(3F1).4s.4p.(3P*)""","=""w 5D*""","=""3""","=""""","=""5.74893273""","=""""","=""0.00000017""","=""""","=""  36             :    27  3d4.(3P1).4s.4p.(3P*) 5D*  ""","=""L18327,L7185"""
"=""3d4.(3F1).4s.4p.(3P*)""","=""w 5D*""","=""4""","=""""","=""5.75564682""","=""""","=""0.00000022""","=""""","=""  39             :    34  3d4.(3P1).4s.4p.(3P*) 5D*  ""","=""L18327,L7185"""
"=""3d4.4s.5s""","=""f 7D""","=""1""","=""""","=""5.75889602""","=""""","=""0.00000022""","=""2.99""","=""                                                     ""","=""L18327,L7185"""
"=""3d4.4s.5s""","=""f 7D""","=""2""","=""""","=""5.76835475""","=""""","=""0.00000019""","=""1.99""","=""                                                     ""","=""L18327,L7185"""
"=""3d4.4s.5s""","=""f 7D""","=""3""","=""""","=""5.78227967""","=""""","=""0.00000017""","=""1.77""","=""                                                     ""","=""L18327,L7185"""
"=""3d4.4s.5s""","=""f 7D""","=""4""","=""""","=""5.80035930""","=""""","=""0.00000017""","=""1.63""","=""                                                     ""","=""L18327,L7185"""
"=""3d4.4s.5s""","=""f 7D""","=""5""","=""""","=""5.82217714""","=""""","=""0.00000021""","=""1.61""","=""                                                     ""","=""L18327,L7185"""
"=""3d4.(3G).4s.4p.(3P*)""","=""w 5F*""","=""2""","=""""","=""5.78723069""","=""""","=""0.00000022""","=""""","=""  20             :    18  3d5.(4D).4p           5F*  ""","=""L18327,L7185"""
"=""3d4.(3G).4s.4p.(3P*)""","=""w 5F*""","=""1""","=""""","=""5.7873809""","=""""","=""0.0000005""","=""""","=""  21             :    18  3d5.(4D).4p           5F*  ""","=""L18327,L7185"""
"=""3d4.(3G).4s.4p.(3P*)""","=""w 5F*""","=""3""","=""""","=""5.78860234""","=""""","=""0.00000017""","=""1.25""","=""  23             :    22  3d5.(4D).4p           5F*  ""","=""L18327,L7185"""
"=""3d4.(3G).4s.4p.(3P*)""","=""w 5F*""","=""5""","=""""","=""5.79067042""","=""""","=""0.00000019""","=""1.37""","=""  33             :    30  3d5.(4D).4p           5F*  ""","=""L18327,L7185"""
"=""3d4.(3G).4s.4p.(3P*)""","=""w 5F*""","=""4""","=""""","=""5.79260016""","=""""","=""0.00000019""","=""""","=""  23             :    24  3d5.(4D).4p           5F*  ""","=""L18327,L7185"""
"=""3d4.(3H).4s.4p.(3P*)""","=""z 3G*""","=""3""","=""""","=""5.80825650""","=""""","=""0.00000020""","=""""","=""  42             :    20  3d4.(3F1).4s.4p.(3P*) 3G*  ""","=""L18327,L7185"""
"=""3d4.(3H).4s.4p.(3P*)""","=""z 3G*""","=""4""","=""""","=""5.81548356""","=""""","=""0.00000019""","=""""","=""  40             :    21  3d4.(3F1).4s.4p.(3P*) 3G*  ""","=""L18327,L7185"""
"=""3d4.(3H).4s.4p.(3P*)""","=""z 3G*""","=""5""","=""""","=""5.82550252""","=""""","=""0.00000020""","=""""","=""  34             :    20  3d5.(4G).4p           3G*  ""","=""L18327,L7185"""
"=""3d5.(4P).4p""","=""u 5P*""","=""3""","=""""","=""5.8122004""","=""""","=""0.0000003""","=""1.68""","=""  47             :    20  3d5.(4D).4p           5P*  ""","=""L18327,L7185"""
"=""3d5.(4P).4p""","=""u 5P*""","=""2""","=""""","=""5.82325049""","=""""","=""0.00000016""","=""1.84""","=""  51             :    20  3d5.(4D).4p           5P*  ""","=""L18327,L7185"""
"=""3d5.(4P).4p""","=""u 5P*""","=""1""","=""""","=""5.82994917""","=""""","=""0.00000020""","=""2.42""","=""  55             :    20  3d5.(4D).4p           5P*  ""","=""L18327,L7185"""
"=""3d4.(3H).4s.4p.(3P*)""","=""x 5G*""","=""2""","=""""","=""5.83314465""","=""""","=""0.00000025""","=""0.45""","=""  67             :    15  3d5.(4G).4p           5G*  ""","=""L18327,L7185"""
"=""3d4.(3H).4s.4p.(3P*)""","=""x 5G*""","=""3""","=""""","=""5.84283485""","=""""","=""0.00000022""","=""0.96""","=""  62             :    14  3d5.(4G).4p           5G*  ""","=""L18327,L7185"""
"=""3d4.(3H).4s.4p.(3P*)""","=""x 5G*""","=""4""","=""""","=""5.8508033""","=""""","=""0.0000003""","=""""","=""  60             :    15  3d5.(4G).4p           5G*  ""","=""L18327,L7185"""
"=""3d4.(3H).4s.4p.(3P*)""","=""x 5G*""","=""6""","=""""","=""5.85480762""","=""""","=""0.00000025""","=""1.44""","=""  70             :    19  3d5.(4G).4p           5G*  ""","=""L18327,L7185"""
"=""3d4.(3H).4s.4p.(3P*)""","=""x 5G*""","=""5""","=""""","=""5.85561994""","=""""","=""0.00000022""","=""1.27""","=""  63             :    16  3d5.(4G).4p           5G*  ""","=""L18327,L7185"""
"=""3d5.(4G).4p""","=""y 3G*""","=""3""","=""""","=""5.83326016""","=""""","=""0.00000025""","=""""","=""  73             :    12  3d4.(3H).4s.4p.(3P*)  3G*  ""","=""L18327,L7185"""
"=""3d5.(4G).4p""","=""y 3G*""","=""4""","=""""","=""5.83406495""","=""""","=""0.00000017""","=""""","=""  69             :    16  3d4.(3H).4s.4p.(3P*)  3G*  ""","=""L18327,L7185"""
"=""3d5.(4G).4p""","=""y 3G*""","=""5""","=""""","=""5.83411881""","=""""","=""0.00000019""","=""""","=""  62             :    24  3d4.(3H).4s.4p.(3P*)  3G*  ""","=""L18327,L7185"""
"=""3d4.(3P1).4s.4p.(3P*)""","=""z 3S*""","=""1""","=""""","=""5.8382162""","=""""","=""0.0000005""","=""""","=""  72             :     8  3d5.(4P).4p           3S*  ""","=""L18327,L7185"""
"=""3d4.(3H).4s.4p.(3P*)""","=""z 3I*""","=""5""","=""""","=""5.89991601""","=""""","=""0.00000025""","=""""","=""  61             :    28  3d4.(3G).4s.4p.(3P*)  5H*  ""","=""L18327,L7185"""
"=""3d4.(3H).4s.4p.(3P*)""","=""z 3I*""","=""6""","=""""","=""5.90541387""","=""""","=""0.00000025""","=""""","=""  57             :    34  3d4.(3G).4s.4p.(3P*)  5H*  ""","=""L18327,L7185"""
"=""3d4.(3H).4s.4p.(3P*)""","=""z 3I*""","=""7""","=""""","=""5.91312747""","=""""","=""0.00000025""","=""""","=""  52             :    40  3d4.(3G).4s.4p.(3P*)  5H*  ""","=""L18327,L7185"""
"=""3d4.(3G).4s.4p.(3P*)""","=""x 5H*""","=""3""","=""""","=""5.9042965""","=""""","=""0.0000005""","=""""","=""  79             :    12  3d4.(3H).4s.4p.(3P*)  5H*  ""","=""L18327,L7185"""
"=""3d4.(3G).4s.4p.(3P*)""","=""x 5H*""","=""4""","=""""","=""5.9126191""","=""""","=""0.0000004""","=""""","=""  82             :    11  3d4.(3H).4s.4p.(3P*)  5H*  ""","=""L18327,L7185"""
"=""3d4.(3G).4s.4p.(3P*)""","=""x 5H*""","=""5""","=""""","=""5.9256654""","=""""","=""0.0000004""","=""""","=""  56             :    30  3d4.(3H).4s.4p.(3P*)  3I*  ""","=""L18327,L7185"""
"=""3d4.(3G).4s.4p.(3P*)""","=""x 5H*""","=""6""","=""""","=""5.94407511""","=""""","=""0.00000025""","=""""","=""  53             :    35  3d4.(3H).4s.4p.(3P*)  3I*  ""","=""L18327,L7185"""
"=""3d4.(3G).4s.4p.(3P*)""","=""x 5H*""","=""7""","=""""","=""5.96861183""","=""""","=""0.00000025""","=""""","=""  49             :    42  3d4.(3H).4s.4p.(3P*)  3I*  ""","=""L18327,L7185"""
"=""3d4.(5D).4s.5p.(3P*)""","=""v 5F*""","=""1""","=""""","=""5.9053267""","=""""","=""0.0000003""","=""""","=""                                                     ""","=""L18327"""
"=""3d4.(5D).4s.5p.(3P*)""","=""v 5F*""","=""2""","=""""","=""5.90557531""","=""""","=""0.00000020""","=""""","=""                                                     ""","=""L18327"""
"=""3d4.(5D).4s.5p.(3P*)""","=""v 5F*""","=""3""","=""""","=""5.90617125""","=""""","=""0.00000019""","=""""","=""                                                     ""","=""L18327"""
"=""3d4.(5D).4s.5p.(3P*)""","=""v 5F*""","=""4""","=""""","=""5.90661499""","=""""","=""0.00000017""","=""1.34""","=""                                                     ""","=""L18327,L7185"""
"=""3d4.(5D).4s.5p.(3P*)""","=""v 5F*""","=""5""","=""""","=""5.90722005""","=""""","=""0.00000021""","=""""","=""                                                     ""","=""L18327"""
"=""3d5.(6S).6p""","=""w 7P*""","=""2""","=""""","=""5.91387""","=""""","=""0.00025""","=""""","=""                                                     ""","=""L18327"""
"=""3d5.(6S).6p""","=""w 7P*""","=""3""","=""""","=""5.915082""","=""""","=""0.000017""","=""""","=""                                                     ""","=""L18327"""
"=""3d5.(6S).6p""","=""w 7P*""","=""4""","=""""","=""5.916424""","=""""","=""0.000021""","=""""","=""                                                     ""","=""L18327"""
"=""3d5.(6S).5d""","=""g 7D""","=""1""","=""""","=""5.91406""","=""""","=""0.00005""","=""""","=""                                                     ""","=""L18327"""
"=""3d5.(6S).5d""","=""g 7D""","=""2""","=""""","=""5.9141585""","=""""","=""0.0000017""","=""""","=""                                                     ""","=""L18327"""
"=""3d5.(6S).5d""","=""g 7D""","=""3""","=""""","=""5.9143426""","=""""","=""0.0000006""","=""""","=""                                                     ""","=""L18327"""
"=""3d5.(6S).5d""","=""g 7D""","=""4""","=""""","=""5.91462""","=""""","=""0.00004""","=""""","=""                                                     ""","=""L18327"""
"=""3d5.(6S).5d""","=""g 7D""","=""5""","=""""","=""5.9152673""","=""""","=""0.0000004""","=""""","=""                                                     ""","=""L18327"""
"=""3d5.(4P).4p""","=""v 5D*""","=""1""","=""""","=""5.92300663""","=""""","=""0.00000022""","=""1.37""","=""  49             :    26  3d4.(3F1).4s.4p.(3P*) 5D*  ""","=""L18327,L7185"""
"=""3d5.(4P).4p""","=""v 5D*""","=""2""","=""""","=""5.92472080""","=""""","=""0.00000020""","=""1.39""","=""  49             :    26  3d4.(3F1).4s.4p.(3P*) 5D*  ""","=""L18327,L7185"""
"=""3d5.(4P).4p""","=""v 5D*""","=""0""","=""""","=""5.9249560""","=""""","=""0.0000004""","=""""","=""  46             :    27  3d4.(3F1).4s.4p.(3P*) 5D*  ""","=""L18327,L7185"""
"=""3d5.(4P).4p""","=""v 5D*""","=""3""","=""""","=""5.92822786""","=""""","=""0.00000019""","=""1.53""","=""  49             :    25  3d4.(3F1).4s.4p.(3P*) 5D*  ""","=""L18327,L7185"""
"=""3d5.(4P).4p""","=""v 5D*""","=""4""","=""""","=""5.93468472""","=""""","=""0.00000020""","=""1.50""","=""  52             :    23  3d4.(3F1).4s.4p.(3P*) 5D*  ""","=""L18327,L7185"""
"=""3d5.(4G).4p""","=""u 5F*""","=""1""","=""""","=""5.9360654""","=""""","=""0.0000003""","=""0.00""","=""  15             :    15  3d4.(3P1).4s.4p.(3P*) 3P*  ""","=""L18327,L7185"""
"=""3d5.(4G).4p""","=""u 5F*""","=""2""","=""""","=""5.94106486""","=""""","=""0.00000021""","=""1.04""","=""  35             :    19  3d4.(3F1).4s.4p.(3P*) 5F*  ""","=""L18327,L7185"""
"=""3d5.(4G).4p""","=""u 5F*""","=""3""","=""""","=""5.94808628""","=""""","=""0.00000020""","=""1.36""","=""  35             :    20  3d4.(3F1).4s.4p.(3P*) 5F*  ""","=""L18327,L7185"""
"=""3d5.(4G).4p""","=""u 5F*""","=""5""","=""""","=""5.9494793""","=""""","=""0.0000007""","=""1.38""","=""  39             :    25  3d4.(3F1).4s.4p.(3P*) 5F*  ""","=""L18327,L7185"""
"=""3d5.(4G).4p""","=""u 5F*""","=""4""","=""""","=""5.95302356""","=""""","=""0.00000020""","=""""","=""  39             :    23  3d4.(3F1).4s.4p.(3P*) 5F*  ""","=""L18327,L7185"""
"=""""","=""*""","=""4""","=""""","=""5.95653797""","=""""","=""0.00000025""","=""""","=""                                                     ""","=""L18327"""
"=""3d4.(3F1).4s.4p.(3P*)""","=""3D*""","=""1""","=""""","=""5.9772804""","=""""","=""0.0000005""","=""""","=""  59             :     7  3d5.(4G).4p           5F*  ""","=""L18327,L7185"""
"=""3d4.(3F1).4s.4p.(3P*)""","=""3D*""","=""2""","=""""","=""5.9782505""","=""""","=""0.0000004""","=""""","=""  61             :     6  3d5.(4G).4p           5F*  ""","=""L18327,L7185"""
"=""3d4.(3F1).4s.4p.(3P*)""","=""3D*""","=""3""","=""""","=""5.9824772""","=""""","=""0.0000005""","=""""","=""  64             :     5  3d5.(4G).4p           5F*  ""","=""L18327,L7185"""
"=""3d4.(3P1).4s.4p.(3P*)""","=""x 3P*""","=""0""","=""""","=""5.9792832""","=""""","=""0.0000020""","=""""","=""  29             :    24  3d5.(4P).4p           3P*  ""","=""L18327,L7185"""
"=""3d4.(3P1).4s.4p.(3P*)""","=""x 3P*""","=""1""","=""""","=""5.9923103""","=""""","=""0.0000005""","=""""","=""  28             :    15  3d5.(4P).4p           3P*  ""","=""L18327,L7185"""
"=""3d4.(3P1).4s.4p.(3P*)""","=""x 3P*""","=""2""","=""""","=""6.0080980""","=""""","=""0.0000003""","=""""","=""  42             :    19  3d5.(4P).4p           3P*  ""","=""L18327,L7185"""
"=""3d4.(3H).4s.4p.(3P*)""","=""y 3H*""","=""4""","=""""","=""5.98699306""","=""""","=""0.00000025""","=""""","=""  76                                                 ""","=""L18327,L7185"""
"=""3d4.(3H).4s.4p.(3P*)""","=""y 3H*""","=""5""","=""""","=""5.98972002""","=""""","=""0.00000021""","=""""","=""  89                                                 ""","=""L18327,L7185"""
"=""3d4.(3H).4s.4p.(3P*)""","=""y 3H*""","=""6""","=""""","=""6.00645098""","=""""","=""0.00000022""","=""""","=""  83                                                 ""","=""L18327,L7185"""
"=""3d4.4s.5s""","=""f 5D""","=""0""","=""""","=""6.0117580""","=""""","=""0.0000011""","=""""","=""                                                     ""","=""L18327"""
"=""3d4.4s.5s""","=""f 5D""","=""1""","=""""","=""6.0141521""","=""""","=""0.0000004""","=""""","=""                                                     ""","=""L18327"""
"=""3d4.4s.5s""","=""f 5D""","=""2""","=""""","=""6.02047467""","=""""","=""0.00000025""","=""""","=""                                                     ""","=""L18327"""
"=""3d4.4s.5s""","=""f 5D""","=""3""","=""""","=""6.03325810""","=""""","=""0.00000021""","=""1.46""","=""                                                     ""","=""L18327,L7185"""
"=""3d4.4s.5s""","=""f 5D""","=""4""","=""""","=""6.05346444""","=""""","=""0.00000020""","=""1.46""","=""                                                     ""","=""L18327,L7185"""
"=""""","=""x 3G*""","=""3""","=""""","=""6.015092""","=""""","=""0.000004""","=""""","=""                                                     ""","=""L18327"""
"=""""","=""x 3G*""","=""4""","=""""","=""6.0209429""","=""""","=""0.0000003""","=""""","=""                                                     ""","=""L18327"""
"=""""","=""x 3G*""","=""5""","=""""","=""6.04871307""","=""""","=""0.00000025""","=""""","=""                                                     ""","=""L18327"""
"=""3d4.(3F1).4s.4p.(3P*)""","=""3F*""","=""3""","=""""","=""6.03010050""","=""""","=""0.00000024""","=""""","=""  60             :    15  3d4.(3G).4s.4p.(3P*)  3F*  ""","=""L18327,L7185"""
"=""3d4.(3P1).4s.4p.(3P*)""","=""x 3D*""","=""1""","=""""","=""6.0553607""","=""""","=""0.0000004""","=""""","=""  38             :    20  3d5.(4P).4p           3D*  ""","=""L18327,L7185"""
"=""3d4.(3P1).4s.4p.(3P*)""","=""x 3D*""","=""2""","=""""","=""6.07862231""","=""""","=""0.00000025""","=""""","=""  46             :    14  3d5.(4P).4p           3D*  ""","=""L18327,L7185"""
"=""3d4.(3P1).4s.4p.(3P*)""","=""x 3D*""","=""3""","=""""","=""6.11376373""","=""""","=""0.00000025""","=""""","=""  61             :     7  3d5.(4P).4p           3D*  ""","=""L18327,L7185"""
"=""3d5.(6S).7s""","=""g 7S""","=""3""","=""""","=""6.097279""","=""""","=""0.000019""","=""""","=""                                                     ""","=""L18327"""
"=""3d5.(6S).7s""","=""g 5S""","=""2""","=""""","=""6.1150957""","=""""","=""0.0000012""","=""""","=""                                                     ""","=""L18327"""
"=""3d4.(3F1).4s.4p.(3P*)""","=""w 3G*""","=""3""","=""""","=""6.1211766""","=""""","=""0.0000014""","=""""","=""  40             :     9  3d4.(3H).4s.4p.(3P*)  3G*  ""","=""L18327,L7185"""
"=""3d4.(3F1).4s.4p.(3P*)""","=""w 3G*""","=""4""","=""""","=""6.1314981""","=""""","=""0.0000003""","=""""","=""  40             :    13  3d4.(3H).4s.4p.(3P*)  3G*  ""","=""L18327,L7185"""
"=""3d4.(3F1).4s.4p.(3P*)""","=""w 3G*""","=""5""","=""""","=""6.1419268""","=""""","=""0.0000003""","=""""","=""  51             :    17  3d4.(3H).4s.4p.(3P*)  3G*  ""","=""L18327,L7185"""
"=""3d4.(3G).4s.4p.(3P*)""","=""w 5G*""","=""2""","=""""","=""6.1330898""","=""""","=""0.0000004""","=""""","=""  65             :    18  3d5.(4G).4p           5G*  ""","=""L18327,L7185"""
"=""3d4.(3G).4s.4p.(3P*)""","=""w 5G*""","=""3""","=""""","=""6.13966216""","=""""","=""0.00000025""","=""1.04""","=""  53             :    14  3d5.(4G).4p           5G*  ""","=""L18327,L7185"""
"=""3d4.(3G).4s.4p.(3P*)""","=""w 5G*""","=""4""","=""""","=""6.14626205""","=""""","=""0.00000024""","=""""","=""  63             :    19  3d5.(4G).4p           5G*  ""","=""L18327,L7185"""
"=""3d4.(3G).4s.4p.(3P*)""","=""w 5G*""","=""5""","=""""","=""6.15179202""","=""""","=""0.00000024""","=""""","=""  70             :    17  3d5.(4G).4p           5G*  ""","=""L18327,L7185"""
"=""3d4.(3G).4s.4p.(3P*)""","=""w 5G*""","=""6""","=""""","=""6.1539785""","=""""","=""0.0000003""","=""1.35""","=""  73             :    17  3d5.(4G).4p           5G*  ""","=""L18327,L7185"""
"=""3d5.(4P).4p""","=""y 3S*""","=""1""","=""""","=""6.13436429""","=""""","=""0.00000024""","=""""","=""  73             :    17  3d4.(3P1).4s.4p.(3P*) 3S*  ""","=""L18327,L7185"""
"=""""","=""e 3F""","=""2""","=""""","=""6.147939""","=""""","=""0.000011""","=""""","=""                                                     ""","=""L18327"""
"=""""","=""e 3F""","=""3""","=""""","=""6.1642226""","=""""","=""0.0000015""","=""""","=""                                                     ""","=""L18327"""
"=""""","=""e 3F""","=""4""","=""""","=""6.1822809""","=""""","=""0.0000005""","=""""","=""                                                     ""","=""L18327"""
"=""3d5.(4D).4p""","=""t 5P*""","=""1""","=""""","=""6.1482315""","=""""","=""0.0000004""","=""2.48""","=""  46             :    30  3d5.(4P).4p           3P*  ""","=""L18327,L7185"""
"=""3d5.(4D).4p""","=""t 5P*""","=""3""","=""""","=""6.1759542""","=""""","=""0.0000005""","=""1.77""","=""  31             :    26  3d5.(4P).4p           3P*  ""","=""L18327,L7185"""
"=""3d4.(3F1).4s.4p.(3P*)""","=""1D*""","=""2""","=""""","=""6.1493503""","=""""","=""0.0000004""","=""1.88""","=""  20             :    14  3d5.(4D).4p           5P*  ""","=""L18327,L7185"""
"=""3d5.(4D).4p""","=""x 3F*""","=""4""","=""""","=""6.15216585""","=""""","=""0.00000022""","=""""","=""  56             :    15  3d4.(3G).4s.4p.(3P*)  3F*  ""","=""L18327,L7185"""
"=""3d5.(4D).4p""","=""x 3F*""","=""3""","=""""","=""6.15583182""","=""""","=""0.00000021""","=""""","=""  43             :    18  3d4.(3G).4s.4p.(3P*)  3F*  ""","=""L18327,L7185"""
"=""3d5.(4D).4p""","=""x 3F*""","=""2""","=""""","=""6.15615299""","=""""","=""0.00000024""","=""""","=""  37             :    18  3d4.(3G).4s.4p.(3P*)  3F*  ""","=""L18327,L7185"""
"=""3d4.(3P1).4s.4p.(3P*)""","=""y 5S*""","=""2""","=""""","=""6.17720772""","=""""","=""0.00000025""","=""2.00""","=""  31             :    30  3d5.(4P).4p           5S*  ""","=""L18327,L7185"""
"=""3d5.(4D).4p""","=""s 5F*""","=""1""","=""""","=""6.2015447""","=""""","=""0.0000005""","=""""","=""  44             :    29  3d4.(3G).4s.4p.(3P*)  5F*  ""","=""L18327,L7185"""
"=""3d5.(4D).4p""","=""s 5F*""","=""2""","=""""","=""6.206343""","=""""","=""0.000007""","=""""","=""  43             :    29  3d4.(3G).4s.4p.(3P*)  5F*  ""","=""L18327,L7185"""
"=""3d5.(4D).4p""","=""s 5F*""","=""3""","=""""","=""6.211865""","=""""","=""0.000015""","=""1.27""","=""  44             :    29  3d4.(3G).4s.4p.(3P*)  5F*  ""","=""L18327,L7185"""
"=""3d5.(4D).4p""","=""s 5F*""","=""4""","=""""","=""6.225333""","=""""","=""0.000017""","=""1.25""","=""  30             :    21  3d4.(3G).4s.4p.(3P*)  5F*  ""","=""L18327,L7185"""
"=""3d5.(4D).4p""","=""s 5F*""","=""5""","=""""","=""6.2306145""","=""""","=""0.0000004""","=""1.39""","=""  46             :    33  3d4.(3G).4s.4p.(3P*)  5F*  ""","=""L18327,L7185"""
"=""3d5.(4D).4p""","=""w 3D*""","=""1""","=""""","=""6.21228906""","=""""","=""0.00000024""","=""""","=""  66             :    11  3d5.(4P).4p           3D*  ""","=""L18327,L7185"""
"=""3d5.(4D).4p""","=""w 3D*""","=""2""","=""""","=""6.2220467""","=""""","=""0.0000005""","=""""","=""  57             :    14  3d5.(4P).4p           3D*  ""","=""L18327,L7185"""
"=""3d5.(4D).4p""","=""w 3D*""","=""3""","=""""","=""6.23199865""","=""""","=""0.00000025""","=""""","=""  51             :    18  3d5.(4P).4p           3D*  ""","=""L18327,L7185"""
"=""3d5.(6S).7p""","=""7P*""","=""3""","=""""","=""6.22207""","=""""","=""0.00022""","=""""","=""                                                     ""","=""L18327"""
"=""3d5.(6S).7p""","=""7P*""","=""4""","=""""","=""6.223615""","=""""","=""0.000025""","=""""","=""                                                     ""","=""L18327c152"""
"=""3d5.(4D).4p""","=""u 5D*""","=""4""","=""""","=""6.26832996""","=""""","=""0.00000021""","=""1.54""","=""  44             :    15  3d5.(4D).4p           5F*  ""","=""L18327,L7185"""
"=""3d5.(4D).4p""","=""u 5D*""","=""3""","=""""","=""6.27707788""","=""""","=""0.00000021""","=""1.54""","=""  60             :     7  3d5.(4P).4p           5D*  ""","=""L18327,L7185"""
"=""3d5.(4D).4p""","=""u 5D*""","=""2""","=""""","=""6.28038388""","=""""","=""0.00000024""","=""1.51""","=""  68             :     8  3d5.(4P).4p           5D*  ""","=""L18327,L7185"""
"=""3d5.(4D).4p""","=""u 5D*""","=""0""","=""""","=""6.2811821""","=""""","=""0.0000012""","=""""","=""  69             :    10  3d5.(4P).4p           5D*  ""","=""L18327,L7185"""
"=""3d5.(4D).4p""","=""u 5D*""","=""1""","=""""","=""6.28137785""","=""""","=""0.00000025""","=""1.46""","=""  71             :     9  3d5.(4P).4p           5D*  ""","=""L18327,L7185"""
"=""3d4.(3G).4s.4p.(3P*)""","=""w 3F*""","=""2""","=""""","=""6.3095654""","=""""","=""0.0000004""","=""""","=""  41             :    27  3d5.(4D).4p           3F*  ""","=""L18327,L7185"""
"=""3d4.(3G).4s.4p.(3P*)""","=""w 3F*""","=""3""","=""""","=""6.31703615""","=""""","=""0.00000025""","=""""","=""  42             :    26  3d5.(4D).4p           3F*  ""","=""L18327,L7185"""
"=""3d4.(3G).4s.4p.(3P*)""","=""w 3F*""","=""4""","=""""","=""6.33059653""","=""""","=""0.00000022""","=""""","=""  46             :    23  3d5.(4D).4p           3F*  ""","=""L18327,L7185"""
"=""3d5.(6S).8s""","=""h 5S""","=""2""","=""""","=""6.3276117""","=""""","=""0.0000010""","=""""","=""                                                     ""","=""L18327"""
"=""3d5.(4D).4p""","=""w 3P*""","=""0""","=""""","=""6.3451195""","=""""","=""0.0000005""","=""""","=""  71             :    11  3d4.(3P1).4s.4p.(3P*) 3P*  ""","=""L18327,L7185"""
"=""3d5.(4D).4p""","=""w 3P*""","=""1""","=""""","=""6.3537986""","=""""","=""0.0000003""","=""""","=""  68             :     8  3d4.(3P1).4s.4p.(3P*) 3P*  ""","=""L18327,L7185"""
"=""3d5.(4D).4p""","=""w 3P*""","=""2""","=""""","=""6.3587200""","=""""","=""0.0000003""","=""""","=""  45             :    32  3d4.(3P1).4s.4p.(3P*) 1D*  ""","=""L18327,L7185"""
"=""3d4.(3H).4s.4p.(3P*)""","=""z 1H*""","=""5""","=""""","=""6.372943""","=""""","=""0.000006""","=""""","=""  68             :    11  3d5.(2I).4p           1H*  ""","=""L18327,L7185"""
"=""3d5.(6S).8p""","=""7P*""","=""2""","=""""","=""6.388838""","=""""","=""0.000014""","=""""","=""                                                     ""","=""L18327"""
"=""3d5.(6S).8p""","=""7P*""","=""3""","=""""","=""6.389099""","=""""","=""0.000004""","=""""","=""                                                     ""","=""L18327"""
"=""3d5.(6S).8p""","=""7P*""","=""4""","=""""","=""6.389445""","=""""","=""0.000012""","=""""","=""                                                     ""","=""L18327c152"""
"=""3d4.(3D).4s.4p.(3P*)""","=""t 5D*""","=""0""","=""""","=""6.447130""","=""""","=""0.000012""","=""""","=""  94                                                 ""","=""L18327,L7185"""
"=""3d4.(3D).4s.4p.(3P*)""","=""t 5D*""","=""1""","=""""","=""6.447558""","=""""","=""0.000010""","=""""","=""  94                                                 ""","=""L18327,L7185"""
"=""3d4.(3D).4s.4p.(3P*)""","=""t 5D*""","=""2""","=""""","=""6.448712""","=""""","=""0.000010""","=""""","=""  93                                                 ""","=""L18327,L7185"""
"=""3d4.(3D).4s.4p.(3P*)""","=""t 5D*""","=""3""","=""""","=""6.451111""","=""""","=""0.000009""","=""""","=""  92                                                 ""","=""L18327,L7185"""
"=""3d4.(3D).4s.4p.(3P*)""","=""t 5D*""","=""4""","=""""","=""6.455146""","=""""","=""0.000009""","=""""","=""  92                                                 ""","=""L18327,L7185"""
"=""3d5.(6S).9p""","=""7P*""","=""2""","=""""","=""6.4895""","=""""","=""0.0006""","=""""","=""                                                     ""","=""L7185,L5413"""
"=""3d5.(6S).9p""","=""7P*""","=""4""","=""""","=""6.4895""","=""""","=""0.0006""","=""""","=""                                                     ""","=""L7185,L5413"""
"=""3d5.(6S).9p""","=""7P*""","=""3""","=""""","=""6.4895""","=""""","=""0.0006""","=""""","=""                                                     ""","=""L7185,L5413"""
"=""3d4.(1I).4s.4p.(3P*)""","=""y 3I*""","=""5""","=""""","=""6.52054093""","=""""","=""0.00000025""","=""""","=""  48             :    33  3d5.(2I).4p           3I*  ""","=""L18327,L7185"""
"=""3d4.(1I).4s.4p.(3P*)""","=""y 3I*""","=""6""","=""""","=""6.52906678""","=""""","=""0.00000025""","=""""","=""  58             :    39  3d5.(2I).4p           3I*  ""","=""L18327,L7185"""
"=""3d4.(1I).4s.4p.(3P*)""","=""y 3I*""","=""7""","=""""","=""6.5312089""","=""""","=""0.0000004""","=""""","=""  59             :    39  3d5.(2I).4p           3I*  ""","=""L18327,L7185"""
"=""3d4.(3G).4s.4p.(3P*)""","=""3G*""","=""4""","=""""","=""6.53644421""","=""""","=""0.00000025""","=""""","=""  72             :    14  3d4.(3H).4s.4p.(3P*)  3G*  ""","=""L18327,L7185"""
"=""3d5.(6S).10p""","=""7P*""","=""2""","=""""","=""6.55347""","=""""","=""0.00004""","=""""","=""                                                     ""","=""L18327"""
"=""3d5.(6S).10p""","=""7P*""","=""3""","=""""","=""6.55347""","=""""","=""0.00004""","=""""","=""                                                     ""","=""L18327"""
"=""3d5.(6S).10p""","=""7P*""","=""4""","=""""","=""6.55347""","=""""","=""0.00004""","=""""","=""                                                     ""","=""L18327"""
"=""3d4.(1G1).4s.4p.(3P*)""","=""x 3H*""","=""5""","=""""","=""6.5569273""","=""""","=""0.0000003""","=""""","=""  57             :    27  3d5.(2I).4p           3H*  ""","=""L18327,L7185"""
"=""3d4.(1G1).4s.4p.(3P*)""","=""x 3H*""","=""6""","=""""","=""6.56061581""","=""""","=""0.00000025""","=""""","=""  68             :    26  3d5.(2I).4p           3H*  ""","=""L18327,L7185"""
"=""3d4.(1G1).4s.4p.(3P*)""","=""x 3H*""","=""4""","=""""","=""6.56662110""","=""""","=""0.00000025""","=""""","=""  47             :    26  3d5.(2I).4p           3H*  ""","=""L18327,L7185"""
"=""3d4.(3D).4s.4p.(3P*)""","=""r 5F*""","=""1""","=""""","=""6.5726135""","=""""","=""0.0000011""","=""""","=""  85             :     6  3d5.(4D).4p           5F*  ""","=""L18327,L7185"""
"=""3d4.(3D).4s.4p.(3P*)""","=""r 5F*""","=""2""","=""""","=""6.5758067""","=""""","=""0.0000014""","=""""","=""  84             :     6  3d5.(4D).4p           5F*  ""","=""L18327,L7185"""
"=""3d4.(3D).4s.4p.(3P*)""","=""r 5F*""","=""3""","=""""","=""6.5803075""","=""""","=""0.0000011""","=""""","=""  83             :     6  3d5.(4D).4p           5F*  ""","=""L18327,L7185"""
"=""3d4.(3D).4s.4p.(3P*)""","=""r 5F*""","=""4""","=""""","=""6.5857330""","=""""","=""0.0000010""","=""""","=""  81             :     6  3d5.(4D).4p           5F*  ""","=""L18327,L7185"""
"=""3d4.(3D).4s.4p.(3P*)""","=""r 5F*""","=""5""","=""""","=""6.5925141""","=""""","=""0.0000009""","=""1.42""","=""  85             :     7  3d5.(4D).4p           5F*  ""","=""L18327,L7185"""
"=""3d4.4s.4d""","=""e 7G""","=""1""","=""""","=""6.589552""","=""""","=""0.000009""","=""""","=""                                                     ""","=""L18327"""
"=""3d4.4s.4d""","=""e 7G""","=""2""","=""""","=""6.593195""","=""""","=""0.000017""","=""""","=""                                                     ""","=""L18327"""
"=""3d4.4s.4d""","=""e 7G""","=""3""","=""""","=""6.5994882""","=""""","=""0.0000015""","=""""","=""                                                     ""","=""L18327"""
"=""3d4.4s.4d""","=""e 7G""","=""4""","=""""","=""6.6082029""","=""""","=""0.0000007""","=""""","=""                                                     ""","=""L18327"""
"=""3d4.4s.4d""","=""e 7G""","=""5""","=""""","=""6.6199389""","=""""","=""0.0000004""","=""""","=""                                                     ""","=""L18327"""
"=""3d4.4s.4d""","=""e 7G""","=""6""","=""""","=""6.6353643""","=""""","=""0.0000012""","=""""","=""                                                     ""","=""L18327"""
"=""3d4.4s.4d""","=""e 7G""","=""7""","=""""","=""6.653317""","=""""","=""0.000020""","=""""","=""                                                     ""","=""L18327"""
"=""3d4.4s.4d""","=""h 7D""","=""2""","=""""","=""6.5953470""","=""""","=""0.0000009""","=""""","=""                                                     ""","=""L18327"""
"=""3d4.4s.4d""","=""h 7D""","=""3""","=""""","=""6.6064151""","=""""","=""0.0000011""","=""""","=""                                                     ""","=""L18327"""
"=""3d4.4s.4d""","=""h 7D""","=""4""","=""""","=""6.6177028""","=""""","=""0.0000016""","=""""","=""                                                     ""","=""L18327"""
"=""3d4.4s.4d""","=""h 7D""","=""5""","=""""","=""6.649000""","=""""","=""0.000011""","=""""","=""                                                     ""","=""L18327"""
"=""3d4.4s.4d""","=""e 7F""","=""1""","=""""","=""6.5978633""","=""""","=""0.0000007""","=""""","=""                                                     ""","=""L18327"""
"=""3d4.4s.4d""","=""e 7F""","=""2""","=""""","=""6.6058512""","=""""","=""0.0000015""","=""""","=""                                                     ""","=""L18327"""
"=""3d4.4s.4d""","=""e 7F""","=""3""","=""""","=""6.6188592""","=""""","=""0.0000003""","=""""","=""                                                     ""","=""L18327"""
"=""3d4.4s.4d""","=""e 7F""","=""4""","=""""","=""6.6364023""","=""""","=""0.0000014""","=""""","=""                                                     ""","=""L18327"""
"=""3d4.4s.4d""","=""e 7F""","=""5""","=""""","=""6.6586967""","=""""","=""0.0000010""","=""""","=""                                                     ""","=""L18327"""
"=""3d4.4s.4d""","=""e 7F""","=""6""","=""""","=""6.6861470""","=""""","=""0.0000015""","=""""","=""                                                     ""","=""L18327"""
"=""3d5.(6S).11p""","=""7P*""","=""2""","=""""","=""6.59807""","=""""","=""0.00007""","=""""","=""                                                     ""","=""L18327"""
"=""3d5.(6S).11p""","=""7P*""","=""3""","=""""","=""6.59807""","=""""","=""0.00007""","=""""","=""                                                     ""","=""L18327"""
"=""3d5.(6S).11p""","=""7P*""","=""4""","=""""","=""6.59807""","=""""","=""0.00007""","=""""","=""                                                     ""","=""L18327"""
"=""3d5.(6S).12p""","=""7P*""","=""2""","=""""","=""6.631232""","=""""","=""0.000025""","=""""","=""                                                     ""","=""L18327"""
"=""3d5.(6S).12p""","=""7P*""","=""3""","=""""","=""6.631232""","=""""","=""0.000025""","=""""","=""                                                     ""","=""L18327"""
"=""3d5.(6S).12p""","=""7P*""","=""4""","=""""","=""6.631232""","=""""","=""0.000025""","=""""","=""                                                     ""","=""L18327"""
"=""3d4.4s.5p""","=""s 5D*""","=""2""","=""""","=""6.638258""","=""""","=""0.000016""","=""""","=""                                                     ""","=""L18327"""
"=""3d4.4s.5p""","=""s 5D*""","=""3""","=""""","=""6.650619""","=""""","=""0.000025""","=""""","=""                                                     ""","=""L18327"""
"=""3d4.4s.5p""","=""s 5D*""","=""4""","=""""","=""6.6682149""","=""""","=""0.0000025""","=""""","=""                                                     ""","=""L18327"""
"=""3d5.(6S).13p""","=""7P*""","=""2""","=""""","=""6.654412""","=""""","=""0.000025""","=""""","=""                                                     ""","=""L18327"""
"=""3d5.(6S).13p""","=""7P*""","=""3""","=""""","=""6.654412""","=""""","=""0.000025""","=""""","=""                                                     ""","=""L18327"""
"=""3d5.(6S).13p""","=""7P*""","=""4""","=""""","=""6.654412""","=""""","=""0.000025""","=""""","=""                                                     ""","=""L18327"""
"=""3d3.(4F).4s2.4p""","=""v 3G*""","=""3""","=""""","=""6.6709340""","=""""","=""0.0000014""","=""""","=""  28             :    22  3d5.(4F).4p           3G*  ""","=""L18327,L7185"""
"=""3d3.(4F).4s2.4p""","=""v 3G*""","=""4""","=""""","=""6.686159""","=""""","=""0.000004""","=""""","=""  26             :    22  3d5.(4F).4p           3G*  ""","=""L18327,L7185"""
"=""3d3.(4F).4s2.4p""","=""v 3G*""","=""5""","=""""","=""6.704815""","=""""","=""0.000005""","=""""","=""  25             :    22  3d5.(4F).4p           3G*  ""","=""L18327,L7185"""
"=""3d5.(6S).14p""","=""7P*""","=""3""","=""""","=""6.672306""","=""""","=""0.000025""","=""""","=""                                                     ""","=""L18327"""
"=""3d5.(6S).14p""","=""7P*""","=""2""","=""""","=""6.672306""","=""""","=""0.000025""","=""""","=""                                                     ""","=""L18327"""
"=""3d5.(6S).14p""","=""7P*""","=""4""","=""""","=""6.672306""","=""""","=""0.000025""","=""""","=""                                                     ""","=""L18327"""
"=""3d5.(6S).15p""","=""7P*""","=""2""","=""""","=""6.686217""","=""""","=""0.000025""","=""""","=""                                                     ""","=""L18327"""
"=""3d5.(6S).15p""","=""7P*""","=""3""","=""""","=""6.686217""","=""""","=""0.000025""","=""""","=""                                                     ""","=""L18327"""
"=""3d5.(6S).15p""","=""7P*""","=""4""","=""""","=""6.686217""","=""""","=""0.000025""","=""""","=""                                                     ""","=""L18327"""
"=""3d4.4s.5p""","=""s 5P*""","=""1""","=""""","=""6.69056""","=""""","=""0.00005""","=""""","=""                                                     ""","=""L18327"""
"=""3d4.4s.5p""","=""s 5P*""","=""2""","=""""","=""6.69920""","=""""","=""0.00014""","=""""","=""                                                     ""","=""L18327"""
"=""3d4.4s.5p""","=""s 5P*""","=""3""","=""""","=""6.711620""","=""""","=""0.000003""","=""""","=""                                                     ""","=""L18327"""
"=""3d5.(6S).16p""","=""7P*""","=""2""","=""""","=""6.697266""","=""""","=""0.000025""","=""""","=""                                                     ""","=""L18327"""
"=""3d5.(6S).16p""","=""7P*""","=""3""","=""""","=""6.697266""","=""""","=""0.000025""","=""""","=""                                                     ""","=""L18327"""
"=""3d5.(6S).16p""","=""7P*""","=""4""","=""""","=""6.697266""","=""""","=""0.000022""","=""""","=""                                                     ""","=""L18327"""
"=""3d5.(6S).17p""","=""7P*""","=""3""","=""""","=""6.70618""","=""""","=""0.00006""","=""""","=""                                                     ""","=""L18327"""
"=""3d5.(6S).17p""","=""7P*""","=""2""","=""""","=""6.70618""","=""""","=""0.00006""","=""""","=""                                                     ""","=""L18327"""
"=""3d5.(6S).17p""","=""7P*""","=""4""","=""""","=""6.70618""","=""""","=""0.00006""","=""""","=""                                                     ""","=""L18327"""
"=""3d5.(6S).18p""","=""7P*""","=""2""","=""""","=""6.713460""","=""""","=""0.000025""","=""""","=""                                                     ""","=""L18327"""
"=""3d5.(6S).18p""","=""7P*""","=""3""","=""""","=""6.713460""","=""""","=""0.000025""","=""""","=""                                                     ""","=""L18327"""
"=""3d5.(6S).18p""","=""7P*""","=""4""","=""""","=""6.713460""","=""""","=""0.000025""","=""""","=""                                                     ""","=""L18327"""
"=""3d5.(6S).19p""","=""7P*""","=""2""","=""""","=""6.719520""","=""""","=""0.000025""","=""""","=""                                                     ""","=""L18327"""
"=""3d5.(6S).19p""","=""7P*""","=""3""","=""""","=""6.719520""","=""""","=""0.000025""","=""""","=""                                                     ""","=""L18327"""
"=""3d5.(6S).19p""","=""7P*""","=""4""","=""""","=""6.719520""","=""""","=""0.000025""","=""""","=""                                                     ""","=""L18327"""
"=""3d4.4s.5p""","=""q 5F*""","=""1""","=""""","=""6.719715""","=""""","=""0.000019""","=""""","=""                                                     ""","=""L18327"""
"=""3d4.4s.5p""","=""q 5F*""","=""2""","=""""","=""6.726402""","=""""","=""0.000012""","=""""","=""                                                     ""","=""L18327"""
"=""3d4.4s.5p""","=""q 5F*""","=""3""","=""""","=""6.7359396""","=""""","=""0.0000014""","=""""","=""                                                     ""","=""L18327"""
"=""3d4.4s.5p""","=""q 5F*""","=""4""","=""""","=""6.747877""","=""""","=""0.000014""","=""""","=""                                                     ""","=""L18327"""
"=""3d4.4s.5p""","=""q 5F*""","=""5""","=""""","=""6.76166""","=""""","=""0.00003""","=""""","=""                                                     ""","=""L18327"""
"=""3d5.(6S).20p""","=""7P*""","=""2""","=""""","=""6.72462""","=""""","=""0.00004""","=""""","=""                                                     ""","=""L18327"""
"=""3d5.(6S).20p""","=""7P*""","=""4""","=""""","=""6.72462""","=""""","=""0.00004""","=""""","=""                                                     ""","=""L18327"""
"=""3d5.(6S).20p""","=""7P*""","=""3""","=""""","=""6.72462""","=""""","=""0.00004""","=""""","=""                                                     ""","=""L18327"""
"=""3d5.(6S).21p""","=""7P*""","=""2""","=""""","=""6.72892""","=""""","=""0.00007""","=""""","=""                                                     ""","=""L18327"""
"=""3d5.(6S).21p""","=""7P*""","=""3""","=""""","=""6.72892""","=""""","=""0.00007""","=""""","=""                                                     ""","=""L18327"""
"=""3d5.(6S).21p""","=""7P*""","=""4""","=""""","=""6.72892""","=""""","=""0.00007""","=""""","=""                                                     ""","=""L18327"""
"=""""","=""e 5F""","=""1""","=""""","=""6.731928""","=""""","=""0.000020""","=""""","=""                                                     ""","=""L18327"""
"=""""","=""e 5F""","=""2""","=""""","=""6.7426692""","=""""","=""0.0000015""","=""""","=""                                                     ""","=""L18327"""
"=""""","=""e 5F""","=""3""","=""""","=""6.7542003""","=""""","=""0.0000004""","=""""","=""                                                     ""","=""L18327"""
"=""""","=""e 5F""","=""4""","=""""","=""6.766166""","=""""","=""0.000011""","=""""","=""                                                     ""","=""L18327"""
"=""""","=""e 5F""","=""5""","=""""","=""6.7770062""","=""""","=""0.0000015""","=""""","=""                                                     ""","=""L18327"""
"=""3d5.(6S).22p""","=""7P*""","=""2""","=""""","=""6.73264""","=""""","=""0.00005""","=""""","=""                                                     ""","=""L18327"""
"=""3d5.(6S).22p""","=""7P*""","=""3""","=""""","=""6.73264""","=""""","=""0.00005""","=""""","=""                                                     ""","=""L18327"""
"=""3d5.(6S).22p""","=""7P*""","=""4""","=""""","=""6.73264""","=""""","=""0.00005""","=""""","=""                                                     ""","=""L18327"""
"=""3d5.(2I).4p""","=""z 3K*""","=""6""","=""""","=""6.7344271""","=""""","=""0.0000004""","=""""","=""  56             :    42  3d4.(1I).4s.4p.(3P*)  3K*  ""","=""L18327,L7185"""
"=""3d5.(2I).4p""","=""z 3K*""","=""7""","=""""","=""6.7453514""","=""""","=""0.0000004""","=""""","=""  54             :    46  3d4.(1I).4s.4p.(3P*)  3K*  ""","=""L18327,L7185"""
"=""3d5.(2I).4p""","=""z 3K*""","=""8""","=""""","=""6.7569225""","=""""","=""0.0000004""","=""""","=""  59             :    41  3d4.(1I).4s.4p.(3P*)  3K*  ""","=""L18327,L7185"""
"=""3d5.(6S).23p""","=""7P*""","=""2""","=""""","=""6.73571""","=""""","=""0.00004""","=""""","=""                                                     ""","=""L18327"""
"=""3d5.(6S).23p""","=""7P*""","=""3""","=""""","=""6.73571""","=""""","=""0.00004""","=""""","=""                                                     ""","=""L18327"""
"=""3d5.(6S).23p""","=""7P*""","=""4""","=""""","=""6.73571""","=""""","=""0.00004""","=""""","=""                                                     ""","=""L18327"""
"=""3d5.(6S).24p""","=""7P*""","=""2""","=""""","=""6.73848""","=""""","=""0.00004""","=""""","=""                                                     ""","=""L18327"""
"=""3d5.(6S).24p""","=""7P*""","=""3""","=""""","=""6.73848""","=""""","=""0.00004""","=""""","=""                                                     ""","=""L18327"""
"=""3d5.(6S).24p""","=""7P*""","=""4""","=""""","=""6.73848""","=""""","=""0.00004""","=""""","=""                                                     ""","=""L18327"""
"=""3d5.(6S).25p""","=""7P*""","=""2""","=""""","=""6.740851""","=""""","=""0.000025""","=""""","=""                                                     ""","=""L18327"""
"=""3d5.(6S).25p""","=""7P*""","=""3""","=""""","=""6.740851""","=""""","=""0.000025""","=""""","=""                                                     ""","=""L18327"""
"=""3d5.(6S).25p""","=""7P*""","=""4""","=""""","=""6.740851""","=""""","=""0.000025""","=""""","=""                                                     ""","=""L18327"""
"=""3d5.(6S).26p""","=""7P*""","=""2""","=""""","=""6.74295""","=""""","=""0.00004""","=""""","=""                                                     ""","=""L18327"""
"=""3d5.(6S).26p""","=""7P*""","=""3""","=""""","=""6.74295""","=""""","=""0.00004""","=""""","=""                                                     ""","=""L18327"""
"=""3d5.(6S).26p""","=""7P*""","=""4""","=""""","=""6.74295""","=""""","=""0.00004""","=""""","=""                                                     ""","=""L18327"""
"=""3d5.(6S).27p""","=""7P*""","=""2""","=""""","=""6.74481""","=""""","=""0.00004""","=""""","=""                                                     ""","=""L18327"""
"=""3d5.(6S).27p""","=""7P*""","=""3""","=""""","=""6.74481""","=""""","=""0.00004""","=""""","=""                                                     ""","=""L18327"""
"=""3d5.(6S).27p""","=""7P*""","=""4""","=""""","=""6.74481""","=""""","=""0.00004""","=""""","=""                                                     ""","=""L18327"""
"=""3d5.(6S).28p""","=""7P*""","=""2""","=""""","=""6.74641""","=""""","=""0.00003""","=""""","=""                                                     ""","=""L18327"""
"=""3d5.(6S).28p""","=""7P*""","=""3""","=""""","=""6.74641""","=""""","=""0.00003""","=""""","=""                                                     ""","=""L18327"""
"=""3d5.(6S).28p""","=""7P*""","=""4""","=""""","=""6.74641""","=""""","=""0.00003""","=""""","=""                                                     ""","=""L18327"""
"=""3d5.(6S).29p""","=""7P*""","=""2""","=""""","=""6.74788""","=""""","=""0.00003""","=""""","=""                                                     ""","=""L18327"""
"=""3d5.(6S).29p""","=""7P*""","=""3""","=""""","=""6.74788""","=""""","=""0.00003""","=""""","=""                                                     ""","=""L18327"""
"=""3d5.(6S).29p""","=""7P*""","=""4""","=""""","=""6.74788""","=""""","=""0.00003""","=""""","=""                                                     ""","=""L18327"""
"=""3d5.(6S).30p""","=""7P*""","=""3""","=""""","=""6.74922""","=""""","=""0.00004""","=""""","=""                                                     ""","=""L18327"""
"=""3d5.(6S).30p""","=""7P*""","=""2""","=""""","=""6.74922""","=""""","=""0.00004""","=""""","=""                                                     ""","=""L18327"""
"=""3d5.(6S).30p""","=""7P*""","=""4""","=""""","=""6.74922""","=""""","=""0.00004""","=""""","=""                                                     ""","=""L18327"""
"=""3d5.(6S).31p""","=""7P*""","=""2""","=""""","=""6.75032""","=""""","=""0.00004""","=""""","=""                                                     ""","=""L18327"""
"=""3d5.(6S).31p""","=""7P*""","=""3""","=""""","=""6.75032""","=""""","=""0.00004""","=""""","=""                                                     ""","=""L18327"""
"=""3d5.(6S).31p""","=""7P*""","=""4""","=""""","=""6.75032""","=""""","=""0.00004""","=""""","=""                                                     ""","=""L18327"""
"=""3d5.(6S).32p""","=""7P*""","=""2""","=""""","=""6.751360""","=""""","=""0.000025""","=""""","=""                                                     ""","=""L18327"""
"=""3d5.(6S).32p""","=""7P*""","=""3""","=""""","=""6.751360""","=""""","=""0.000025""","=""""","=""                                                     ""","=""L18327"""
"=""3d5.(6S).32p""","=""7P*""","=""4""","=""""","=""6.751360""","=""""","=""0.000025""","=""""","=""                                                     ""","=""L18327"""
"=""3d5.(6S).33p""","=""7P*""","=""2""","=""""","=""6.752389""","=""""","=""0.000025""","=""""","=""                                                     ""","=""L18327"""
"=""3d5.(6S).33p""","=""7P*""","=""3""","=""""","=""6.752389""","=""""","=""0.000025""","=""""","=""                                                     ""","=""L18327"""
"=""3d5.(6S).33p""","=""7P*""","=""4""","=""""","=""6.752389""","=""""","=""0.000025""","=""""","=""                                                     ""","=""L18327"""
"=""3d5.(6S).34p""","=""7P*""","=""2""","=""""","=""6.75324""","=""""","=""0.00003""","=""""","=""                                                     ""","=""L18327"""
"=""3d5.(6S).34p""","=""7P*""","=""3""","=""""","=""6.75324""","=""""","=""0.00003""","=""""","=""                                                     ""","=""L18327"""
"=""3d5.(6S).34p""","=""7P*""","=""4""","=""""","=""6.75324""","=""""","=""0.00003""","=""""","=""                                                     ""","=""L18327"""
"=""3d5.(6S).35p""","=""7P*""","=""2""","=""""","=""6.75402""","=""""","=""0.00004""","=""""","=""                                                     ""","=""L18327"""
"=""3d5.(6S).35p""","=""7P*""","=""3""","=""""","=""6.75402""","=""""","=""0.00004""","=""""","=""                                                     ""","=""L18327"""
"=""3d5.(6S).35p""","=""7P*""","=""4""","=""""","=""6.75402""","=""""","=""0.00004""","=""""","=""                                                     ""","=""L18327"""
"=""3d5.(6S).36p""","=""7P*""","=""2""","=""""","=""6.75474""","=""""","=""0.00003""","=""""","=""                                                     ""","=""L18327"""
"=""3d5.(6S).36p""","=""7P*""","=""3""","=""""","=""6.75474""","=""""","=""0.00003""","=""""","=""                                                     ""","=""L18327"""
"=""3d5.(6S).36p""","=""7P*""","=""4""","=""""","=""6.75474""","=""""","=""0.00003""","=""""","=""                                                     ""","=""L18327"""
"=""3d5.(6S).37p""","=""7P*""","=""2""","=""""","=""6.75532""","=""""","=""0.00003""","=""""","=""                                                     ""","=""L18327"""
"=""3d5.(6S).37p""","=""7P*""","=""3""","=""""","=""6.75532""","=""""","=""0.00003""","=""""","=""                                                     ""","=""L18327"""
"=""3d5.(6S).37p""","=""7P*""","=""4""","=""""","=""6.75532""","=""""","=""0.00003""","=""""","=""                                                     ""","=""L18327"""
"=""3d5.(6S).38p""","=""7P*""","=""3""","=""""","=""6.75605""","=""""","=""0.00003""","=""""","=""                                                     ""","=""L18327"""
"=""3d5.(6S).38p""","=""7P*""","=""4""","=""""","=""6.75605""","=""""","=""0.00003""","=""""","=""                                                     ""","=""L18327"""
"=""3d5.(6S).38p""","=""7P*""","=""2""","=""""","=""6.75605""","=""""","=""0.00003""","=""""","=""                                                     ""","=""L18327"""
"=""Cr II (3d5 6S<5/2>)""","=""Limit""","=""---""","=""""","=""6.76651""","=""""","=""0.00004""","=""""","=""                                                     ""","=""L7185,L2832"""
"=""3d4.4s.5s""","=""g 5D""","=""0""","=""""","=""6.775257""","=""""","=""0.000004""","=""""","=""                                                     ""","=""L18327"""
"=""3d4.4s.5s""","=""g 5D""","=""1""","=""""","=""6.7784336""","=""""","=""0.0000015""","=""""","=""                                                     ""","=""L18327"""
"=""3d4.4s.5s""","=""g 5D""","=""2""","=""""","=""6.7966252""","=""""","=""0.0000007""","=""""","=""                                                     ""","=""L18327"""
"=""3d4.4s.5s""","=""g 5D""","=""3""","=""""","=""6.817497""","=""""","=""0.000004""","=""""","=""                                                     ""","=""L18327"""
"=""3d4.4s.5s""","=""g 5D""","=""4""","=""""","=""6.845052""","=""""","=""0.000007""","=""""","=""                                                     ""","=""L18327"""
"=""3d4.(3H).4s.4p.(1P*)""","=""w 3H*""","=""4""","=""""","=""6.786458""","=""""","=""0.000004""","=""""","=""  42             :    20  3d5.(2I).4p           3H*  ""","=""L18327,L7185"""
"=""3d4.(3H).4s.4p.(1P*)""","=""w 3H*""","=""5""","=""""","=""6.7942214""","=""""","=""0.0000015""","=""""","=""  41             :    21  3d5.(2I).4p           3H*  ""","=""L18327,L7185"""
"=""3d4.(3H).4s.4p.(1P*)""","=""w 3H*""","=""6""","=""""","=""6.80508958""","=""""","=""0.00000025""","=""""","=""  42             :    24  3d5.(2I).4p           3H*  ""","=""L18327,L7185"""
"=""3d4.(1I).4s.4p.(3P*)""","=""3K*""","=""6""","=""""","=""6.7943542""","=""""","=""0.0000004""","=""""","=""  55             :    40  3d5.(2I).4p           3K*  ""","=""L18327,L7185"""
"=""3d4.4s.5s""","=""e 3D""","=""1""","=""""","=""6.794908""","=""""","=""0.000006""","=""""","=""                                                     ""","=""L18327"""
"=""3d4.4s.5s""","=""e 3D""","=""2""","=""""","=""6.8159775""","=""""","=""0.0000011""","=""""","=""                                                     ""","=""L18327"""
"=""3d4.4s.5s""","=""e 3D""","=""3""","=""""","=""6.844522""","=""""","=""0.000003""","=""""","=""                                                     ""","=""L18327"""
"=""3d5.(4G).5p""","=""v 3H*""","=""4""","=""""","=""6.7956796""","=""""","=""0.0000006""","=""""","=""                                                     ""","=""L18327"""
"=""3d5.(4G).5p""","=""v 3H*""","=""6""","=""""","=""6.80257511""","=""""","=""0.00000025""","=""""","=""                                                     ""","=""L18327"""
"=""3d5.(4G).5p""","=""v 3H*""","=""5""","=""""","=""6.810410""","=""""","=""0.000004""","=""""","=""                                                     ""","=""L18327"""
"=""3d4.(3D).4s.4p.(3P*)""","=""v 3D*""","=""1""","=""""","=""6.813730""","=""""","=""0.000010""","=""""","=""  33             :    28  3d5.(2D1).4p          3D*  ""","=""L18327,L7185"""
"=""3d4.(3D).4s.4p.(3P*)""","=""v 3D*""","=""2""","=""""","=""6.838050""","=""""","=""0.000014""","=""""","=""  30             :    26  3d5.(2D1).4p          3D*  ""","=""L18327,L7185"""
"=""3d4.(3D).4s.4p.(3P*)""","=""v 3D*""","=""3""","=""""","=""6.875131""","=""""","=""0.000012""","=""""","=""  30             :    19  3d5.(2D1).4p          3D*  ""","=""L18327,L7185"""
"=""3d5.(2I).4p""","=""z 1K*""","=""7""","=""""","=""6.8154335""","=""""","=""0.0000004""","=""""","=""  79             :    10  3d5.(2I).4p           3K*  ""","=""L18327,L7185"""
"=""3d5.(2D1).4p""","=""v 3F*""","=""2""","=""""","=""6.818237""","=""""","=""0.000005""","=""""","=""  30             :    20  3d5.(2F1).4p          3F*  ""","=""L18327,L7185"""
"=""3d5.(2D1).4p""","=""v 3F*""","=""3""","=""""","=""6.8317550""","=""""","=""0.0000025""","=""""","=""  22             :    15  3d5.(2F1).4p          3F*  ""","=""L18327,L7185"""
"=""3d5.(2D1).4p""","=""v 3F*""","=""4""","=""""","=""6.8448292""","=""""","=""0.0000005""","=""""","=""  30             :    18  3d5.(2F1).4p          3F*  ""","=""L18327,L7185"""
"=""3d5.(4G).5p""","=""u 3F*""","=""4""","=""""","=""6.8340891""","=""""","=""0.0000005""","=""""","=""                                                     ""","=""L18327"""
"=""3d5.(4G).5p""","=""u 3F*""","=""3""","=""""","=""6.862848""","=""""","=""0.000006""","=""""","=""                                                     ""","=""L18327"""
"=""3d5.(4G).5p""","=""u 3F*""","=""2""","=""""","=""6.877850""","=""""","=""0.000004""","=""""","=""                                                     ""","=""L18327c152"""
"=""3d5.(2I).4p""","=""y 1I*""","=""6""","=""""","=""6.8831764""","=""""","=""0.0000004""","=""""","=""  35             :    28  3d4.(1I).4s.4p.(3P*)  3H*  ""","=""L18327,L7185"""
"=""3d5.(2I).4p""","=""x 3I*""","=""5""","=""""","=""6.9042255""","=""""","=""0.0000004""","=""""","=""  29             :    30  3d4.(1I).4s.4p.(3P*)  3I*  ""","=""L18327,L7185"""
"=""3d5.(2I).4p""","=""x 3I*""","=""6""","=""""","=""6.9110084""","=""""","=""0.0000004""","=""""","=""  34             :    30  3d4.(1I).4s.4p.(3P*)  3I*  ""","=""L18327,L7185"""
"=""3d5.(2I).4p""","=""x 3I*""","=""7""","=""""","=""6.9181964""","=""""","=""0.0000005""","=""""","=""  39             :    32  3d4.(1I).4s.4p.(3P*)  3I*  ""","=""L18327,L7185"""
"=""3d4.(1I).4s.4p.(3P*)""","=""u 3H*""","=""5""","=""""","=""6.9275970""","=""""","=""0.0000004""","=""""","=""  61             :    12  3d5.(2H).4p           3H*  ""","=""L18327,L7185"""
"=""3d4.(1I).4s.4p.(3P*)""","=""u 3H*""","=""6""","=""""","=""6.9317083""","=""""","=""0.0000005""","=""""","=""  37             :    37  3d5.(2I).4p           1I*  ""","=""L18327,L7185"""
"=""3d4.(1I).4s.4p.(3P*)""","=""u 3H*""","=""4""","=""""","=""6.932637""","=""""","=""0.000022""","=""""","=""  67             :    12  3d5.(2H).4p           3H*  ""","=""L18327,L7185"""
"=""3d5.(2I).4p""","=""y 1H*""","=""5""","=""""","=""6.9362888""","=""""","=""0.0000004""","=""""","=""  43             :    12  3d4.(3G).4s.4p.(3P*)  1H*  ""","=""L18327,L7185"""
"=""3d5.(4F).4p""","=""v 5G*""","=""2""","=""""","=""6.9623457""","=""""","=""0.0000006""","=""""","=""  46             :    44  3d3.(4F).4s2.4p       5G*  ""","=""L18327,L7185"""
"=""3d5.(4F).4p""","=""v 5G*""","=""3""","=""""","=""6.9691199""","=""""","=""0.0000007""","=""""","=""  43             :    38  3d3.(4F).4s2.4p       5G*  ""","=""L18327,L7185"""
"=""3d5.(4F).4p""","=""v 5G*""","=""4""","=""""","=""6.9777684""","=""""","=""0.0000006""","=""""","=""  51             :    40  3d3.(4F).4s2.4p       5G*  ""","=""L18327,L7185"""
"=""3d5.(4F).4p""","=""v 5G*""","=""5""","=""""","=""6.9879748""","=""""","=""0.0000005""","=""""","=""  55             :    38  3d3.(4F).4s2.4p       5G*  ""","=""L18327,L7185"""
"=""3d5.(4F).4p""","=""v 5G*""","=""6""","=""""","=""6.9987849""","=""""","=""0.0000004""","=""""","=""  59             :    34  3d3.(4F).4s2.4p       5G*  ""","=""L18327,L7185"""
"=""3d4.(3D).4s.4p.(3P*)""","=""v 3P*""","=""2""","=""""","=""7.016489""","=""""","=""0.000014""","=""""","=""  42             :    18  3d5.(2D1).4p          3P*  ""","=""L18327,L7185"""
"=""3d4.(3D).4s.4p.(3P*)""","=""v 3P*""","=""1""","=""""","=""7.032694""","=""""","=""0.000006""","=""""","=""  40             :    10  3d4.(3D).4s.4p.(3P*)  1P*  ""","=""L18327,L7185"""
"=""3d4.(3D).4s.4p.(3P*)""","=""v 3P*""","=""0""","=""""","=""7.042600""","=""""","=""0.000007""","=""""","=""  56             :    19  3d5.(2D1).4p          3P*  ""","=""L18327,L7185"""
"=""3d4.(3F1).4s.4p.(1P*)""","=""3G*""","=""3""","=""""","=""7.065320""","=""""","=""0.000005""","=""""","=""  21             :    16  3d4.(3D).4s.4p.(3P*)  3F*  ""","=""L18327,L7185"""
"=""3d4.(3F1).4s.4p.(1P*)""","=""u 3G*""","=""4""","=""""","=""7.071255""","=""""","=""0.000005""","=""""","=""  24             :    15  3d4.(3H).4s.4p.(3P*)  3G*  ""","=""L18327,L7185"""
"=""3d4.(3F1).4s.4p.(1P*)""","=""u 3G*""","=""5""","=""""","=""7.078041""","=""""","=""0.000005""","=""""","=""  25             :    23  3d4.(3H).4s.4p.(3P*)  3G*  ""","=""L18327,L7185"""
"=""3d4.(1S1).4s.4p.(3P*)""","=""u 3P*""","=""2""","=""""","=""7.077966""","=""""","=""0.000003""","=""""","=""  43             :    22  3d5.(2D1).4p          3P*  ""","=""L18327,L7185"""
"=""3d4.(1S1).4s.4p.(3P*)""","=""u 3P*""","=""1""","=""""","=""7.083523""","=""""","=""0.000005""","=""""","=""  40             :    21  3d5.(2D1).4p          3P*  ""","=""L18327,L7185"""
"=""3d4.(1S1).4s.4p.(3P*)""","=""u 3P*""","=""0""","=""""","=""7.086257""","=""""","=""0.000019""","=""""","=""  40             :    22  3d5.(2D1).4p          3P*  ""","=""L18327,L7185"""
"=""""","=""p 5F*""","=""1""","=""""","=""7.079056""","=""""","=""0.000020""","=""""","=""                                                     ""","=""L18327"""
"=""""","=""p 5F*""","=""2""","=""""","=""7.079588""","=""""","=""0.000009""","=""""","=""                                                     ""","=""L18327"""
"=""""","=""p 5F*""","=""3""","=""""","=""7.090219""","=""""","=""0.000012""","=""""","=""                                                     ""","=""L18327"""
"=""""","=""p 5F*""","=""4""","=""""","=""7.096551""","=""""","=""0.000017""","=""""","=""                                                     ""","=""L18327"""
"=""""","=""p 5F*""","=""5""","=""""","=""7.10771""","=""""","=""0.00003""","=""""","=""                                                     ""","=""L18327"""
"=""""","=""*""","=""3""","=""""","=""7.0846792""","=""""","=""0.0000007""","=""""","=""                                                     ""","=""L18327"""
"=""3d4.(3D).4s.4p.(3P*)""","=""t 3F*""","=""2""","=""""","=""7.0944465""","=""""","=""0.0000014""","=""""","=""  24             :    14  3d3.(4F).4s2.4p       3F*  ""","=""L18327,L7185"""
"=""3d4.(3D).4s.4p.(3P*)""","=""t 3F*""","=""3""","=""""","=""7.1013640""","=""""","=""0.0000007""","=""""","=""  10  3F*        :    10  3d3.(4F).4s2.4p       3F*  ""","=""L18327,L7185"""
"=""3d4.(3D).4s.4p.(3P*)""","=""t 3F*""","=""4""","=""""","=""7.1086803""","=""""","=""0.0000005""","=""""","=""  16  3F*        :    13  3d3.(4F).4s2.4p       3F*  ""","=""L18327,L7185"""
"=""3d5.(4G).5s""","=""e 5G""","=""2""","=""""","=""7.110564""","=""""","=""0.000010""","=""""","=""                                                     ""","=""L18327"""
"=""3d5.(4G).5s""","=""e 5G""","=""3""","=""""","=""7.111889""","=""""","=""0.000004""","=""""","=""                                                     ""","=""L18327"""
"=""3d5.(4G).5s""","=""e 5G""","=""4""","=""""","=""7.113307""","=""""","=""0.000006""","=""""","=""                                                     ""","=""L18327"""
"=""3d5.(4G).5s""","=""e 5G""","=""5""","=""""","=""7.1145652""","=""""","=""0.0000014""","=""""","=""                                                     ""","=""L18327"""
"=""3d5.(4G).5s""","=""e 5G""","=""6""","=""""","=""7.11537080""","=""""","=""0.00000025""","=""""","=""                                                     ""","=""L18327"""
"=""3d5.(2F1).4p""","=""t 3G*""","=""3""","=""""","=""7.136156""","=""""","=""0.000004""","=""""","=""  40             :    14  3d5.(4F).4p           5F*  ""","=""L18327c152,L7185"""
"=""3d5.(2F1).4p""","=""t 3G*""","=""4""","=""""","=""7.1399151""","=""""","=""0.0000009""","=""""","=""  21             :    18  3d5.(4F).4p           5F*  ""","=""L18327,L7185"""
"=""3d5.(2F1).4p""","=""t 3G*""","=""5""","=""""","=""7.1541681""","=""""","=""0.0000006""","=""""","=""  58             :    20  3d4.(3F1).4s.4p.(3P*) 3G*  ""","=""L18327,L7185"""
"=""3d4.4s.5p""","=""r 5D*""","=""0""","=""""","=""7.185918""","=""""","=""0.000017""","=""""","=""                                                     ""","=""L18327c152"""
"=""3d4.4s.5p""","=""r 5D*""","=""1""","=""""","=""7.1904716""","=""""","=""0.0000017""","=""""","=""                                                     ""","=""L18327c152"""
"=""3d4.4s.5p""","=""r 5D*""","=""2""","=""""","=""7.1990031""","=""""","=""0.0000010""","=""""","=""                                                     ""","=""L18327"""
"=""3d4.4s.5p""","=""r 5D*""","=""3""","=""""","=""7.2094140""","=""""","=""0.0000019""","=""""","=""                                                     ""","=""L18327"""
"=""3d4.4s.5p""","=""r 5D*""","=""4""","=""""","=""7.227354""","=""""","=""0.000006""","=""""","=""                                                     ""","=""L18327c152"""
"=""""","=""e 3G""","=""3""","=""""","=""7.1892100""","=""""","=""0.0000005""","=""""","=""                                                     ""","=""L18327"""
"=""""","=""e 3G""","=""5""","=""""","=""7.1898804""","=""""","=""0.0000004""","=""""","=""                                                     ""","=""L18327"""
"=""""","=""e 3G""","=""4""","=""""","=""7.1901131""","=""""","=""0.0000007""","=""""","=""                                                     ""","=""L18327"""
"=""3d5.(2F1).4p""","=""s 3F*""","=""2""","=""""","=""7.2112652""","=""""","=""0.0000012""","=""""","=""  26             :    15  3d5.(2D1).4p          3F*  ""","=""L18327,L7185"""
"=""3d5.(2F1).4p""","=""s 3F*""","=""4""","=""""","=""7.211891""","=""""","=""0.000006""","=""""","=""  25             :    20  3d5.(2D1).4p          3F*  ""","=""L18327c152,L7185"""
"=""3d5.(2F1).4p""","=""s 3F*""","=""3""","=""""","=""7.216203""","=""""","=""0.000005""","=""""","=""  25             :    23  3d5.(2D1).4p          3F*  ""","=""L18327,L7185"""
"=""3d5.(4F).4p""","=""u 3D*""","=""1""","=""""","=""7.2809897""","=""""","=""0.0000007""","=""""","=""  33  5D*        :    18  3d5.(4F).4p           3D*  ""","=""L18327,L7185"""
"=""3d5.(4F).4p""","=""u 3D*""","=""2""","=""""","=""7.297730""","=""""","=""0.000007""","=""""","=""  39             :    28  3d4.(3D).4s.4p.(3P*)  3D*  ""","=""L18327,L7185"""
"=""3d5.(4F).4p""","=""u 3D*""","=""3""","=""""","=""7.330195""","=""""","=""0.000010""","=""""","=""  25             :    25  3d4.(3D).4s.4p.(3P*)  3D*  ""","=""L18327,L7185"""
"=""3d5.(2H).4p""","=""t 3H*""","=""4""","=""""","=""7.2813746""","=""""","=""0.0000004""","=""""","=""  23             :    16  3d5.(2I).4p           3H*  ""","=""L18327,L7185"""
"=""3d5.(2H).4p""","=""t 3H*""","=""5""","=""""","=""7.28461669""","=""""","=""0.00000025""","=""""","=""  24             :    17  3d5.(2I).4p           3H*  ""","=""L18327,L7185"""
"=""3d5.(2H).4p""","=""t 3H*""","=""6""","=""""","=""7.28720337""","=""""","=""0.00000025""","=""""","=""  26             :    17  3d5.(2I).4p           3H*  ""","=""L18327,L7185"""
"=""3d5.(4P).5p""","=""t 3D*""","=""2""","=""""","=""7.286786""","=""""","=""0.000006""","=""""","=""                                                     ""","=""L18327"""
"=""3d5.(4P).5p""","=""t 3D*""","=""1""","=""""","=""7.298983""","=""""","=""0.000009""","=""""","=""                                                     ""","=""L18327"""
"=""3d5.(4P).5p""","=""t 3D*""","=""3""","=""""","=""7.3056424""","=""""","=""0.0000012""","=""""","=""                                                     ""","=""L18327"""
"=""3d4.4s.(6D).6p""","=""7F*""","=""2""","=""""","=""7.3365""","=""""","=""0.0005""","=""""","=""  60                                                 ""","=""L5413"""
"=""3d4.4s.(6D).6p""","=""7F*""","=""3""","=""""","=""7.3601""","=""""","=""0.0005""","=""""","=""  73                                                 ""","=""L5413"""
"=""3d4.4s.(6D).6p""","=""7F*""","=""4""","=""""","=""7.3882""","=""""","=""0.0005""","=""""","=""  83                                                 ""","=""L5413"""
"=""3d4.4s.(6D).6p""","=""7P*""","=""2""","=""""","=""7.3451""","=""""","=""0.0005""","=""""","=""  64                                                 ""","=""L5413"""
"=""3d4.4s.(6D).6p""","=""7P*""","=""3""","=""""","=""7.3639""","=""""","=""0.0005""","=""""","=""  59                                                 ""","=""L5413"""
"=""3d4.4s.(6D).6p""","=""7P*""","=""4""","=""""","=""7.4019""","=""""","=""0.0005""","=""""","=""  46  7D*        :    39                        7P*  ""","=""L5413"""
"=""3d4.(3F1).4s.4p.(1P*)""","=""r 3F*""","=""2""","=""""","=""7.3594226""","=""""","=""0.0000012""","=""""","=""  51             :    11  3d5.(4F).4p           3F*  ""","=""L18327,L7185"""
"=""3d4.(3F1).4s.4p.(1P*)""","=""r 3F*""","=""3""","=""""","=""7.3667593""","=""""","=""0.0000006""","=""""","=""  46             :     9  3d5.(4F).4p           3F*  ""","=""L18327,L7185"""
"=""3d4.(3F1).4s.4p.(1P*)""","=""r 3F*""","=""4""","=""""","=""7.3755145""","=""""","=""0.0000005""","=""""","=""  50             :     9  3d5.(4F).4p           3F*  ""","=""L18327,L7185"""
"=""3d4.4s.(6D).6p""","=""7D*""","=""2""","=""""","=""7.3818""","=""""","=""0.0005""","=""""","=""  77                                                 ""","=""L5413"""
"=""3d4.4s.(6D).6p""","=""7D*""","=""3""","=""""","=""7.4046""","=""""","=""0.0005""","=""""","=""  61                                                 ""","=""L5413"""
"=""3d4.4s.(6D).6p""","=""7D*""","=""4""","=""""","=""7.4210""","=""""","=""0.0005""","=""""","=""  59                                                 ""","=""L5413"""
"=""3d4.(3H).4s.4p.(1P*)""","=""w 3I*""","=""5""","=""""","=""7.4150285""","=""""","=""0.0000009""","=""""","=""  64             :    16  3d5.(2H).4p           3I*  ""","=""L18327,L7185"""
"=""3d4.(3H).4s.4p.(1P*)""","=""w 3I*""","=""6""","=""""","=""7.4246850""","=""""","=""0.0000007""","=""""","=""  74             :    13  3d5.(2H).4p           3I*  ""","=""L18327,L7185"""
"=""3d4.(3H).4s.4p.(1P*)""","=""w 3I*""","=""7""","=""""","=""7.43377313""","=""""","=""0.00000025""","=""""","=""  77             :    13  3d5.(2H).4p           3I*  ""","=""L18327,L7185"""
"=""3d4.4s.(6D).6p""","=""5P*""","=""2""","=""""","=""7.4257""","=""""","=""0.0005""","=""""","=""  59                                                 ""","=""L5413"""
"=""3d4.4s.(6D).6p""","=""5P*""","=""3""","=""""","=""7.4461""","=""""","=""0.0005""","=""""","=""  67                                                 ""","=""L5413"""
"=""3d5.(2G1).4p""","=""x 1H*""","=""5""","=""""","=""7.4397327""","=""""","=""0.0000003""","=""""","=""  20  3G*        :    13  3d5.(2H).4p           1H*  ""","=""L18327,L7185"""
"=""3d4.(3P1).4s.4p.(1P*)""","=""x 3S*""","=""1""","=""""","=""7.449484""","=""""","=""0.000016""","=""""","=""  48             :    19  3d4.(3P1).4s.4p.(1P*) 3P*  ""","=""L18327,L7185"""
"=""""","=""q 5D*""","=""0""","=""""","=""7.468560""","=""""","=""0.000014""","=""""","=""                                                     ""","=""L18327c152"""
"=""""","=""q 5D*""","=""1""","=""""","=""7.474587""","=""""","=""0.000014""","=""""","=""                                                     ""","=""L18327c152"""
"=""""","=""q 5D*""","=""2""","=""""","=""7.485278""","=""""","=""0.000012""","=""""","=""                                                     ""","=""L18327c152"""
"=""""","=""q 5D*""","=""3""","=""""","=""7.4999448""","=""""","=""0.0000004""","=""""","=""                                                     ""","=""L18327c152"""
"=""""","=""q 5D*""","=""4""","=""""","=""7.5166199""","=""""","=""0.0000004""","=""""","=""                                                     ""","=""L18327"""
"=""""","=""q 3F*""","=""2""","=""""","=""7.4704151""","=""""","=""0.0000007""","=""""","=""                                                     ""","=""L18327"""
"=""""","=""q 3F*""","=""3""","=""""","=""7.479453""","=""""","=""0.000003""","=""""","=""                                                     ""","=""L18327"""
"=""""","=""q 3F*""","=""4""","=""""","=""7.4845826""","=""""","=""0.0000011""","=""""","=""                                                     ""","=""L18327"""
"=""3d5.(2H).4p""","=""v 3I*""","=""5""","=""""","=""7.4920666""","=""""","=""0.0000004""","=""""","=""  50             :    16  3d5.(2G1).4p          1H*  ""","=""L18327,L7185"""
"=""3d5.(2H).4p""","=""v 3I*""","=""6""","=""""","=""7.5044396""","=""""","=""0.0000004""","=""""","=""  74             :    11  3d5.(2G1).4p          3H*  ""","=""L18327,L7185"""
"=""3d5.(2H).4p""","=""v 3I*""","=""7""","=""""","=""7.5204897""","=""""","=""0.0000004""","=""""","=""  85             :     6  3d5.(2I).4p           3I*  ""","=""L18327,L7185"""
"=""3d5.(2H).4p""","=""x 1I*""","=""6""","=""""","=""7.4937674""","=""""","=""0.0000004""","=""""","=""  49             :    17  3d5.(2G1).4p          3H*  ""","=""L18327,L7185"""
"=""3d5.(2G1).4p""","=""s 3G*""","=""5""","=""""","=""7.4970663""","=""""","=""0.0000020""","=""""","=""  30             :    21  3d5.(2H).4p           3I*  ""","=""L18327,L7185"""
"=""3d5.(2G1).4p""","=""s 3G*""","=""4""","=""""","=""7.5015289""","=""""","=""0.0000011""","=""""","=""  40             :     9  3d5.(2H).4p           3G*  ""","=""L18327,L7185"""
"=""3d5.(2G1).4p""","=""s 3G*""","=""3""","=""""","=""7.5032849""","=""""","=""0.0000012""","=""""","=""  33             :    16  3d5.(2F1).4p          1F*  ""","=""L18327,L7185"""
"=""3d5.(4F).4p""","=""s 3D*""","=""3""","=""""","=""7.5153848""","=""""","=""0.0000016""","=""""","=""  24             :    17  3d5.(2D1).4p          3D*  ""","=""L18327,L7185"""
"=""3d5.(2D1).4p""","=""s 3D*""","=""2""","=""""","=""7.517142""","=""""","=""0.000006""","=""""","=""  25             :    24  3d4.(1D1).4s.4p.(3P*) 3D*  ""","=""L18327c152,L7185"""
"=""3d5.(2D1).4p""","=""s 3D*""","=""1""","=""""","=""7.523121""","=""""","=""0.000006""","=""""","=""  29             :    22  3d4.(1D1).4s.4p.(3P*) 3D*  ""","=""L18327c152,L7185"""
"=""""","=""o 5F*""","=""1""","=""""","=""7.5231604""","=""""","=""0.0000014""","=""""","=""                                                     ""","=""L18327c152"""
"=""""","=""o 5F*""","=""2""","=""""","=""7.53633""","=""""","=""0.00004""","=""""","=""                                                     ""","=""L18327c152"""
"=""""","=""o 5F*""","=""3""","=""""","=""7.55086""","=""""","=""0.00011""","=""""","=""                                                     ""","=""L18327"""
"=""""","=""o 5F*""","=""4""","=""""","=""7.569544""","=""""","=""0.000011""","=""""","=""                                                     ""","=""L18327"""
"=""""","=""o 5F*""","=""5""","=""""","=""7.587082""","=""""","=""0.000012""","=""""","=""                                                     ""","=""L18327c152"""
"=""3d5.(2F2).4p""","=""p 3F*""","=""3""","=""""","=""7.540638""","=""""","=""0.000012""","=""""","=""  40             :    21  3d4.(1F).4s.4p.(3P*)  3F*  ""","=""L18327,L7185"""
"=""3d5.(2F2).4p""","=""p 3F*""","=""4""","=""""","=""7.5581203""","=""""","=""0.0000011""","=""""","=""  39             :    24  3d4.(1F).4s.4p.(3P*)  3F*  ""","=""L18327,L7185"""
"=""3d5.(2G1).4p""","=""s 3H*""","=""4""","=""""","=""7.5469877""","=""""","=""0.0000004""","=""""","=""  52             :    13  3d4.(3H).4s.4p.(1P*)  3H*  ""","=""L18327,L7185"""
"=""3d5.(2G1).4p""","=""s 3H*""","=""5""","=""""","=""7.5640055""","=""""","=""0.0000007""","=""""","=""  41             :    11  3d4.(3H).4s.4p.(1P*)  3H*  ""","=""L18327,L7185"""
"=""3d5.(2G1).4p""","=""s 3H*""","=""6""","=""""","=""7.5867887""","=""""","=""0.0000004""","=""""","=""  35             :    27  3d5.(2H).4p           1I*  ""","=""L18327,L7185"""
"=""""","=""r 5P*""","=""1""","=""""","=""7.571198""","=""""","=""0.000007""","=""""","=""                                                     ""","=""L18327"""
"=""""","=""r 5P*""","=""2""","=""""","=""7.576410""","=""""","=""0.000016""","=""""","=""                                                     ""","=""L18327"""
"=""""","=""r 5P*""","=""3""","=""""","=""7.587677""","=""""","=""0.000019""","=""""","=""                                                     ""","=""L18327"""
"=""3d5.(2H).4p""","=""r 3G*""","=""3""","=""""","=""7.5727286""","=""""","=""0.0000006""","=""""","=""  24             :    19  3d5.(2F2).4p          3G*  ""","=""L18327,L7185"""
"=""3d5.(2H).4p""","=""r 3G*""","=""4""","=""""","=""7.5782999""","=""""","=""0.0000004""","=""""","=""  19             :    15  3d5.(2F2).4p          3G*  ""","=""L18327,L7185"""
"=""3d5.(2H).4p""","=""r 3G*""","=""5""","=""""","=""7.5830365""","=""""","=""0.0000017""","=""""","=""  15             :    15  3d5.(2G1).4p          3H*  ""","=""L18327,L7185"""
"=""3d4.(1D1).4s.4p.(3P*)""","=""t 3P*""","=""0""","=""""","=""7.611115""","=""""","=""0.000011""","=""""","=""  77             :     7  3d5.(2D1).4p          3P*  ""","=""L18327,L7185"""
"=""3d4.(1D1).4s.4p.(3P*)""","=""t 3P*""","=""1""","=""""","=""7.628414""","=""""","=""0.000006""","=""""","=""  65             :     8  3d5.(2D1).4p          3P*  ""","=""L18327,L7185"""
"=""3d4.(1D1).4s.4p.(3P*)""","=""t 3P*""","=""2""","=""""","=""7.646820""","=""""","=""0.000009""","=""""","=""  58             :     8  3d3.(4F).4s2.4p       5F*  ""","=""L18327,L7185"""
"=""3d4.4s.5s""","=""e 5P""","=""1""","=""""","=""7.632230""","=""""","=""0.000019""","=""""","=""                                                     ""","=""L18327"""
"=""3d4.4s.5s""","=""e 5P""","=""2""","=""""","=""7.648289""","=""""","=""0.000011""","=""""","=""                                                     ""","=""L18327"""
"=""3d4.4s.5s""","=""e 5P""","=""3""","=""""","=""7.66842""","=""""","=""0.00004""","=""""","=""                                                     ""","=""L18327"""
"=""3d5.(4F).4p""","=""q 3G*""","=""3""","=""""","=""7.678348""","=""""","=""0.000006""","=""""","=""  48             :    15  3d4.(3G).4s.4p.(1P*)  3G*  ""","=""L18327,L7185"""
"=""3d5.(4F).4p""","=""q 3G*""","=""5""","=""""","=""7.6916703""","=""""","=""0.0000004""","=""""","=""  31             :    15  3d4.(3G).4s.4p.(1P*)  3H*  ""","=""L18327,L7185"""
"=""3d5.(4F).4p""","=""3G*""","=""4""","=""""","=""7.684110""","=""""","=""0.000009""","=""""","=""  32             :    20  3d3.(4F).4s2.4p       5F*  ""","=""L18327,L7185"""
"=""3d4.4p2""","=""f 7F""","=""3""","=""""","=""7.691277""","=""""","=""0.000014""","=""""","=""                                                     ""","=""L18327"""
"=""3d4.4p2""","=""f 7F""","=""4""","=""""","=""7.7104202""","=""""","=""0.0000014""","=""""","=""                                                     ""","=""L18327"""
"=""3d4.4p2""","=""f 7F""","=""5""","=""""","=""7.74565""","=""""","=""0.00004""","=""""","=""                                                     ""","=""L18327"""
"=""3d4.4p2""","=""f 7F""","=""6""","=""""","=""7.768654""","=""""","=""0.000010""","=""""","=""                                                     ""","=""L18327"""
"=""3d5.(4G).4d""","=""f 5G""","=""2""","=""""","=""7.767190""","=""""","=""0.000015""","=""""","=""                                                     ""","=""L18327"""
"=""3d5.(4G).4d""","=""f 5G""","=""3""","=""""","=""7.769089""","=""""","=""0.000014""","=""""","=""                                                     ""","=""L18327"""
"=""3d5.(4G).4d""","=""f 5G""","=""4""","=""""","=""7.770219""","=""""","=""0.000011""","=""""","=""                                                     ""","=""L18327"""
"=""3d5.(4G).4d""","=""f 5G""","=""6""","=""""","=""7.7705694""","=""""","=""0.0000024""","=""""","=""                                                     ""","=""L18327"""
"=""3d5.(4G).4d""","=""f 5G""","=""5""","=""""","=""7.772681""","=""""","=""0.000007""","=""""","=""                                                     ""","=""L18327"""
"=""3d4.4s.4p""","=""r 3H*""","=""4""","=""""","=""7.7815032""","=""""","=""0.0000005""","=""""","=""                                                     ""","=""L18327"""
"=""3d4.4s.4p""","=""r 3H*""","=""5""","=""""","=""7.7899589""","=""""","=""0.0000004""","=""""","=""                                                     ""","=""L18327"""
"=""3d4.4s.4p""","=""r 3H*""","=""6""","=""""","=""7.7989883""","=""""","=""0.0000004""","=""""","=""                                                     ""","=""L18327"""
"=""""","=""q 3H*""","=""4""","=""""","=""7.8254609""","=""""","=""0.0000006""","=""""","=""                                                     ""","=""L18327"""
"=""""","=""q 3H*""","=""5""","=""""","=""7.8288776""","=""""","=""0.0000004""","=""""","=""                                                     ""","=""L18327"""
"=""""","=""q 3H*""","=""6""","=""""","=""7.8336620""","=""""","=""0.0000004""","=""""","=""                                                     ""","=""L18327"""
"=""3d5.4p""","=""p 3H*""","=""4""","=""""","=""7.9153835""","=""""","=""0.0000011""","=""""","=""                                                     ""","=""L18327"""
"=""3d5.4p""","=""p 3H*""","=""5""","=""""","=""7.9259635""","=""""","=""0.0000005""","=""""","=""                                                     ""","=""L18327"""
"=""3d5.4p""","=""p 3H*""","=""6""","=""""","=""7.9347294""","=""""","=""0.0000010""","=""""","=""                                                     ""","=""L18327"""
"=""3d4.4s.5s""","=""e 5H""","=""3""","=""""","=""8.023257""","=""""","=""0.000007""","=""""","=""                                                     ""","=""L18327"""
"=""3d4.4s.5s""","=""e 5H""","=""4""","=""""","=""8.028142""","=""""","=""0.000005""","=""""","=""                                                     ""","=""L18327"""
"=""3d4.4s.5s""","=""e 5H""","=""5""","=""""","=""8.0344232""","=""""","=""0.0000015""","=""""","=""                                                     ""","=""L18327"""
"=""3d4.4s.5s""","=""e 5H""","=""6""","=""""","=""8.038675""","=""""","=""0.000009""","=""""","=""                                                     ""","=""L18327"""
"=""3d4.4s.5s""","=""e 5H""","=""7""","=""""","=""8.0515637""","=""""","=""0.0000010""","=""""","=""                                                     ""","=""L18327"""
"=""3d5.4p""","=""p 3G*""","=""3""","=""""","=""8.184056""","=""""","=""0.000007""","=""""","=""                                                     ""","=""L18327"""
"=""3d5.4p""","=""p 3G*""","=""4""","=""""","=""8.194607""","=""""","=""0.000009""","=""""","=""                                                     ""","=""L18327"""
"=""3d5.4p""","=""p 3G*""","=""5""","=""""","=""8.205330""","=""""","=""0.000016""","=""""","=""                                                     ""","=""L18327"""
"=""3p5.3d5.4s2""","=""7P*""","=""4""","=""""","=""38.594""","=""""","=""0.010""","=""""","=""                                                     ""","=""L18327"""
"=""3p5.3d5.4s2""","=""7P*""","=""3""","=""""","=""38.960""","=""""","=""0.010""","=""""","=""                                                     ""","=""L18327"""
"=""3p5.3d5.4s2""","=""7P*""","=""2""","=""""","=""39.281""","=""""","=""0.010""","=""""","=""                                                     ""","=""L18327"""
