obs_wl_air(nm),unc_obs_wl,ritz_wl_air(nm),unc_ritz_wl,intens,gA(s^-1),fik,log_gf,Acc,Ei(eV),Ek(eV),conf_i,term_i,J_i,conf_k,term_k,J_k,Type,tp_ref,line_ref,
"=""199.995""","=""0.005""","=""199.99536""","=""0.00020""","=""35""","=""1.3e+09""","=""8.4e-02""","=""-0.12""",D,"=""1.03000806""","=""7.227354""","=""3d4.4s2""","=""a 5D""","=""4""","=""3d4.4s.5p""","=""r 5D*""","=""4""",,"=""T3196""","=""L808""",
"=""209.500""","=""0.009""","=""209.4928""","=""0.0007""","=""12h""","=""1.1e+07""","=""1.0e-03""","=""-2.15""",C,"=""0.00000000""","=""5.916424""","=""3d5.(6S).4s""","=""a 7S""","=""3""","=""3d5.(6S).6p""","=""w 7P*""","=""4""",,"=""T3196""","=""L808""",
"=""209.540""","=""0.009""","=""209.5403""","=""0.0006""","=""10h""","=""7.7e+06""","=""7.2e-04""","=""-2.29""",C,"=""0.00000000""","=""5.915082""","=""3d5.(6S).4s""","=""a 7S""","=""3""","=""3d5.(6S).6p""","=""w 7P*""","=""3""",,"=""T3196""","=""L808""",
"=""209.583""","=""0.009""","=""209.583""","=""0.009""","=""8h""","=""5.5e+06""","=""5.2e-04""","=""-2.44""",C,"=""0.00000000""","=""5.91387""","=""3d5.(6S).4s""","=""a 7S""","=""3""","=""3d5.(6S).6p""","=""w 7P*""","=""2""",,"=""T3196""","=""L808""",
"=""235.430""","=""0.005""","=""235.430952""","=""0.000008""","=""15""","=""7.3e+07""","=""8.7e-03""","=""-1.22""",D,"=""1.00367492""","=""6.26832996""","=""3d4.4s2""","=""a 5D""","=""3""","=""3d5.(4D).4p""","=""u 5D*""","=""4""",,"=""T3196""","=""L808""",
"=""236.473""","=""0.009""","=""236.4731""","=""0.0013""","=""150r""","=""4.8e+07""","=""5.7e-03""","=""-1.40""",C,"=""0.00000000""","=""5.241456""","=""3d5.(6S).4s""","=""a 7S""","=""3""","=""3d5.(6S).5p""","=""x 7P*""","=""4""",,"=""T3196""","=""L808""",
"=""236.59188""","=""0.00004""","=""236.59188""","=""0.00004""","=""8""","=""3.8e+07""","=""4.6e-03""","=""-1.49""",C,"=""0.00000000""","=""5.2388241""","=""3d5.(6S).4s""","=""a 7S""","=""3""","=""3d5.(6S).5p""","=""x 7P*""","=""3""",,"=""T3196""","=""L14866""",
"=""236.68156""","=""0.00004""","=""236.68156""","=""0.00004""","=""8""","=""3.4e+07""","=""4.1e-03""","=""-1.54""",C,"=""0.00000000""","=""5.2368392""","=""3d5.(6S).4s""","=""a 7S""","=""3""","=""3d5.(6S).5p""","=""x 7P*""","=""2""",,"=""T3196""","=""L14866""",
"=""237.506""","=""0.005""","=""237.505779""","=""0.000017""","=""5""","=""5.1e+07""","=""8.6e-03""","=""-1.36""",E,"=""0.98287742""","=""6.2015447""","=""3d4.4s2""","=""a 5D""","=""2""","=""3d5.(4D).4p""","=""s 5F*""","=""1""",,"=""T3196""","=""L808""",
"=""238.33057""","=""0.00005""","=""238.330662""","=""0.000014""","=""4""","=""4.5e+08""","=""4.3e-02""","=""-0.42""",D,"=""1.03000806""","=""6.2306145""","=""3d4.4s2""","=""a 5D""","=""4""","=""3d5.(4D).4p""","=""s 5F*""","=""5""",,"=""T3196""","=""L14866""",
"=""238.572""","=""0.009""","=""238.5729""","=""0.0009""","=""7wh""","=""1.5e+08""","=""1.5e-02""","=""-0.88""",D,"=""1.03000806""","=""6.225333""","=""3d4.4s2""","=""a 5D""","=""4""","=""3d5.(4D).4p""","=""s 5F*""","=""4""",,"=""T3196""","=""L808""",
"=""238.921""","=""0.009""","=""238.921819""","=""0.000009""","=""3w""","=""1.2e+08""","=""3.3e-02""","=""-1.01""",D,"=""0.96841324""","=""6.15615299""","=""3d4.4s2""","=""a 5D""","=""1""","=""3d5.(4D).4p""","=""x 3F*""","=""2""",,"=""T3196""","=""L808""",
"=""240.86228""","=""0.00013""","=""240.862412""","=""0.000015""","=""8""","=""4.7e+08""","=""4.5e-02""","=""-0.39""",D,"=""1.03000806""","=""6.1759542""","=""3d4.4s2""","=""a 5D""","=""4""","=""3d5.(4D).4p""","=""t 5P*""","=""3""",,"=""T3196""","=""L14866""",
"=""240.872""","=""0.004""","=""240.875087""","=""0.000018""","=""35r""","=""1.4e+08""","=""1.8e-02""","=""-0.90""",D,"=""1.00367492""","=""6.1493503""","=""3d4.4s2""","=""a 5D""","=""3""","=""3d4.(3F1).4s.4p.(3P*)""","=""1D*""","=""2""",,"=""T3196""","=""L808""",
"=""247.91334""","=""0.00004""","=""247.913369""","=""0.000019""","=""8""","=""6.9e+07""","=""1.3e-02""","=""-1.20""",D,"=""0.98287742""","=""5.9824772""","=""3d4.4s2""","=""a 5D""","=""2""","=""3d4.(3F1).4s.4p.(3P*)""","=""3D*""","=""3""",,"=""T3196""","=""L14866""",
"=""249.25696""","=""0.00002""","=""249.256975""","=""0.000008""","=""36""","=""2.2e+08""","=""7.0e-02""","=""-0.68""",C,"=""0.96841324""","=""5.94106486""","=""3d4.4s2""","=""a 5D""","=""1""","=""3d5.(4G).4p""","=""u 5F*""","=""2""",,"=""T3196""","=""L14866""",
"=""249.50784""","=""0.00003""","=""249.507847""","=""0.000014""","=""12""","=""8.1e+07""","=""2.5e-02""","=""-1.12""",C,"=""0.96841324""","=""5.9360654""","=""3d4.4s2""","=""a 5D""","=""1""","=""3d5.(4G).4p""","=""u 5F*""","=""1""",,"=""T3196""","=""L14866""",
"=""249.63058""","=""0.00002""","=""249.630633""","=""0.000007""","=""55""","=""3.9e+08""","=""7.3e-02""","=""-0.44""",C,"=""0.98287742""","=""5.94808628""","=""3d4.4s2""","=""a 5D""","=""2""","=""3d5.(4G).4p""","=""u 5F*""","=""3""",,"=""T3196""","=""L14866""",
"=""249.98414""","=""0.00003""","=""249.984166""","=""0.000008""","=""12""","=""8.0e+07""","=""1.5e-02""","=""-1.12""",E,"=""0.98287742""","=""5.94106486""","=""3d4.4s2""","=""a 5D""","=""2""","=""3d5.(4G).4p""","=""u 5F*""","=""2""",,"=""T3196""","=""L14866""",
"=""250.25291""","=""0.00002""","=""250.252921""","=""0.000012""","=""56""","=""2.0e+08""","=""2.7e-02""","=""-0.73""",D,"=""1.00367492""","=""5.95653797""","=""3d4.4s2""","=""a 5D""","=""3""","=""""","=""*""","=""4""",,"=""T3196""","=""L14866""",
"=""250.43063""","=""0.00002""","=""250.430631""","=""0.000008""","=""68""","=""4.0e+08""","=""5.4e-02""","=""-0.42""",C,"=""1.00367492""","=""5.95302356""","=""3d4.4s2""","=""a 5D""","=""3""","=""3d5.(4G).4p""","=""u 5F*""","=""4""",,"=""T3196""","=""L14866""",
"=""250.81100""","=""0.00002""","=""250.810991""","=""0.000008""","=""25""","=""1.0e+08""","=""2.0e-02""","=""-1.00""",D,"=""0.98287742""","=""5.92472080""","=""3d4.4s2""","=""a 5D""","=""2""","=""3d5.(4P).4p""","=""v 5D*""","=""2""",,"=""T3196""","=""L14866""",
"=""250.89803""","=""0.00002""","=""250.898025""","=""0.000010""","=""23""","=""1.1e+08""","=""2.2e-02""","=""-0.97""",C,"=""0.98287742""","=""5.92300663""","=""3d4.4s2""","=""a 5D""","=""2""","=""3d5.(4P).4p""","=""v 5D*""","=""1""",,"=""T3196""","=""L14866""",
"=""251.36209""","=""0.00003""","=""251.362067""","=""0.000009""","=""12""","=""9.9e+07""","=""1.3e-02""","=""-1.03""",C,"=""1.00367492""","=""5.93468472""","=""3d4.4s2""","=""a 5D""","=""3""","=""3d5.(4P).4p""","=""v 5D*""","=""4""",,"=""T3196""","=""L14866""",
"=""252.71170""","=""0.00002""","=""252.711718""","=""0.000009""","=""73""","=""4.8e+08""","=""5.1e-02""","=""-0.34""",E,"=""1.03000806""","=""5.93468472""","=""3d4.4s2""","=""a 5D""","=""4""","=""3d5.(4P).4p""","=""v 5D*""","=""4""",,"=""T3196""","=""L14866""",
"=""253.89498""","=""0.00002""","=""253.894988""","=""0.000007""","=""16""","=""5.5e+07""","=""1.1e-02""","=""-1.27""",E,"=""0.94143042""","=""5.82325049""","=""3d5.(6S).4s""","=""a 5S""","=""2""","=""3d5.(4P).4p""","=""u 5P*""","=""2""",,"=""T3196""","=""L14866""",
"=""254.47094""","=""0.00009""","=""254.471024""","=""0.000014""","=""30""","=""7.7e+07""","=""1.5e-02""","=""-1.13""",D,"=""0.94143042""","=""5.8122004""","=""3d5.(6S).4s""","=""a 5S""","=""2""","=""3d5.(4P).4p""","=""u 5P*""","=""3""",,"=""T3196""","=""L14866""",
"=""254.95441""","=""0.00002""","=""254.954402""","=""0.000008""","=""54""","=""1.4e+08""","=""4.7e-02""","=""-0.85""",D,"=""0.96841324""","=""5.82994917""","=""3d4.4s2""","=""a 5D""","=""1""","=""3d5.(4P).4p""","=""u 5P*""","=""1""",,"=""T3196""","=""L14866""",
"=""256.06918""","=""0.00002""","=""256.069175""","=""0.000006""","=""81""","=""2.2e+08""","=""4.2e-02""","=""-0.67""",D,"=""0.98287742""","=""5.82325049""","=""3d4.4s2""","=""a 5D""","=""2""","=""3d5.(4P).4p""","=""u 5P*""","=""2""",,"=""T3196""","=""L14866""",
"=""257.17424""","=""0.000010""","=""257.174239""","=""0.000006""","=""100""","=""3.2e+08""","=""4.5e-02""","=""-0.50""",E,"=""1.00367492""","=""5.82325049""","=""3d4.4s2""","=""a 5D""","=""3""","=""3d5.(4P).4p""","=""u 5P*""","=""2""",,"=""T3196""","=""L14866""",
"=""257.76526""","=""0.000010""","=""257.765266""","=""0.000010""","=""92""","=""1.8e+08""","=""2.6e-02""","=""-0.74""",D,"=""1.00367492""","=""5.8122004""","=""3d4.4s2""","=""a 5D""","=""3""","=""3d5.(4P).4p""","=""u 5P*""","=""3""",,"=""T3196""","=""L14866""",
"=""257.91549""","=""0.000010""","=""257.915492""","=""0.000008""","=""90""","=""7.7e+07""","=""1.5e-02""","=""-1.11""",D,"=""0.98287742""","=""5.78860234""","=""3d4.4s2""","=""a 5D""","=""2""","=""3d4.(3G).4s.4p.(3P*)""","=""w 5F*""","=""3""",,"=""T3196""","=""L14866""",
"=""258.46574""","=""0.00002""","=""258.465750""","=""0.000008""","=""79""","=""6.7e+07""","=""7.5e-03""","=""-1.17""",E,"=""1.03000806""","=""5.82550252""","=""3d4.4s2""","=""a 5D""","=""4""","=""3d4.(3H).4s.4p.(3P*)""","=""z 3G*""","=""5""",,"=""T3196""","=""L14866""",
"=""258.82032""","=""0.000010""","=""258.820323""","=""0.000006""","=""110""","=""7.9e+07""","=""1.1e-02""","=""-1.10""",E,"=""1.00367492""","=""5.79260016""","=""3d4.4s2""","=""a 5D""","=""3""","=""3d4.(3G).4s.4p.(3P*)""","=""w 5F*""","=""4""",,"=""T3196""","=""L14866""",
"=""259.18473""","=""0.000010""","=""259.184740""","=""0.000011""","=""180""","=""4.6e+08""","=""5.1e-02""","=""-0.34""",C,"=""1.03000806""","=""5.8122004""","=""3d4.4s2""","=""a 5D""","=""4""","=""3d5.(4P).4p""","=""u 5P*""","=""3""",,"=""T3196""","=""L14866""",
"=""260.35698""","=""0.000010""","=""260.356971""","=""0.000006""","=""99""","=""6.8e+07""","=""7.7e-03""","=""-1.16""",E,"=""1.03000806""","=""5.79067042""","=""3d4.4s2""","=""a 5D""","=""4""","=""3d4.(3G).4s.4p.(3P*)""","=""w 5F*""","=""5""",,"=""T3196""","=""L14866""",
"=""261.82689""","=""0.00002""","=""261.826874""","=""0.000007""","=""65""","=""4.8e+07""","=""9.8e-03""","=""-1.31""",E,"=""0.98287742""","=""5.71681492""","=""3d4.4s2""","=""a 5D""","=""2""","=""3d5.(4P).4p""","=""y 3D*""","=""2""",,"=""T3196""","=""L14866""",
"=""262.04777""","=""0.00002""","=""262.047760""","=""0.000009""","=""80""","=""5.7e+07""","=""1.2e-02""","=""-1.23""",E,"=""0.98287742""","=""5.71282481""","=""3d4.4s2""","=""a 5D""","=""2""","=""3d5.(4P).4p""","=""y 3D*""","=""1""",,"=""T3196""","=""L14866""",
"=""262.28671""","=""0.00002""","=""262.286699""","=""0.000011""","=""250""","=""1.2e+08""","=""1.3e-02""","=""-0.92""",D,"=""1.03000806""","=""5.75564682""","=""3d4.4s2""","=""a 5D""","=""4""","=""3d4.(3F1).4s.4p.(3P*)""","=""w 5D*""","=""4""",,"=""T3196""","=""L14866""",
"=""262.53224""","=""0.00002""","=""262.532219""","=""0.000007""","=""87""","=""6.4e+07""","=""9.4e-03""","=""-1.18""",E,"=""1.00367492""","=""5.72489453""","=""3d4.4s2""","=""a 5D""","=""3""","=""3d5.(4P).4p""","=""y 3D*""","=""3""",,"=""T3196""","=""L14866""",
"=""262.65992""","=""0.00002""","=""262.659903""","=""0.000007""","=""110""","=""6.5e+07""","=""7.5e-03""","=""-1.17""",E,"=""1.03000806""","=""5.74893273""","=""3d4.4s2""","=""a 5D""","=""4""","=""3d4.(3F1).4s.4p.(3P*)""","=""w 5D*""","=""3""",,"=""T3196""","=""L14866""",
"=""262.98232""","=""0.00002""","=""262.982298""","=""0.000007""","=""74""","=""5.0e+07""","=""7.4e-03""","=""-1.29""",E,"=""1.00367492""","=""5.71681492""","=""3d4.4s2""","=""a 5D""","=""3""","=""3d5.(4P).4p""","=""y 3D*""","=""2""",,"=""T3196""","=""L14866""",
"=""266.93677""","=""0.00002""","=""266.936765""","=""0.000012""","=""99""","=""3.6e+07""","=""3.8e-02""","=""-1.41""",E,"=""0.96097009""","=""5.60429253""","=""3d4.4s2""","=""a 5D""","=""0""","=""3d4.(3F1).4s.4p.(3P*)""","=""x 5F*""","=""1""",,"=""T3196""","=""L14866""",
"=""267.19815""","=""0.00002""","=""267.198136""","=""0.000010""","=""190""","=""6.0e+07""","=""2.1e-02""","=""-1.19""",D,"=""0.96841324""","=""5.60719388""","=""3d4.4s2""","=""a 5D""","=""1""","=""3d4.(3F1).4s.4p.(3P*)""","=""x 5F*""","=""2""",,"=""T3196""","=""L14866""",
"=""267.36538""","=""0.00002""","=""267.365370""","=""0.000011""","=""110""","=""5.4e+07""","=""1.9e-02""","=""-1.24""",E,"=""0.96841324""","=""5.60429253""","=""3d4.4s2""","=""a 5D""","=""1""","=""3d4.(3F1).4s.4p.(3P*)""","=""x 5F*""","=""1""",,"=""T3196""","=""L14866""",
"=""267.81627""","=""0.00002""","=""267.816246""","=""0.000010""","=""330""","=""8.4e+07""","=""1.8e-02""","=""-1.04""",C,"=""0.98287742""","=""5.61095253""","=""3d4.4s2""","=""a 5D""","=""2""","=""3d4.(3F1).4s.4p.(3P*)""","=""x 5F*""","=""3""",,"=""T3196""","=""L14866""",
"=""268.03395""","=""0.00002""","=""268.033940""","=""0.000010""","=""170""","=""5.0e+07""","=""1.1e-02""","=""-1.27""",D,"=""0.98287742""","=""5.60719388""","=""3d4.4s2""","=""a 5D""","=""2""","=""3d4.(3F1).4s.4p.(3P*)""","=""x 5F*""","=""2""",,"=""T3196""","=""L14866""",
"=""269.02527""","=""0.00002""","=""269.025252""","=""0.000009""","=""210""","=""6.0e+07""","=""9.2e-03""","=""-1.19""",D,"=""1.00367492""","=""5.61095253""","=""3d4.4s2""","=""a 5D""","=""3""","=""3d4.(3F1).4s.4p.(3P*)""","=""x 5F*""","=""3""",,"=""T3196""","=""L14866""",
"=""269.65415""","=""0.00002""","=""269.654121""","=""0.000013""","=""61""","=""3.6e+07""","=""7.9e-03""","=""-1.41""",D,"=""0.94143042""","=""5.5379638""","=""3d5.(6S).4s""","=""a 5S""","=""2""","=""3d4.(3P1).4s.4p.(3P*)""","=""v 5P*""","=""1""",,"=""T3196""","=""L14866""",
"=""270.05946""","=""0.00002""","=""270.059442""","=""0.000010""","=""100""","=""5.2e+07""","=""8.2e-03""","=""-1.24""",D,"=""1.00367492""","=""5.59330998""","=""3d4.4s2""","=""a 5D""","=""3""","=""3d4.(3P1).4s.4p.(3P*)""","=""v 5P*""","=""3""",,"=""T3196""","=""L14866""",
"=""270.19916""","=""0.00002""","=""270.199133""","=""0.000009""","=""830""","=""2.3e+08""","=""2.8e-02""","=""-0.60""",C,"=""1.03000806""","=""5.61727046""","=""3d4.4s2""","=""a 5D""","=""4""","=""3d4.(3F1).4s.4p.(3P*)""","=""x 5F*""","=""5""",,"=""T3196""","=""L14866""",
"=""270.34804""","=""0.00002""","=""270.348033""","=""0.000008""","=""200""","=""5.7e+07""","=""6.9e-03""","=""-1.21""",D,"=""1.03000806""","=""5.61474406""","=""3d4.4s2""","=""a 5D""","=""4""","=""3d4.(3F1).4s.4p.(3P*)""","=""x 5F*""","=""4""",,"=""T3196""","=""L14866""",
"=""271.61796""","=""0.00002""","=""271.617943""","=""0.000010""","=""180""","=""7.7e+07""","=""9.5e-03""","=""-1.07""",C,"=""1.03000806""","=""5.59330998""","=""3d4.4s2""","=""a 5D""","=""4""","=""3d4.(3P1).4s.4p.(3P*)""","=""v 5P*""","=""3""",,"=""T3196""","=""L14866""",
"=""272.65140""","=""0.00016""","=""272.651240""","=""0.000018""","=""370""","=""5.2e+08""","=""1.2e-01""","=""-0.23""",C,"=""0.94143042""","=""5.4874392""","=""3d5.(6S).4s""","=""a 5S""","=""2""","=""3d5.(6S).5p""","=""w 5P*""","=""3""",,"=""T3196""","=""L14866""",
"=""273.19087""","=""0.00002""","=""273.190853""","=""0.000008""","=""370""","=""3.9e+08""","=""8.7e-02""","=""-0.36""",C,"=""0.94143042""","=""5.47846032""","=""3d5.(6S).4s""","=""a 5S""","=""2""","=""3d5.(6S).5p""","=""w 5P*""","=""2""",,"=""T3196""","=""L14866""",
"=""273.64740""","=""0.00002""","=""273.647395""","=""0.000009""","=""300""","=""2.2e+08""","=""5.1e-02""","=""-0.60""",D,"=""0.94143042""","=""5.47089133""","=""3d5.(6S).4s""","=""a 5S""","=""2""","=""3d5.(6S).5p""","=""w 5P*""","=""1""",,"=""T3196""","=""L14866""",
"=""275.16008""","=""0.00002""","=""275.160071""","=""0.000014""","=""71""","=""4.8e+07""","=""1.1e-02""","=""-1.26""",D,"=""0.98287742""","=""5.4874392""","=""3d4.4s2""","=""a 5D""","=""2""","=""3d5.(6S).5p""","=""w 5P*""","=""3""",,"=""T3196""","=""L14866""",
"=""275.28743""","=""0.00002""","=""275.287419""","=""0.000007""","=""330""","=""2.6e+08""","=""9.9e-02""","=""-0.53""",D,"=""0.96841324""","=""5.47089133""","=""3d4.4s2""","=""a 5D""","=""1""","=""3d5.(6S).5p""","=""w 5P*""","=""1""",,"=""T3196""","=""L14866""",
"=""275.70969""","=""0.00002""","=""275.709669""","=""0.000007""","=""380""","=""3.4e+08""","=""7.8e-02""","=""-0.41""",C,"=""0.98287742""","=""5.47846032""","=""3d4.4s2""","=""a 5D""","=""2""","=""3d5.(6S).5p""","=""w 5P*""","=""2""",,"=""T3196""","=""L14866""",
"=""276.17469""","=""0.00002""","=""276.174675""","=""0.000007""","=""300""","=""2.0e+08""","=""4.7e-02""","=""-0.63""",D,"=""0.98287742""","=""5.47089133""","=""3d4.4s2""","=""a 5D""","=""2""","=""3d5.(6S).5p""","=""w 5P*""","=""1""",,"=""T3196""","=""L14866""",
"=""276.43645""","=""0.00002""","=""276.436442""","=""0.000014""","=""340""","=""2.6e+08""","=""4.2e-02""","=""-0.53""",D,"=""1.00367492""","=""5.4874392""","=""3d4.4s2""","=""a 5D""","=""3""","=""3d5.(6S).5p""","=""w 5P*""","=""3""",,"=""T3196""","=""L14866""",
"=""276.99118""","=""0.00002""","=""276.991155""","=""0.000007""","=""460""","=""5.5e+08""","=""9.0e-02""","=""-0.20""",C,"=""1.00367492""","=""5.47846032""","=""3d4.4s2""","=""a 5D""","=""3""","=""3d5.(6S).5p""","=""w 5P*""","=""2""",,"=""T3196""","=""L14866""",
"=""278.0699""","=""0.0004""","=""278.069629""","=""0.000015""","=""5.2""","=""9.8e+08""","=""1.3e-01""","=""0.06""",C,"=""1.03000806""","=""5.4874392""","=""3d4.4s2""","=""a 5D""","=""4""","=""3d5.(6S).5p""","=""w 5P*""","=""3""",,"=""T3196""","=""L13897""",
"=""287.16322""","=""0.00002""","=""287.163215""","=""0.000013""","=""320""","=""1.1e+08""","=""1.9e-02""","=""-0.87""",D,"=""1.00367492""","=""5.31995962""","=""3d4.4s2""","=""a 5D""","=""3""","=""3d4.(3P1).4s.4p.(3P*)""","=""x 5D*""","=""4""",,"=""T3196""","=""L14866""",
"=""287.92720""","=""0.00002""","=""287.927187""","=""0.000011""","=""390""","=""1.5e+08""","=""3.7e-02""","=""-0.74""",D,"=""0.98287742""","=""5.28771005""","=""3d4.4s2""","=""a 5D""","=""2""","=""3d4.(3P1).4s.4p.(3P*)""","=""x 5D*""","=""3""",,"=""T3196""","=""L14866""",
"=""288.69926""","=""0.00002""","=""288.69922""","=""0.00003""","=""370""","=""1.4e+08""","=""5.6e-02""","=""-0.77""",D,"=""0.96841324""","=""5.2617345""","=""3d4.4s2""","=""a 5D""","=""1""","=""3d4.(3P1).4s.4p.(3P*)""","=""x 5D*""","=""2""",,"=""T3196""","=""L14866""",
"=""288.92602""","=""0.00002""","=""288.926001""","=""0.000012""","=""850""","=""5.9e+08""","=""8.3e-02""","=""-0.13""",C,"=""1.03000806""","=""5.31995962""","=""3d4.4s2""","=""a 5D""","=""4""","=""3d4.(3P1).4s.4p.(3P*)""","=""x 5D*""","=""4""",,"=""T3196""","=""L14866""",
"=""289.32505""","=""0.00002""","=""289.325039""","=""0.000011""","=""630""","=""3.6e+08""","=""6.5e-02""","=""-0.34""",C,"=""1.00367492""","=""5.28771005""","=""3d4.4s2""","=""a 5D""","=""3""","=""3d4.(3P1).4s.4p.(3P*)""","=""x 5D*""","=""3""",,"=""T3196""","=""L14866""",
"=""289.41701""","=""0.00002""","=""289.416998""","=""0.000012""","=""260""","=""9.9e+07""","=""1.2e-01""","=""-0.91""",D,"=""0.96097009""","=""5.24364408""","=""3d4.4s2""","=""a 5D""","=""0""","=""3d4.(3P1).4s.4p.(3P*)""","=""x 5D*""","=""1""",,"=""T3196""","=""L14866""",
"=""289.67512""","=""0.00006""","=""289.67518""","=""0.00003""","=""380""","=""1.5e+08""","=""3.8e-02""","=""-0.72""",C,"=""0.98287742""","=""5.2617345""","=""3d4.4s2""","=""a 5D""","=""2""","=""3d4.(3P1).4s.4p.(3P*)""","=""x 5D*""","=""2""",,"=""T3196""","=""L14866""",
"=""289.92087""","=""0.00002""","=""289.920894""","=""0.000012""","=""110""","=""4.5e+07""","=""1.9e-02""","=""-1.25""",D,"=""0.96841324""","=""5.24364408""","=""3d4.4s2""","=""a 5D""","=""1""","=""3d4.(3P1).4s.4p.(3P*)""","=""x 5D*""","=""1""",,"=""T3196""","=""L14866""",
"=""290.54884""","=""0.00002""","=""290.548841""","=""0.000020""","=""280""","=""1.3e+08""","=""5.5e-02""","=""-0.78""",D,"=""0.96841324""","=""5.2344047""","=""3d4.4s2""","=""a 5D""","=""1""","=""3d4.(3P1).4s.4p.(3P*)""","=""x 5D*""","=""0""",,"=""T3196""","=""L14866""",
"=""290.90516""","=""0.00002""","=""290.905144""","=""0.000012""","=""400""","=""2.0e+08""","=""5.2e-02""","=""-0.59""",C,"=""0.98287742""","=""5.24364408""","=""3d4.4s2""","=""a 5D""","=""2""","=""3d4.(3P1).4s.4p.(3P*)""","=""x 5D*""","=""1""",,"=""T3196""","=""L14866""",
"=""291.09013""","=""0.00002""","=""291.09010""","=""0.00003""","=""440""","=""1.7e+08""","=""3.1e-02""","=""-0.67""",D,"=""1.00367492""","=""5.2617345""","=""3d4.4s2""","=""a 5D""","=""3""","=""3d4.(3P1).4s.4p.(3P*)""","=""x 5D*""","=""2""",,"=""T3196""","=""L14866""",
"=""291.11455""","=""0.00002""","=""291.114546""","=""0.000011""","=""370""","=""1.8e+08""","=""2.6e-02""","=""-0.64""",D,"=""1.03000806""","=""5.28771005""","=""3d4.4s2""","=""a 5D""","=""4""","=""3d4.(3P1).4s.4p.(3P*)""","=""x 5D*""","=""3""",,"=""T3196""","=""L14866""",
"=""296.76427""","=""0.00002""","=""296.764225""","=""0.000012""","=""460""","=""3.5e+08""","=""6.6e-02""","=""-0.33""",D,"=""1.00367492""","=""5.18032406""","=""3d4.4s2""","=""a 5D""","=""3""","=""3d4.(5D).4s.4p.(1P*)""","=""y 5D*""","=""4""",,"=""T3196""","=""L14866""",
"=""297.11080""","=""0.00002""","=""297.110761""","=""0.000013""","=""350""","=""5.0e+08""","=""1.3e-01""","=""-0.18""",C,"=""0.98287742""","=""5.15465532""","=""3d4.4s2""","=""a 5D""","=""2""","=""3d4.(5D).4s.4p.(1P*)""","=""y 5D*""","=""3""",,"=""T3196""","=""L14866""",
"=""297.54813""","=""0.00002""","=""297.548100""","=""0.000012""","=""300""","=""4.4e+08""","=""2.0e-01""","=""-0.23""",C,"=""0.96841324""","=""5.13405969""","=""3d4.4s2""","=""a 5D""","=""1""","=""3d4.(5D).4s.4p.(1P*)""","=""y 5D*""","=""2""",,"=""T3196""","=""L14866""",
"=""298.07900""","=""0.00002""","=""298.078995""","=""0.000013""","=""240""","=""1.53e+08""","=""2.04e-01""","=""-0.691""",B,"=""0.96097009""","=""5.11919762""","=""3d4.4s2""","=""a 5D""","=""0""","=""3d4.(5D).4s.4p.(1P*)""","=""y 5D*""","=""1""",,"=""T4624""","=""L14866""",
"=""298.86474""","=""0.00002""","=""298.864712""","=""0.000008""","=""310""","=""3.6e+08""","=""9.8e-02""","=""-0.31""",C,"=""0.94143042""","=""5.08872640""","=""3d5.(6S).4s""","=""a 5S""","=""2""","=""3d4.(5D).4s.4p.(1P*)""","=""x 5P*""","=""3""",,"=""T3196""","=""L14866""",
"=""299.18875""","=""0.00002""","=""299.188747""","=""0.000019""","=""220""","=""3.0e+08""","=""1.3e-01""","=""-0.39""",D,"=""0.96841324""","=""5.11121771""","=""3d4.4s2""","=""a 5D""","=""1""","=""3d4.(5D).4s.4p.(1P*)""","=""y 5D*""","=""0""",,"=""T3196""","=""L14866""",
"=""299.40678""","=""0.00002""","=""299.406767""","=""0.000010""","=""170""","=""1.2e+08""","=""3.4e-02""","=""-0.77""",E,"=""0.94143042""","=""5.08121834""","=""3d5.(6S).4s""","=""a 5S""","=""2""","=""3d4.(5D).4s.4p.(1P*)""","=""x 5P*""","=""2""",,"=""T3196""","=""L14866""",
"=""299.51018""","=""0.00002""","=""299.510196""","=""0.000008""","=""230""","=""2.2e+08""","=""5.8e-02""","=""-0.54""",D,"=""0.94143042""","=""5.07978882""","=""3d5.(6S).4s""","=""a 5S""","=""2""","=""3d4.(5D).4s.4p.(1P*)""","=""y 5F*""","=""2""",,"=""T3196""","=""L14866""",
"=""299.65808""","=""0.0003""","=""299.657788""","=""0.000013""","=""250q""","=""6.0e+08""","=""1.6e-01""","=""-0.09""",C,"=""0.98287742""","=""5.11919762""","=""3d4.4s2""","=""a 5D""","=""2""","=""3d4.(5D).4s.4p.(1P*)""","=""y 5D*""","=""1""",,"=""T3196""","=""L14866""",
"=""299.87845""","=""0.00002""","=""299.878437""","=""0.000009""","=""220""","=""1.22e+08""","=""3.29e-02""","=""-0.783""",B,"=""0.94143042""","=""5.07470726""","=""3d5.(6S).4s""","=""a 5S""","=""2""","=""3d4.(5D).4s.4p.(1P*)""","=""x 5P*""","=""1""",,"=""T4624""","=""L14866""",
"=""300.0887""","=""0.0004""","=""300.088420""","=""0.000011""","=""5.7""","=""8.0e+08""","=""1.5e-01""","=""0.03""",C,"=""1.00367492""","=""5.13405969""","=""3d4.4s2""","=""a 5D""","=""3""","=""3d4.(5D).4s.4p.(1P*)""","=""y 5D*""","=""2""",,"=""T3196""","=""L13897c151""",
"=""300.50613""","=""0.0003""","=""300.505869""","=""0.000014""","=""260q""","=""6.4e+08""","=""9.7e-02""","=""-0.06""",C,"=""1.03000806""","=""5.15465532""","=""3d4.4s2""","=""a 5D""","=""4""","=""3d4.(5D).4s.4p.(1P*)""","=""y 5D*""","=""3""",,"=""T3196""","=""L14866""",
"=""301.37120""","=""0.00002""","=""301.371163""","=""0.000008""","=""260""","=""4.2e+08""","=""1.9e-01""","=""-0.25""",C,"=""0.96841324""","=""5.08121834""","=""3d4.4s2""","=""a 5D""","=""1""","=""3d4.(5D).4s.4p.(1P*)""","=""x 5P*""","=""2""",,"=""T3196""","=""L14866""",
"=""301.5197""","=""0.002""","=""301.51968""","=""0.00009""","=""50r""","=""4.89e+08""","=""6.67e-01""","=""-0.176""",B,"=""0.96097009""","=""5.0717494""","=""3d4.4s2""","=""a 5D""","=""0""","=""3d4.(5D).4s.4p.(1P*)""","=""y 5F*""","=""1""",,"=""T4624""","=""L808""",
"=""302.06675""","=""0.0002""","=""302.06664""","=""0.00008""","=""180""","=""4.5e+08""","=""2.1e-01""","=""-0.21""",D,"=""0.96841324""","=""5.0717494""","=""3d4.4s2""","=""a 5D""","=""1""","=""3d4.(5D).4s.4p.(1P*)""","=""y 5F*""","=""1""",,"=""T3196""","=""L14866""",
"=""302.1559""","=""0.00010""","=""302.15582""","=""0.00005""","=""23.6""","=""3.20e+09""","=""4.87e-01""","=""0.642""",B,"=""1.03000806""","=""5.1321332""","=""3d4.4s2""","=""a 5D""","=""4""","=""3d4.(5D).4s.4p.(1P*)""","=""y 5F*""","=""5""",,"=""T4624""","=""L13897c151""",
"=""302.4350""","=""0.0005""","=""302.434830""","=""0.000008""","=""8.9""","=""6.35e+08""","=""1.74e-01""","=""-0.060""",B,"=""0.98287742""","=""5.08121834""","=""3d4.4s2""","=""a 5D""","=""2""","=""3d4.(5D).4s.4p.(1P*)""","=""x 5P*""","=""2""",,"=""T4624""","=""L13897c151""",
"=""302.91610""","=""0.00002""","=""302.916096""","=""0.000007""","=""130""","=""1.1e+08""","=""3.1e-02""","=""-0.80""",E,"=""0.98287742""","=""5.07470726""","=""3d4.4s2""","=""a 5D""","=""2""","=""3d4.(5D).4s.4p.(1P*)""","=""x 5P*""","=""1""",,"=""T3196""","=""L14866""",
"=""303.0245""","=""0.0007""","=""303.02444""","=""0.00005""","=""5.9""","=""7.7e+08""","=""1.5e-01""","=""0.03""",C,"=""1.00367492""","=""5.0940418""","=""3d4.4s2""","=""a 5D""","=""3""","=""3d4.(5D).4s.4p.(1P*)""","=""y 5F*""","=""3""",,"=""T3196""","=""L13897c151""",
"=""303.13515""","=""0.00002""","=""303.13523""","=""0.00009""","=""90""","=""9.3e+07""","=""2.6e-02""","=""-0.89""",E,"=""0.98287742""","=""5.0717494""","=""3d4.4s2""","=""a 5D""","=""2""","=""3d4.(5D).4s.4p.(1P*)""","=""y 5F*""","=""1""",,"=""T3196""","=""L14866""",
"=""303.41875""","=""0.00002""","=""303.418749""","=""0.000005""","=""200""","=""2.4e+08""","=""4.8e-02""","=""-0.47""",D,"=""1.00367492""","=""5.08872640""","=""3d4.4s2""","=""a 5D""","=""3""","=""3d4.(5D).4s.4p.(1P*)""","=""x 5P*""","=""3""",,"=""T3196""","=""L14866""",
"=""303.70447""","=""0.00002""","=""303.704458""","=""0.000012""","=""300""","=""4.9e+08""","=""7.5e-02""","=""-0.17""",C,"=""1.03000806""","=""5.11121670""","=""3d4.4s2""","=""a 5D""","=""4""","=""3d4.(5D).4s.4p.(1P*)""","=""y 5F*""","=""4""",,"=""T3196""","=""L14866""",
"=""304.08404""","=""0.00002""","=""304.084074""","=""0.000008""","=""210""","=""3.7e+08""","=""7.3e-02""","=""-0.29""",D,"=""1.00367492""","=""5.07978882""","=""3d4.4s2""","=""a 5D""","=""3""","=""3d4.(5D).4s.4p.(1P*)""","=""y 5F*""","=""2""",,"=""T3196""","=""L14866""",
"=""305.38779""","=""0.0003""","=""305.387423""","=""0.000006""","=""200q""","=""5.58e+08""","=""8.67e-02""","=""-0.108""",B,"=""1.03000806""","=""5.08872640""","=""3d4.4s2""","=""a 5D""","=""4""","=""3d4.(5D).4s.4p.(1P*)""","=""x 5P*""","=""3""",,"=""T4624""","=""L14866""",
"=""314.84483""","=""0.00004""","=""314.84487""","=""0.00003""","=""20""","=""6.2e+08""","=""1.0e-01""","=""-0.04""",B,"=""2.96741996""","=""6.9042255""","=""3d4.4s2""","=""a 3H""","=""4""","=""3d5.(2I).4p""","=""x 3I*""","=""5""",,"=""T4913""","=""L14866""",
"=""315.51534""","=""0.00004""","=""315.515386""","=""0.000021""","=""22""","=""7.4e+08""","=""1.0e-01""","=""0.04""",B,"=""2.98256889""","=""6.9110084""","=""3d4.4s2""","=""a 3H""","=""5""","=""3d5.(2I).4p""","=""x 3I*""","=""6""",,"=""T4913""","=""L14866""",
"=""316.0617""","=""0.0010""","=""316.06112""","=""0.00003""","=""8""","=""3.0e+07""","=""4.0e-03""","=""-1.35""",D,"=""2.98256889""","=""6.9042255""","=""3d4.4s2""","=""a 3H""","=""5""","=""3d5.(2I).4p""","=""x 3I*""","=""5""",,"=""T4913""","=""L808""",
"=""316.37590""","=""0.00003""","=""316.375954""","=""0.000020""","=""25""","=""9.0e+08""","=""1.0e-01""","=""0.13""",B,"=""3.00044215""","=""6.9181964""","=""3d4.4s2""","=""a 3H""","=""6""","=""3d5.(2I).4p""","=""x 3I*""","=""7""",,"=""T4913""","=""L14866""",
"=""316.9578""","=""0.0010""","=""316.957504""","=""0.000020""","=""8""","=""2.9e+07""","=""3.3e-03""","=""-1.37""",E,"=""3.00044215""","=""6.9110084""","=""3d4.4s2""","=""a 3H""","=""6""","=""3d5.(2I).4p""","=""x 3I*""","=""6""",,"=""T4913""","=""L808""",
"=""323.77223""","=""0.00009""","=""323.77226""","=""0.00005""","=""5""","=""1.2e+09""","=""2.0e-01""","=""0.26""",D,"=""2.96741996""","=""6.7956796""","=""3d4.4s2""","=""a 3H""","=""4""","=""3d5.(4G).5p""","=""v 3H*""","=""4""",,"=""T1336""","=""L14866""",
"=""323.8088""","=""0.0010""","=""323.8077""","=""0.0003""","=""20""","=""2.2e+08""","=""3.1e-02""","=""-0.46""",D,"=""2.98256889""","=""6.810410""","=""3d4.4s2""","=""a 3H""","=""5""","=""3d5.(4G).5p""","=""v 3H*""","=""5""",,"=""T1336""","=""L808""",
"=""335.19632""","=""0.00003""","=""335.196317""","=""0.000014""","=""24""","=""8.4e+05""","=""2.0e-04""","=""-2.85""",B,"=""0.00000000""","=""3.69779039""","=""3d5.(6S).4s""","=""a 7S""","=""3""","=""3d4.(5D).4s.4p.(3P*)""","=""y 5P*""","=""3""",,"=""T4913""","=""L14866""",
"=""337.91698""","=""0.00004""","=""337.916991""","=""0.000014""","=""17""","=""5.0e+05""","=""1.2e-04""","=""-3.07""",C+,"=""0.00000000""","=""3.66801930""","=""3d5.(6S).4s""","=""a 7S""","=""3""","=""3d4.(5D).4s.4p.(3P*)""","=""y 5P*""","=""2""",,"=""T4913""","=""L14866""",
"=""357.87038""","=""0.0018""","=""357.868618""","=""0.000021""","=""1380q""","=""1.33e+09""","=""3.66e-01""","=""0.408""",B,"=""0.00000000""","=""3.46352849""","=""3d5.(6S).4s""","=""a 7S""","=""3""","=""3d4.(5D).4s.4p.(3P*)""","=""y 7P*""","=""4""",,"=""T2887,T3125,T2360""","=""L14866""",
"=""359.35021""","=""0.0017""","=""359.348538""","=""0.000016""","=""1450q""","=""1.05e+09""","=""2.91e-01""","=""0.308""",B,"=""0.00000000""","=""3.44926489""","=""3d5.(6S).4s""","=""a 7S""","=""3""","=""3d4.(5D).4s.4p.(3P*)""","=""y 7P*""","=""3""",,"=""T2887,T3125,T2360""","=""L14866""",
"=""360.53446""","=""0.0016""","=""360.532884""","=""0.000017""","=""1240q""","=""8.10e+08""","=""2.26e-01""","=""0.198""",B,"=""0.00000000""","=""3.43793441""","=""3d5.(6S).4s""","=""a 7S""","=""3""","=""3d4.(5D).4s.4p.(3P*)""","=""y 7P*""","=""2""",,"=""T2887,T3125,T2360""","=""L14866""",
"=""361.56452""","=""0.00003""","=""361.564517""","=""0.000017""","=""91""","=""4.6e+05""","=""1.3e-04""","=""-3.05""",C,"=""0.00000000""","=""3.42812540""","=""3d5.(6S).4s""","=""a 7S""","=""3""","=""3d4.(5D).4s.4p.(3P*)""","=""z 7D*""","=""4""",,"=""T3196""","=""L14866""",
"=""363.52785""","=""0.00005""","=""363.527853""","=""0.000019""","=""21""","=""1.0e+05""","=""3.0e-05""","=""-3.68""",C,"=""0.00000000""","=""3.40961132""","=""3d5.(6S).4s""","=""a 7S""","=""3""","=""3d4.(5D).4s.4p.(3P*)""","=""z 7D*""","=""3""",,"=""T3196""","=""L14866""",
"=""363.97956""","=""0.00009""","=""363.97965""","=""0.00008""","=""180""","=""2.0e+09""","=""3.0e-01""","=""0.59""",D,"=""2.54410014""","=""5.9494793""","=""3d5.(4G).4s""","=""a 5G""","=""6""","=""3d5.(4G).4p""","=""u 5F*""","=""5""",,"=""T1336""","=""L14866""",
"=""373.08019""","=""0.00003""","=""373.080190""","=""0.000015""","=""91""","=""8.0e+05""","=""2.4e-04""","=""-2.78""",C+,"=""0.00000000""","=""3.32231395""","=""3d5.(6S).4s""","=""a 7S""","=""3""","=""3d5.(6S).4p""","=""z 5P*""","=""2""",,"=""T4913""","=""L14866""",
"=""373.20282""","=""0.00003""","=""373.202825""","=""0.000015""","=""140""","=""1.1e+06""","=""3.3e-04""","=""-2.63""",C+,"=""0.00000000""","=""3.32122225""","=""3d5.(6S).4s""","=""a 7S""","=""3""","=""3d5.(6S).4p""","=""z 5P*""","=""3""",,"=""T4913""","=""L14866""",
"=""374.38815""","=""0.00003""","=""374.388144""","=""0.000020""","=""400""","=""9.89e+08""","=""1.60e-01""","=""0.318""",B,"=""2.54410014""","=""5.85480762""","=""3d5.(4G).4s""","=""a 5G""","=""6""","=""3d4.(3H).4s.4p.(3P*)""","=""x 5G*""","=""6""",,"=""u10""","=""L14866""",
"=""374.44911""","=""0.00004""","=""374.44912""","=""0.00003""","=""50""","=""6.51e+07""","=""1.25e-02""","=""-0.863""",B,"=""2.54463928""","=""5.85480762""","=""3d5.(4G).4s""","=""a 5G""","=""5""","=""3d4.(3H).4s.4p.(3P*)""","=""x 5G*""","=""6""",,"=""u10""","=""L14866""",
"=""375.71695""","=""0.00004""","=""375.716951""","=""0.000023""","=""37""","=""4.31e+07""","=""1.83e-02""","=""-1.039""",B,"=""2.54383615""","=""5.84283485""","=""3d5.(4G).4s""","=""a 5G""","=""2""","=""3d4.(3H).4s.4p.(3P*)""","=""x 5G*""","=""3""",,"=""u10""","=""L14866""",
"=""375.76611""","=""0.00003""","=""375.766107""","=""0.000020""","=""200""","=""2.89e+08""","=""8.75e-02""","=""-0.213""",B,"=""2.54426770""","=""5.84283485""","=""3d5.(4G).4s""","=""a 5G""","=""3""","=""3d4.(3H).4s.4p.(3P*)""","=""x 5G*""","=""3""",,"=""u10""","=""L14866""",
"=""375.80462""","=""0.00004""","=""375.804616""","=""0.000021""","=""65""","=""8.12e+07""","=""1.91e-02""","=""-0.764""",B,"=""2.54460569""","=""5.84283485""","=""3d5.(4G).4s""","=""a 5G""","=""4""","=""3d4.(3H).4s.4p.(3P*)""","=""x 5G*""","=""3""",,"=""u10""","=""L14866""",
"=""376.82383""","=""0.00003""","=""376.823828""","=""0.000020""","=""180""","=""2.55e+08""","=""1.09e-01""","=""-0.265""",B,"=""2.54383615""","=""5.83314465""","=""3d5.(4G).4s""","=""a 5G""","=""2""","=""3d4.(3H).4s.4p.(3P*)""","=""x 5G*""","=""2""",,"=""u10""","=""L14866""",
"=""376.87327""","=""0.00004""","=""376.873275""","=""0.000020""","=""46""","=""5.95e+07""","=""1.81e-02""","=""-0.897""",B,"=""2.54426770""","=""5.83314465""","=""3d5.(4G).4s""","=""a 5G""","=""3""","=""3d4.(3H).4s.4p.(3P*)""","=""x 5G*""","=""2""",,"=""u10""","=""L14866""",
"=""380.47983""","=""0.00003""","=""380.479845""","=""0.000020""","=""170""","=""6.2e+08""","=""1.5e-01""","=""0.13""",D,"=""3.01062753""","=""6.26832996""","=""3d5.(4D).4s""","=""b 5D""","=""4""","=""3d5.(4D).4p""","=""u 5D*""","=""4""",,"=""T1426n""","=""L14866""",
"=""384.95334""","=""0.00003""","=""384.953333""","=""0.000011""","=""230""","=""6.9e+06""","=""3.1e-03""","=""-1.81""",E,"=""0.98287742""","=""4.20272344""","=""3d4.4s2""","=""a 5D""","=""2""","=""3d4.(5D).4s.4p.(3P*)""","=""z 3P*""","=""1""",,"=""T3196""","=""L14866""",
"=""385.22118""","=""0.00003""","=""385.221179""","=""0.000012""","=""220""","=""7.0e+06""","=""5.2e-03""","=""-1.81""",E,"=""0.96841324""","=""4.18602054""","=""3d4.4s2""","=""a 5D""","=""1""","=""3d4.(5D).4s.4p.(3P*)""","=""z 3P*""","=""0""",,"=""T3196""","=""L14866""",
"=""388.32869""","=""0.00003""","=""388.328670""","=""0.000008""","=""910""","=""2.7e+07""","=""1.2e-02""","=""-1.21""",C,"=""0.98287742""","=""4.17473732""","=""3d4.4s2""","=""a 5D""","=""2""","=""3d4.(5D).4s.4p.(3P*)""","=""z 5D*""","=""3""",,"=""T3196""","=""L14866""",
"=""388.52137""","=""0.00003""","=""388.521354""","=""0.000009""","=""810""","=""2.0e+07""","=""1.5e-02""","=""-1.36""",C,"=""0.96841324""","=""4.15869020""","=""3d4.4s2""","=""a 5D""","=""1""","=""3d4.(5D).4s.4p.(3P*)""","=""z 5D*""","=""2""",,"=""T3196""","=""L14866""",
"=""388.67953""","=""0.00003""","=""388.679508""","=""0.000009""","=""740""","=""2.0e+07""","=""6.4e-03""","=""-1.35""",C,"=""1.00367492""","=""4.19265380""","=""3d4.4s2""","=""a 5D""","=""3""","=""3d4.(5D).4s.4p.(3P*)""","=""z 5D*""","=""4""",,"=""T3196""","=""L14866""",
"=""389.40338""","=""0.00003""","=""389.403367""","=""0.000011""","=""480""","=""1.2e+07""","=""2.7e-02""","=""-1.57""",C,"=""0.96097009""","=""4.14402113""","=""3d4.4s2""","=""a 5D""","=""0""","=""3d4.(5D).4s.4p.(3P*)""","=""z 5D*""","=""1""",,"=""T3196""","=""L14866""",
"=""390.29092""","=""0.00003""","=""390.290908""","=""0.000008""","=""590""","=""1.8e+07""","=""8.0e-03""","=""-1.40""",D,"=""0.98287742""","=""4.15869020""","=""3d4.4s2""","=""a 5D""","=""2""","=""3d4.(5D).4s.4p.(3P*)""","=""z 5D*""","=""2""",,"=""T3196""","=""L14866""",
"=""390.31611""","=""0.00003""","=""390.316090""","=""0.000009""","=""130""","=""5.4e+06""","=""4.1e-03""","=""-1.91""",D,"=""0.96841324""","=""4.14402113""","=""3d4.4s2""","=""a 5D""","=""1""","=""3d4.(5D).4s.4p.(3P*)""","=""z 5D*""","=""1""",,"=""T3196""","=""L14866""",
"=""390.87561""","=""0.00003""","=""390.875593""","=""0.000008""","=""1310""","=""4.3e+07""","=""1.4e-02""","=""-1.00""",C,"=""1.00367492""","=""4.17473732""","=""3d4.4s2""","=""a 5D""","=""3""","=""3d4.(5D).4s.4p.(3P*)""","=""z 5D*""","=""3""",,"=""T3196""","=""L14866""",
"=""391.62386""","=""0.00003""","=""391.623849""","=""0.000012""","=""420""","=""9.7e+06""","=""7.4e-03""","=""-1.65""",C,"=""0.96841324""","=""4.13341698""","=""3d4.4s2""","=""a 5D""","=""1""","=""3d4.(5D).4s.4p.(3P*)""","=""z 5D*""","=""0""",,"=""T3196""","=""L14866""",
"=""391.91586""","=""0.00003""","=""391.915844""","=""0.000011""","=""2030""","=""8.3e+07""","=""2.1e-02""","=""-0.72""",C,"=""1.03000806""","=""4.19265380""","=""3d4.4s2""","=""a 5D""","=""4""","=""3d4.(5D).4s.4p.(3P*)""","=""z 5D*""","=""4""",,"=""T3196""","=""L14866""",
"=""392.10207""","=""0.00003""","=""392.102067""","=""0.000009""","=""740""","=""1.7e+07""","=""8.0e-03""","=""-1.40""",C,"=""0.98287742""","=""4.14402113""","=""3d4.4s2""","=""a 5D""","=""2""","=""3d4.(5D).4s.4p.(3P*)""","=""z 5D*""","=""1""",,"=""T3196""","=""L14866""",
"=""392.86374""","=""0.00003""","=""392.863720""","=""0.000010""","=""880""","=""2.6e+07""","=""8.6e-03""","=""-1.22""",C,"=""1.00367492""","=""4.15869020""","=""3d4.4s2""","=""a 5D""","=""3""","=""3d4.(5D).4s.4p.(3P*)""","=""z 5D*""","=""2""",,"=""T3196""","=""L14866""",
"=""394.14876""","=""0.00003""","=""394.148757""","=""0.000010""","=""720""","=""2.0e+07""","=""5.1e-03""","=""-1.34""",C,"=""1.03000806""","=""4.17473732""","=""3d4.4s2""","=""a 5D""","=""4""","=""3d4.(5D).4s.4p.(3P*)""","=""z 5D*""","=""3""",,"=""T3196""","=""L14866""",
"=""396.36839""","=""0.00003""","=""396.36840""","=""0.00003""","=""620""","=""2.0e+09""","=""3.5e-01""","=""0.66""",D,"=""2.54410014""","=""5.67121951""","=""3d5.(4G).4s""","=""a 5G""","=""6""","=""3d5.(4G).4p""","=""y 5H*""","=""7""",,"=""T3196""","=""L14866""",
"=""396.97427""","=""0.00003""","=""396.974253""","=""0.000021""","=""570""","=""1.6e+09""","=""3.4e-01""","=""0.57""",D,"=""2.54463928""","=""5.66698616""","=""3d5.(4G).4s""","=""a 5G""","=""5""","=""3d5.(4G).4p""","=""y 5H*""","=""6""",,"=""T3196""","=""L14866""",
"=""397.60141""","=""0.00018""","=""397.601369""","=""0.000021""","=""3""","=""2.5e+06""","=""4.6e-04""","=""-2.22""",D,"=""2.54410014""","=""5.66152243""","=""3d5.(4G).4s""","=""a 5G""","=""6""","=""3d5.(4G).4p""","=""y 5H*""","=""5""",,"=""T2268""","=""L14866""",
"=""398.12313""","=""0.00004""","=""398.123145""","=""0.000014""","=""31""","=""5.5e+07""","=""4.4e-02""","=""-0.88""",D,"=""2.70991379""","=""5.82325049""","=""3d5.(4P).4s""","=""a 5P""","=""1""","=""3d5.(4P).4p""","=""u 5P*""","=""2""",,"=""T1621n""","=""L14866""",
"=""398.38989""","=""0.00003""","=""398.389886""","=""0.000021""","=""470""","=""9.45e+08""","=""3.21e-01""","=""0.352""",C,"=""2.54426770""","=""5.65551992""","=""3d5.(4G).4s""","=""a 5G""","=""3""","=""3d5.(4G).4p""","=""y 5H*""","=""4""",,"=""T2268""","=""L14866""",
"=""399.11135""","=""0.00004""","=""399.11134""","=""0.00003""","=""420""","=""7.49e+08""","=""3.58e-01""","=""0.253""",B,"=""2.54383615""","=""5.64946442""","=""3d5.(4G).4s""","=""a 5G""","=""2""","=""3d5.(4G).4p""","=""y 5H*""","=""3""",,"=""u10""","=""L14866""",
"=""400.14372""","=""0.00006""","=""400.14374""","=""0.00006""","=""17""","=""7.5e+08""","=""2.0e-01""","=""0.25""",D,"=""3.89035912""","=""6.9879748""","=""3d5.(4F).4s""","=""a 5F""","=""4""","=""3d5.(4F).4p""","=""v 5G*""","=""5""",,"=""T1621n""","=""L14866""",
"=""403.90906""","=""0.00004""","=""403.90899""","=""0.00003""","=""110""","=""1.0e+09""","=""1.6e-01""","=""0.39""",B,"=""3.84945609""","=""6.9181964""","=""3d5.(2I).4s""","=""a 3I""","=""7""","=""3d5.(2I).4p""","=""x 3I*""","=""7""",,"=""T4913""","=""L14866""",
"=""403.92953""","=""0.00012""","=""403.92952""","=""0.00004""","=""8""","=""9.0e+07""","=""1.7e-02""","=""-0.66""",D,"=""3.84961210""","=""6.9181964""","=""3d5.(2I).4s""","=""a 3I""","=""6""","=""3d5.(2I).4p""","=""x 3I*""","=""7""",,"=""T4913""","=""L14866""",
"=""404.22425""","=""0.00006""","=""404.224267""","=""0.000021""","=""17""","=""6.2e+06""","=""1.7e-03""","=""-1.82""",D,"=""2.54460569""","=""5.61095253""","=""3d5.(4G).4s""","=""a 5G""","=""4""","=""3d4.(3F1).4s.4p.(3P*)""","=""x 5F*""","=""3""",,"=""T4288""","=""L14866""",
"=""404.87797""","=""0.00004""","=""404.87794""","=""0.00003""","=""93""","=""8.3e+08""","=""1.6e-01""","=""0.31""",B,"=""3.84961210""","=""6.9110084""","=""3d5.(2I).4s""","=""a 3I""","=""6""","=""3d5.(2I).4p""","=""x 3I*""","=""6""",,"=""T4913""","=""L14866""",
"=""404.97738""","=""0.00012""","=""404.97737""","=""0.00004""","=""8""","=""7.3e+07""","=""1.6e-02""","=""-0.75""",D,"=""3.85036371""","=""6.9110084""","=""3d5.(2I).4s""","=""a 3I""","=""5""","=""3d5.(2I).4p""","=""x 3I*""","=""6""",,"=""T4913""","=""L14866""",
"=""405.00220""","=""0.00012""","=""405.00229""","=""0.00003""","=""8""","=""3.6e+06""","=""1.8e-03""","=""-2.05""",D,"=""2.54383615""","=""5.60429253""","=""3d5.(4G).4s""","=""a 5G""","=""2""","=""3d4.(3F1).4s.4p.(3P*)""","=""x 5F*""","=""1""",,"=""T4288""","=""L14866""",
"=""405.783""","=""0.003""","=""405.77702""","=""0.00005""","=""18""","=""7.9e+06""","=""1.5e-03""","=""-1.71""",D,"=""3.84961210""","=""6.9042255""","=""3d5.(2I).4s""","=""a 3I""","=""6""","=""3d5.(2I).4p""","=""x 3I*""","=""5""",,"=""T2268""","=""L808""",
"=""405.87693""","=""0.00005""","=""405.87689""","=""0.00005""","=""81""","=""7.4e+08""","=""1.7e-01""","=""0.26""",B,"=""3.85036371""","=""6.9042255""","=""3d5.(2I).4s""","=""a 3I""","=""5""","=""3d5.(2I).4p""","=""x 3I*""","=""5""",,"=""T4913""","=""L14866""",
"=""406.57036""","=""0.00014""","=""406.57036""","=""0.00008""","=""5""","=""3.8e+08""","=""1.1e-01""","=""-0.02""",D,"=""4.1055150""","=""7.1541681""","=""3d5.(2F1).4s""","=""b 3F""","=""4""","=""3d5.(2F1).4p""","=""t 3G*""","=""5""",,"=""T4288""","=""L14866""",
"=""408.17318""","=""0.00009""","=""408.173201""","=""0.000017""","=""12""","=""6.0e+06""","=""5.0e-03""","=""-1.82""",D,"=""2.70991379""","=""5.74659540""","=""3d5.(4P).4s""","=""a 5P""","=""1""","=""3d4.(3F1).4s.4p.(3P*)""","=""w 5D*""","=""2""",,"=""T4288""","=""L14866""",
"=""409.76426""","=""0.00014""","=""409.76430""","=""0.00007""","=""5""","=""3.7e+07""","=""1.9e-02""","=""-1.03""",D,"=""2.88945207""","=""5.9143426""","=""3d5.(6S).4p""","=""z 7P*""","=""2""","=""3d5.(6S).5d""","=""g 7D""","=""3""",,"=""T4288""","=""L14866""",
"=""410.95748""","=""0.00005""","=""410.957475""","=""0.000015""","=""43""","=""2.2e+07""","=""1.1e-02""","=""-1.26""",D,"=""2.70878630""","=""5.72489453""","=""3d5.(4P).4s""","=""a 5P""","=""2""","=""3d5.(4P).4p""","=""y 3D*""","=""3""",,"=""T4288""","=""L14866""",
"=""411.13505""","=""0.00009""","=""411.13503""","=""0.00007""","=""11""","=""8.4e+07""","=""3.0e-02""","=""-0.67""",D,"=""2.89953685""","=""5.9143426""","=""3d5.(6S).4p""","=""z 7P*""","=""3""","=""3d5.(6S).5d""","=""g 7D""","=""3""",,"=""T4288""","=""L14866""",
"=""412.65121""","=""0.00004""","=""412.65120""","=""0.00004""","=""390""","=""8.72e+07""","=""1.71e-02""","=""-0.652""",B,"=""2.54410014""","=""5.5478291""","=""3d5.(4G).4s""","=""a 5G""","=""6""","=""3d4.(3F1).4s.4p.(3P*)""","=""y 5G*""","=""6""",,"=""u10""","=""L14866""",
"=""416.55149""","=""0.00013""","=""416.55153""","=""0.00010""","=""6""","=""9.8e+08""","=""2.3e-01""","=""0.40""",D,"=""4.4490806""","=""7.4246850""","=""3d5.(2H).4s""","=""b 3H""","=""5""","=""3d4.(3H).4s.4p.(1P*)""","=""w 3I*""","=""6""",,"=""T1621n""","=""L14866""",
"=""420.35890""","=""0.00004""","=""420.35890""","=""0.00003""","=""130""","=""2.8e+07""","=""1.5e-02""","=""-1.12""",D,"=""2.54383615""","=""5.49248971""","=""3d5.(4G).4s""","=""a 5G""","=""2""","=""3d4.(3F1).4s.4p.(3P*)""","=""y 5G*""","=""2""",,"=""T1621n""","=""L14866""",
"=""420.44650""","=""0.00005""","=""420.44650""","=""0.00004""","=""49""","=""3.4e+08""","=""7.0e-02""","=""-0.04""",D,"=""3.9795577""","=""6.9275970""","=""3d4.4s2""","=""a 1I""","=""6""","=""3d4.(1I).4s.4p.(3P*)""","=""u 3H*""","=""5""",,"=""T4288""","=""L14866""",
"=""421.15272""","=""0.00016""","=""421.15262""","=""0.00004""","=""4""","=""7.8e+06""","=""1.9e-03""","=""-1.68""",D,"=""2.98256889""","=""5.9256654""","=""3d4.4s2""","=""a 3H""","=""5""","=""3d4.(3G).4s.4p.(3P*)""","=""x 5H*""","=""5""",,"=""T4288""","=""L14866""",
"=""421.31754""","=""0.00005""","=""421.31753""","=""0.00004""","=""27""","=""7.1e+07""","=""2.7e-02""","=""-0.72""",D,"=""3.07899825""","=""6.0209429""","=""3d5.(4G).4s""","=""a 3G""","=""3""","=""""","=""x 3G*""","=""4""",,"=""T1621n""","=""L14866""",
"=""422.27280""","=""0.00006""","=""422.272739""","=""0.000020""","=""17""","=""3.9e+07""","=""2.1e-02""","=""-0.98""",D,"=""3.01279642""","=""5.94808628""","=""3d5.(4D).4s""","=""b 5D""","=""2""","=""3d5.(4G).4p""","=""u 5F*""","=""3""",,"=""T4288""","=""L14866""",
"=""423.04708""","=""0.00010""","=""423.04705""","=""0.00003""","=""10""","=""2.6e+07""","=""2.3e-02""","=""-1.16""",D,"=""3.01114742""","=""5.94106486""","=""3d5.(4D).4s""","=""b 5D""","=""1""","=""3d5.(4G).4p""","=""u 5F*""","=""2""",,"=""T3963""","=""L14866""",
"=""423.2233""","=""0.002""","=""423.2263""","=""0.0005""","=""15""","=""1.2e+08""","=""6.4e-02""","=""-0.50""",D,"=""4.2074798""","=""7.136156""","=""3d4.4s2""","=""c 3D""","=""2""","=""3d5.(2F1).4p""","=""t 3G*""","=""3""",,"=""T3963""","=""L808""",
"=""423.45156""","=""0.00006""","=""423.45150""","=""0.00003""","=""18""","=""2.4e+07""","=""7.2e-03""","=""-1.19""",D,"=""3.12159404""","=""6.04871307""","=""3d4.4s2""","=""a 3F""","=""4""","=""""","=""x 3G*""","=""5""",,"=""T3963""","=""L14866""",
"=""423.59978""","=""0.00015""","=""423.59981""","=""0.00004""","=""5""","=""2.0e+07""","=""5.3e-02""","=""-1.27""",D,"=""3.00997115""","=""5.9360654""","=""3d5.(4D).4s""","=""b 5D""","=""0""","=""3d5.(4G).4p""","=""u 5F*""","=""1""",,"=""T3963""","=""L14866""",
"=""423.77019""","=""0.0002""","=""423.77017""","=""0.00004""","=""3""","=""1.2e+07""","=""1.1e-02""","=""-1.49""",D,"=""3.01114742""","=""5.9360654""","=""3d5.(4D).4s""","=""b 5D""","=""1""","=""3d5.(4G).4p""","=""u 5F*""","=""1""",,"=""T3963""","=""L14866""",
"=""423.89491""","=""0.00006""","=""423.894915""","=""0.000020""","=""20""","=""6.7e+07""","=""2.0e-02""","=""-0.75""",D,"=""3.01062753""","=""5.93468472""","=""3d5.(4D).4s""","=""b 5D""","=""4""","=""3d5.(4P).4p""","=""v 5D*""","=""4""",,"=""T1621n""","=""L14866""",
"=""424.28306""","=""0.0002""","=""424.282681""","=""0.000020""","=""3""","=""1.6e+07""","=""6.2e-03""","=""-1.36""",D,"=""3.01329987""","=""5.93468472""","=""3d5.(4D).4s""","=""b 5D""","=""3""","=""3d5.(4P).4p""","=""v 5D*""","=""4""",,"=""T3963""","=""L14866""",
"=""424.83302""","=""0.00013""","=""424.833043""","=""0.000020""","=""6""","=""2.0e+07""","=""5.9e-03""","=""-1.28""",D,"=""3.01062753""","=""5.92822786""","=""3d5.(4D).4s""","=""b 5D""","=""4""","=""3d5.(4P).4p""","=""v 5D*""","=""3""",,"=""T3963""","=""L14866""",
"=""425.22249""","=""0.00011""","=""425.222528""","=""0.000020""","=""9""","=""3.6e+07""","=""1.4e-02""","=""-1.01""",D,"=""3.01329987""","=""5.92822786""","=""3d5.(4D).4s""","=""b 5D""","=""3""","=""3d5.(4P).4p""","=""v 5D*""","=""3""",,"=""T3963""","=""L14866""",
"=""425.43517""","=""0.0006""","=""425.433602""","=""0.000022""","=""2480q""","=""2.84e+08""","=""1.10e-01""","=""-0.114""",B,"=""0.00000000""","=""2.91348182""","=""3d5.(6S).4s""","=""a 7S""","=""3""","=""3d5.(6S).4p""","=""z 7P*""","=""4""",,"=""T2887,T3125,T2360,T2778""","=""L14866""",
"=""425.54995""","=""0.00004""","=""425.54994""","=""0.00003""","=""170""","=""9.2e+07""","=""1.9e-02""","=""-0.60""",D,"=""3.00044215""","=""5.91312747""","=""3d4.4s2""","=""a 3H""","=""6""","=""3d4.(3H).4s.4p.(3P*)""","=""z 3I*""","=""7""",,"=""T3963""","=""L14866""",
"=""425.73476""","=""0.00013""","=""425.734756""","=""0.000020""","=""6""","=""1.4e+07""","=""5.6e-03""","=""-1.40""",D,"=""3.01329987""","=""5.92472080""","=""3d5.(4D).4s""","=""b 5D""","=""3""","=""3d5.(4P).4p""","=""v 5D*""","=""2""",,"=""T4288""","=""L14866""",
"=""426.13370""","=""0.00005""","=""426.13370""","=""0.00003""","=""32""","=""7.3e+07""","=""2.2e-02""","=""-0.70""",D,"=""2.91348182""","=""5.82217714""","=""3d5.(6S).4p""","=""z 7P*""","=""4""","=""3d4.4s.5s""","=""f 7D""","=""5""",,"=""T3963""","=""L14866""",
"=""426.16138""","=""0.00005""","=""426.16137""","=""0.00003""","=""43""","=""4.5e+07""","=""1.4e-02""","=""-0.91""",D,"=""3.12159404""","=""6.03010050""","=""3d4.4s2""","=""a 3F""","=""4""","=""3d4.(3F1).4s.4p.(3P*)""","=""3F*""","=""3""",,"=""T3963""","=""L14866""",
"=""426.23637""","=""0.00005""","=""426.23635""","=""0.00003""","=""25""","=""2.2e+07""","=""8.4e-03""","=""-1.23""",D,"=""3.07899825""","=""5.98699306""","=""3d5.(4G).4s""","=""a 3G""","=""3""","=""3d4.(3H).4s.4p.(3P*)""","=""y 3H*""","=""4""",,"=""T3963""","=""L14866""",
"=""426.31382""","=""0.00004""","=""426.31382""","=""0.00004""","=""200""","=""1.1e+09""","=""2.0e-01""","=""0.47""",D,"=""3.84945609""","=""6.7569225""","=""3d5.(2I).4s""","=""a 3I""","=""7""","=""3d5.(2I).4p""","=""z 3K*""","=""8""",,"=""T3963""","=""L14866""",
"=""426.87874""","=""0.00007""","=""426.87876""","=""0.00004""","=""16""","=""2.2e+08""","=""4.6e-02""","=""-0.22""",D,"=""3.9795577""","=""6.8831764""","=""3d4.4s2""","=""a 1I""","=""6""","=""3d5.(2I).4p""","=""y 1I*""","=""6""",,"=""T3963""","=""L14866""",
"=""426.99505""","=""0.00005""","=""426.99504""","=""0.00003""","=""40""","=""3.5e+07""","=""1.1e-02""","=""-1.02""",D,"=""3.08689206""","=""5.98972002""","=""3d5.(4G).4s""","=""a 3G""","=""4""","=""3d4.(3H).4s.4p.(3P*)""","=""y 3H*""","=""5""",,"=""T3963""","=""L14866""",
"=""427.10617""","=""0.00005""","=""427.10614""","=""0.00003""","=""77""","=""6.9e+07""","=""1.7e-02""","=""-0.72""",D,"=""3.10437812""","=""6.00645098""","=""3d5.(4G).4s""","=""a 3G""","=""5""","=""3d4.(3H).4s.4p.(3P*)""","=""y 3H*""","=""6""",,"=""T1621n""","=""L14866""",
"=""427.29031""","=""0.00007""","=""427.29025""","=""0.00003""","=""21""","=""4.2e+07""","=""1.7e-02""","=""-0.94""",D,"=""2.89953685""","=""5.80035930""","=""3d5.(6S).4p""","=""z 7P*""","=""3""","=""3d4.4s.5s""","=""f 7D""","=""4""",,"=""T3963""","=""L14866""",
"=""427.48117""","=""0.0006""","=""427.479710""","=""0.000022""","=""2500q""","=""2.15e+08""","=""8.42e-02""","=""-0.230""",B,"=""0.00000000""","=""2.89953685""","=""3d5.(6S).4s""","=""a 7S""","=""3""","=""3d5.(6S).4p""","=""z 7P*""","=""3""",,"=""T2887,T3125,T2360,T3239""","=""L14866""",
"=""427.598""","=""0.006""","=""427.59701""","=""0.00020""","=""7w""","=""2.4e+08""","=""6.0e-02""","=""-0.18""",D,"=""3.87826474""","=""6.7770062""","=""3d4.(5D).4s.4p.(3P*)""","=""z 5F*""","=""5""","=""""","=""e 5F""","=""5""",,"=""T3963""","=""L808""",
"=""428.04034""","=""0.00004""","=""428.04033""","=""0.00004""","=""180""","=""7.0e+08""","=""1.5e-01""","=""0.29""",D,"=""3.84961210""","=""6.7453514""","=""3d5.(2I).4s""","=""a 3I""","=""6""","=""3d5.(2I).4p""","=""z 3K*""","=""7""",,"=""T1621n""","=""L14866""",
"=""428.089""","=""0.006""","=""428.08837""","=""0.00004""","=""4w""","=""1.3e+07""","=""5.2e-03""","=""-1.44""",D,"=""3.42162179""","=""6.31703615""","=""3d4.4s2""","=""b 3G""","=""3""","=""3d4.(3G).4s.4p.(3P*)""","=""w 3F*""","=""3""",,"=""T3963""","=""L808""",
"=""428.3004""","=""0.002""","=""428.29902""","=""0.00015""","=""4""","=""6.2e+07""","=""2.4e-02""","=""-0.77""",D,"=""4.2073736""","=""7.1013640""","=""3d4.4s2""","=""c 3D""","=""3""","=""3d4.(3D).4s.4p.(3P*)""","=""t 3F*""","=""3""",,"=""T3963""","=""L808""",
"=""428.856""","=""""","=""428.85513""","=""0.00007""","=""3:""","=""2.0e+07""","=""1.1e-02""","=""-1.27""",D,"=""3.0922396""","=""5.9824772""","=""3d4.4s2""","=""a 3F""","=""2""","=""3d4.(3F1).4s.4p.(3P*)""","=""3D*""","=""3""",,"=""T3963""","=""L9365""",
"=""428.97307""","=""0.0006""","=""428.97173""","=""0.00003""","=""2380q""","=""1.58e+08""","=""6.23e-02""","=""-0.360""",B,"=""0.00000000""","=""2.88945207""","=""3d5.(6S).4s""","=""a 7S""","=""3""","=""3d5.(6S).4p""","=""z 7P*""","=""2""",,"=""T2887,T3125,T2360,T3239""","=""L14866""",
"=""429.19582""","=""0.00005""","=""429.19580""","=""0.00004""","=""50""","=""1.2e+08""","=""4.7e-02""","=""-0.48""",D,"=""3.42162179""","=""6.3095654""","=""3d4.4s2""","=""b 3G""","=""3""","=""3d4.(3G).4s.4p.(3P*)""","=""w 3F*""","=""2""",,"=""T3963""","=""L14866""",
"=""429.35427""","=""0.00010""","=""429.354304""","=""0.000024""","=""12""","=""2.2e+07""","=""6.9e-03""","=""-1.21""",D,"=""2.91348182""","=""5.80035930""","=""3d5.(6S).4p""","=""z 7P*""","=""4""","=""3d4.4s.5s""","=""f 7D""","=""4""",,"=""T4288""","=""L14866""",
"=""429.611""","=""0.003""","=""429.60799""","=""0.00017""","=""2""","=""8.0e+07""","=""2.0e-02""","=""-0.65""",D,"=""4.6163561""","=""7.5015289""","=""3d5.(2G2).4s""","=""c 3G""","=""5""","=""3d5.(2G1).4p""","=""s 3G*""","=""4""",,"=""T3963""","=""L808""",
"=""429.62760""","=""0.00017""","=""429.62763""","=""0.00007""","=""4""","=""9.6e+06""","=""5.3e-03""","=""-1.58""",D,"=""3.0922396""","=""5.9772804""","=""3d4.4s2""","=""a 3F""","=""2""","=""3d4.(3F1).4s.4p.(3P*)""","=""3D*""","=""1""",,"=""T3963""","=""L14866""",
"=""429.66130""","=""0.00012""","=""429.66127""","=""0.00006""","=""9""","=""3.6e+07""","=""7.8e-03""","=""-1.00""",D,"=""3.84961210""","=""6.7344271""","=""3d5.(2I).4s""","=""a 3I""","=""6""","=""3d5.(2I).4p""","=""z 3K*""","=""6""",,"=""T3963""","=""L14866""",
"=""429.70466""","=""0.00005""","=""429.704668""","=""0.000024""","=""37""","=""3.4e+07""","=""1.9e-02""","=""-1.03""",D,"=""2.70878630""","=""5.59330998""","=""3d5.(4P).4s""","=""a 5P""","=""2""","=""3d4.(3P1).4s.4p.(3P*)""","=""v 5P*""","=""3""",,"=""T3963""","=""L14866""",
"=""429.77325""","=""0.00004""","=""429.77324""","=""0.00004""","=""150""","=""6.4e+08""","=""1.6e-01""","=""0.25""",D,"=""3.85036371""","=""6.7344271""","=""3d5.(2I).4s""","=""a 3I""","=""5""","=""3d5.(2I).4p""","=""z 3K*""","=""6""",,"=""T1621n""","=""L14866""",
"=""429.8048""","=""0.002""","=""429.80355""","=""0.00018""","=""10""","=""2.3e+08""","=""7.2e-02""","=""-0.19""",D,"=""4.6176689""","=""7.5015289""","=""3d5.(2G2).4s""","=""c 3G""","=""4""","=""3d5.(2G1).4p""","=""s 3G*""","=""4""",,"=""T3963""","=""L808""",
"=""429.97015""","=""0.00007""","=""429.970132""","=""0.000022""","=""17""","=""4.3e+07""","=""1.7e-02""","=""-0.93""",D,"=""2.89953685""","=""5.78227967""","=""3d5.(6S).4p""","=""z 7P*""","=""3""","=""3d4.4s.5s""","=""f 7D""","=""3""",,"=""T3963""","=""L14866""",
"=""430.05025""","=""0.00005""","=""430.05023""","=""0.00003""","=""62""","=""1.3e+08""","=""4.1e-02""","=""-0.43""",D,"=""3.43483025""","=""6.31703615""","=""3d4.4s2""","=""b 3G""","=""4""","=""3d4.(3G).4s.4p.(3P*)""","=""w 3F*""","=""3""",,"=""T3963""","=""L14866""",
"=""430.11744""","=""0.00005""","=""430.11743""","=""0.00003""","=""80""","=""2.3e+08""","=""5.9e-02""","=""-0.19""",D,"=""3.44884096""","=""6.33059653""","=""3d4.4s2""","=""b 3G""","=""5""","=""3d4.(3G).4s.4p.(3P*)""","=""w 3F*""","=""4""",,"=""T3963""","=""L14866""",
"=""430.2784""","=""0.002""","=""430.27352""","=""0.00022""","=""15""","=""2.8e+08""","=""6.9e-02""","=""-0.12""",D,"=""4.6163561""","=""7.4970663""","=""3d5.(2G2).4s""","=""c 3G""","=""5""","=""3d5.(2G1).4p""","=""s 3G*""","=""5""",,"=""T3963""","=""L808""",
"=""430.54379""","=""0.00007""","=""430.543673""","=""0.000024""","=""17""","=""3.8e+07""","=""2.1e-02""","=""-0.98""",D,"=""2.88945207""","=""5.76835475""","=""3d5.(6S).4p""","=""z 7P*""","=""2""","=""3d4.4s.5s""","=""f 7D""","=""2""",,"=""T1621n""","=""L14866""",
"=""430.76663""","=""0.00015""","=""430.76684""","=""0.00009""","=""5""","=""1.1e+08""","=""2.7e-02""","=""-0.53""",D,"=""4.6163561""","=""7.4937674""","=""3d5.(2G2).4s""","=""c 3G""","=""5""","=""3d5.(2H).4p""","=""x 1I*""","=""6""",,"=""T3963""","=""L14866""",
"=""430.973""","=""0.003""","=""430.9717""","=""0.0007""","=""8""","=""5.1e+07""","=""2.8e-02""","=""-0.85""",D,"=""4.2074798""","=""7.083523""","=""3d4.4s2""","=""c 3D""","=""2""","=""3d4.(1S1).4s.4p.(3P*)""","=""u 3P*""","=""1""",,"=""T3963""","=""L808""",
"=""431.24674""","=""0.00007""","=""431.24675""","=""0.00003""","=""20""","=""1.5e+07""","=""6.1e-03""","=""-1.37""",D,"=""3.11278390""","=""5.98699306""","=""3d4.4s2""","=""a 3F""","=""3""","=""3d4.(3H).4s.4p.(3P*)""","=""y 3H*""","=""4""",,"=""T3963""","=""L14866""",
"=""431.7901""","=""0.0004""","=""431.7901""","=""0.0004""","=""15""","=""5.5e+07""","=""2.2e-02""","=""-0.81""",D,"=""4.2073736""","=""7.077966""","=""3d4.4s2""","=""c 3D""","=""3""","=""3d4.(1S1).4s.4p.(3P*)""","=""u 3P*""","=""2""",,"=""T3963""","=""L9190""",
"=""431.96295""","=""0.00008""","=""431.96293""","=""0.00003""","=""15""","=""5.4e+07""","=""3.0e-02""","=""-0.82""",D,"=""2.88945207""","=""5.75889602""","=""3d5.(6S).4p""","=""z 7P*""","=""2""","=""3d4.4s.5s""","=""f 7D""","=""1""",,"=""T1621n""","=""L14866""",
"=""432.12362""","=""0.00007""","=""432.12355""","=""0.00003""","=""16""","=""1.0e+07""","=""2.9e-02""","=""-1.54""",D,"=""2.87187333""","=""5.74025070""","=""3d4.4s2""","=""a 3P""","=""0""","=""3d4.(3F1).4s.4p.(3P*)""","=""w 5D*""","=""1""",,"=""T3963""","=""L14866""",
"=""432.16145""","=""0.00005""","=""432.16143""","=""0.00003""","=""34""","=""1.9e+07""","=""5.8e-03""","=""-1.28""",D,"=""3.12159404""","=""5.98972002""","=""3d4.4s2""","=""a 3F""","=""4""","=""3d4.(3H).4s.4p.(3P*)""","=""y 3H*""","=""5""",,"=""T3963""","=""L14866""",
"=""432.50613""","=""0.00004""","=""432.506125""","=""0.000024""","=""100""","=""9.8e+07""","=""3.1e-02""","=""-0.56""",D,"=""2.96741996""","=""5.83326016""","=""3d4.4s2""","=""a 3H""","=""4""","=""3d5.(4G).4p""","=""y 3G*""","=""3""",,"=""T3963""","=""L14866""",
"=""432.56262""","=""0.00015""","=""432.56252""","=""0.00006""","=""5""","=""1.4e+07""","=""5.6e-03""","=""-1.41""",D,"=""3.11278390""","=""5.9782505""","=""3d4.4s2""","=""a 3F""","=""3""","=""3d4.(3F1).4s.4p.(3P*)""","=""3D*""","=""2""",,"=""T3963""","=""L14866""",
"=""433.076""","=""0.003""","=""433.07639""","=""0.00003""","=""3""","=""7.0e+06""","=""2.8e-03""","=""-1.71""",D,"=""3.07899825""","=""5.94106486""","=""3d5.(4G).4s""","=""a 3G""","=""3""","=""3d5.(4G).4p""","=""u 5F*""","=""2""",,"=""T3963""","=""L808""",
"=""433.25557""","=""0.00014""","=""433.25553""","=""0.00008""","=""7""","=""1.5e+07""","=""4.6e-03""","=""-1.38""",D,"=""3.12159404""","=""5.9824772""","=""3d4.4s2""","=""a 3F""","=""4""","=""3d4.(3F1).4s.4p.(3P*)""","=""3D*""","=""3""",,"=""T3963""","=""L14866""",
"=""433.725""","=""0.006""","=""433.7168""","=""0.0008""","=""10w""","=""1.4e+08""","=""7.9e-02""","=""-0.40""",D,"=""4.2074798""","=""7.065320""","=""3d4.4s2""","=""c 3D""","=""2""","=""3d4.(3F1).4s.4p.(1P*)""","=""3G*""","=""3""",,"=""T3963""","=""L808""",
"=""433.75570""","=""0.00004""","=""433.755701""","=""0.000013""","=""1900""","=""2.74e+07""","=""2.58e-02""","=""-1.112""",B,"=""0.96841324""","=""3.82599758""","=""3d4.4s2""","=""a 5D""","=""1""","=""3d4.(5D).4s.4p.(3P*)""","=""z 5F*""","=""2""",,"=""T4624""","=""L14866""",
"=""433.87720""","=""0.00007""","=""433.87722""","=""0.00004""","=""16""","=""4.9e+07""","=""2.8e-02""","=""-0.86""",D,"=""3.37521461""","=""6.23199865""","=""3d5.(4P).4s""","=""b 3P""","=""2""","=""3d5.(4D).4p""","=""w 3D*""","=""3""",,"=""T3963""","=""L14866""",
"=""433.94463""","=""0.00004""","=""433.944609""","=""0.000013""","=""2600""","=""4.84e+07""","=""2.74e-02""","=""-0.864""",B,"=""0.98287742""","=""3.83921781""","=""3d4.4s2""","=""a 5D""","=""2""","=""3d4.(5D).4s.4p.(3P*)""","=""z 5F*""","=""3""",,"=""T4624""","=""L14866""",
"=""433.97105""","=""0.00004""","=""433.971051""","=""0.000019""","=""1120""","=""1.32e+07""","=""3.73e-02""","=""-1.428""",B,"=""0.96097009""","=""3.81713644""","=""3d4.4s2""","=""a 5D""","=""0""","=""3d4.(5D).4s.4p.(3P*)""","=""z 5F*""","=""1""",,"=""T4624""","=""L14866""",
"=""434.01277""","=""0.00005""","=""434.01278""","=""0.00003""","=""78""","=""6.0e+07""","=""2.4e-02""","=""-0.77""",D,"=""2.70791527""","=""5.56380704""","=""3d5.(4P).4s""","=""a 5P""","=""3""","=""3d4.(3P1).4s.4p.(3P*)""","=""v 5P*""","=""2""",,"=""T3963""","=""L14866""",
"=""434.14519""","=""0.00015""","=""434.14519""","=""0.00003""","=""5""","=""3.2e+06""","=""1.8e-03""","=""-2.04""",E,"=""2.70878630""","=""5.56380704""","=""3d5.(4P).4s""","=""a 5P""","=""2""","=""3d4.(3P1).4s.4p.(3P*)""","=""v 5P*""","=""2""",,"=""T3963""","=""L14866""",
"=""434.31670""","=""0.00005""","=""434.31671""","=""0.00003""","=""26""","=""1.8e+07""","=""1.7e-02""","=""-1.29""",D,"=""2.70991379""","=""5.56380704""","=""3d5.(4P).4s""","=""a 5P""","=""1""","=""3d4.(3P1).4s.4p.(3P*)""","=""v 5P*""","=""2""",,"=""T3963""","=""L14866""",
"=""434.45016""","=""0.00004""","=""434.450128""","=""0.000021""","=""3100""","=""9.9e+07""","=""4.0e-02""","=""-0.55""",C,"=""1.00367492""","=""3.85669178""","=""3d4.4s2""","=""a 5D""","=""3""","=""3d4.(5D).4s.4p.(3P*)""","=""z 5F*""","=""4""",,"=""T3196""","=""L14866""",
"=""434.50747""","=""0.00017""","=""434.50770""","=""0.00008""","=""4""","=""4.9e+07""","=""4.6e-02""","=""-0.86""",D,"=""3.36940787""","=""6.2220467""","=""3d5.(4P).4s""","=""b 3P""","=""1""","=""3d5.(4D).4p""","=""w 3D*""","=""2""",,"=""T4288""","=""L14866""",
"=""434.68185""","=""0.00004""","=""434.681838""","=""0.000021""","=""135""","=""8.1e+07""","=""2.1e-02""","=""-0.64""",D,"=""2.98256889""","=""5.83406495""","=""3d4.4s2""","=""a 3H""","=""5""","=""3d5.(4G).4p""","=""y 3G*""","=""4""",,"=""T4288""","=""L14866""",
"=""434.7491""","=""0.002""","=""434.74981""","=""0.00004""","=""8""","=""5.7e+06""","=""3.2e-03""","=""-1.79""",D,"=""2.98716595""","=""5.8382162""","=""3d4.4s2""","=""a 3P""","=""2""","=""3d4.(3P1).4s.4p.(3P*)""","=""z 3S*""","=""1""",,"=""T3963""","=""L808""",
"=""435.10495""","=""0.00004""","=""435.104951""","=""0.000017""","=""1080""","=""1.25e+07""","=""1.19e-02""","=""-1.448""",B,"=""0.96841324""","=""3.81713644""","=""3d4.4s2""","=""a 5D""","=""1""","=""3d4.(5D).4s.4p.(3P*)""","=""z 5F*""","=""1""",,"=""T4624""","=""L14866""",
"=""435.17625""","=""0.00004""","=""435.176220""","=""0.000013""","=""3500""","=""1.3e+08""","=""4.2e-02""","=""-0.43""",C,"=""1.03000806""","=""3.87826474""","=""3d4.4s2""","=""a 5D""","=""4""","=""3d4.(5D).4s.4p.(3P*)""","=""z 5F*""","=""5""",,"=""T3196""","=""L14866""",
"=""435.39390""","=""0.00017""","=""435.39399""","=""0.00008""","=""4""","=""6.5e+07""","=""3.7e-02""","=""-0.73""",D,"=""3.37521461""","=""6.2220467""","=""3d5.(4P).4s""","=""b 3P""","=""2""","=""3d5.(4D).4p""","=""w 3D*""","=""2""",,"=""T4288""","=""L14866""",
"=""435.67554""","=""0.00007""","=""435.67554""","=""0.00003""","=""18""","=""2.4e+07""","=""7.7e-03""","=""-1.16""",D,"=""3.01062753""","=""5.85561994""","=""3d5.(4D).4s""","=""b 5D""","=""4""","=""3d4.(3H).4s.4p.(3P*)""","=""x 5G*""","=""5""",,"=""T3963""","=""L14866""",
"=""435.75200""","=""0.00010""","=""435.75200""","=""0.00003""","=""14""","=""2.0e+07""","=""5.8e-02""","=""-1.24""",D,"=""3.36779583""","=""6.21228906""","=""3d5.(4P).4s""","=""b 3P""","=""0""","=""3d5.(4D).4p""","=""w 3D*""","=""1""",,"=""T3963""","=""L14866""",
"=""435.96246""","=""0.00004""","=""435.962444""","=""0.000013""","=""1420""","=""2.7e+07""","=""1.5e-02""","=""-1.11""",C,"=""0.98287742""","=""3.82599758""","=""3d4.4s2""","=""a 5D""","=""2""","=""3d4.(5D).4s.4p.(3P*)""","=""z 5F*""","=""2""",,"=""T3196""","=""L14866""",
"=""436.29521""","=""0.00014""","=""436.29525""","=""0.00004""","=""6""","=""9.6e+06""","=""2.7e-02""","=""-1.56""",D,"=""2.87187333""","=""5.71282481""","=""3d4.4s2""","=""a 3P""","=""0""","=""3d5.(4P).4p""","=""y 3D*""","=""1""",,"=""T3963""","=""L14866""",
"=""436.31290""","=""0.00004""","=""436.312902""","=""0.000021""","=""120""","=""1.1e+08""","=""3.6e-02""","=""-0.50""",D,"=""2.96741996""","=""5.80825650""","=""3d4.4s2""","=""a 3H""","=""4""","=""3d4.(3H).4s.4p.(3P*)""","=""z 3G*""","=""3""",,"=""T3963""","=""L14866""",
"=""436.82542""","=""0.00007""","=""436.82543""","=""0.00003""","=""16""","=""1.9e+07""","=""7.7e-03""","=""-1.27""",D,"=""3.01329987""","=""5.8508033""","=""3d5.(4D).4s""","=""b 5D""","=""3""","=""3d4.(3H).4s.4p.(3P*)""","=""x 5G*""","=""4""",,"=""T3963""","=""L14866""",
"=""436.89148""","=""0.0002""","=""436.89148""","=""0.00003""","=""3""","=""1.7e+07""","=""1.0e-02""","=""-1.30""",D,"=""3.37521461""","=""6.21228906""","=""3d5.(4P).4s""","=""b 3P""","=""2""","=""3d5.(4D).4p""","=""w 3D*""","=""1""",,"=""T3963""","=""L14866""",
"=""437.07628""","=""0.00018""","=""437.07616""","=""0.00006""","=""4""","=""3.8e+07""","=""8.3e-03""","=""-0.97""",D,"=""3.9795577""","=""6.8154335""","=""3d4.4s2""","=""a 1I""","=""6""","=""3d5.(2I).4p""","=""z 1K*""","=""7""",,"=""T3963""","=""L14866""",
"=""437.087""","=""0.003""","=""437.0885""","=""0.0006""","=""5""","=""4.5e+07""","=""1.2e-02""","=""-0.89""",D,"=""3.85036371""","=""6.686159""","=""3d5.(2I).4s""","=""a 3I""","=""5""","=""3d3.(4F).4s2.4p""","=""v 3G*""","=""4""",,"=""T3963""","=""L808""",
"=""437.12748""","=""0.00004""","=""437.127465""","=""0.000014""","=""1400""","=""2.9e+07""","=""1.2e-02""","=""-1.08""",C,"=""1.00367492""","=""3.83921781""","=""3d4.4s2""","=""a 5D""","=""3""","=""3d4.(5D).4s.4p.(3P*)""","=""z 5F*""","=""3""",,"=""T3196""","=""L14866""",
"=""437.32549""","=""0.00004""","=""437.325478""","=""0.000017""","=""170""","=""1.57e+06""","=""9.02e-04""","=""-2.346""",B,"=""0.98287742""","=""3.81713644""","=""3d4.4s2""","=""a 5D""","=""2""","=""3d4.(5D).4s.4p.(3P*)""","=""z 5F*""","=""1""",,"=""T4624""","=""L14866""",
"=""437.36462""","=""0.00009""","=""437.36473""","=""0.00008""","=""15""","=""2.5e+08""","=""8.0e-02""","=""-0.14""",D,"=""4.4473700""","=""7.2813746""","=""3d5.(2H).4s""","=""b 3H""","=""4""","=""3d5.(2H).4p""","=""t 3H*""","=""4""",,"=""T3963""","=""L14866""",
"=""437.41537""","=""0.00004""","=""437.415357""","=""0.000021""","=""200""","=""1.13e+08""","=""2.50e-02""","=""-0.488""",C,"=""3.00044215""","=""5.83411881""","=""3d4.4s2""","=""a 3H""","=""6""","=""3d5.(4G).4p""","=""y 3G*""","=""5""",,"=""T2268""","=""L14866""",
"=""437.53303""","=""0.00004""","=""437.533013""","=""0.000021""","=""130""","=""6.5e+07""","=""1.7e-02""","=""-0.73""",D,"=""2.98256889""","=""5.81548356""","=""3d4.4s2""","=""a 3H""","=""5""","=""3d4.(3H).4s.4p.(3P*)""","=""z 3G*""","=""4""",,"=""T1621n""","=""L14866""",
"=""437.67953""","=""0.00007""","=""437.67945""","=""0.00006""","=""22""","=""4.2e+08""","=""9.2e-02""","=""0.08""",D,"=""4.4552365""","=""7.28720337""","=""3d5.(2H).4s""","=""b 3H""","=""6""","=""3d5.(2H).4p""","=""t 3H*""","=""6""",,"=""T3963""","=""L14866""",
"=""437.75441""","=""0.00005""","=""437.754375""","=""0.000021""","=""40""","=""1.6e+07""","=""1.6e-02""","=""-1.32""",D,"=""2.91511324""","=""5.74659540""","=""3d4.4s2""","=""a 3P""","=""1""","=""3d4.(3F1).4s.4p.(3P*)""","=""w 5D*""","=""2""",,"=""T4288""","=""L14866""",
"=""437.97763""","=""0.00012""","=""437.97770""","=""0.00003""","=""9""","=""1.3e+07""","=""7.7e-03""","=""-1.42""",D,"=""3.01279642""","=""5.84283485""","=""3d5.(4D).4s""","=""b 5D""","=""2""","=""3d4.(3H).4s.4p.(3P*)""","=""x 5G*""","=""3""",,"=""T3963""","=""L14866""",
"=""438.11097""","=""0.00005""","=""438.11097""","=""0.00004""","=""43""","=""3.0e+07""","=""1.7e-02""","=""-1.06""",D,"=""2.70878630""","=""5.5379638""","=""3d5.(4P).4s""","=""a 5P""","=""2""","=""3d4.(3P1).4s.4p.(3P*)""","=""v 5P*""","=""1""",,"=""T1621n""","=""L14866""",
"=""438.28549""","=""0.00010""","=""438.28564""","=""0.00004""","=""12""","=""9.0e+06""","=""8.6e-03""","=""-1.59""",D,"=""2.70991379""","=""5.5379638""","=""3d5.(4P).4s""","=""a 5P""","=""1""","=""3d4.(3P1).4s.4p.(3P*)""","=""v 5P*""","=""1""",,"=""T3963""","=""L14866""",
"=""438.49751""","=""0.00004""","=""438.497500""","=""0.000019""","=""1060""","=""2.4e+07""","=""7.8e-03""","=""-1.15""",D,"=""1.03000806""","=""3.85669178""","=""3d4.4s2""","=""a 5D""","=""4""","=""3d4.(5D).4s.4p.(3P*)""","=""z 5F*""","=""4""",,"=""T3196""","=""L14866""",
"=""438.73749""","=""0.00005""","=""438.737503""","=""0.000019""","=""26""","=""1.6e+07""","=""1.6e-02""","=""-1.33""",D,"=""2.91511324""","=""5.74025070""","=""3d4.4s2""","=""a 3P""","=""1""","=""3d4.(3F1).4s.4p.(3P*)""","=""w 5D*""","=""1""",,"=""T3963""","=""L14866""",
"=""439.17509""","=""0.00004""","=""439.175079""","=""0.000014""","=""160""","=""1.44e+06""","=""5.95e-04""","=""-2.380""",B,"=""1.00367492""","=""3.82599758""","=""3d4.4s2""","=""a 5D""","=""3""","=""3d4.(5D).4s.4p.(3P*)""","=""z 5F*""","=""2""",,"=""T4624""","=""L14866""",
"=""439.35269""","=""0.00014""","=""439.35259""","=""0.00003""","=""8""","=""5.e+06""","=""1.6e-03""","=""-1.85""",E,"=""2.96741996""","=""5.78860234""","=""3d4.4s2""","=""a 3H""","=""4""","=""3d4.(3G).4s.4p.(3P*)""","=""w 5F*""","=""3""",,"=""T3963""","=""L14866""",
"=""439.72366""","=""0.00010""","=""439.72365""","=""0.00003""","=""12""","=""3.0e+07""","=""2.9e-02""","=""-1.06""",D,"=""3.01114742""","=""5.82994917""","=""3d5.(4D).4s""","=""b 5D""","=""1""","=""3d5.(4P).4p""","=""u 5P*""","=""1""",,"=""T1621n""","=""L14866""",
"=""439.98111""","=""0.00010""","=""439.98105""","=""0.00003""","=""10""","=""2.9e+07""","=""1.7e-02""","=""-1.07""",D,"=""3.01279642""","=""5.82994917""","=""3d5.(4D).4s""","=""b 5D""","=""2""","=""3d5.(4P).4p""","=""u 5P*""","=""1""",,"=""T1621n""","=""L14866""",
"=""441.02977""","=""0.00007""","=""441.029753""","=""0.000018""","=""18""","=""3.4e+07""","=""2.0e-02""","=""-1.01""",D,"=""3.01279642""","=""5.82325049""","=""3d5.(4D).4s""","=""b 5D""","=""2""","=""3d5.(4P).4p""","=""u 5P*""","=""2""",,"=""T3963""","=""L14866""",
"=""441.09614""","=""0.00007""","=""441.096112""","=""0.000022""","=""19""","=""2.1e+07""","=""5.5e-03""","=""-1.22""",D,"=""2.98256889""","=""5.79260016""","=""3d4.4s2""","=""a 3H""","=""5""","=""3d4.(3G).4s.4p.(3P*)""","=""w 5F*""","=""4""",,"=""T3963""","=""L14866""",
"=""441.10878""","=""0.00005""","=""441.108773""","=""0.000018""","=""28""","=""6.5e+07""","=""2.7e-02""","=""-0.72""",D,"=""3.01329987""","=""5.82325049""","=""3d5.(4D).4s""","=""b 5D""","=""3""","=""3d5.(4P).4p""","=""u 5P*""","=""2""",,"=""T3963""","=""L14866""",
"=""441.22510""","=""0.00005""","=""441.225109""","=""0.000014""","=""71""","=""6.90e+05""","=""2.24e-04""","=""-2.696""",B,"=""1.03000806""","=""3.83921781""","=""3d4.4s2""","=""a 5D""","=""4""","=""3d4.(5D).4s.4p.(3P*)""","=""z 5F*""","=""3""",,"=""T4624""","=""L14866""",
"=""441.2996""","=""0.0002""","=""441.29946""","=""0.00008""","=""3""","=""1.3e+08""","=""3.3e-02""","=""-0.43""",D,"=""4.7780523""","=""7.5867887""","=""3d5.(2H).4s""","=""a 1H""","=""5""","=""3d5.(2G1).4p""","=""s 3H*""","=""6""",,"=""T3963""","=""L14866""",
"=""441.38551""","=""0.00005""","=""441.38548""","=""0.00003""","=""51""","=""1.4e+08""","=""5.6e-02""","=""-0.40""",D,"=""3.55053095""","=""6.3587200""","=""3d5.(4D).4s""","=""a 3D""","=""3""","=""3d5.(4D).4p""","=""w 3P*""","=""2""",,"=""T4288""","=""L14866""",
"=""442.26890""","=""0.00011""","=""442.26891""","=""0.00004""","=""14""","=""1.4e+08""","=""7.9e-02""","=""-0.40""",D,"=""3.55614020""","=""6.3587200""","=""3d5.(4D).4s""","=""a 3D""","=""2""","=""3d5.(4D).4p""","=""w 3P*""","=""2""",,"=""T3963""","=""L14866""",
"=""442.40757""","=""0.00007""","=""442.407534""","=""0.000020""","=""16""","=""2.8e+07""","=""2.8e-02""","=""-1.08""",D,"=""2.91511324""","=""5.71681492""","=""3d4.4s2""","=""a 3P""","=""1""","=""3d5.(4P).4p""","=""y 3D*""","=""2""",,"=""T3963""","=""L14866""",
"=""442.42784""","=""0.00005""","=""442.42787""","=""0.00003""","=""56""","=""1.5e+08""","=""4.8e-02""","=""-0.36""",D,"=""3.01062753""","=""5.8122004""","=""3d5.(4D).4s""","=""b 5D""","=""4""","=""3d5.(4P).4p""","=""u 5P*""","=""3""",,"=""T3963""","=""L14866""",
"=""442.85033""","=""0.00007""","=""442.85030""","=""0.00003""","=""17""","=""3.8e+07""","=""1.6e-02""","=""-0.95""",D,"=""3.01329987""","=""5.8122004""","=""3d5.(4D).4s""","=""b 5D""","=""3""","=""3d5.(4P).4p""","=""u 5P*""","=""3""",,"=""T3963""","=""L14866""",
"=""442.99239""","=""0.00011""","=""442.99232""","=""0.00004""","=""12""","=""7.2e+07""","=""7.1e-02""","=""-0.67""",D,"=""3.55579538""","=""6.3537986""","=""3d5.(4D).4s""","=""a 3D""","=""1""","=""3d5.(4D).4p""","=""w 3P*""","=""1""",,"=""T3963""","=""L14866""",
"=""443.21663""","=""0.00006""","=""443.21665""","=""0.00004""","=""66""","=""5.4e+07""","=""1.6e-01""","=""-0.80""",D,"=""2.87187333""","=""5.66846045""","=""3d4.4s2""","=""a 3P""","=""0""","=""3d5.(4P).4p""","=""y 3P*""","=""1""",,"=""T4288""","=""L14866""",
"=""443.27589""","=""0.00014""","=""443.27591""","=""0.00014""","=""6""","=""7.4e+08""","=""1.4e-01""","=""0.34""",D,"=""5.2553505""","=""8.0515637""","=""3d4.(3H).4s.4p.(3P*)""","=""z 5H*""","=""7""","=""3d4.4s.5s""","=""e 5H""","=""7""",,"=""T3963""","=""L14866""",
"=""444.22678""","=""0.00006""","=""444.226744""","=""0.000022""","=""28""","=""2.1e+07""","=""4.8e-03""","=""-1.21""",D,"=""3.00044215""","=""5.79067042""","=""3d4.4s2""","=""a 3H""","=""6""","=""3d4.(3G).4s.4p.(3P*)""","=""w 5F*""","=""5""",,"=""T3963""","=""L14866""",
"=""444.37077""","=""0.00011""","=""444.37074""","=""0.00008""","=""13""","=""4.5e+07""","=""4.4e-02""","=""-0.88""",D,"=""3.55579538""","=""6.3451195""","=""3d5.(4D).4s""","=""a 3D""","=""1""","=""3d5.(4D).4p""","=""w 3P*""","=""0""",,"=""T3963""","=""L14866""",
"=""445.97343""","=""0.00004""","=""445.973437""","=""0.000018""","=""93""","=""7.6e+07""","=""3.2e-02""","=""-0.65""",D,"=""3.01329987""","=""5.79260016""","=""3d5.(4D).4s""","=""b 5D""","=""3""","=""3d4.(3G).4s.4p.(3P*)""","=""w 5F*""","=""4""",,"=""T3963""","=""L14866""",
"=""446.07731""","=""0.00013""","=""446.07734""","=""0.00004""","=""9""","=""1.0e+07""","=""6.3e-03""","=""-1.50""",D,"=""2.70878630""","=""5.4874392""","=""3d5.(4P).4s""","=""a 5P""","=""2""","=""3d5.(6S).5p""","=""w 5P*""","=""3""",,"=""T4288""","=""L14866""",
"=""446.27690""","=""0.00006""","=""446.27701""","=""0.00006""","=""27""","=""1.7e+07""","=""5.0e-02""","=""-1.30""",D,"=""3.00997115""","=""5.7873809""","=""3d5.(4D).4s""","=""b 5D""","=""0""","=""3d4.(3G).4s.4p.(3P*)""","=""w 5F*""","=""1""",,"=""T3963""","=""L14866""",
"=""446.46620""","=""0.00006""","=""446.46609""","=""0.00006""","=""29""","=""1.5e+07""","=""1.5e-02""","=""-1.36""",D,"=""3.01114742""","=""5.7873809""","=""3d5.(4D).4s""","=""b 5D""","=""1""","=""3d4.(3G).4s.4p.(3P*)""","=""w 5F*""","=""1""",,"=""T3963""","=""L14866""",
"=""446.53486""","=""0.00006""","=""446.534868""","=""0.000022""","=""79""","=""4.1e+07""","=""2.5e-02""","=""-0.91""",D,"=""3.01279642""","=""5.78860234""","=""3d5.(4D).4s""","=""b 5D""","=""2""","=""3d4.(3G).4s.4p.(3P*)""","=""w 5F*""","=""3""",,"=""T4288""","=""L14866""",
"=""446.75560""","=""0.00006""","=""446.75563""","=""0.00003""","=""30""","=""1.8e+07""","=""1.1e-02""","=""-1.26""",D,"=""3.01279642""","=""5.78723069""","=""3d5.(4D).4s""","=""b 5D""","=""2""","=""3d4.(3G).4s.4p.(3P*)""","=""w 5F*""","=""2""",,"=""T4288""","=""L14866""",
"=""447.536""","=""0.008""","=""447.53749""","=""0.00022""","=""50w*""","=""2.1e+07""","=""1.3e-02""","=""-1.20""",D,"=""2.88945207""","=""5.6590394""","=""3d5.(6S).4p""","=""z 7P*""","=""2""","=""3d5.(6S).6s""","=""f 7S""","=""3""",,"=""T4288""","=""L808""",
"=""447.70572""","=""0.00015""","=""447.705743""","=""0.000020""","=""7""","=""6.5e+06""","=""6.5e-03""","=""-1.71""",D,"=""2.70991379""","=""5.47846032""","=""3d5.(4P).4s""","=""a 5P""","=""1""","=""3d5.(6S).5p""","=""w 5P*""","=""2""",,"=""T4288""","=""L14866""",
"=""448.02586""","=""0.00007""","=""448.02585""","=""0.00003""","=""17""","=""3.0e+07""","=""9.0e-02""","=""-1.04""",D,"=""3.36779583""","=""6.13436429""","=""3d5.(4P).4s""","=""b 3P""","=""0""","=""3d5.(4P).4p""","=""y 3S*""","=""1""",,"=""T3963""","=""L14866""",
"=""448.03604""","=""0.00011""","=""448.03610""","=""0.00004""","=""11""","=""2.4e+07""","=""1.1e-02""","=""-1.13""",D,"=""3.55053095""","=""6.31703615""","=""3d5.(4D).4s""","=""a 3D""","=""3""","=""3d4.(3G).4s.4p.(3P*)""","=""w 3F*""","=""3""",,"=""T3963""","=""L14866""",
"=""448.28708""","=""0.00006""","=""448.28707""","=""0.00003""","=""53""","=""9.0e+07""","=""9.0e-02""","=""-0.57""",D,"=""3.36940787""","=""6.13436429""","=""3d5.(4P).4s""","=""b 3P""","=""1""","=""3d5.(4P).4p""","=""y 3S*""","=""1""",,"=""T1621n""","=""L14866""",
"=""449.055""","=""0.006""","=""449.050""","=""0.004""","=""8wl""","=""2.7e+08""","=""9.2e-02""","=""-0.08""",D,"=""3.89035912""","=""6.650619""","=""3d5.(4F).4s""","=""a 5F""","=""4""","=""3d4.4s.5p""","=""s 5D*""","=""3""",,"=""T3963""","=""L808""",
"=""449.1687""","=""0.002""","=""449.17308""","=""0.00024""","=""30""","=""3.1e+07""","=""1.3e-02""","=""-1.03""",D,"=""2.89953685""","=""5.6590394""","=""3d5.(6S).4p""","=""z 7P*""","=""3""","=""3d5.(6S).6s""","=""f 7S""","=""3""",,"=""T4288""","=""L808""",
"=""449.18497""","=""0.00006""","=""449.184975""","=""0.000020""","=""37""","=""1.7e+07""","=""1.0e-02""","=""-1.29""",D,"=""2.98716595""","=""5.74659540""","=""3d4.4s2""","=""a 3P""","=""2""","=""3d4.(3F1).4s.4p.(3P*)""","=""w 5D*""","=""2""",,"=""T4288""","=""L14866""",
"=""449.23052""","=""0.00004""","=""449.23052""","=""0.00003""","=""89""","=""1.34e+08""","=""8.12e-02""","=""-0.392""",B,"=""3.37521461""","=""6.13436429""","=""3d5.(4P).4s""","=""b 3P""","=""2""","=""3d5.(4P).4p""","=""y 3S*""","=""1""",,"=""u10""","=""L14866""",
"=""449.5282""","=""0.002""","=""449.5266""","=""0.0010""","=""12""","=""1.4e+08""","=""4.7e-02""","=""-0.37""",D,"=""4.1055150""","=""6.862848""","=""3d5.(2F1).4s""","=""b 3F""","=""4""","=""3d5.(4G).5p""","=""u 3F*""","=""3""",,"=""T3963""","=""L808""",
"=""449.68518""","=""0.00004""","=""449.685195""","=""0.000016""","=""1300""","=""2.3e+07""","=""1.4e-02""","=""-1.15""",B,"=""0.94143042""","=""3.69779039""","=""3d5.(6S).4s""","=""a 5S""","=""2""","=""3d4.(5D).4s.4p.(3P*)""","=""y 5P*""","=""3""",,"=""T4624,T4913""","=""L14866""",
"=""449.87239""","=""0.00004""","=""449.872367""","=""0.000020""","=""95""","=""4.0e+07""","=""4.0e-02""","=""-0.92""",D,"=""2.91511324""","=""5.67032643""","=""3d4.4s2""","=""a 3P""","=""1""","=""3d5.(4P).4p""","=""y 3P*""","=""2""",,"=""T4288""","=""L14866""",
"=""450.02778""","=""0.00004""","=""450.02775""","=""0.00003""","=""160""","=""1.5e+08""","=""6.4e-02""","=""-0.35""",D,"=""3.07899825""","=""5.83326016""","=""3d5.(4G).4s""","=""a 3G""","=""3""","=""3d5.(4G).4p""","=""y 3G*""","=""3""",,"=""T3963""","=""L14866""",
"=""450.17724""","=""0.00006""","=""450.17726""","=""0.00003""","=""37""","=""3.0e+07""","=""3.0e-02""","=""-1.04""",D,"=""2.91511324""","=""5.66846045""","=""3d4.4s2""","=""a 3P""","=""1""","=""3d5.(4P).4p""","=""y 3P*""","=""1""",,"=""T3963""","=""L14866""",
"=""450.304""","=""0.003""","=""450.3091""","=""0.0020""","=""12""","=""2.5e+07""","=""1.5e-02""","=""-1.12""",D,"=""4.69694311""","=""7.449484""","=""3d5.(6S).5s""","=""e 5S""","=""2""","=""3d4.(3P1).4s.4p.(1P*)""","=""x 3S*""","=""1""",,"=""T3963""","=""L808""",
"=""450.68389""","=""0.00006""","=""450.68388""","=""0.00005""","=""48""","=""3.0e+08""","=""7.0e-02""","=""-0.04""",D,"=""4.1860366""","=""6.9362888""","=""3d5.(2I).4s""","=""b 1I""","=""6""","=""3d5.(2I).4p""","=""y 1H*""","=""5""",,"=""T1621n""","=""L14866""",
"=""451.0005""","=""0.0004""","=""451.00073""","=""0.00012""","=""15""","=""1.2e+06""","=""7.5e-04""","=""-2.43""",E,"=""4.5326696""","=""7.2809897""","=""3d5.(2F2).4s""","=""d 3F""","=""2""","=""3d5.(4F).4p""","=""u 3D*""","=""1""",,"=""T3963""","=""L9190""",
"=""451.18909""","=""0.00004""","=""451.189055""","=""0.000020""","=""210""","=""1.48e+08""","=""5.04e-02""","=""-0.343""",B,"=""3.08689206""","=""5.83406495""","=""3d5.(4G).4s""","=""a 3G""","=""4""","=""3d5.(4G).4p""","=""y 3G*""","=""4""",,"=""u10""","=""L14866""",
"=""451.43580""","=""0.00006""","=""451.43575""","=""0.00006""","=""31""","=""1.4e+08""","=""3.4e-02""","=""-0.36""",D,"=""4.1860366""","=""6.9317083""","=""3d5.(2I).4s""","=""b 1I""","=""6""","=""3d4.(1I).4s.4p.(3P*)""","=""u 3H*""","=""6""",,"=""T3963""","=""L14866""",
"=""451.54301""","=""0.00006""","=""451.54304""","=""0.00003""","=""50""","=""2.0e+07""","=""6.7e-03""","=""-1.22""",D,"=""3.01062753""","=""5.75564682""","=""3d5.(4D).4s""","=""b 5D""","=""4""","=""3d4.(3F1).4s.4p.(3P*)""","=""w 5D*""","=""4""",,"=""T3963""","=""L14866""",
"=""452.48341""","=""0.00015""","=""452.48347""","=""0.00008""","=""7""","=""9.9e+07""","=""3.4e-02""","=""-0.52""",D,"=""4.1055150""","=""6.8448292""","=""3d5.(2F1).4s""","=""b 3F""","=""4""","=""3d5.(2D1).4p""","=""v 3F*""","=""4""",,"=""T3963""","=""L14866""",
"=""452.64537""","=""0.00005""","=""452.64538""","=""0.00003""","=""960""","=""2.28e+08""","=""5.38e-02""","=""-0.155""",B,"=""2.54410014""","=""5.28243456""","=""3d5.(4G).4s""","=""a 5G""","=""6""","=""3d5.(4G).4p""","=""z 5G*""","=""6""",,"=""T4913""","=""L14866""",
"=""452.7335""","=""0.002""","=""452.73451""","=""0.00004""","=""40""","=""2.7e+07""","=""7.6e-03""","=""-1.08""",B,"=""2.54463928""","=""5.28243456""","=""3d5.(4G).4s""","=""a 5G""","=""5""","=""3d5.(4G).4p""","=""z 5G*""","=""6""",,"=""T4913""","=""L808""",
"=""452.74555""","=""0.00006""","=""452.745542""","=""0.000023""","=""85""","=""4.3e+07""","=""2.7e-02""","=""-0.87""",D,"=""2.98716595""","=""5.72489453""","=""3d4.4s2""","=""a 3P""","=""2""","=""3d5.(4P).4p""","=""y 3D*""","=""3""",,"=""T3963""","=""L14866""",
"=""452.98450""","=""0.00006""","=""452.98453""","=""0.00003""","=""75""","=""1.2e+07""","=""2.9e-03""","=""-1.43""",C+,"=""2.54410014""","=""5.28038436""","=""3d5.(4G).4s""","=""a 5G""","=""6""","=""3d5.(4G).4p""","=""z 5G*""","=""5""",,"=""T4913""","=""L14866""",
"=""453.04715""","=""0.00015""","=""453.04725""","=""0.00004""","=""8""","=""4.7e+06""","=""1.6e-03""","=""-1.84""",D,"=""2.96741996""","=""5.70332536""","=""3d4.4s2""","=""a 3H""","=""4""","=""3d5.(4G).4p""","=""y 3F*""","=""3""",,"=""T3963""","=""L14866""",
"=""453.06824""","=""0.00005""","=""453.068239""","=""0.000021""","=""190""","=""4.0e+07""","=""1.4e-02""","=""-0.91""",B,"=""2.54460569""","=""5.28038436""","=""3d5.(4G).4s""","=""a 5G""","=""4""","=""3d5.(4G).4p""","=""z 5G*""","=""5""",,"=""T4913""","=""L14866""",
"=""453.07379""","=""0.00005""","=""453.073802""","=""0.000021""","=""770""","=""1.74e+08""","=""4.87e-02""","=""-0.272""",B,"=""2.54463928""","=""5.28038436""","=""3d5.(4G).4s""","=""a 5G""","=""5""","=""3d5.(4G).4p""","=""z 5G*""","=""5""",,"=""T4913""","=""L14866""",
"=""453.09243""","=""0.00011""","=""453.092389""","=""0.000021""","=""10""","=""4.6e+06""","=""2.0e-03""","=""-1.85""",D,"=""3.01329987""","=""5.74893273""","=""3d5.(4D).4s""","=""b 5D""","=""3""","=""3d4.(3F1).4s.4p.(3P*)""","=""w 5D*""","=""3""",,"=""T3963""","=""L14866""",
"=""453.12305""","=""0.00011""","=""453.123012""","=""0.000023""","=""10""","=""5.0e+06""","=""5.1e-03""","=""-1.81""",D,"=""3.01114742""","=""5.74659540""","=""3d5.(4D).4s""","=""b 5D""","=""1""","=""3d4.(3F1).4s.4p.(3P*)""","=""w 5D*""","=""2""",,"=""T3963""","=""L14866""",
"=""453.51357""","=""0.00005""","=""453.513583""","=""0.000021""","=""170""","=""3.4e+07""","=""1.5e-02""","=""-0.98""",B,"=""2.54426770""","=""5.27735992""","=""3d5.(4G).4s""","=""a 5G""","=""3""","=""3d5.(4G).4p""","=""z 5G*""","=""4""",,"=""u10,T4913""","=""L14866""",
"=""453.56966""","=""0.00005""","=""453.569676""","=""0.000021""","=""600""","=""1.34e+08""","=""4.60e-02""","=""-0.383""",B,"=""2.54460569""","=""5.27735992""","=""3d5.(4G).4s""","=""a 5G""","=""4""","=""3d5.(4G).4p""","=""z 5G*""","=""4""",,"=""T4913""","=""L14866""",
"=""453.57524""","=""0.00005""","=""453.575250""","=""0.000023""","=""120""","=""2.2e+07""","=""6.3e-03""","=""-1.16""",C+,"=""2.54463928""","=""5.27735992""","=""3d5.(4G).4s""","=""a 5G""","=""5""","=""3d5.(4G).4p""","=""z 5G*""","=""4""",,"=""T4913""","=""L14866""",
"=""453.97810""","=""0.00005""","=""453.97810""","=""0.00003""","=""110""","=""2.2e+07""","=""1.4e-02""","=""-1.16""",B,"=""2.54383615""","=""5.27413188""","=""3d5.(4G).4s""","=""a 5G""","=""2""","=""3d5.(4G).4p""","=""z 5G*""","=""3""",,"=""u10,T4913""","=""L14866""",
"=""454.04984""","=""0.00005""","=""454.04987""","=""0.00004""","=""500""","=""1.05e+08""","=""4.64e-02""","=""-0.489""",B,"=""2.54426770""","=""5.27413188""","=""3d5.(4G).4s""","=""a 5G""","=""3""","=""3d5.(4G).4p""","=""z 5G*""","=""3""",,"=""u10,T4913""","=""L14866""",
"=""454.07044""","=""0.00005""","=""454.070408""","=""0.000021""","=""460""","=""3.45e+08""","=""9.71e-02""","=""0.029""",B,"=""3.10437812""","=""5.83411881""","=""3d5.(4G).4s""","=""a 3G""","=""5""","=""3d5.(4G).4p""","=""y 3G*""","=""5""",,"=""u10""","=""L14866""",
"=""454.10606""","=""0.00005""","=""454.10609""","=""0.00004""","=""120""","=""2.4e+07""","=""8.2e-03""","=""-1.13""",B,"=""2.54460569""","=""5.27413188""","=""3d5.(4G).4s""","=""a 5G""","=""4""","=""3d5.(4G).4p""","=""z 5G*""","=""3""",,"=""u10,T4913""","=""L14866""",
"=""454.15066""","=""0.00006""","=""454.150675""","=""0.000021""","=""57""","=""2.7e+07""","=""1.2e-02""","=""-1.08""",D,"=""3.07899825""","=""5.80825650""","=""3d5.(4G).4s""","=""a 3G""","=""3""","=""3d4.(3H).4s.4p.(3P*)""","=""z 3G*""","=""3""",,"=""T3963""","=""L14866""",
"=""454.37349""","=""0.00007""","=""454.37349""","=""0.00003""","=""18""","=""9.0e+06""","=""2.5e-03""","=""-1.55""",D,"=""2.98256889""","=""5.71048876""","=""3d4.4s2""","=""a 3H""","=""5""","=""3d5.(4G).4p""","=""y 3F*""","=""4""",,"=""T3963""","=""L14866""",
"=""454.46119""","=""0.00005""","=""454.46119""","=""0.00003""","=""440""","=""8.45e+07""","=""5.24e-02""","=""-0.582""",B,"=""2.54383615""","=""5.27122963""","=""3d5.(4G).4s""","=""a 5G""","=""2""","=""3d5.(4G).4p""","=""z 5G*""","=""2""",,"=""T4913""","=""L14866""",
"=""454.53310""","=""0.00005""","=""454.53311""","=""0.00003""","=""90""","=""1.7e+07""","=""7.5e-03""","=""-1.28""",B,"=""2.54426770""","=""5.27122963""","=""3d5.(4G).4s""","=""a 5G""","=""3""","=""3d5.(4G).4p""","=""z 5G*""","=""2""",,"=""T4913""","=""L14866""",
"=""454.59527""","=""0.00005""","=""454.595302""","=""0.000019""","=""930""","=""1.4e+07""","=""8.4e-03""","=""-1.38""",B,"=""0.94143042""","=""3.66801930""","=""3d5.(6S).4s""","=""a 5S""","=""2""","=""3d4.(5D).4s.4p.(3P*)""","=""y 5P*""","=""2""",,"=""T4624,T4913""","=""L14866""",
"=""454.8652""","=""0.002""","=""454.86508""","=""0.00006""","=""3""","=""3.6e+07""","=""8.7e-03""","=""-0.95""",E,"=""4.1860366""","=""6.9110084""","=""3d5.(2I).4s""","=""b 1I""","=""6""","=""3d5.(2I).4p""","=""x 3I*""","=""6""",,"=""T4913""","=""L808""",
"=""455.395""","=""0.003""","=""455.3947""","=""0.0006""","=""18""","=""6.0e+07""","=""3.7e-02""","=""-0.73""",D,"=""4.0964341""","=""6.818237""","=""3d5.(2F1).4s""","=""b 3F""","=""2""","=""3d5.(2D1).4p""","=""v 3F*""","=""2""",,"=""T3963""","=""L808""",
"=""455.48204""","=""0.00006""","=""455.481999""","=""0.000023""","=""33""","=""1.8e+07""","=""8.0e-03""","=""-1.25""",D,"=""3.11278390""","=""5.83406495""","=""3d4.4s2""","=""a 3F""","=""3""","=""3d5.(4G).4p""","=""y 3G*""","=""4""",,"=""T4288""","=""L14866""",
"=""455.52886""","=""0.00007""","=""455.52878""","=""0.00003""","=""16""","=""2.0e+07""","=""7.0e-03""","=""-1.20""",D,"=""3.43483025""","=""6.15583182""","=""3d4.4s2""","=""b 3G""","=""4""","=""3d5.(4D).4p""","=""x 3F*""","=""3""",,"=""T4288""","=""L14866""",
"=""455.61676""","=""0.00005""","=""455.616745""","=""0.000025""","=""99""","=""5.4e+07""","=""2.4e-02""","=""-0.78""",D,"=""3.11278390""","=""5.83326016""","=""3d4.4s2""","=""a 3F""","=""3""","=""3d5.(4G).4p""","=""y 3G*""","=""3""",,"=""T3963""","=""L14866""",
"=""456.32440""","=""0.00007""","=""456.32442""","=""0.00004""","=""20""","=""9.0e+07""","=""2.6e-02""","=""-0.55""",D,"=""3.85036371""","=""6.56662110""","=""3d5.(2I).4s""","=""a 3I""","=""5""","=""3d4.(1G1).4s.4p.(3P*)""","=""x 3H*""","=""4""",,"=""T4288""","=""L14866""",
"=""456.34094""","=""0.00015""","=""456.34088""","=""0.00004""","=""7""","=""3.8e+06""","=""2.4e-03""","=""-1.92""",D,"=""2.98716595""","=""5.70332536""","=""3d4.4s2""","=""a 3P""","=""2""","=""3d5.(4G).4p""","=""y 3F*""","=""3""",,"=""T3963""","=""L14866""",
"=""456.36484""","=""0.00006""","=""456.36482""","=""0.00006""","=""30""","=""1.6e+07""","=""1.0e-02""","=""-1.30""",D,"=""3.0922396""","=""5.80825650""","=""3d4.4s2""","=""a 3F""","=""2""","=""3d4.(3H).4s.4p.(3P*)""","=""z 3G*""","=""3""",,"=""T3963""","=""L14866""",
"=""456.41551""","=""0.00006""","=""456.41555""","=""0.00006""","=""41""","=""6.6e+08""","=""1.9e-01""","=""0.32""",D,"=""4.7780523""","=""7.4937674""","=""3d5.(2H).4s""","=""a 1H""","=""5""","=""3d5.(2H).4p""","=""x 1I*""","=""6""",,"=""T4288""","=""L14866""",
"=""456.55041""","=""0.00005""","=""456.550391""","=""0.000013""","=""250""","=""2.9e+06""","=""1.8e-03""","=""-2.05""",B,"=""0.98287742""","=""3.69779039""","=""3d4.4s2""","=""a 5D""","=""2""","=""3d4.(5D).4s.4p.(3P*)""","=""y 5P*""","=""3""",,"=""T4624,T4913""","=""L14866""",
"=""456.96146""","=""0.00005""","=""456.96143""","=""0.00003""","=""130""","=""7.4e+07""","=""2.6e-02""","=""-0.64""",D,"=""3.12159404""","=""5.83406495""","=""3d4.4s2""","=""a 3F""","=""4""","=""3d5.(4G).4p""","=""y 3G*""","=""4""",,"=""T3963""","=""L14866""",
"=""457.09719""","=""0.00015""","=""457.09706""","=""0.00005""","=""8""","=""3.0e+06""","=""1.0e-03""","=""-2.03""",E,"=""3.12159404""","=""5.83326016""","=""3d4.4s2""","=""a 3F""","=""4""","=""3d5.(4G).4p""","=""y 3G*""","=""3""",,"=""T3963""","=""L14866""",
"=""457.10908""","=""0.00008""","=""457.109103""","=""0.000019""","=""16""","=""6.6e+06""","=""3.0e-03""","=""-1.68""",D,"=""3.01329987""","=""5.72489453""","=""3d5.(4D).4s""","=""b 5D""","=""3""","=""3d5.(4P).4p""","=""y 3D*""","=""3""",,"=""T3963""","=""L14866""",
"=""457.16715""","=""0.00005""","=""457.16716""","=""0.00005""","=""480""","=""5.4e+07""","=""1.3e-02""","=""-0.77""",D,"=""2.54410014""","=""5.2553505""","=""3d5.(4G).4s""","=""a 5G""","=""6""","=""3d4.(3H).4s.4p.(3P*)""","=""z 5H*""","=""7""",,"=""T3963""","=""L14866""",
"=""457.51071""","=""0.00006""","=""457.51071""","=""0.00004""","=""56""","=""3.4e+07""","=""3.6e-02""","=""-0.97""",D,"=""3.36940787""","=""6.07862231""","=""3d5.(4P).4s""","=""b 3P""","=""1""","=""3d4.(3P1).4s.4p.(3P*)""","=""x 3D*""","=""2""",,"=""T4288""","=""L14866""",
"=""457.83166""","=""0.00008""","=""457.83167""","=""0.00006""","=""21""","=""4.4e+07""","=""1.1e-02""","=""-0.86""",D,"=""3.84961210""","=""6.5569273""","=""3d5.(2I).4s""","=""a 3I""","=""6""","=""3d4.(1G1).4s.4p.(3P*)""","=""x 3H*""","=""5""",,"=""T3963""","=""L14866""",
"=""458.00477""","=""0.00005""","=""458.004789""","=""0.000019""","=""560""","=""7.2e+06""","=""4.5e-03""","=""-1.64""",B,"=""0.94143042""","=""3.64772230""","=""3d5.(6S).4s""","=""a 5S""","=""2""","=""3d4.(5D).4s.4p.(3P*)""","=""y 5P*""","=""1""",,"=""T4913""","=""L14866""",
"=""458.240""","=""0.003""","=""458.2414""","=""0.0006""","=""6""","=""3.5e+07""","=""1.2e-02""","=""-0.96""",D,"=""4.1055150""","=""6.810410""","=""3d5.(2F1).4s""","=""b 3F""","=""4""","=""3d5.(4G).5p""","=""v 3H*""","=""5""",,"=""T3963""","=""L808""",
"=""458.38980""","=""0.00011""","=""458.389860""","=""0.000021""","=""13""","=""8.0e+06""","=""5.0e-03""","=""-1.60""",D,"=""3.01279642""","=""5.71681492""","=""3d5.(4D).4s""","=""b 5D""","=""2""","=""3d5.(4P).4p""","=""y 3D*""","=""2""",,"=""T3963""","=""L14866""",
"=""458.40855""","=""0.00006""","=""458.40851""","=""0.00004""","=""46""","=""2.3e+07""","=""8.1e-03""","=""-1.14""",D,"=""3.12159404""","=""5.82550252""","=""3d4.4s2""","=""a 3F""","=""4""","=""3d4.(3H).4s.4p.(3P*)""","=""z 3G*""","=""5""",,"=""T3963""","=""L14866""",
"=""458.47519""","=""0.00015""","=""458.475223""","=""0.000021""","=""8""","=""3.8e+06""","=""1.7e-03""","=""-1.93""",D,"=""3.01329987""","=""5.71681492""","=""3d5.(4D).4s""","=""b 5D""","=""3""","=""3d5.(4P).4p""","=""y 3D*""","=""2""",,"=""T3963""","=""L14866""",
"=""458.49342""","=""0.00006""","=""458.49343""","=""0.00004""","=""25""","=""2.0e+07""","=""1.2e-02""","=""-1.21""",D,"=""3.37521461""","=""6.07862231""","=""3d5.(4P).4s""","=""b 3P""","=""2""","=""3d4.(3P1).4s.4p.(3P*)""","=""x 3D*""","=""2""",,"=""T3963""","=""L14866""",
"=""458.50747""","=""0.00006""","=""458.50747""","=""0.00003""","=""25""","=""3.0e+07""","=""8.5e-03""","=""-1.03""",D,"=""3.44884096""","=""6.15216585""","=""3d4.4s2""","=""b 3G""","=""5""","=""3d5.(4D).4p""","=""x 3F*""","=""4""",,"=""T4288""","=""L14866""",
"=""458.61354""","=""0.00006""","=""458.61354""","=""0.00003""","=""47""","=""2.4e+07""","=""1.1e-02""","=""-1.12""",D,"=""3.11278390""","=""5.81548356""","=""3d4.4s2""","=""a 3F""","=""3""","=""3d4.(3H).4s.4p.(3P*)""","=""z 3G*""","=""4""",,"=""T3963""","=""L14866""",
"=""459.13908""","=""0.00005""","=""459.139098""","=""0.000013""","=""490""","=""5.5e+06""","=""5.8e-03""","=""-1.76""",B,"=""0.96841324""","=""3.66801930""","=""3d4.4s2""","=""a 5D""","=""1""","=""3d4.(5D).4s.4p.(3P*)""","=""y 5P*""","=""2""",,"=""T4624,T4913""","=""L14866""",
"=""459.2538""","=""0.0002""","=""459.25385""","=""0.00011""","=""3""","=""1.4e+08""","=""3.5e-02""","=""-0.34""",D,"=""4.4552365""","=""7.1541681""","=""3d5.(2H).4s""","=""b 3H""","=""6""","=""3d5.(2F1).4p""","=""t 3G*""","=""5""",,"=""T3963""","=""L14866""",
"=""459.55895""","=""0.00005""","=""459.55894""","=""0.00004""","=""170""","=""6.1e+08""","=""1.5e-01""","=""0.29""",D,"=""4.1860366""","=""6.8831764""","=""3d5.(2I).4s""","=""b 1I""","=""6""","=""3d5.(2I).4p""","=""y 1I*""","=""6""",,"=""T1621n""","=""L14866""",
"=""460.0099""","=""0.0004""","=""460.00957""","=""0.00005""","=""40""","=""2.1e+07""","=""5.1e-03""","=""-1.18""",D,"=""2.54410014""","=""5.2385978""","=""3d5.(4G).4s""","=""a 5G""","=""6""","=""3d4.(3H).4s.4p.(3P*)""","=""z 5H*""","=""6""",,"=""T4288""","=""L9190""",
"=""460.07485""","=""0.00005""","=""460.074835""","=""0.000013""","=""1190""","=""1.8e+07""","=""7.9e-03""","=""-1.26""",B,"=""1.00367492""","=""3.69779039""","=""3d4.4s2""","=""a 5D""","=""3""","=""3d4.(5D).4s.4p.(3P*)""","=""y 5P*""","=""3""",,"=""T4624,T4913""","=""L14866""",
"=""460.10164""","=""0.00005""","=""460.10163""","=""0.00005""","=""270""","=""2.0e+07""","=""5.6e-03""","=""-1.21""",D,"=""2.54463928""","=""5.2385978""","=""3d5.(4G).4s""","=""a 5G""","=""5""","=""3d4.(3H).4s.4p.(3P*)""","=""z 5H*""","=""6""",,"=""T3963""","=""L14866""",
"=""460.6364""","=""0.002""","=""460.63582""","=""0.00011""","=""15""","=""1.1e+08""","=""3.1e-02""","=""-0.46""",D,"=""4.4490806""","=""7.1399151""","=""3d5.(2H).4s""","=""b 3H""","=""5""","=""3d5.(2F1).4p""","=""t 3G*""","=""4""",,"=""T3963""","=""L808""",
"=""461.1056""","=""0.002""","=""461.10442""","=""0.00003""","=""4""","=""1.8e+06""","=""6.4e-04""","=""-2.24""",D,"=""2.96741996""","=""5.65551992""","=""3d4.4s2""","=""a 3H""","=""4""","=""3d5.(4G).4p""","=""y 5H*""","=""4""",,"=""T2268""","=""L808""",
"=""461.19620""","=""0.00006""","=""461.19622""","=""0.00005""","=""32""","=""2.4e+07""","=""7.7e-02""","=""-1.12""",D,"=""3.36779583""","=""6.0553607""","=""3d5.(4P).4s""","=""b 3P""","=""0""","=""3d4.(3P1).4s.4p.(3P*)""","=""x 3D*""","=""1""",,"=""T3963""","=""L14866""",
"=""461.33573""","=""0.00005""","=""461.335727""","=""0.000017""","=""590""","=""6.6e+06""","=""2.1e-02""","=""-1.68""",B,"=""0.96097009""","=""3.64772230""","=""3d4.4s2""","=""a 5D""","=""0""","=""3d4.(5D).4s.4p.(3P*)""","=""y 5P*""","=""1""",,"=""T4624,T4913""","=""L14866""",
"=""461.45106""","=""0.00006""","=""461.45110""","=""0.00004""","=""45""","=""5.1e+07""","=""1.5e-02""","=""-0.79""",D,"=""3.85036371""","=""6.53644421""","=""3d5.(2I).4s""","=""a 3I""","=""5""","=""3d4.(3G).4s.4p.(3P*)""","=""3G*""","=""4""",,"=""T3963""","=""L14866""",
"=""461.61240""","=""0.00005""","=""461.612404""","=""0.000011""","=""1360""","=""2.0e+07""","=""1.3e-02""","=""-1.18""",B,"=""0.98287742""","=""3.66801930""","=""3d4.4s2""","=""a 5D""","=""2""","=""3d4.(5D).4s.4p.(3P*)""","=""y 5P*""","=""2""",,"=""T4624,T4913""","=""L14866""",
"=""461.737""","=""0.003""","=""461.73701""","=""0.00003""","=""2""","=""6.6e+05""","=""1.9e-04""","=""-2.67""",D,"=""2.98256889""","=""5.66698616""","=""3d4.4s2""","=""a 3H""","=""5""","=""3d5.(4G).4p""","=""y 5H*""","=""6""",,"=""T2268""","=""L808""",
"=""461.95328""","=""0.00005""","=""461.953289""","=""0.000021""","=""190""","=""8.0e+07""","=""5.1e-02""","=""-0.59""",D,"=""2.98716595""","=""5.67032643""","=""3d4.4s2""","=""a 3P""","=""2""","=""3d5.(4P).4p""","=""y 3P*""","=""2""",,"=""T3963""","=""L14866""",
"=""462.24491""","=""0.00006""","=""462.24492""","=""0.00004""","=""83""","=""2.9e+08""","=""1.3e-01""","=""-0.04""",D,"=""3.55053095""","=""6.23199865""","=""3d5.(4D).4s""","=""a 3D""","=""3""","=""3d5.(4D).4p""","=""w 3D*""","=""3""",,"=""T4288""","=""L14866""",
"=""462.27475""","=""0.00006""","=""462.27478""","=""0.00004""","=""71""","=""3.3e+07""","=""2.1e-02""","=""-0.98""",D,"=""2.98716595""","=""5.66846045""","=""3d4.4s2""","=""a 3P""","=""2""","=""3d5.(4P).4p""","=""y 3P*""","=""1""",,"=""T4288""","=""L14866""",
"=""462.59217""","=""0.00005""","=""462.59220""","=""0.00004""","=""89""","=""1.6e+08""","=""3.9e-02""","=""-0.30""",D,"=""3.84961210""","=""6.52906678""","=""3d5.(2I).4s""","=""a 3I""","=""6""","=""3d4.(1I).4s.4p.(3P*)""","=""y 3I*""","=""6""",,"=""T4288""","=""L14866""",
"=""462.61734""","=""0.00005""","=""462.617342""","=""0.000015""","=""1100""","=""1.5e+07""","=""1.6e-02""","=""-1.32""",B,"=""0.96841324""","=""3.64772230""","=""3d4.4s2""","=""a 5D""","=""1""","=""3d4.(5D).4s.4p.(3P*)""","=""y 5P*""","=""1""",,"=""T4624,T4913""","=""L14866""",
"=""462.84607""","=""0.00018""","=""462.84595""","=""0.00004""","=""5""","=""1.3e+07""","=""4.7e-03""","=""-1.37""",D,"=""3.14419143""","=""5.82217714""","=""3d4.(5D).4s.4p.(3P*)""","=""z 7F*""","=""4""","=""3d4.4s.5s""","=""f 7D""","=""5""",,"=""T4288""","=""L14866""",
"=""463.32548""","=""0.00012""","=""463.32553""","=""0.00004""","=""13""","=""1.8e+07""","=""8.3e-03""","=""-1.24""",D,"=""3.12514546""","=""5.80035930""","=""3d4.(5D).4s.4p.(3P*)""","=""z 7F*""","=""3""","=""3d4.4s.5s""","=""f 7D""","=""4""",,"=""T4288""","=""L14866""",
"=""463.95071""","=""0.00008""","=""463.95068""","=""0.00004""","=""22""","=""6.6e+07""","=""4.3e-02""","=""-0.67""",D,"=""3.11067051""","=""5.78227967""","=""3d4.(5D).4s.4p.(3P*)""","=""z 7F*""","=""2""","=""3d4.4s.5s""","=""f 7D""","=""3""",,"=""T1621n""","=""L14866""",
"=""463.96675""","=""0.00016""","=""463.96691""","=""0.00006""","=""7""","=""3.8e+07""","=""1.8e-02""","=""-0.91""",D,"=""3.55053095""","=""6.2220467""","=""3d5.(4D).4s""","=""a 3D""","=""3""","=""3d5.(4D).4p""","=""w 3D*""","=""2""",,"=""T3963""","=""L14866""",
"=""464.149""","=""0.003""","=""464.1475""","=""0.0006""","=""3""","=""1.9e+07""","=""8.8e-03""","=""-1.21""",D,"=""4.2073736""","=""6.877850""","=""3d4.4s2""","=""c 3D""","=""3""","=""3d5.(4G).5p""","=""u 3F*""","=""2""",,"=""T3963""","=""L808""",
"=""464.19946""","=""0.00006""","=""464.19949""","=""0.00004""","=""51""","=""6.6e+07""","=""1.9e-02""","=""-0.67""",D,"=""3.85036371""","=""6.52054093""","=""3d5.(2I).4s""","=""a 3I""","=""5""","=""3d4.(1I).4s.4p.(3P*)""","=""y 3I*""","=""5""",,"=""T4288""","=""L14866""",
"=""464.61620""","=""0.00005""","=""464.616212""","=""0.000013""","=""2400""","=""6.1e+07""","=""2.2e-02""","=""-0.71""",B,"=""1.03000806""","=""3.69779039""","=""3d4.4s2""","=""a 5D""","=""4""","=""3d4.(5D).4s.4p.(3P*)""","=""y 5P*""","=""3""",,"=""T4624,T4913""","=""L14866""",
"=""464.64849""","=""0.00006""","=""464.648466""","=""0.000020""","=""37""","=""2.9e+07""","=""1.3e-02""","=""-1.03""",D,"=""3.07899825""","=""5.74659540""","=""3d5.(4G).4s""","=""a 3G""","=""3""","=""3d4.(3F1).4s.4p.(3P*)""","=""w 5D*""","=""2""",,"=""T3963""","=""L14866""",
"=""464.67747""","=""0.00006""","=""464.67747""","=""0.00004""","=""29""","=""3.9e+07""","=""4.2e-02""","=""-0.90""",D,"=""3.10092412""","=""5.76835475""","=""3d4.(5D).4s.4p.(3P*)""","=""z 7F*""","=""1""","=""3d4.4s.5s""","=""f 7D""","=""2""",,"=""T3963""","=""L14866""",
"=""464.81155""","=""0.00005""","=""464.81154""","=""0.00004""","=""157""","=""1.3e+07""","=""8.2e-03""","=""-1.39""",D,"=""2.54383615""","=""5.21049739""","=""3d5.(4G).4s""","=""a 5G""","=""2""","=""3d4.(3H).4s.4p.(3P*)""","=""z 5H*""","=""3""",,"=""T3963""","=""L14866""",
"=""464.833""","=""0.003""","=""464.83198""","=""0.00003""","=""2""","=""2.0e+06""","=""4.9e-04""","=""-2.20""",D,"=""3.00044215""","=""5.66698616""","=""3d4.4s2""","=""a 3H""","=""6""","=""3d5.(4G).4p""","=""y 5H*""","=""6""",,"=""T2268""","=""L808""",
"=""465.1291""","=""0.0004""","=""465.128365""","=""0.000013""","=""75""","=""1.1e+07""","=""7.0e-03""","=""-1.46""",B,"=""0.98287742""","=""3.64772230""","=""3d4.4s2""","=""a 5D""","=""2""","=""3d4.(5D).4s.4p.(3P*)""","=""y 5P*""","=""1""",,"=""T4624,T4913""","=""L9190""",
"=""465.21573""","=""0.00005""","=""465.215743""","=""0.000011""","=""1750""","=""2.9e+07""","=""1.3e-02""","=""-1.03""",B,"=""1.00367492""","=""3.66801930""","=""3d4.4s2""","=""a 5D""","=""3""","=""3d4.(5D).4s.4p.(3P*)""","=""y 5P*""","=""2""",,"=""T4913""","=""L14866""",
"=""465.47242""","=""0.00006""","=""465.47242""","=""0.00007""","=""29""","=""2.7e+07""","=""8.9e-02""","=""-1.05""",D,"=""3.0960208""","=""5.75889602""","=""3d4.(5D).4s.4p.(3P*)""","=""z 7F*""","=""0""","=""3d4.4s.5s""","=""f 7D""","=""1""",,"=""T3963""","=""L14866""",
"=""465.61834""","=""0.00006""","=""465.618342""","=""0.000020""","=""49""","=""2.29e+07""","=""8.27e-03""","=""-1.128""",B,"=""3.08689206""","=""5.74893273""","=""3d5.(4G).4s""","=""a 3G""","=""4""","=""3d4.(3F1).4s.4p.(3P*)""","=""w 5D*""","=""3""",,"=""u10""","=""L14866""",
"=""465.68141""","=""0.00016""","=""465.68137""","=""0.00007""","=""8""","=""1.2e+08""","=""3.6e-02""","=""-0.40""",D,"=""4.7780523""","=""7.4397327""","=""3d5.(2H).4s""","=""a 1H""","=""5""","=""3d5.(2G1).4p""","=""x 1H*""","=""5""",,"=""T3963""","=""L14866""",
"=""466.33112""","=""0.00006""","=""466.33111""","=""0.00004""","=""58""","=""6.0e+07""","=""6.5e-02""","=""-0.71""",D,"=""3.10092412""","=""5.75889602""","=""3d4.(5D).4s.4p.(3P*)""","=""z 7F*""","=""1""","=""3d4.4s.5s""","=""f 7D""","=""1""",,"=""T3963""","=""L14866""",
"=""466.59060""","=""0.00005""","=""466.59061""","=""0.00003""","=""86""","=""9.0e+07""","=""9.8e-02""","=""-0.53""",D,"=""3.55579538""","=""6.21228906""","=""3d5.(4D).4s""","=""a 3D""","=""1""","=""3d5.(4D).4p""","=""w 3D*""","=""1""",,"=""T3963""","=""L14866""",
"=""466.61974""","=""0.00006""","=""466.61977""","=""0.00003""","=""74""","=""3.2e+07""","=""1.2e-02""","=""-0.98""",D,"=""2.96741996""","=""5.62374764""","=""3d4.4s2""","=""a 3H""","=""4""","=""3d5.(4G).4p""","=""z 3H*""","=""4""",,"=""T3963""","=""L14866""",
"=""466.93166""","=""0.00006""","=""466.93168""","=""0.00004""","=""52""","=""9.99e+07""","=""2.97e-02""","=""-0.486""",B,"=""3.16762385""","=""5.82217714""","=""3d4.(5D).4s.4p.(3P*)""","=""z 7F*""","=""5""","=""3d4.4s.5s""","=""f 7D""","=""5""",,"=""u10""","=""L14866""",
"=""468.0864""","=""0.002""","=""468.08529""","=""0.00005""","=""35""","=""4.8e+07""","=""3.2e-02""","=""-0.80""",D,"=""3.0922396""","=""5.74025070""","=""3d4.4s2""","=""a 3F""","=""2""","=""3d4.(3F1).4s.4p.(3P*)""","=""w 5D*""","=""1""",,"=""T4288""","=""L808""",
"=""468.93565""","=""0.00006""","=""468.93566""","=""0.00004""","=""82""","=""1.2e+08""","=""5.4e-02""","=""-0.42""",D,"=""3.12514546""","=""5.76835475""","=""3d4.(5D).4s.4p.(3P*)""","=""z 7F*""","=""3""","=""3d4.4s.5s""","=""f 7D""","=""2""",,"=""T1621n""","=""L14866""",
"=""469.39387""","=""0.00006""","=""469.39388""","=""0.00003""","=""85""","=""3.7e+07""","=""1.1e-02""","=""-0.91""",D,"=""2.98256889""","=""5.62319793""","=""3d4.4s2""","=""a 3H""","=""5""","=""3d5.(4G).4p""","=""z 3H*""","=""5""",,"=""T4288""","=""L14866""",
"=""469.51446""","=""0.00006""","=""469.51449""","=""0.00003""","=""44""","=""2.0e+07""","=""5.9e-03""","=""-1.19""",D,"=""2.98256889""","=""5.62251964""","=""3d4.4s2""","=""a 3H""","=""5""","=""3d5.(4G).4p""","=""z 3H*""","=""6""",,"=""T4288""","=""L14866""",
"=""469.70499""","=""0.00005""","=""469.70514""","=""0.00013""","=""170""","=""2.6e+07""","=""1.3e-02""","=""-1.06""",D,"=""2.70791527""","=""5.3467945""","=""3d5.(4P).4s""","=""a 5P""","=""3""","=""3d5.(4P).4p""","=""z 5S*""","=""2""",,"=""T4288""","=""L14866""",
"=""469.73880""","=""0.00006""","=""469.73881""","=""0.00004""","=""27""","=""1.6e+07""","=""1.7e-02""","=""-1.29""",D,"=""3.36940787""","=""6.0080980""","=""3d5.(4P).4s""","=""b 3P""","=""1""","=""3d4.(3P1).4s.4p.(3P*)""","=""x 3P*""","=""2""",,"=""T3963""","=""L14866""",
"=""469.84599""","=""0.00005""","=""469.84597""","=""0.00004""","=""140""","=""1.5e+08""","=""5.7e-02""","=""-0.29""",D,"=""3.14419143""","=""5.78227967""","=""3d4.(5D).4s.4p.(3P*)""","=""z 7F*""","=""4""","=""3d4.4s.5s""","=""f 7D""","=""3""",,"=""T3963""","=""L14866""",
"=""469.89433""","=""0.00006""","=""469.894346""","=""0.000020""","=""23""","=""1.1e+07""","=""5.2e-03""","=""-1.44""",D,"=""3.07899825""","=""5.71681492""","=""3d5.(4G).4s""","=""a 3G""","=""3""","=""3d5.(4P).4p""","=""y 3D*""","=""2""",,"=""T3963""","=""L14866""",
"=""469.9585""","=""0.0004""","=""469.95867""","=""0.00015""","=""25""","=""1.2e+08""","=""5.5e-02""","=""-0.41""",D,"=""4.2073736""","=""6.8448292""","=""3d4.4s2""","=""c 3D""","=""3""","=""3d5.(2D1).4p""","=""v 3F*""","=""4""",,"=""T3963""","=""L9190""",
"=""470.06101""","=""0.00005""","=""470.06113""","=""0.00013""","=""86""","=""1.68e+07""","=""1.86e-02""","=""-1.254""",B,"=""2.70991379""","=""5.3467945""","=""3d5.(4P).4s""","=""a 5P""","=""1""","=""3d5.(4P).4p""","=""z 5S*""","=""2""",,"=""u10""","=""L14866""",
"=""470.60892""","=""0.00006""","=""470.608911""","=""0.000020""","=""38""","=""1.8e+07""","=""8.3e-03""","=""-1.24""",D,"=""3.11278390""","=""5.74659540""","=""3d4.4s2""","=""a 3F""","=""3""","=""3d4.(3F1).4s.4p.(3P*)""","=""w 5D*""","=""2""",,"=""T4288""","=""L14866""",
"=""470.77482""","=""0.00006""","=""470.77482""","=""0.00004""","=""30""","=""1.6e+07""","=""1.0e-02""","=""-1.29""",D,"=""3.37521461""","=""6.0080980""","=""3d5.(4P).4s""","=""b 3P""","=""2""","=""3d4.(3P1).4s.4p.(3P*)""","=""x 3P*""","=""2""",,"=""T3963""","=""L14866""",
"=""470.80125""","=""0.00005""","=""470.80126""","=""0.00003""","=""190""","=""3.88e+08""","=""1.17e-01""","=""0.110""",B,"=""3.16762385""","=""5.80035930""","=""3d4.(5D).4s.4p.(3P*)""","=""z 7F*""","=""5""","=""3d4.4s.5s""","=""f 7D""","=""4""",,"=""u10""","=""L14866""",
"=""471.76835""","=""0.00006""","=""471.76834""","=""0.00003""","=""25""","=""5.4e+06""","=""2.0e-03""","=""-1.74""",D,"=""3.12159404""","=""5.74893273""","=""3d4.4s2""","=""a 3F""","=""4""","=""3d4.(3F1).4s.4p.(3P*)""","=""w 5D*""","=""3""",,"=""T3963""","=""L14866""",
"=""471.84197""","=""0.00005""","=""471.84198""","=""0.00005""","=""230""","=""3.7e+08""","=""9.6e-02""","=""0.10""",D,"=""3.1952485""","=""5.82217714""","=""3d4.(5D).4s.4p.(3P*)""","=""z 7F*""","=""6""","=""3d4.4s.5s""","=""f 7D""","=""5""",,"=""T4288""","=""L14866""",
"=""472.26503""","=""0.00016""","=""472.26506""","=""0.00005""","=""6""","=""3.4e+06""","=""2.3e-03""","=""-1.94""",D,"=""3.0922396""","=""5.71681492""","=""3d4.4s2""","=""a 3F""","=""2""","=""3d5.(4P).4p""","=""y 3D*""","=""2""",,"=""T3963""","=""L14866""",
"=""472.30972""","=""0.00006""","=""472.30973""","=""0.00004""","=""75""","=""6.5e+07""","=""3.1e-02""","=""-0.66""",D,"=""3.07899825""","=""5.70332536""","=""3d5.(4G).4s""","=""a 3G""","=""3""","=""3d5.(4G).4p""","=""y 3F*""","=""3""",,"=""T1621n""","=""L14866""",
"=""472.44123""","=""0.00005""","=""472.44122""","=""0.00003""","=""95""","=""5.53e+07""","=""2.06e-02""","=""-0.733""",B,"=""3.08689206""","=""5.71048876""","=""3d5.(4G).4s""","=""a 3G""","=""4""","=""3d5.(4G).4p""","=""y 3F*""","=""4""",,"=""u10""","=""L14866""",
"=""472.71496""","=""0.00005""","=""472.71496""","=""0.00003""","=""130""","=""6.6e+07""","=""1.7e-02""","=""-0.65""",D,"=""3.00044215""","=""5.62251964""","=""3d4.4s2""","=""a 3H""","=""6""","=""3d5.(4G).4p""","=""z 3H*""","=""6""",,"=""T1621n""","=""L14866""",
"=""472.98413""","=""0.00012""","=""472.98414""","=""0.00007""","=""11""","=""5.1e+07""","=""3.4e-02""","=""-0.77""",D,"=""3.0922396""","=""5.71282481""","=""3d4.4s2""","=""a 3F""","=""2""","=""3d5.(4P).4p""","=""y 3D*""","=""1""",,"=""T1621n""","=""L14866""",
"=""473.07101""","=""0.00005""","=""473.07101""","=""0.00004""","=""290""","=""1.92e+08""","=""9.18e-02""","=""-0.192""",B,"=""3.07899825""","=""5.6991023""","=""3d5.(4G).4s""","=""a 3G""","=""3""","=""3d5.(4G).4p""","=""y 3F*""","=""2""",,"=""u10""","=""L14866""",
"=""473.73471""","=""0.00005""","=""473.73471""","=""0.00004""","=""360""","=""2.37e+08""","=""8.85e-02""","=""-0.099""",B,"=""3.08689206""","=""5.70332536""","=""3d5.(4G).4s""","=""a 3G""","=""4""","=""3d5.(4G).4p""","=""y 3F*""","=""3""",,"=""u10""","=""L14866""",
"=""474.1092""","=""0.002""","=""474.1101""","=""0.0009""","=""12""","=""1.1e+08""","=""1.2e-01""","=""-0.43""",D,"=""4.2038751""","=""6.818237""","=""3d4.4s2""","=""c 3D""","=""1""","=""3d5.(2D1).4p""","=""v 3F*""","=""2""",,"=""T3963""","=""L808""",
"=""474.3118""","=""0.004""","=""474.31106""","=""0.00011""","=""12w""","=""4.0e+07""","=""4.5e-02""","=""-0.87""",D,"=""4.20272344""","=""6.8159775""","=""3d4.(5D).4s.4p.(3P*)""","=""z 3P*""","=""1""","=""3d4.4s.5s""","=""e 3D""","=""2""",,"=""T3963""","=""L808""",
"=""474.53065""","=""0.00006""","=""474.53073""","=""0.00003""","=""33""","=""1.8e+07""","=""8.7e-03""","=""-1.22""",D,"=""2.70791527""","=""5.31995962""","=""3d5.(4P).4s""","=""a 5P""","=""3""","=""3d4.(3P1).4s.4p.(3P*)""","=""x 5D*""","=""4""",,"=""T1621n""","=""L14866""",
"=""475.20875""","=""0.00005""","=""475.20875""","=""0.00004""","=""210""","=""8.1e+08""","=""2.1e-01""","=""0.44""",D,"=""4.1860366""","=""6.7943542""","=""3d5.(2I).4s""","=""b 1I""","=""6""","=""3d4.(1I).4s.4p.(3P*)""","=""3K*""","=""6""",,"=""T3963""","=""L14866""",
"=""475.473""","=""0.003""","=""475.47397""","=""0.00007""","=""20""","=""1.3e+07""","=""8.8e-03""","=""-1.36""",D,"=""3.0922396""","=""5.6991023""","=""3d4.4s2""","=""a 3F""","=""2""","=""3d5.(4G).4p""","=""y 3F*""","=""2""",,"=""T3963""","=""L808""",
"=""475.51401""","=""0.00006""","=""475.51406""","=""0.00003""","=""37""","=""1.1e+07""","=""4.0e-03""","=""-1.45""",D,"=""3.01062753""","=""5.61727046""","=""3d5.(4D).4s""","=""b 5D""","=""4""","=""3d4.(3F1).4s.4p.(3P*)""","=""x 5F*""","=""5""",,"=""T3963""","=""L14866""",
"=""475.6118""","=""0.0006""","=""475.61118""","=""0.00003""","=""100*""","=""3.6e+08""","=""1.1e-01""","=""0.09""",D,"=""3.10437812""","=""5.71048876""","=""3d5.(4G).4s""","=""a 3G""","=""5""","=""3d5.(4G).4p""","=""y 3F*""","=""4""",,"=""T4288""","=""L9190""",
"=""475.7316""","=""0.0004""","=""475.7321""","=""0.0005""","=""15""","=""8.4e+07""","=""5.7e-02""","=""-0.54""",D,"=""4.23907331""","=""6.844522""","=""3d4.(5D).4s.4p.(3P*)""","=""z 3P*""","=""2""","=""3d4.4s.5s""","=""e 3D""","=""3""",,"=""T3963""","=""L9190""",
"=""475.75902""","=""0.00006""","=""475.75901""","=""0.00003""","=""35""","=""3.6e+07""","=""1.7e-02""","=""-0.92""",D,"=""3.55053095""","=""6.15583182""","=""3d5.(4D).4s""","=""a 3D""","=""3""","=""3d5.(4D).4p""","=""x 3F*""","=""3""",,"=""T3963""","=""L14866""",
"=""476.42940""","=""0.00005""","=""476.42941""","=""0.00003""","=""190""","=""1.5e+08""","=""7.4e-02""","=""-0.28""",D,"=""3.55053095""","=""6.15216585""","=""3d5.(4D).4s""","=""a 3D""","=""3""","=""3d5.(4D).4p""","=""x 3F*""","=""4""",,"=""T4288""","=""L14866""",
"=""476.46428""","=""0.00006""","=""476.46434""","=""0.00003""","=""25""","=""6.6e+06""","=""3.2e-03""","=""-1.65""",D,"=""3.01329987""","=""5.61474406""","=""3d5.(4D).4s""","=""b 5D""","=""3""","=""3d4.(3F1).4s.4p.(3P*)""","=""x 5F*""","=""4""",,"=""T3963""","=""L14866""",
"=""476.72662""","=""0.00006""","=""476.72665""","=""0.00003""","=""28""","=""2.8e+07""","=""1.9e-02""","=""-1.02""",D,"=""3.55614020""","=""6.15615299""","=""3d5.(4D).4s""","=""a 3D""","=""2""","=""3d5.(4D).4p""","=""x 3F*""","=""2""",,"=""T3963""","=""L14866""",
"=""476.78553""","=""0.00005""","=""476.78555""","=""0.00003""","=""98""","=""8.4e+07""","=""5.7e-02""","=""-0.54""",D,"=""3.55614020""","=""6.15583182""","=""3d5.(4D).4s""","=""a 3D""","=""2""","=""3d5.(4D).4p""","=""x 3F*""","=""3""",,"=""T4288""","=""L14866""",
"=""477.06725""","=""0.00008""","=""477.06733""","=""0.00003""","=""16""","=""6.9e+06""","=""4.7e-03""","=""-1.63""",D,"=""3.01279642""","=""5.61095253""","=""3d5.(4D).4s""","=""b 5D""","=""2""","=""3d4.(3F1).4s.4p.(3P*)""","=""x 5F*""","=""3""",,"=""T4288""","=""L14866""",
"=""477.51297""","=""0.00010""","=""477.51303""","=""0.00004""","=""15""","=""2.6e+07""","=""1.3e-02""","=""-1.05""",D,"=""3.55053095""","=""6.14626205""","=""3d5.(4D).4s""","=""a 3D""","=""3""","=""3d4.(3G).4s.4p.(3P*)""","=""w 5G*""","=""4""",,"=""T4288""","=""L14866""",
"=""478.9340""","=""0.0004""","=""478.93340""","=""0.00011""","=""75""","=""1.25e+08""","=""3.32e-02""","=""-0.365""",B,"=""2.54410014""","=""5.1321332""","=""3d5.(4G).4s""","=""a 5G""","=""6""","=""3d4.(5D).4s.4p.(1P*)""","=""y 5F*""","=""5""",,"=""u10""","=""L9190""",
"=""479.2512""","=""0.0004""","=""479.25094""","=""0.00004""","=""75""","=""1.3e+08""","=""6.4e-02""","=""-0.35""",D,"=""3.11278390""","=""5.6991023""","=""3d4.4s2""","=""a 3F""","=""3""","=""3d5.(4G).4p""","=""y 3F*""","=""2""",,"=""T1621n""","=""L9190""",
"=""479.6145""","=""0.004""","=""479.6155""","=""0.0003""","=""40w""","=""1.4e+08""","=""5.5e-02""","=""-0.31""",D,"=""4.19265380""","=""6.7770062""","=""3d4.(5D).4s.4p.(3P*)""","=""z 5D*""","=""4""","=""""","=""e 5F""","=""5""",,"=""T3963""","=""L808""",
"=""479.76957""","=""0.00017""","=""479.76968""","=""0.00005""","=""7""","=""9.1e+06""","=""6.3e-03""","=""-1.50""",D,"=""3.55614020""","=""6.13966216""","=""3d5.(4D).4s""","=""a 3D""","=""2""","=""3d4.(3G).4s.4p.(3P*)""","=""w 5G*""","=""3""",,"=""T3963""","=""L14866""",
"=""480.1028""","=""0.0004""","=""480.10245""","=""0.00005""","=""75""","=""2.14e+08""","=""8.23e-02""","=""-0.130""",B,"=""3.12159404""","=""5.70332536""","=""3d4.4s2""","=""a 3F""","=""4""","=""3d5.(4G).4p""","=""y 3F*""","=""3""",,"=""u10""","=""L9190""",
"=""480.62500""","=""0.00012""","=""480.62512""","=""0.00003""","=""13""","=""3.9e+06""","=""2.7e-03""","=""-1.87""",D,"=""2.70878630""","=""5.28771005""","=""3d5.(4P).4s""","=""a 5P""","=""2""","=""3d4.(3P1).4s.4p.(3P*)""","=""x 5D*""","=""3""",,"=""T3963""","=""L14866""",
"=""481.07307""","=""0.00013""","=""481.07322""","=""0.00003""","=""13""","=""1.4e+07""","=""7.1e-03""","=""-1.30""",D,"=""3.07899825""","=""5.65551992""","=""3d5.(4G).4s""","=""a 3G""","=""3""","=""3d5.(4G).4p""","=""y 5H*""","=""4""",,"=""T2268""","=""L14866""",
"=""481.42657""","=""0.00008""","=""481.42661""","=""0.00003""","=""21""","=""1.77e+07""","=""6.84e-03""","=""-1.211""",C,"=""3.08689206""","=""5.66152243""","=""3d5.(4G).4s""","=""a 3G""","=""4""","=""3d5.(4G).4p""","=""y 5H*""","=""5""",,"=""T2268""","=""L14866""",
"=""481.61390""","=""0.00015""","=""481.61392""","=""0.00009""","=""9""","=""1.6e+08""","=""6.3e-02""","=""-0.25""",D,"=""4.5350512""","=""7.1086803""","=""3d5.(2F2).4s""","=""d 3F""","=""4""","=""3d4.(3D).4s.4p.(3P*)""","=""t 3F*""","=""4""",,"=""T4288""","=""L14866""",
"=""481.930""","=""0.003""","=""481.93126""","=""0.00021""","=""4""","=""9.1e+07""","=""4.5e-02""","=""-0.50""",D,"=""4.0989996""","=""6.6709340""","=""3d5.(2F1).4s""","=""b 3F""","=""3""","=""3d3.(4F).4s2.4p""","=""v 3G*""","=""3""",,"=""T3963""","=""L808""",
"=""482.39219""","=""0.00019""","=""482.39222""","=""0.00014""","=""5""","=""8.4e+07""","=""4.2e-02""","=""-0.53""",D,"=""4.5318872""","=""7.1013640""","=""3d5.(2F2).4s""","=""d 3F""","=""3""","=""3d4.(3D).4s.4p.(3P*)""","=""t 3F*""","=""3""",,"=""T3963""","=""L14866""",
"=""482.5517""","=""0.0002""","=""482.55165""","=""0.00003""","=""4""","=""3.2e+06""","=""1.3e-03""","=""-1.95""",D,"=""3.08689206""","=""5.65551992""","=""3d5.(4G).4s""","=""a 3G""","=""4""","=""3d5.(4G).4p""","=""y 5H*""","=""4""",,"=""T2268""","=""L14866""",
"=""483.1648""","=""0.0004""","=""483.16423""","=""0.00004""","=""15""","=""1.1e+07""","=""5.4e-03""","=""-1.42""",D,"=""3.42162179""","=""5.98699306""","=""3d4.4s2""","=""b 3G""","=""3""","=""3d4.(3H).4s.4p.(3P*)""","=""y 3H*""","=""4""",,"=""T3963""","=""L9190""",
"=""483.68515""","=""0.00007""","=""483.68523""","=""0.00003""","=""29""","=""2.08e+07""","=""6.64e-03""","=""-1.137""",B,"=""3.10437812""","=""5.66698616""","=""3d5.(4G).4s""","=""a 3G""","=""5""","=""3d5.(4G).4p""","=""y 5H*""","=""6""",,"=""u10""","=""L14866""",
"=""483.8418""","=""0.002""","=""483.8422""","=""0.0003""","=""15""","=""5.5e+07""","=""3.9e-02""","=""-0.71""",D,"=""4.5326696""","=""7.0944465""","=""3d5.(2F2).4s""","=""d 3F""","=""2""","=""3d4.(3D).4s.4p.(3P*)""","=""t 3F*""","=""2""",,"=""T3963""","=""L808""",
"=""487.07975""","=""0.00007""","=""487.07970""","=""0.00003""","=""47""","=""3.2e+08""","=""1.6e-01""","=""0.05""",D,"=""3.07899825""","=""5.62374764""","=""3d5.(4G).4s""","=""a 3G""","=""3""","=""3d5.(4G).4p""","=""z 3H*""","=""4""",,"=""T1426n""","=""L14866""",
"=""487.46522""","=""0.00017""","=""487.46539""","=""0.00004""","=""6""","=""6.2e+06""","=""3.2e-03""","=""-1.65""",D,"=""3.11278390""","=""5.65551992""","=""3d4.4s2""","=""a 3F""","=""3""","=""3d5.(4G).4p""","=""y 5H*""","=""4""",,"=""T2268""","=""L14866""",
"=""488.004""","=""0.003""","=""488.00424""","=""0.00004""","=""22""","=""8.9e+06""","=""3.5e-03""","=""-1.50""",D,"=""3.12159404""","=""5.66152243""","=""3d4.4s2""","=""a 3F""","=""4""","=""3d5.(4G).4p""","=""y 5H*""","=""5""",,"=""T4288""","=""L808""",
"=""488.57694""","=""0.00007""","=""488.577038""","=""0.000019""","=""64""","=""2.46e+07""","=""1.26e-02""","=""-1.055""",B,"=""2.54426770""","=""5.08121834""","=""3d5.(4G).4s""","=""a 5G""","=""3""","=""3d4.(5D).4s.4p.(1P*)""","=""x 5P*""","=""2""",,"=""u10""","=""L14866""",
"=""488.5952""","=""0.0002""","=""488.59535""","=""0.00003""","=""5""","=""2.20e+07""","=""8.74e-03""","=""-1.104""",B,"=""3.08689206""","=""5.62374764""","=""3d5.(4G).4s""","=""a 3G""","=""4""","=""3d5.(4G).4p""","=""z 3H*""","=""4""",,"=""u10""","=""L14866""",
"=""488.70123""","=""0.00007""","=""488.70124""","=""0.00003""","=""75""","=""3.5e+08""","=""1.4e-01""","=""0.10""",D,"=""3.08689206""","=""5.62319793""","=""3d5.(4G).4s""","=""a 3G""","=""4""","=""3d5.(4G).4p""","=""z 3H*""","=""5""",,"=""T1426n""","=""L14866""",
"=""490.32344""","=""0.00015""","=""490.32374""","=""0.00022""","=""9""","=""2.2e+07""","=""1.6e-02""","=""-1.10""",D,"=""2.54383615""","=""5.0717494""","=""3d5.(4G).4s""","=""a 5G""","=""2""","=""3d4.(5D).4s.4p.(1P*)""","=""y 5F*""","=""1""",,"=""T1621n""","=""L14866""",
"=""492.22647""","=""0.00005""","=""492.22649""","=""0.00003""","=""230""","=""5.2e+08""","=""1.7e-01""","=""0.28""",D,"=""3.10437812""","=""5.62251964""","=""3d5.(4G).4s""","=""a 3G""","=""5""","=""3d5.(4G).4p""","=""z 3H*""","=""6""",,"=""T1426n""","=""L14866""",
"=""493.63354""","=""0.00007""","=""493.63357""","=""0.00003""","=""58""","=""1.3e+08""","=""6.6e-02""","=""-0.34""",D,"=""3.11278390""","=""5.62374764""","=""3d4.4s2""","=""a 3F""","=""3""","=""3d5.(4G).4p""","=""z 3H*""","=""4""",,"=""T1621n""","=""L14866""",
"=""494.24952""","=""0.00005""","=""494.249538""","=""0.000020""","=""220""","=""1.39e+06""","=""1.02e-03""","=""-2.294""",B,"=""0.94143042""","=""3.44926489""","=""3d5.(6S).4s""","=""a 5S""","=""2""","=""3d4.(5D).4s.4p.(3P*)""","=""y 7P*""","=""3""",,"=""T4624""","=""L14866""",
"=""494.4562""","=""0.0004""","=""494.45650""","=""0.00005""","=""2""","=""3.9e+07""","=""2.9e-02""","=""-0.84""",D,"=""3.84701382""","=""6.3537986""","=""3d5.(2D3).4s""","=""b 3D""","=""2""","=""3d5.(4D).4p""","=""w 3P*""","=""1""",,"=""T4288""","=""L14866""",
"=""495.3717""","=""0.0002""","=""495.37169""","=""0.00004""","=""4""","=""7.6e+06""","=""3.1e-03""","=""-1.55""",D,"=""3.12159404""","=""5.62374764""","=""3d4.4s2""","=""a 3F""","=""4""","=""3d5.(4G).4p""","=""z 3H*""","=""4""",,"=""T4288""","=""L14866""",
"=""495.48055""","=""0.00007""","=""495.48055""","=""0.00004""","=""78""","=""1.3e+08""","=""5.4e-02""","=""-0.31""",D,"=""3.12159404""","=""5.62319793""","=""3d4.4s2""","=""a 3F""","=""4""","=""3d5.(4G).4p""","=""z 3H*""","=""5""",,"=""T1621n""","=""L14866""",
"=""496.49271""","=""0.00005""","=""496.49274""","=""0.00003""","=""130""","=""8.05e+05""","=""5.95e-04""","=""-2.526""",B,"=""0.94143042""","=""3.43793441""","=""3d5.(6S).4s""","=""a 5S""","=""2""","=""3d4.(5D).4s.4p.(3P*)""","=""y 7P*""","=""2""",,"=""T4624""","=""L14866""",
"=""496.680""","=""0.003""","=""496.67950""","=""0.00010""","=""25""","=""3.0e+07""","=""3.7e-02""","=""-0.95""",D,"=""3.84955423""","=""6.3451195""","=""3d5.(2D3).4s""","=""b 3D""","=""1""","=""3d5.(4D).4p""","=""w 3P*""","=""0""",,"=""T4288""","=""L808""",
"=""501.33136""","=""0.00007""","=""501.33144""","=""0.00003""","=""44""","=""3.2e+07""","=""1.7e-02""","=""-0.93""",D,"=""2.70791527""","=""5.18032406""","=""3d5.(4P).4s""","=""a 5P""","=""3""","=""3d4.(5D).4s.4p.(1P*)""","=""y 5D*""","=""4""",,"=""T1621n""","=""L14866""",
"=""503.254""","=""0.003""","=""503.25478""","=""0.00008""","=""12""","=""3.0e+07""","=""8.8e-03""","=""-0.94""",E,"=""4.4552365""","=""6.9181964""","=""3d5.(2H).4s""","=""b 3H""","=""6""","=""3d5.(2I).4p""","=""x 3I*""","=""7""",,"=""T4913""","=""L808""",
"=""503.465""","=""0.003""","=""503.46575""","=""0.00010""","=""7""","=""2.2e+07""","=""7.6e-03""","=""-1.08""",E,"=""4.4490806""","=""6.9110084""","=""3d5.(2H).4s""","=""b 3H""","=""5""","=""3d5.(2I).4p""","=""x 3I*""","=""6""",,"=""T4913""","=""L808""",
"=""504.504""","=""0.003""","=""504.50520""","=""0.00010""","=""6""","=""2.0e+07""","=""8.4e-03""","=""-1.12""",D,"=""4.4473700""","=""6.9042255""","=""3d5.(2H).4s""","=""b 3H""","=""4""","=""3d5.(2I).4p""","=""x 3I*""","=""5""",,"=""T2268""","=""L808""",
"=""505.18970""","=""0.00003""","=""505.18974""","=""0.00003""","=""115""","=""2.70e+05""","=""2.07e-04""","=""-2.985""",B,"=""0.94143042""","=""3.39495688""","=""3d5.(6S).4s""","=""a 5S""","=""2""","=""3d4.(5D).4s.4p.(3P*)""","=""z 7D*""","=""2""",,"=""T4624""","=""L14866""",
"=""507.29259""","=""0.00003""","=""507.292621""","=""0.000023""","=""200""","=""4.77e+05""","=""3.68e-04""","=""-2.735""",B,"=""0.94143042""","=""3.38478638""","=""3d5.(6S).4s""","=""a 5S""","=""2""","=""3d4.(5D).4s.4p.(3P*)""","=""z 7D*""","=""1""",,"=""T4624""","=""L14866""",
"=""511.24846""","=""0.00005""","=""511.24846""","=""0.00003""","=""25""","=""5.1e+04""","=""2.9e-05""","=""-3.70""",D,"=""1.00367492""","=""3.42812540""","=""3d4.4s2""","=""a 5D""","=""3""","=""3d4.(5D).4s.4p.(3P*)""","=""z 7D*""","=""4""",,"=""T4288""","=""L14866""",
"=""512.34603""","=""0.00003""","=""512.346021""","=""0.000016""","=""88""","=""2.8e+05""","=""1.2e-04""","=""-2.96""",D,"=""1.03000806""","=""3.44926489""","=""3d4.4s2""","=""a 5D""","=""4""","=""3d4.(5D).4s.4p.(3P*)""","=""y 7P*""","=""3""",,"=""T4288""","=""L14866""",
"=""513.96457""","=""0.00005""","=""513.96456""","=""0.00004""","=""75""","=""9.1e+07""","=""5.2e-02""","=""-0.44""",D,"=""3.42162179""","=""5.83326016""","=""3d4.4s2""","=""b 3G""","=""3""","=""3d5.(4G).4p""","=""y 3G*""","=""3""",,"=""T1621n""","=""L14866""",
"=""517.74019""","=""0.00008""","=""517.74018""","=""0.00004""","=""20""","=""6.7e+07""","=""3.0e-02""","=""-0.57""",D,"=""3.42812540""","=""5.82217714""","=""3d4.(5D).4s.4p.(3P*)""","=""z 7D*""","=""4""","=""3d4.4s.5s""","=""f 7D""","=""5""",,"=""T1621n""","=""L14866""",
"=""519.19947""","=""0.00005""","=""519.19951""","=""0.00003""","=""34""","=""9.8e+07""","=""7.9e-02""","=""-0.40""",D,"=""3.39495688""","=""5.78227967""","=""3d4.(5D).4s.4p.(3P*)""","=""z 7D*""","=""2""","=""3d4.4s.5s""","=""f 7D""","=""3""",,"=""T1621n""","=""L14866""",
"=""519.34917""","=""0.00005""","=""519.34920""","=""0.00003""","=""27""","=""4.7e+07""","=""2.7e-02""","=""-0.72""",D,"=""3.42162179""","=""5.80825650""","=""3d4.4s2""","=""b 3G""","=""3""","=""3d4.(3H).4s.4p.(3P*)""","=""z 3G*""","=""3""",,"=""T1621n""","=""L14866""",
"=""519.64461""","=""0.00003""","=""519.644629""","=""0.000022""","=""210""","=""1.3e+08""","=""4.9e-02""","=""-0.27""",D,"=""3.44884096""","=""5.83411881""","=""3d4.4s2""","=""b 3G""","=""5""","=""3d5.(4G).4p""","=""y 3G*""","=""5""",,"=""T2268""","=""L14866""",
"=""520.01728""","=""0.00005""","=""520.01732""","=""0.00003""","=""24""","=""5.5e+07""","=""7.4e-02""","=""-0.65""",D,"=""3.38478638""","=""5.76835475""","=""3d4.(5D).4s.4p.(3P*)""","=""z 7D*""","=""1""","=""3d4.4s.5s""","=""f 7D""","=""2""",,"=""T4288""","=""L14866""",
"=""520.44981""","=""0.0009""","=""520.45110""","=""0.00003""","=""5900q""","=""1.53e+08""","=""1.24e-01""","=""-0.207""",B,"=""0.94143042""","=""3.32301220""","=""3d5.(6S).4s""","=""a 5S""","=""2""","=""3d5.(6S).4p""","=""z 5P*""","=""1""",,"=""T4624,T4913""","=""L14866""",
"=""520.60229""","=""0.0009""","=""520.603733""","=""0.000025""","=""7100q""","=""2.57e+08""","=""2.09e-01""","=""0.019""",B,"=""0.94143042""","=""3.32231395""","=""3d5.(6S).4s""","=""a 5S""","=""2""","=""3d5.(6S).4p""","=""z 5P*""","=""2""",,"=""T4624,T4913""","=""L14866""",
"=""520.84094""","=""0.0009""","=""520.842555""","=""0.000022""","=""7800q""","=""3.54e+08""","=""2.88e-01""","=""0.159""",B,"=""0.94143042""","=""3.32122225""","=""3d5.(6S).4s""","=""a 5S""","=""2""","=""3d5.(6S).4p""","=""z 5P*""","=""3""",,"=""T4624,T4913""","=""L14866""",
"=""521.41312""","=""0.00005""","=""521.413165""","=""0.000022""","=""57""","=""4.4e+07""","=""6.0e-02""","=""-0.74""",D,"=""3.36940787""","=""5.74659540""","=""3d5.(4P).4s""","=""b 3P""","=""1""","=""3d4.(3F1).4s.4p.(3P*)""","=""w 5D*""","=""2""",,"=""T4288""","=""L14866""",
"=""523.89608""","=""0.00008""","=""523.896175""","=""0.000019""","=""22""","=""1.20e+07""","=""9.91e-03""","=""-1.305""",B,"=""2.70878630""","=""5.07470726""","=""3d5.(4P).4s""","=""a 5P""","=""2""","=""3d4.(5D).4s.4p.(1P*)""","=""x 5P*""","=""1""",,"=""u10""","=""L14866""",
"=""524.1458""","=""0.0002""","=""524.145962""","=""0.000019""","=""5""","=""2.0e+06""","=""2.8e-03""","=""-2.08""",D,"=""2.70991379""","=""5.07470726""","=""3d5.(4P).4s""","=""a 5P""","=""1""","=""3d4.(5D).4s.4p.(1P*)""","=""x 5P*""","=""1""",,"=""T4288""","=""L14866""",
"=""524.33539""","=""0.00006""","=""524.33539""","=""0.00004""","=""26""","=""6.57e+07""","=""5.42e-02""","=""-0.567""",B,"=""3.39495688""","=""5.75889602""","=""3d4.(5D).4s.4p.(3P*)""","=""z 7D*""","=""2""","=""3d4.4s.5s""","=""f 7D""","=""1""",,"=""u10""","=""L14866""",
"=""524.75646""","=""0.00003""","=""524.756509""","=""0.000022""","=""1250""","=""5.7e+06""","=""2.4e-02""","=""-1.63""",B,"=""0.96097009""","=""3.32301220""","=""3d4.4s2""","=""a 5D""","=""0""","=""3d5.(6S).4p""","=""z 5P*""","=""1""",,"=""T4624,T4913""","=""L14866""",
"=""526.17505""","=""0.00006""","=""526.17509""","=""0.00003""","=""24""","=""1.2e+08""","=""6.9e-02""","=""-0.31""",D,"=""3.69779039""","=""6.05346444""","=""3d4.(5D).4s.4p.(3P*)""","=""y 5P*""","=""3""","=""3d4.4s.5s""","=""f 5D""","=""4""",,"=""T1621n""","=""L14866""",
"=""526.41530""","=""0.00003""","=""526.415341""","=""0.000017""","=""2600""","=""1.2e+07""","=""1.7e-02""","=""-1.29""",B,"=""0.96841324""","=""3.32301220""","=""3d4.4s2""","=""a 5D""","=""1""","=""3d5.(6S).4p""","=""z 5P*""","=""1""",,"=""T4624,T4913""","=""L14866""",
"=""526.57143""","=""0.00003""","=""526.571497""","=""0.000014""","=""1050""","=""4.2e+06""","=""5.9e-03""","=""-1.75""",B,"=""0.96841324""","=""3.32231395""","=""3d4.4s2""","=""a 5D""","=""1""","=""3d5.(6S).4p""","=""z 5P*""","=""2""",,"=""T4624,T4913""","=""L14866""",
"=""527.19995""","=""0.00006""","=""527.20003""","=""0.00003""","=""33""","=""9.09e+07""","=""5.41e-02""","=""-0.421""",B,"=""3.44926489""","=""5.80035930""","=""3d4.(5D).4s.4p.(3P*)""","=""y 7P*""","=""3""","=""3d4.4s.5s""","=""f 7D""","=""4""",,"=""u10""","=""L14866""",
"=""528.71780""","=""0.00014""","=""528.71780""","=""0.00003""","=""12""","=""2.95e+07""","=""2.48e-02""","=""-0.907""",B,"=""3.43793441""","=""5.78227967""","=""3d4.(5D).4s.4p.(3P*)""","=""y 7P*""","=""2""","=""3d4.4s.5s""","=""f 7D""","=""3""",,"=""u10""","=""L14866""",
"=""529.33761""","=""0.00014""","=""529.33760""","=""0.00003""","=""11""","=""1.0e+07""","=""8.8e-03""","=""-1.36""",D,"=""3.37521461""","=""5.71681492""","=""3d5.(4P).4s""","=""b 3P""","=""2""","=""3d5.(4P).4p""","=""y 3D*""","=""2""",,"=""T4288""","=""L14866""",
"=""529.66905""","=""0.00003""","=""529.669109""","=""0.000017""","=""2100""","=""9.3e+06""","=""7.8e-03""","=""-1.41""",B,"=""0.98287742""","=""3.32301220""","=""3d4.4s2""","=""a 5D""","=""2""","=""3d5.(6S).4p""","=""z 5P*""","=""1""",,"=""T4624,T4913""","=""L14866""",
"=""529.73762""","=""0.00003""","=""529.737623""","=""0.000020""","=""460""","=""3.49e+08""","=""2.10e-01""","=""0.167""",B,"=""2.89953685""","=""5.23936898""","=""3d5.(6S).4p""","=""z 7P*""","=""3""","=""3d5.(6S).4d""","=""e 7D""","=""4""",,"=""u10""","=""L14866""",
"=""529.80143""","=""0.00003""","=""529.801460""","=""0.000020""","=""340""","=""2.1e+08""","=""1.3e-01""","=""-0.05""",D,"=""2.89953685""","=""5.23908705""","=""3d5.(6S).4p""","=""z 7P*""","=""3""","=""3d5.(6S).4d""","=""e 7D""","=""3""",,"=""T4288""","=""L14866""",
"=""529.82715""","=""0.00003""","=""529.827202""","=""0.000014""","=""3540""","=""1.6e+07""","=""1.4e-02""","=""-1.16""",B,"=""0.98287742""","=""3.32231395""","=""3d4.4s2""","=""a 5D""","=""2""","=""3d5.(6S).4p""","=""z 5P*""","=""2""",,"=""T4624,T4913""","=""L14866""",
"=""530.07451""","=""0.00003""","=""530.074563""","=""0.000014""","=""530""","=""1.8e+06""","=""1.5e-03""","=""-2.13""",B,"=""0.98287742""","=""3.32122225""","=""3d4.4s2""","=""a 5D""","=""2""","=""3d5.(6S).4p""","=""z 5P*""","=""3""",,"=""T4624,T4913""","=""L14866""",
"=""530.41796""","=""0.00008""","=""530.41800""","=""0.00004""","=""19""","=""4.82e+07""","=""2.26e-02""","=""-0.692""",B,"=""3.46352849""","=""5.80035930""","=""3d4.(5D).4s.4p.(3P*)""","=""y 7P*""","=""4""","=""3d4.4s.5s""","=""f 7D""","=""4""",,"=""u10""","=""L14866""",
"=""531.28557""","=""0.00006""","=""531.28560""","=""0.00003""","=""27""","=""6.48e+07""","=""3.92e-02""","=""-0.562""",B,"=""3.44926489""","=""5.78227967""","=""3d4.(5D).4s.4p.(3P*)""","=""y 7P*""","=""3""","=""3d4.4s.5s""","=""f 7D""","=""3""",,"=""u10""","=""L14866""",
"=""531.87707""","=""0.00008""","=""531.87708""","=""0.00004""","=""21""","=""4.84e+07""","=""4.10e-02""","=""-0.688""",B,"=""3.43793441""","=""5.76835475""","=""3d4.(5D).4s.4p.(3P*)""","=""y 7P*""","=""2""","=""3d4.4s.5s""","=""f 7D""","=""2""",,"=""u10""","=""L14866""",
"=""532.83238""","=""0.00003""","=""532.832346""","=""0.000020""","=""930""","=""6.8e+08""","=""3.2e-01""","=""0.46""",D,"=""2.91348182""","=""5.23972421""","=""3d5.(6S).4p""","=""z 7P*""","=""4""","=""3d5.(6S).4d""","=""e 7D""","=""5""",,"=""T1426n""","=""L14866""",
"=""532.91370""","=""0.00003""","=""532.913725""","=""0.000020""","=""290""","=""2.02e+08""","=""9.59e-02""","=""-0.064""",B,"=""2.91348182""","=""5.23936898""","=""3d5.(6S).4p""","=""z 7P*""","=""4""","=""3d5.(6S).4d""","=""e 7D""","=""4""",,"=""u10""","=""L14866""",
"=""532.97831""","=""0.00006""","=""532.97833""","=""0.00003""","=""51""","=""3.77e+07""","=""1.78e-02""","=""-0.795""",B,"=""2.91348182""","=""5.23908705""","=""3d5.(6S).4p""","=""z 7P*""","=""4""","=""3d5.(6S).4d""","=""e 7D""","=""3""",,"=""u10""","=""L14866""",
"=""534.04469""","=""0.00009""","=""534.04469""","=""0.00004""","=""19""","=""4.35e+07""","=""3.72e-02""","=""-0.730""",B,"=""3.43793441""","=""5.75889602""","=""3d4.(5D).4s.4p.(3P*)""","=""y 7P*""","=""2""","=""3d4.4s.5s""","=""f 7D""","=""1""",,"=""u10""","=""L14866""",
"=""534.47564""","=""0.00014""","=""534.47572""","=""0.00003""","=""10""","=""2.0e+07""","=""1.3e-02""","=""-1.06""",D,"=""3.44926489""","=""5.76835475""","=""3d4.(5D).4s.4p.(3P*)""","=""y 7P*""","=""3""","=""3d4.4s.5s""","=""f 7D""","=""2""",,"=""T4288""","=""L14866""",
"=""534.57959""","=""0.00003""","=""534.579650""","=""0.000015""","=""5100""","=""2.4e+07""","=""1.5e-02""","=""-0.98""",B,"=""1.00367492""","=""3.32231395""","=""3d4.4s2""","=""a 5D""","=""3""","=""3d5.(6S).4p""","=""z 5P*""","=""2""",,"=""T4624,T4913""","=""L14866""",
"=""534.83141""","=""0.00003""","=""534.831470""","=""0.000015""","=""3200""","=""1.2e+07""","=""7.3e-03""","=""-1.29""",B,"=""1.00367492""","=""3.32122225""","=""3d4.4s2""","=""a 5D""","=""3""","=""3d5.(6S).4p""","=""z 5P*""","=""3""",,"=""T4624,T4913""","=""L14866""",
"=""540.05967""","=""0.00003""","=""540.059689""","=""0.000021""","=""110""","=""8.0e+07""","=""7.0e-02""","=""-0.46""",D,"=""3.37521461""","=""5.67032643""","=""3d5.(4P).4s""","=""b 3P""","=""2""","=""3d5.(4P).4p""","=""y 3P*""","=""2""",,"=""T1621n""","=""L14866""",
"=""540.97834""","=""0.00003""","=""540.978408""","=""0.000015""","=""8500""","=""4.3e+07""","=""2.1e-02""","=""-0.72""",B,"=""1.03000806""","=""3.32122225""","=""3d4.4s2""","=""a 5D""","=""4""","=""3d5.(6S).4p""","=""z 5P*""","=""3""",,"=""T4624,T4913""","=""L14866""",
"=""544.24069""","=""0.00009""","=""544.24066""","=""0.00005""","=""21""","=""2.0e+07""","=""1.2e-02""","=""-1.06""",D,"=""3.42162179""","=""5.6991023""","=""3d4.4s2""","=""b 3G""","=""3""","=""3d5.(4G).4p""","=""y 3F*""","=""2""",,"=""T4288""","=""L14866""",
"=""554.861""","=""0.003""","=""554.85867""","=""0.00005""","=""15""","=""1.7e+06""","=""1.1e-03""","=""-2.10""",D,"=""3.42162179""","=""5.65551992""","=""3d4.4s2""","=""b 3G""","=""3""","=""3d5.(4G).4p""","=""y 5H*""","=""4""",,"=""T2268""","=""L808""",
"=""556.655""","=""0.003""","=""556.65430""","=""0.00005""","=""20""","=""1.6e+06""","=""8.5e-04""","=""-2.12""",D,"=""3.43483025""","=""5.66152243""","=""3d4.4s2""","=""b 3G""","=""4""","=""3d5.(4G).4p""","=""y 5H*""","=""5""",,"=""T2268""","=""L808""",
"=""558.160""","=""0.003""","=""558.15895""","=""0.00005""","=""15""","=""1.7e+06""","=""8.9e-04""","=""-2.10""",E,"=""3.43483025""","=""5.65551992""","=""3d4.4s2""","=""b 3G""","=""4""","=""3d5.(4G).4p""","=""y 5H*""","=""4""",,"=""T2268""","=""L808""",
"=""558.805""","=""0.003""","=""558.79923""","=""0.00005""","=""30""","=""1.4e+06""","=""6.1e-04""","=""-2.17""",E,"=""3.44884096""","=""5.66698616""","=""3d4.4s2""","=""b 3G""","=""5""","=""3d5.(4G).4p""","=""y 5H*""","=""6""",,"=""T2268""","=""L808""",
"=""562.86425""","=""0.00006""","=""562.86426""","=""0.00004""","=""44""","=""3.56e+07""","=""2.41e-02""","=""-0.772""",B,"=""3.42162179""","=""5.62374764""","=""3d4.4s2""","=""b 3G""","=""3""","=""3d5.(4G).4p""","=""z 3H*""","=""4""",,"=""u10""","=""L14866""",
"=""564.2359""","=""0.0002""","=""564.23588""","=""0.00004""","=""7""","=""3.1e+07""","=""1.6e-02""","=""-0.84""",D,"=""3.85669178""","=""6.05346444""","=""3d4.(5D).4s.4p.(3P*)""","=""z 5F*""","=""4""","=""3d4.4s.5s""","=""f 5D""","=""4""",,"=""T4288""","=""L14866""",
"=""564.8261""","=""0.0002""","=""564.82612""","=""0.00006""","=""6""","=""2.1e+07""","=""2.0e-02""","=""-1.00""",D,"=""3.82599758""","=""6.02047467""","=""3d4.(5D).4s.4p.(3P*)""","=""z 5F*""","=""2""","=""3d4.4s.5s""","=""f 5D""","=""2""",,"=""T4288""","=""L14866""",
"=""564.9386""","=""0.0002""","=""564.93856""","=""0.00004""","=""8""","=""3.6e+07""","=""2.4e-02""","=""-0.77""",D,"=""3.83921781""","=""6.03325810""","=""3d4.(5D).4s.4p.(3P*)""","=""z 5F*""","=""3""","=""3d4.4s.5s""","=""f 5D""","=""3""",,"=""T4288""","=""L14866""",
"=""569.47404""","=""0.00006""","=""569.47407""","=""0.00004""","=""32""","=""9.8e+07""","=""5.3e-02""","=""-0.32""",D,"=""3.85669178""","=""6.03325810""","=""3d4.(5D).4s.4p.(3P*)""","=""z 5F*""","=""4""","=""3d4.4s.5s""","=""f 5D""","=""3""",,"=""T4288""","=""L14866""",
"=""570.23063""","=""0.00007""","=""570.23060""","=""0.00004""","=""55""","=""4.42e+07""","=""1.96e-02""","=""-0.666""",B,"=""3.44884096""","=""5.62251964""","=""3d4.4s2""","=""b 3G""","=""5""","=""3d5.(4G).4p""","=""z 3H*""","=""6""",,"=""u10""","=""L14866""",
"=""571.98157""","=""0.00016""","=""571.98168""","=""0.00004""","=""10""","=""4.46e+06""","=""3.13e-03""","=""-1.659""",B,"=""3.01329987""","=""5.18032406""","=""3d5.(4D).4s""","=""b 5D""","=""3""","=""3d4.(5D).4s.4p.(1P*)""","=""y 5D*""","=""4""",,"=""u10""","=""L14866""",
"=""578.30642""","=""0.00007""","=""578.30643""","=""0.00004""","=""77""","=""6.3e+07""","=""1.1e-01""","=""-0.50""",D,"=""3.32301220""","=""5.46633655""","=""3d5.(6S).4p""","=""z 5P*""","=""1""","=""3d5.(6S).4d""","=""e 5D""","=""1""",,"=""T4288""","=""L14866""",
"=""578.38498""","=""0.00003""","=""578.385010""","=""0.000024""","=""100""","=""1.01e+08""","=""1.01e-01""","=""-0.295""",B,"=""3.32231395""","=""5.46534712""","=""3d5.(6S).4p""","=""z 5P*""","=""2""","=""3d5.(6S).4d""","=""e 5D""","=""2""",,"=""u10""","=""L14866""",
"=""578.49694""","=""0.00007""","=""578.496971""","=""0.000024""","=""85""","=""8.33e+07""","=""5.97e-02""","=""-0.379""",B,"=""3.32122225""","=""5.46384067""","=""3d5.(6S).4p""","=""z 5P*""","=""3""","=""3d5.(6S).4d""","=""e 5D""","=""3""",,"=""u10""","=""L14866""",
"=""578.79184""","=""0.00003""","=""578.791876""","=""0.000020""","=""170""","=""1.64e+08""","=""1.65e-01""","=""-0.083""",B,"=""3.32231395""","=""5.46384067""","=""3d5.(6S).4p""","=""z 5P*""","=""2""","=""3d5.(6S).4d""","=""e 5D""","=""3""",,"=""u10""","=""L14866""",
"=""583.8669""","=""0.0002""","=""583.86698""","=""0.00004""","=""6""","=""3.2e+06""","=""5.5e-03""","=""-1.78""",D,"=""3.01114742""","=""5.13405969""","=""3d5.(4D).4s""","=""b 5D""","=""1""","=""3d4.(5D).4s.4p.(1P*)""","=""y 5D*""","=""2""",,"=""T4288""","=""L14866""",
"=""584.4595""","=""0.0002""","=""584.45958""","=""0.00004""","=""6""","=""3.4e+06""","=""2.5e-03""","=""-1.76""",D,"=""3.01329987""","=""5.13405969""","=""3d5.(4D).4s""","=""b 5D""","=""3""","=""3d4.(5D).4s.4p.(1P*)""","=""y 5D*""","=""2""",,"=""T4288""","=""L14866""",
"=""633.00911""","=""0.00004""","=""633.00913""","=""0.00003""","=""360""","=""2.0e+05""","=""2.4e-04""","=""-2.91""",D,"=""0.94143042""","=""2.89953685""","=""3d5.(6S).4s""","=""a 5S""","=""2""","=""3d5.(6S).4p""","=""z 7P*""","=""3""",,"=""T4288""","=""L14866""",
"=""663.00106""","=""0.00009""","=""663.00112""","=""0.00004""","=""75""","=""4.2e+04""","=""3.1e-05""","=""-3.56""",D,"=""1.03000806""","=""2.89953685""","=""3d4.4s2""","=""a 5D""","=""4""","=""3d5.(6S).4p""","=""z 7P*""","=""3""",,"=""T4288""","=""L14866""",
"=""666.10744""","=""0.00009""","=""666.10739""","=""0.00005""","=""38""","=""9.9e+07""","=""7.3e-02""","=""-0.18""",D,"=""4.19265380""","=""6.05346444""","=""3d4.(5D).4s.4p.(3P*)""","=""z 5D*""","=""4""","=""3d4.4s.5s""","=""f 5D""","=""4""",,"=""T4288""","=""L14866""",
"=""666.92806""","=""0.00018""","=""666.92810""","=""0.00006""","=""15""","=""4.1e+07""","=""3.9e-02""","=""-0.56""",D,"=""4.17473732""","=""6.03325810""","=""3d4.(5D).4s.4p.(3P*)""","=""z 5D*""","=""3""","=""3d4.4s.5s""","=""f 5D""","=""3""",,"=""T4288""","=""L14866""",
"=""688.240""","=""0.005""","=""688.25069""","=""0.00006""","=""75""","=""5.95e+07""","=""8.46e-02""","=""-0.374""",B,"=""3.43793441""","=""5.23887703""","=""3d4.(5D).4s.4p.(3P*)""","=""y 7P*""","=""2""","=""3d5.(6S).4d""","=""e 7D""","=""2""",,"=""u10""","=""L808""",
"=""688.305""","=""0.005""","=""688.30525""","=""0.00008""","=""150""","=""5.34e+07""","=""7.59e-02""","=""-0.421""",B,"=""3.43793441""","=""5.23873429""","=""3d4.(5D).4s.4p.(3P*)""","=""y 7P*""","=""2""","=""3d5.(6S).4d""","=""e 7D""","=""1""",,"=""u10""","=""L808""",
"=""692.52700""","=""0.00005""","=""692.52694""","=""0.00003""","=""250""","=""6.5e+07""","=""6.7e-02""","=""-0.33""",D,"=""3.44926489""","=""5.23908705""","=""3d4.(5D).4s.4p.(3P*)""","=""y 7P*""","=""3""","=""3d5.(6S).4d""","=""e 7D""","=""3""",,"=""T4288""","=""L14866""",
"=""697.83976""","=""0.00005""","=""697.83983""","=""0.00004""","=""640""","=""1.90e+08""","=""1.54e-01""","=""0.143""",B,"=""3.46352849""","=""5.23972421""","=""3d4.(5D).4s.4p.(3P*)""","=""y 7P*""","=""4""","=""3d5.(6S).4d""","=""e 7D""","=""5""",,"=""u10""","=""L14866""",
"=""697.97945""","=""0.00005""","=""697.97942""","=""0.00004""","=""190""","=""5.3e+07""","=""4.3e-02""","=""-0.41""",D,"=""3.46352849""","=""5.23936898""","=""3d4.(5D).4s.4p.(3P*)""","=""y 7P*""","=""4""","=""3d5.(6S).4d""","=""e 7D""","=""4""",,"=""T4288""","=""L14866""",
"=""698.09033""","=""0.00010""","=""698.09025""","=""0.00005""","=""34""","=""1.0e+07""","=""8.5e-03""","=""-1.11""",D,"=""3.46352849""","=""5.23908705""","=""3d4.(5D).4s.4p.(3P*)""","=""y 7P*""","=""4""","=""3d5.(6S).4d""","=""e 7D""","=""3""",,"=""T4288""","=""L14866""",
"=""717.056""","=""0.005""","=""717.05290""","=""0.00015""","=""15""","=""2.8e+06""","=""2.4e-03""","=""-1.67""",E,"=""4.1055150""","=""5.83411881""","=""3d5.(2F1).4s""","=""b 3F""","=""4""","=""3d5.(4G).4p""","=""y 3G*""","=""5""",,"=""T2268""","=""L808""",
"=""735.58905""","=""0.00005""","=""735.58903""","=""0.00004""","=""1400""","=""6.40e+07""","=""1.04e-01""","=""-0.285""",B,"=""2.88945207""","=""4.57449693""","=""3d5.(6S).4p""","=""z 7P*""","=""2""","=""3d5.(6S).5s""","=""e 7S""","=""3""",,"=""u10""","=""L14866""",
"=""740.01798""","=""0.00005""","=""740.01798""","=""0.00004""","=""1900""","=""9.45e+07""","=""1.11e-01""","=""-0.110""",B,"=""2.89953685""","=""4.57449693""","=""3d5.(6S).4p""","=""z 7P*""","=""3""","=""3d5.(6S).5s""","=""e 7S""","=""3""",,"=""u10""","=""L14866""",
"=""891.62404""","=""0.00016""","=""891.62403""","=""0.00013""","=""75""","=""3.2e+06""","=""3.5e-03""","=""-1.41""",D,"=""3.89227274""","=""5.28243456""","=""3d5.(4F).4s""","=""a 5F""","=""5""","=""3d5.(4G).4p""","=""z 5G*""","=""6""",,"=""T4913""","=""L14866""",
"=""893.91912""","=""0.00016""","=""893.91918""","=""0.00014""","=""32""","=""6.9e+05""","=""1.7e-03""","=""-2.08""",D,"=""3.88753932""","=""5.27413188""","=""3d5.(4F).4s""","=""a 5F""","=""2""","=""3d5.(4G).4p""","=""z 5G*""","=""3""",,"=""T4913""","=""L14866""",
"=""895.57452""","=""0.00016""","=""895.57457""","=""0.00014""","=""23""","=""1.0e+06""","=""4.0e-03""","=""-1.92""",D,"=""3.8872001""","=""5.27122963""","=""3d5.(4F).4s""","=""a 5F""","=""1""","=""3d5.(4G).4p""","=""z 5G*""","=""2""",,"=""T4913""","=""L14866""",
