obs_wl_vac(nm),unc_obs_wl,ritz_wl_vac(nm),unc_ritz_wl,intens,gA(s^-1),fik,log_gf,Acc,Ei(eV),Ek(eV),conf_i,term_i,J_i,conf_k,term_k,J_k,Type,tp_ref,line_ref,
"=""193.45350""","=""0.00001""","=""193.453495""","=""0.000004""","=""309""","=""1.8e+08""","=""1.1e-02""","=""-1.00""",C+,"=""0.0000000""","=""6.40899243""","=""3d6.4s2""","=""a 5D""","=""4""","=""3d6.(5D).4s (6D).5p""","=""u 5P*""","=""3""",,"=""T2227""","=""L11631""",
"=""193.72683""","=""0.00001""","=""193.726831""","=""0.000004""","=""240""","=""1.5e+08""","=""9.5e-03""","=""-1.07""",C+,"=""0.0000000""","=""6.39994976""","=""3d6.4s2""","=""a 5D""","=""4""","=""3d6.(5D).4s (6D).5p""","=""u 5F*""","=""3""",,"=""T2227""","=""L11631""",
"=""194.06603""","=""0.00001""","=""194.066039""","=""0.000005""","=""191""","=""1.3e+08""","=""1.0e-02""","=""-1.14""",D+,"=""0.05156912""","=""6.44033241""","=""3d6.4s2""","=""a 5D""","=""3""","=""3d6.(5D).4s (6D).5p""","=""u 5P*""","=""2""",,"=""T2227""","=""L11631""",
obs_wl_air(nm),unc_obs_wl,ritz_wl_air(nm),unc_ritz_wl,intens,gA(s^-1),fik,log_gf,Acc,Ei(eV),Ek(eV),conf_i,term_i,J_i,conf_k,term_k,J_k,Type,tp_ref,line_ref,
"=""213.20171""","=""0.00001""","=""213.201699""","=""0.000006""","=""510""","=""6.8e+07""","=""5.2e-03""","=""-1.33""",C+,"=""0.0000000""","=""5.81351269""","=""3d6.4s2""","=""a 5D""","=""4""","=""3d6.(3F2).4s.4p.(3P*)""","=""x 3F*""","=""4""",,"=""T2227""","=""L11631""",
"=""213.85924""","=""0.00001""","=""213.859231""","=""0.000006""","=""115""","=""2.0e+07""","=""1.5e-03""","=""-1.87""",D+,"=""0.0000000""","=""5.79564049""","=""3d6.4s2""","=""a 5D""","=""4""","=""3d7.(4P).4p""","=""u 5D*""","=""3""",,"=""T2227""","=""L11631""",
"=""214.51895""","=""0.00001""","=""214.518938""","=""0.000007""","=""275""","=""4.0e+07""","=""3.9e-03""","=""-1.56""",C,"=""0.05156912""","=""5.82938837""","=""3d6.4s2""","=""a 5D""","=""3""","=""3d7.(4P).4p""","=""w 3D*""","=""3""",,"=""T2227""","=""L11631""",
"=""215.30065""","=""0.00001""","=""215.300638""","=""0.000007""","=""219""","=""3.4e+07""","=""4.8e-03""","=""-1.62""",C,"=""0.08728574""","=""5.84412959""","=""3d6.4s2""","=""a 5D""","=""2""","=""3d7.(4P).4p""","=""w 3D*""","=""2""",,"=""T2227""","=""L11631""",
"=""216.15790""","=""0.00001""","=""216.157900""","=""0.000007""","=""200""","=""2.5e+07""","=""5.8e-03""","=""-1.76""",D+,"=""0.11011433""","=""5.84412959""","=""3d6.4s2""","=""a 5D""","=""1""","=""3d7.(4P).4p""","=""w 3D*""","=""2""",,"=""T2227""","=""L11631""",
"=""216.67732""","=""0.00004""","=""216.677326""","=""0.000006""","=""3240""","=""1.9e+09""","=""1.5e-01""","=""0.13""",D+,"=""0.0000000""","=""5.72027099""","=""3d6.4s2""","=""a 5D""","=""4""","=""3d7.(4P).4p""","=""w 5P*""","=""3""",,"=""T2227""","=""L11631""",
"=""217.12970""","=""0.00001""","=""217.129691""","=""0.000007""","=""245""","=""3.6e+07""","=""5.0e-03""","=""-1.60""",D+,"=""0.08728574""","=""5.79564049""","=""3d6.4s2""","=""a 5D""","=""2""","=""3d7.(4P).4p""","=""u 5D*""","=""3""",,"=""T2227""","=""L11631""",
"=""217.32136""","=""0.00001""","=""217.321355""","=""0.000007""","=""123""","=""4.2e+07""","=""9.8e-03""","=""-1.53""",D+,"=""0.11011433""","=""5.81343520""","=""3d6.4s2""","=""a 5D""","=""1""","=""3d7.(4P).4p""","=""u 5D*""","=""2""",,"=""T2227""","=""L11631""",
"=""217.68401""","=""0.00001""","=""217.684010""","=""0.000007""","=""174""","=""3.0e+07""","=""2.2e-02""","=""-1.66""",C+,"=""0.12126572""","=""5.81508605""","=""3d6.4s2""","=""a 5D""","=""0""","=""3d6.(3P2).4s.4p.(3P*)""","=""y 3P*""","=""1""",,"=""T2227""","=""L11631""",
"=""219.12042""","=""0.00001""","=""219.120418""","=""0.000007""","=""162""","=""2.2e+07""","=""1.6e-02""","=""-1.80""",C,"=""0.12126572""","=""5.77776507""","=""3d6.4s2""","=""a 5D""","=""0""","=""3d6.(3P2).4s.4p.(3P*)""","=""z 3S*""","=""1""",,"=""T2227""","=""L11631""",
"=""219.18389""","=""0.00001""","=""219.183908""","=""0.000007""","=""1550""","=""6.0e+08""","=""8.3e-02""","=""-0.38""",C+,"=""0.08728574""","=""5.74214676""","=""3d6.4s2""","=""a 5D""","=""2""","=""3d7.(4P).4p""","=""w 5P*""","=""2""",,"=""T2227""","=""L11631""",
"=""219.60418""","=""0.00001""","=""219.604199""","=""0.000011""","=""910""","=""3.6e+08""","=""8.6e-02""","=""-0.59""",C+,"=""0.11011433""","=""5.75415389""","=""3d6.4s2""","=""a 5D""","=""1""","=""3d7.(4P).4p""","=""w 5P*""","=""1""",,"=""T2227""","=""L11631""",
"=""220.03898""","=""0.00001""","=""220.038993""","=""0.000011""","=""331""","=""2.7e+08""","=""1.9e-01""","=""-0.71""",C,"=""0.12126572""","=""5.75415389""","=""3d6.4s2""","=""a 5D""","=""0""","=""3d7.(4P).4p""","=""w 5P*""","=""1""",,"=""T2227""","=""L11631""",
"=""220.07241""","=""0.00001""","=""220.072429""","=""0.000007""","=""363""","=""1.4e+08""","=""3.4e-02""","=""-0.99""",C,"=""0.11011433""","=""5.74214676""","=""3d6.4s2""","=""a 5D""","=""1""","=""3d7.(4P).4p""","=""w 5P*""","=""2""",,"=""T2227""","=""L11631""",
"=""222.81715""","=""0.00001""","=""222.817144""","=""0.000008""","=""102""","=""1.0e+07""","=""1.1e-03""","=""-2.11""",D+,"=""0.05156912""","=""5.61423177""","=""3d6.4s2""","=""a 5D""","=""3""","=""3d6.(3P2).4s.4p.(3P*)""","=""x 3D*""","=""2""",,"=""T2227""","=""L11631""",
"=""225.07902""","=""0.00002""","=""225.079023""","=""0.000006""","=""468""","=""1.11e+07""","=""9.35e-04""","=""-2.075""",C+,"=""0.0000000""","=""5.50676735""","=""3d6.4s2""","=""a 5D""","=""4""","=""3d6.(3F2).4s.4p.(3P*)""","=""w 5F*""","=""4""",,"=""T5720""","=""L11631""",
"=""225.92825""","=""0.00004""","=""225.928244""","=""0.000008""","=""56""","=""6.5e+06""","=""7.0e-04""","=""-2.31""",C,"=""0.05156912""","=""5.53763954""","=""3d6.4s2""","=""a 5D""","=""3""","=""3d6.(3F2).4s.4p.(3P*)""","=""v 5D*""","=""2""",,"=""T2227""","=""L11631""",
"=""225.95101""","=""0.00002""","=""225.951006""","=""0.000011""","=""2090""","=""6.23e+07""","=""5.29e-03""","=""-1.322""",B+,"=""0.0000000""","=""5.48551782""","=""3d6.4s2""","=""a 5D""","=""4""","=""3d6.(3F2).4s.4p.(3P*)""","=""w 5F*""","=""5""",,"=""T5720""","=""L11631""",
"=""226.50541""","=""0.00002""","=""226.505412""","=""0.000012""","=""650""","=""1.00e+07""","=""1.10e-03""","=""-2.114""",C,"=""0.05156912""","=""5.52366156""","=""3d6.4s2""","=""a 5D""","=""3""","=""3d6.(3F2).4s.4p.(3P*)""","=""w 5F*""","=""3""",,"=""T5720""","=""L11631""",
"=""226.70845""","=""0.00002""","=""226.708447""","=""0.000008""","=""1070""","=""2.28e+07""","=""2.52e-03""","=""-1.754""",B,"=""0.05156912""","=""5.51876133""","=""3d6.4s2""","=""a 5D""","=""3""","=""3d7.(4P).4p""","=""y 5S*""","=""2""",,"=""T5720""","=""L11631""",
"=""227.20694""","=""0.00018""","=""227.206942""","=""0.000008""","=""1950bl""","=""2.63e+07""","=""2.90e-03""","=""-1.692""",B+,"=""0.05156912""","=""5.50676735""","=""3d6.4s2""","=""a 5D""","=""3""","=""3d6.(3F2).4s.4p.(3P*)""","=""w 5F*""","=""4""",,"=""T5720""","=""L11631""",
"=""227.51914""","=""0.00002""","=""227.519159""","=""0.000012""","=""219""","=""6.19e+06""","=""1.60e-03""","=""-2.318""",D+,"=""0.11011433""","=""5.55782726""","=""3d6.4s2""","=""a 5D""","=""1""","=""3d6.(3F2).4s.4p.(3P*)""","=""v 5D*""","=""0""",,"=""T5720""","=""L11631""",
"=""227.60257""","=""0.00002""","=""227.602564""","=""0.000006""","=""2450""","=""8.75e+07""","=""7.55e-03""","=""-1.168""",D+,"=""0.0000000""","=""5.44571679""","=""3d6.4s2""","=""a 5D""","=""4""","=""3d6.(3P2).4s.4p.(3P*)""","=""w 5D*""","=""3""",,"=""T5720""","=""L11631""",
"=""227.99370""","=""0.00002""","=""227.993675""","=""0.000012""","=""363""","=""1.32e+07""","=""2.05e-03""","=""-1.989""",B+,"=""0.08728574""","=""5.52366156""","=""3d6.4s2""","=""a 5D""","=""2""","=""3d6.(3F2).4s.4p.(3P*)""","=""w 5F*""","=""3""",,"=""T5720""","=""L11631""",
"=""228.33040""","=""0.00002""","=""228.330395""","=""0.000008""","=""269""","=""7.77e+06""","=""6.07e-03""","=""-2.217""",B+,"=""0.12126572""","=""5.54962521""","=""3d6.4s2""","=""a 5D""","=""0""","=""3d6.(3F2).4s.4p.(3P*)""","=""v 5D*""","=""1""",,"=""T5720""","=""L11631""",
"=""228.36551""","=""0.00002""","=""228.365496""","=""0.000008""","=""457""","=""7.65e+06""","=""1.99e-03""","=""-2.223""",C,"=""0.11011433""","=""5.53763954""","=""3d6.4s2""","=""a 5D""","=""1""","=""3d6.(3F2).4s.4p.(3P*)""","=""v 5D*""","=""2""",,"=""T5720""","=""L11631""",
"=""228.40855""","=""0.00002""","=""228.408535""","=""0.000008""","=""2240""","=""6.45e+07""","=""7.21e-03""","=""-1.297""",C,"=""0.05156912""","=""5.47807170""","=""3d6.4s2""","=""a 5D""","=""3""","=""3d6.(3P2).4s.4p.(3P*)""","=""w 5D*""","=""2""",,"=""T5720""","=""L11631""",
"=""228.72495""","=""0.00002""","=""228.724949""","=""0.000008""","=""2450""","=""6.69e+07""","=""1.05e-02""","=""-1.280""",B+,"=""0.08728574""","=""5.50628207""","=""3d6.4s2""","=""a 5D""","=""2""","=""3d6.(3P2).4s.4p.(3P*)""","=""w 5D*""","=""1""",,"=""T5720""","=""L11631""",
"=""229.25246""","=""0.00002""","=""229.252458""","=""0.000008""","=""2400""","=""2.66e+07""","=""3.01e-03""","=""-1.677""",B,"=""0.05156912""","=""5.45809748""","=""3d6.4s2""","=""a 5D""","=""3""","=""3d6.(3F2).4s.4p.(3P*)""","=""v 5D*""","=""4""",,"=""T5720""","=""L11631""",
"=""229.38480""","=""0.00002""","=""229.384741""","=""0.000012""","=""427""","=""5.45e+06""","=""8.59e-04""","=""-2.367""",C+,"=""0.08728574""","=""5.49069652""","=""3d6.4s2""","=""a 5D""","=""2""","=""3d6.(3F2).4s.4p.(3P*)""","=""w 5F*""","=""2""",,"=""T5720""","=""L11631""",
"=""229.44079""","=""0.00002""","=""229.440788""","=""0.000008""","=""1380""","=""3.61e+07""","=""9.50e-03""","=""-1.545""",B,"=""0.11011433""","=""5.51220530""","=""3d6.4s2""","=""a 5D""","=""1""","=""3d6.(3P2).4s.4p.(3P*)""","=""w 5D*""","=""0""",,"=""T5720""","=""L11631""",
"=""229.69267""","=""0.00002""","=""229.692661""","=""0.000008""","=""389""","=""1.21e+07""","=""3.20e-03""","=""-2.018""",D+,"=""0.11011433""","=""5.50628207""","=""3d6.4s2""","=""a 5D""","=""1""","=""3d6.(3P2).4s.4p.(3P*)""","=""w 5D*""","=""1""",,"=""T5720""","=""L11631""",
"=""229.77870""","=""0.00002""","=""229.778687""","=""0.000008""","=""3390""","=""1.01e+08""","=""1.14e-02""","=""-1.098""",D+,"=""0.05156912""","=""5.44571679""","=""3d6.4s2""","=""a 5D""","=""3""","=""3d6.(3P2).4s.4p.(3P*)""","=""w 5D*""","=""3""",,"=""T5720""","=""L11631""",
"=""229.81688""","=""0.00002""","=""229.816882""","=""0.000006""","=""7900""","=""2.78e+08""","=""2.45e-02""","=""-0.657""",D+,"=""0.0000000""","=""5.39325126""","=""3d6.4s2""","=""a 5D""","=""4""","=""3d6.(3P2).4s.4p.(3P*)""","=""w 5D*""","=""4""",,"=""T5720""","=""L11631""",
"=""229.86602""","=""0.00002""","=""229.866004""","=""0.000012""","=""257""","=""4.77e+06""","=""1.26e-03""","=""-2.423""",C,"=""0.11011433""","=""5.50221316""","=""3d6.4s2""","=""a 5D""","=""1""","=""3d6.(3F2).4s.4p.(3P*)""","=""w 5F*""","=""1""",,"=""T5720""","=""L11631""",
"=""229.92200""","=""0.00002""","=""229.921991""","=""0.000008""","=""1260""","=""3.52e+07""","=""5.57e-03""","=""-1.555""",C,"=""0.08728574""","=""5.47807170""","=""3d6.4s2""","=""a 5D""","=""2""","=""3d6.(3P2).4s.4p.(3P*)""","=""w 5D*""","=""2""",,"=""T5720""","=""L11631""",
"=""230.01417""","=""0.00002""","=""230.014164""","=""0.000008""","=""3390""","=""3.49e+07""","=""5.55e-03""","=""-1.557""",B,"=""0.08728574""","=""5.47591165""","=""3d6.4s2""","=""a 5D""","=""2""","=""3d6.(3F2).4s.4p.(3P*)""","=""v 5D*""","=""3""",,"=""T5720""","=""L11631""",
"=""230.16837""","=""0.00002""","=""230.168355""","=""0.000008""","=""780""","=""2.60e+07""","=""2.07e-02""","=""-1.684""",B+,"=""0.12126572""","=""5.50628207""","=""3d6.4s2""","=""a 5D""","=""0""","=""3d6.(3P2).4s.4p.(3P*)""","=""w 5D*""","=""1""",,"=""T5720""","=""L11631""",
"=""230.34242""","=""0.00002""","=""230.342417""","=""0.000012""","=""1350""","=""2.20e+07""","=""1.75e-02""","=""-1.757""",C+,"=""0.12126572""","=""5.50221316""","=""3d6.4s2""","=""a 5D""","=""0""","=""3d6.(3F2).4s.4p.(3P*)""","=""w 5F*""","=""1""",,"=""T5720""","=""L11631""",
"=""230.35805""","=""0.00002""","=""230.358055""","=""0.000012""","=""2190""","=""2.42e+07""","=""6.41e-03""","=""-1.716""",C+,"=""0.11011433""","=""5.49069652""","=""3d6.4s2""","=""a 5D""","=""1""","=""3d6.(3F2).4s.4p.(3P*)""","=""w 5F*""","=""2""",,"=""T5720""","=""L11631""",
"=""230.89988""","=""0.00002""","=""230.899878""","=""0.000008""","=""1950""","=""5.10e+07""","=""1.36e-02""","=""-1.390""",C,"=""0.11011433""","=""5.47807170""","=""3d6.4s2""","=""a 5D""","=""1""","=""3d6.(3P2).4s.4p.(3P*)""","=""w 5D*""","=""2""",,"=""T5720""","=""L11631""",
"=""231.31039""","=""0.00002""","=""231.310413""","=""0.000008""","=""2340""","=""8.26e+07""","=""1.32e-02""","=""-1.179""",D+,"=""0.08728574""","=""5.44571679""","=""3d6.4s2""","=""a 5D""","=""2""","=""3d6.(3P2).4s.4p.(3P*)""","=""w 5D*""","=""3""",,"=""T5720""","=""L11631""",
"=""232.03576""","=""0.00002""","=""232.035752""","=""0.000008""","=""3090""","=""1.27e+08""","=""1.46e-02""","=""-0.990""",C,"=""0.05156912""","=""5.39325126""","=""3d6.4s2""","=""a 5D""","=""3""","=""3d6.(3P2).4s.4p.(3P*)""","=""w 5D*""","=""4""",,"=""T5720""","=""L11631""",
"=""235.0413""","=""0.0003""","=""235.041045""","=""0.000006""","=""6""","=""1.13e+06""","=""1.04e-04""","=""-3.030""",D,"=""0.0000000""","=""5.27338780""","=""3d6.4s2""","=""a 5D""","=""4""","=""3d6.(3P2).4s.4p.(3P*)""","=""x 5P*""","=""3""",,"=""T5720""","=""L11631c80""",
"=""235.59090""","=""0.00002""","=""235.590902""","=""0.000008""","=""479""","=""3.62e+06""","=""6.03e-04""","=""-2.521""",C,"=""0.08728574""","=""5.34836675""","=""3d6.4s2""","=""a 5D""","=""2""","=""3d6.(3H).4s.4p.(3P*)""","=""y 5G*""","=""3""",,"=""T5720""","=""L11631""",
"=""236.94561""","=""0.00002""","=""236.945612""","=""0.000013""","=""1050""","=""7.59e+06""","=""2.13e-03""","=""-2.195""",B,"=""0.11011433""","=""5.34111814""","=""3d6.4s2""","=""a 5D""","=""1""","=""3d6.(3P2).4s.4p.(3P*)""","=""x 5P*""","=""1""",,"=""T5720""","=""L11631""",
"=""237.14303""","=""0.00002""","=""237.143028""","=""0.000013""","=""1550""","=""1.34e+07""","=""2.25e-03""","=""-1.949""",C+,"=""0.08728574""","=""5.31393522""","=""3d6.4s2""","=""a 5D""","=""2""","=""3d6.(3P2).4s.4p.(3P*)""","=""x 5P*""","=""2""",,"=""T5720""","=""L11631""",
"=""237.36244""","=""0.00002""","=""237.362430""","=""0.000008""","=""5000""","=""4.57e+07""","=""5.52e-03""","=""-1.413""",B,"=""0.05156912""","=""5.27338780""","=""3d6.4s2""","=""a 5D""","=""3""","=""3d6.(3P2).4s.4p.(3P*)""","=""x 5P*""","=""3""",,"=""T5720""","=""L11631""",
"=""237.45184""","=""0.00002""","=""237.451850""","=""0.000013""","=""1320""","=""9.42e+06""","=""7.98e-03""","=""-2.098""",B,"=""0.12126572""","=""5.34111814""","=""3d6.4s2""","=""a 5D""","=""0""","=""3d6.(3P2).4s.4p.(3P*)""","=""x 5P*""","=""1""",,"=""T5720""","=""L11631""",
"=""238.18361""","=""0.00002""","=""238.183431""","=""0.000013""","=""2690""","=""2.17e+07""","=""6.15e-03""","=""-1.734""",C+,"=""0.11011433""","=""5.31393522""","=""3d6.4s2""","=""a 5D""","=""1""","=""3d6.(3P2).4s.4p.(3P*)""","=""x 5P*""","=""2""",,"=""T5720""","=""L11631""",
"=""238.99727""","=""0.00002""","=""238.997273""","=""0.000008""","=""2750""","=""3.13e+07""","=""5.36e-03""","=""-1.572""",B,"=""0.08728574""","=""5.27338780""","=""3d6.4s2""","=""a 5D""","=""2""","=""3d6.(3P2).4s.4p.(3P*)""","=""x 5P*""","=""3""",,"=""T5720""","=""L11631""",
"=""242.03955""","=""0.00005""","=""242.039567""","=""0.000009""","=""112""","=""1.16e+06""","=""9.22e-05""","=""-2.994""",C,"=""0.85899575""","=""5.97991659""","=""3d7.(4F).4s""","=""a 5F""","=""5""","=""3d6.(3G).4s.4p.(3P*)""","=""y 5H*""","=""5""",,"=""T5720""","=""L11631""",
"=""243.81824""","=""0.00002""","=""243.818221""","=""0.000009""","=""710""","=""6.38e+07""","=""5.17e-03""","=""-1.245""",B,"=""0.85899575""","=""5.94256226""","=""3d7.(4F).4s""","=""a 5F""","=""5""","=""3d6.(3G).4s.4p.(3P*)""","=""v 5F*""","=""4""",,"=""T5720""","=""L11631""",
"=""243.97448""","=""0.00002""","=""243.974488""","=""0.000025""","=""1740""","=""4.50e+09""","=""3.09e-01""","=""0.604""",C+,"=""2.40407444""","=""7.4843851""","=""3d6.4s2""","=""a 3H""","=""6""","=""3d6.(3H).4s.4p.(1P*)""","=""t 3H*""","=""6""",,"=""T5720""","=""L11631""",
"=""244.25683""","=""0.00002""","=""244.256819""","=""0.000025""","=""437""","=""3.43e+09""","=""2.79e-01""","=""0.487""",B,"=""2.43269470""","=""7.5071336""","=""3d6.4s2""","=""a 3H""","=""5""","=""3d6.(3H).4s.4p.(1P*)""","=""t 3H*""","=""5""",,"=""T5720""","=""L11631""",
"=""244.38716""","=""0.00002""","=""244.387166""","=""0.000009""","=""1580""","=""6.48e+07""","=""5.28e-03""","=""-1.236""",B+,"=""0.85899575""","=""5.93072834""","=""3d7.(4F).4s""","=""a 5F""","=""5""","=""3d6.(3F2).4s.4p.(3P*)""","=""x 3G*""","=""5""",,"=""T5720""","=""L11631""",
"=""244.52128""","=""0.00002""","=""244.521265""","=""0.000009""","=""355""","=""1.06e+07""","=""8.66e-04""","=""-2.021""",C+,"=""0.85899575""","=""5.92794713""","=""3d7.(4F).4s""","=""a 5F""","=""5""","=""3d6.(3F2).4s.4p.(3P*)""","=""x 3G*""","=""4""",,"=""T5720""","=""L11631""",
"=""244.77093""","=""0.00002""","=""244.770917""","=""0.000006""","=""1120""","=""2.31e+07""","=""2.31e-03""","=""-1.683""",D+,"=""0.0000000""","=""5.06378173""","=""3d6.4s2""","=""a 5D""","=""4""","=""3d6.(5D).4s.4p.(1P*)""","=""x 5F*""","=""3""",,"=""T5720""","=""L11631""",
"=""245.34758""","=""0.00002""","=""245.347592""","=""0.000009""","=""780""","=""1.32e+08""","=""1.33e-02""","=""-0.923""",B,"=""0.91460217""","=""5.96648265""","=""3d7.(4F).4s""","=""a 5F""","=""4""","=""3d6.(3G).4s.4p.(3P*)""","=""v 5F*""","=""3""",,"=""T5720""","=""L11631""",
"=""245.35688""","=""0.00005""","=""245.356823""","=""0.000025""","=""42""","=""1.60e+08""","=""1.31e-02""","=""-0.841""",C,"=""2.43269470""","=""7.4843851""","=""3d6.4s2""","=""a 3H""","=""5""","=""3d6.(3H).4s.4p.(1P*)""","=""t 3H*""","=""6""",,"=""T5720""","=""L11631""",
"=""245.75966""","=""0.00002""","=""245.759680""","=""0.000009""","=""11000""","=""5.29e+08""","=""4.36e-02""","=""-0.319""",B,"=""0.85899575""","=""5.90240588""","=""3d7.(4F).4s""","=""a 5F""","=""5""","=""3d6.(3G).4s.4p.(3P*)""","=""v 5F*""","=""5""",,"=""T5720""","=""L11631""",
"=""245.85686""","=""0.00002""","=""245.856790""","=""0.000009""","=""288""","=""9.63e+06""","=""7.94e-04""","=""-2.059""",C,"=""0.85899575""","=""5.90041395""","=""3d7.(4F).4s""","=""a 5F""","=""5""","=""3d6.(3G).4s.4p.(3P*)""","=""w 5G*""","=""4""",,"=""T5720""","=""L11631""",
"=""246.21808""","=""0.00002""","=""246.218086""","=""0.000009""","=""1580""","=""5.50e+07""","=""7.14e-03""","=""-1.301""",C+,"=""0.05156912""","=""5.08559017""","=""3d6.4s2""","=""a 5D""","=""3""","=""3d6.(5D).4s.4p.(1P*)""","=""x 5F*""","=""2""",,"=""T5720""","=""L11631""",
"=""246.26471""","=""0.00002""","=""246.264707""","=""0.000006""","=""9300""","=""5.26e+08""","=""5.32e-02""","=""-0.320""",C+,"=""0.0000000""","=""5.03306811""","=""3d6.4s2""","=""a 5D""","=""4""","=""3d6.(5D).4s.4p.(1P*)""","=""x 5F*""","=""4""",,"=""T5720""","=""L11631""",
"=""246.37303""","=""0.00002""","=""246.373043""","=""0.000009""","=""1290""","=""8.20e+07""","=""1.07e-02""","=""-1.127""",B,"=""0.95815732""","=""5.98901244""","=""3d7.(4F).4s""","=""a 5F""","=""3""","=""3d7.(4P).4p""","=""x 3P*""","=""2""",,"=""T5720""","=""L11631""",
"=""246.51491""","=""0.00002""","=""246.514911""","=""0.000009""","=""6900""","=""3.92e+08""","=""3.97e-02""","=""-0.447""",B,"=""0.91460217""","=""5.94256226""","=""3d7.(4F).4s""","=""a 5F""","=""4""","=""3d6.(3G).4s.4p.(3P*)""","=""v 5F*""","=""4""",,"=""T5720""","=""L11631""",
"=""246.88797""","=""0.00002""","=""246.887968""","=""0.000009""","=""7100""","=""2.64e+08""","=""2.19e-02""","=""-0.618""",B+,"=""0.85899575""","=""5.87935896""","=""3d7.(4F).4s""","=""a 5F""","=""5""","=""3d6.(3G).4s.4p.(3P*)""","=""w 5G*""","=""5""",,"=""T5720""","=""L11631""",
"=""247.09653""","=""0.00002""","=""247.096525""","=""0.000009""","=""910""","=""2.60e+07""","=""2.64e-03""","=""-1.624""",B+,"=""0.91460217""","=""5.93072834""","=""3d7.(4F).4s""","=""a 5F""","=""4""","=""3d6.(3F2).4s.4p.(3P*)""","=""x 3G*""","=""5""",,"=""T5720""","=""L11631""",
"=""247.2341""","=""0.0006""","=""247.233614""","=""0.000009""","=""6000bl*""","=""9.63e+07""","=""9.81e-03""","=""-1.054""",B+,"=""0.91460217""","=""5.92794713""","=""3d7.(4F).4s""","=""a 5F""","=""4""","=""3d6.(3F2).4s.4p.(3P*)""","=""x 3G*""","=""4""",,"=""T5720""","=""L11631""",
"=""247.2341""","=""0.0006""","=""247.235118""","=""0.000014""","=""6000bl*""","=""9.37e+07""","=""7.81e-03""","=""-1.066""",B,"=""0.85899575""","=""5.87231021""","=""3d7.(4F).4s""","=""a 5F""","=""5""","=""3d6.(3G).4s.4p.(3P*)""","=""w 5G*""","=""6""",,"=""T5720""","=""L11631""",
"=""247.28711""","=""0.00002""","=""247.287203""","=""0.000009""","=""1510""","=""6.30e+07""","=""1.16e-02""","=""-1.238""",C,"=""0.08728574""","=""5.09954435""","=""3d6.4s2""","=""a 5D""","=""2""","=""3d6.(5D).4s.4p.(1P*)""","=""x 5F*""","=""1""",,"=""T5720""","=""L11631""",
"=""247.28947""","=""0.00002""","=""247.289473""","=""0.000009""","=""3980""","=""9.10e+08""","=""1.19e-01""","=""-0.079""",B,"=""0.05156912""","=""5.06378173""","=""3d6.4s2""","=""a 5D""","=""3""","=""3d6.(5D).4s.4p.(1P*)""","=""x 5F*""","=""3""",,"=""T5720""","=""L11631""",
"=""247.31566""","=""0.00002""","=""247.315677""","=""0.000007""","=""4470""","=""2.48e+07""","=""2.52e-03""","=""-1.644""",B+,"=""0.0000000""","=""5.01168158""","=""3d6.4s2""","=""a 5D""","=""4""","=""3d5.(6S).4s2.4p""","=""y 7P*""","=""4""",,"=""T5720""","=""L11631""",
"=""247.48142""","=""0.00002""","=""247.481423""","=""0.000009""","=""2570""","=""4.29e+08""","=""5.64e-02""","=""-0.404""",B,"=""0.95815732""","=""5.96648265""","=""3d7.(4F).4s""","=""a 5F""","=""3""","=""3d6.(3G).4s.4p.(3P*)""","=""v 5F*""","=""3""",,"=""T5720""","=""L11631""",
"=""247.66565""","=""0.00002""","=""247.665658""","=""0.000009""","=""1020""","=""9.15e+07""","=""1.68e-02""","=""-1.075""",B,"=""0.99011115""","=""5.99471113""","=""3d7.(4F).4s""","=""a 5F""","=""2""","=""3d6.(3G).4s.4p.(3P*)""","=""v 5F*""","=""1""",,"=""T5720""","=""L11631""",
"=""247.68654""","=""0.00005""","=""247.686504""","=""0.000009""","=""129""","=""8.79e+06""","=""2.70e-03""","=""-2.092""",C+,"=""1.01105568""","=""6.01523448""","=""3d7.(4F).4s""","=""a 5F""","=""1""","=""3d7.(4P).4p""","=""x 3P*""","=""1""",,"=""T5720""","=""L11631""",
"=""247.94802""","=""0.00019""","=""247.948014""","=""0.000009""","=""650bl*""","=""1.05e+08""","=""1.94e-02""","=""-1.014""",B,"=""0.99011115""","=""5.98901244""","=""3d7.(4F).4s""","=""a 5F""","=""2""","=""3d7.(4P).4p""","=""x 3P*""","=""2""",,"=""T5720""","=""L11631""",
"=""247.96278""","=""0.00005""","=""247.962670""","=""0.000009""","=""129""","=""4.94e+06""","=""5.07e-04""","=""-2.341""",C,"=""0.91460217""","=""5.91320801""","=""3d7.(4F).4s""","=""a 5F""","=""4""","=""3d6.(3G).4s.4p.(3P*)""","=""w 5G*""","=""3""",,"=""T5720""","=""L11631""",
"=""247.97762""","=""0.00002""","=""247.977624""","=""0.000009""","=""7600""","=""8.70e+08""","=""1.60e-01""","=""-0.096""",B,"=""0.08728574""","=""5.08559017""","=""3d6.4s2""","=""a 5D""","=""2""","=""3d6.(5D).4s.4p.(1P*)""","=""x 5F*""","=""2""",,"=""T5720""","=""L11631""",
"=""248.32707""","=""0.00005""","=""248.327095""","=""0.000007""","=""38000""","=""5.28e+09""","=""5.43e-01""","=""0.689""",B,"=""0.0000000""","=""4.99127081""","=""3d6.4s2""","=""a 5D""","=""4""","=""3d6.(5D).4s.4p.(1P*)""","=""x 5F*""","=""5""",,"=""T5720""","=""L11631""",
"=""248.35332""","=""0.00002""","=""248.353328""","=""0.000009""","=""1740""","=""1.04e+08""","=""1.93e-02""","=""-1.015""",C,"=""0.99011115""","=""5.98085478""","=""3d7.(4F).4s""","=""a 5F""","=""2""","=""3d6.(3G).4s.4p.(3P*)""","=""v 5F*""","=""2""",,"=""T5720""","=""L11631""",
"=""248.41875""","=""0.00002""","=""248.418719""","=""0.000009""","=""10000""","=""6.78e+08""","=""2.09e-01""","=""-0.203""",C+,"=""0.11011433""","=""5.09954435""","=""3d6.4s2""","=""a 5D""","=""1""","=""3d6.(5D).4s.4p.(1P*)""","=""x 5F*""","=""1""",,"=""T5720""","=""L11631""",
"=""248.59901""","=""0.00002""","=""248.599010""","=""0.000009""","=""790""","=""2.65e+07""","=""2.72e-03""","=""-1.611""",B,"=""0.91460217""","=""5.90041395""","=""3d7.(4F).4s""","=""a 5F""","=""4""","=""3d6.(3G).4s.4p.(3P*)""","=""w 5G*""","=""4""",,"=""T5720""","=""L11631""",
"=""248.63725""","=""0.00005""","=""248.637304""","=""0.000007""","=""5800""","=""2.16e+07""","=""2.22e-03""","=""-1.699""",B+,"=""0.0000000""","=""4.98504395""","=""3d6.4s2""","=""a 5D""","=""4""","=""3d5.(6S).4s2.4p""","=""y 7P*""","=""3""",,"=""T5720""","=""L11631""",
"=""248.66917""","=""0.00002""","=""248.669182""","=""0.000009""","=""2040""","=""1.32e+08""","=""1.75e-02""","=""-0.911""",B,"=""0.95815732""","=""5.94256226""","=""3d7.(4F).4s""","=""a 5F""","=""3""","=""3d6.(3G).4s.4p.(3P*)""","=""v 5F*""","=""4""",,"=""T5720""","=""L11631""",
"=""248.70658""","=""0.00002""","=""248.706582""","=""0.000009""","=""1860""","=""1.92e+08""","=""5.94e-02""","=""-0.749""",C+,"=""1.01105568""","=""5.99471113""","=""3d7.(4F).4s""","=""a 5F""","=""1""","=""3d6.(3G).4s.4p.(3P*)""","=""v 5F*""","=""1""",,"=""T5720""","=""L11631""",
"=""248.73697""","=""0.00002""","=""248.736961""","=""0.000009""","=""870""","=""1.37e+07""","=""2.54e-03""","=""-1.896""",C+,"=""0.08728574""","=""5.07033256""","=""3d6.4s2""","=""a 5D""","=""2""","=""3d6.(3P2).4s.4p.(3P*)""","=""z 5S*""","=""2""",,"=""T5720""","=""L11631""",
"=""248.81423""","=""0.00005""","=""248.814253""","=""0.000009""","=""7200""","=""3.78e+09""","=""5.01e-01""","=""0.545""",B,"=""0.05156912""","=""5.03306811""","=""3d6.4s2""","=""a 5D""","=""3""","=""3d6.(5D).4s.4p.(1P*)""","=""x 5F*""","=""4""",,"=""T5720""","=""L11631""",
"=""248.97523""","=""0.00002""","=""248.975218""","=""0.000009""","=""3800""","=""6.93e+08""","=""6.44e-01""","=""-0.191""",C+,"=""0.12126572""","=""5.09954435""","=""3d6.4s2""","=""a 5D""","=""0""","=""3d6.(5D).4s.4p.(1P*)""","=""x 5F*""","=""1""",,"=""T5720""","=""L11631""",
"=""248.99131""","=""0.00002""","=""248.991317""","=""0.000009""","=""690""","=""4.36e+07""","=""1.35e-02""","=""-1.392""",B,"=""1.01105568""","=""5.98901244""","=""3d7.(4F).4s""","=""a 5F""","=""1""","=""3d7.(4P).4p""","=""x 3P*""","=""2""",,"=""T5720""","=""L11631""",
"=""249.06442""","=""0.00002""","=""249.064410""","=""0.000009""","=""18200""","=""2.41e+09""","=""4.49e-01""","=""0.351""",B,"=""0.08728574""","=""5.06378173""","=""3d6.4s2""","=""a 5D""","=""2""","=""3d6.(5D).4s.4p.(1P*)""","=""x 5F*""","=""3""",,"=""T5720""","=""L11631""",
"=""249.11548""","=""0.00002""","=""249.115480""","=""0.000009""","=""13200""","=""1.46e+09""","=""4.52e-01""","=""0.132""",B,"=""0.11011433""","=""5.08559017""","=""3d6.4s2""","=""a 5D""","=""1""","=""3d6.(5D).4s.4p.(1P*)""","=""x 5F*""","=""2""",,"=""T5720""","=""L11631""",
"=""""","=""""","=""249.198902""","=""0.000020""","=""""","=""2.92e+08""","=""3.03e-02""","=""-0.565""",D+,"=""2.55917148""","=""7.5329818""","=""3d6.4s2""","=""b 3F2""","=""4""","=""3d6.(3H).4s.4p.(1P*)""","=""t 3H*""","=""4""",,"=""T5720""","=""""",
"=""249.26305""","=""0.00005""","=""249.263061""","=""0.000014""","=""200""","=""3.74e+06""","=""4.99e-04""","=""-2.457""",D+,"=""0.95815732""","=""5.93068755""","=""3d7.(4F).4s""","=""a 5F""","=""3""","=""3d6.(3F2).4s.4p.(3P*)""","=""x 3G*""","=""3""",,"=""T5720""","=""L11631""",
"=""249.40008""","=""0.00019""","=""249.400052""","=""0.000009""","=""500bl*""","=""4.44e+07""","=""1.38e-02""","=""-1.382""",C,"=""1.01105568""","=""5.98085478""","=""3d7.(4F).4s""","=""a 5F""","=""1""","=""3d6.(3G).4s.4p.(3P*)""","=""v 5F*""","=""2""",,"=""T5720""","=""L11631""",
"=""249.42513""","=""0.00002""","=""249.425130""","=""0.000009""","=""540""","=""1.21e+07""","=""1.03e-03""","=""-1.947""",B,"=""0.85899575""","=""5.82829520""","=""3d7.(4F).4s""","=""a 5F""","=""5""","=""3d6.(3H).4s.4p.(3P*)""","=""z 3H*""","=""5""",,"=""T5720""","=""L11631""",
"=""249.5872""","=""0.0003""","=""249.587367""","=""0.000014""","=""13""","=""1.86e+07""","=""1.58e-03""","=""-1.760""",C,"=""0.85899575""","=""5.82506529""","=""3d7.(4F).4s""","=""a 5F""","=""5""","=""3d6.(3H).4s.4p.(3P*)""","=""z 3H*""","=""6""",,"=""T5720""","=""L11631c80""",
"=""249.65337""","=""0.00002""","=""249.653365""","=""0.000009""","=""6000""","=""2.36e+08""","=""2.45e-02""","=""-0.656""",B,"=""0.91460217""","=""5.87935896""","=""3d7.(4F).4s""","=""a 5F""","=""4""","=""3d6.(3G).4s.4p.(3P*)""","=""w 5G*""","=""5""",,"=""T5720""","=""L11631""",
"=""249.88182""","=""0.00009""","=""249.881812""","=""0.000009""","=""71""","=""6.10e+05""","=""1.90e-04""","=""-3.243""",C+,"=""0.11011433""","=""5.07033256""","=""3d6.4s2""","=""a 5D""","=""1""","=""3d6.(3P2).4s.4p.(3P*)""","=""z 5S*""","=""2""",,"=""T5720""","=""L11631""",
"=""249.88737""","=""0.00019""","=""249.887140""","=""0.000009""","=""204bl""","=""5.31e+05""","=""7.11e-05""","=""-3.303""",B,"=""0.05156912""","=""5.01168158""","=""3d6.4s2""","=""a 5D""","=""3""","=""3d5.(6S).4s2.4p""","=""y 7P*""","=""4""",,"=""T5720""","=""L11631""",
"=""250.11318""","=""0.00002""","=""250.113174""","=""0.000007""","=""5800""","=""4.72e+08""","=""4.93e-02""","=""-0.353""",C+,"=""0.0000000""","=""4.95563019""","=""3d6.4s2""","=""a 5D""","=""4""","=""3d6.(5D).4s.4p.(1P*)""","=""x 5D*""","=""3""",,"=""T5720""","=""L11631""",
"=""250.14235""","=""0.00015""","=""250.142428""","=""0.000009""","=""19""","=""1.09e+06""","=""1.46e-04""","=""-2.990""",C,"=""0.95815732""","=""5.91320801""","=""3d7.(4F).4s""","=""a 5F""","=""3""","=""3d6.(3G).4s.4p.(3P*)""","=""w 5G*""","=""3""",,"=""T5720""","=""L11631""",
"=""250.16939""","=""0.00019""","=""250.169377""","=""0.000009""","=""810bl""","=""3.32e+07""","=""2.84e-03""","=""-1.506""",C+,"=""0.85899575""","=""5.81351269""","=""3d7.(4F).4s""","=""a 5F""","=""5""","=""3d6.(3F2).4s.4p.(3P*)""","=""x 3F*""","=""4""",,"=""T5720""","=""L11631""",
"=""250.50077""","=""0.00005""","=""250.50081""","=""0.00003""","=""34""","=""2.82e+08""","=""2.94e-02""","=""-0.577""",C+,"=""2.55917148""","=""7.5071336""","=""3d6.4s2""","=""b 3F2""","=""4""","=""3d6.(3H).4s.4p.(1P*)""","=""t 3H*""","=""5""",,"=""T5720""","=""L11631""",
"=""250.65722""","=""0.00005""","=""250.657165""","=""0.000020""","=""120""","=""1.84e+08""","=""2.47e-02""","=""-0.762""",C+,"=""2.58810592""","=""7.5329818""","=""3d6.4s2""","=""b 3F2""","=""3""","=""3d6.(3H).4s.4p.(1P*)""","=""t 3H*""","=""4""",,"=""T5720""","=""L11631""",
"=""250.79001""","=""0.00002""","=""250.790017""","=""0.000009""","=""4900""","=""1.74e+08""","=""2.34e-02""","=""-0.786""",B+,"=""0.95815732""","=""5.90041395""","=""3d7.(4F).4s""","=""a 5F""","=""3""","=""3d6.(3G).4s.4p.(3P*)""","=""w 5G*""","=""4""",,"=""T5720""","=""L11631""",
"=""250.87531""","=""0.00002""","=""250.875314""","=""0.000014""","=""630""","=""1.20e+07""","=""2.26e-03""","=""-1.947""",C+,"=""0.99011115""","=""5.93068755""","=""3d7.(4F).4s""","=""a 5F""","=""2""","=""3d6.(3F2).4s.4p.(3P*)""","=""x 3G*""","=""3""",,"=""T5720""","=""L11631""",
"=""251.08348""","=""0.00002""","=""251.083468""","=""0.000009""","=""6000""","=""6.45e+08""","=""8.71e-02""","=""-0.215""",B,"=""0.05156912""","=""4.98804995""","=""3d6.4s2""","=""a 5D""","=""3""","=""3d6.(5D).4s.4p.(1P*)""","=""x 5D*""","=""2""",,"=""T5720""","=""L11631""",
"=""251.22753""","=""0.00002""","=""251.227524""","=""0.000009""","=""540""","=""1.97e+07""","=""1.70e-03""","=""-1.729""",C+,"=""0.85899575""","=""5.79264615""","=""3d7.(4F).4s""","=""a 5F""","=""5""","=""3d7.(4P).4p""","=""u 5D*""","=""4""",,"=""T5720""","=""L11631""",
"=""251.23647""","=""0.00002""","=""251.236465""","=""0.000009""","=""3090""","=""1.40e+07""","=""1.89e-03""","=""-1.878""",B+,"=""0.05156912""","=""4.98504395""","=""3d6.4s2""","=""a 5D""","=""3""","=""3d5.(6S).4s2.4p""","=""y 7P*""","=""3""",,"=""T5720""","=""L11631""",
"=""251.58536""","=""0.00009""","=""251.585322""","=""0.000014""","=""42""","=""6.10e+06""","=""8.28e-04""","=""-2.237""",C,"=""1.55735733""","=""6.48399171""","=""3d7.(4F).4s""","=""a 3F""","=""3""","=""3d7.(2P).4p""","=""u 3D*""","=""2""",,"=""T5720""","=""L11631""",
"=""251.62504""","=""0.00020""","=""251.625003""","=""0.000009""","=""115bl""","=""3.36e+06""","=""3.54e-04""","=""-2.497""",C,"=""0.91460217""","=""5.84045966""","=""3d7.(4F).4s""","=""a 5F""","=""4""","=""3d6.(3H).4s.4p.(3P*)""","=""z 3H*""","=""4""",,"=""T5720""","=""L11631""",
"=""251.65707""","=""0.00002""","=""251.657076""","=""0.000009""","=""650""","=""1.54e+07""","=""2.09e-03""","=""-1.835""",C,"=""0.95815732""","=""5.88338708""","=""3d7.(4F).4s""","=""a 5F""","=""3""","=""3d7.(2G).4p""","=""z 1G*""","=""4""",,"=""T5720""","=""L11631""",
"=""251.76609""","=""0.00002""","=""251.766112""","=""0.000009""","=""1550""","=""1.11e+08""","=""2.10e-02""","=""-0.978""",B,"=""0.99011115""","=""5.91320801""","=""3d7.(4F).4s""","=""a 5F""","=""2""","=""3d6.(3G).4s.4p.(3P*)""","=""w 5G*""","=""3""",,"=""T5720""","=""L11631""",
"=""251.81015""","=""0.00002""","=""251.810145""","=""0.000009""","=""5100""","=""5.79e+08""","=""1.10e-01""","=""-0.259""",B,"=""0.08728574""","=""5.00952178""","=""3d6.4s2""","=""a 5D""","=""2""","=""3d6.(5D).4s.4p.(1P*)""","=""x 5D*""","=""1""",,"=""T5720""","=""L11631""",
"=""251.96292""","=""0.00002""","=""251.962930""","=""0.000009""","=""1700""","=""6.70e+07""","=""2.13e-02""","=""-1.195""",C+,"=""1.01105568""","=""5.93030716""","=""3d7.(4F).4s""","=""a 5F""","=""1""","=""3d6.(3G).4s.4p.(3P*)""","=""w 5G*""","=""2""",,"=""T5720""","=""L11631""",
"=""252.19188""","=""0.00002""","=""252.191864""","=""0.000009""","=""380""","=""1.69e+07""","=""1.79e-03""","=""-1.792""",C+,"=""0.91460217""","=""5.82938837""","=""3d7.(4F).4s""","=""a 5F""","=""4""","=""3d7.(4P).4p""","=""w 3D*""","=""3""",,"=""T5720""","=""L11631""",
"=""252.24798""","=""0.00002""","=""252.247974""","=""0.000009""","=""590""","=""1.25e+07""","=""1.33e-03""","=""-1.922""",C+,"=""0.91460217""","=""5.82829520""","=""3d7.(4F).4s""","=""a 5F""","=""4""","=""3d6.(3H).4s.4p.(3P*)""","=""z 3H*""","=""5""",,"=""T5720""","=""L11631""",
"=""252.28493""","=""0.00002""","=""252.284917""","=""0.000007""","=""11700""","=""1.92e+09""","=""2.03e-01""","=""0.262""",B,"=""0.0000000""","=""4.91297355""","=""3d6.4s2""","=""a 5D""","=""4""","=""3d6.(5D).4s.4p.(1P*)""","=""x 5D*""","=""4""",,"=""T5720""","=""L11631""",
"=""252.42923""","=""0.00002""","=""252.429228""","=""0.000009""","=""3160""","=""3.23e+08""","=""1.03e-01""","=""-0.511""",B,"=""0.11011433""","=""5.02027939""","=""3d6.4s2""","=""a 5D""","=""1""","=""3d6.(5D).4s.4p.(1P*)""","=""x 5D*""","=""0""",,"=""T5720""","=""L11631""",
"=""252.72661""","=""0.00005""","=""252.726548""","=""0.000020""","=""158""","=""4.50e+08""","=""3.32e-02""","=""-0.365""",D+,"=""2.40407444""","=""7.3084633""","=""3d6.4s2""","=""a 3H""","=""6""","=""3d6.(3H).4s.4p.(1P*)""","=""3I*""","=""6""",,"=""T5720""","=""L11631""",
"=""252.74348""","=""0.00002""","=""252.743442""","=""0.000009""","=""6600""","=""1.35e+09""","=""1.85e-01""","=""0.112""",B,"=""0.05156912""","=""4.95563019""","=""3d6.4s2""","=""a 5D""","=""3""","=""3d6.(5D).4s.4p.(1P*)""","=""x 5D*""","=""3""",,"=""T5720""","=""L11631""",
"=""252.91348""","=""0.00002""","=""252.913480""","=""0.000009""","=""4900""","=""4.96e+08""","=""9.51e-02""","=""-0.323""",B,"=""0.08728574""","=""4.98804995""","=""3d6.4s2""","=""a 5D""","=""2""","=""3d6.(5D).4s.4p.(1P*)""","=""x 5D*""","=""2""",,"=""T5720""","=""L11631""",
"=""252.93075""","=""0.00002""","=""252.93077""","=""0.00003""","=""910""","=""3.40e+09""","=""6.53e-01""","=""0.514""",B,"=""2.60850194""","=""7.5089311""","=""3d6.4s2""","=""b 3F2""","=""2""","=""3d6.(3F2).4s.4p.(1P*)""","=""r 3G*""","=""3""",,"=""T5720""","=""L11631""",
"=""252.98352""","=""0.00002""","=""252.983523""","=""0.000009""","=""2190""","=""1.15e+08""","=""3.68e-02""","=""-0.957""",B,"=""0.11011433""","=""5.00952178""","=""3d6.4s2""","=""a 5D""","=""1""","=""3d6.(5D).4s.4p.(1P*)""","=""x 5D*""","=""1""",,"=""T5720""","=""L11631""",
"=""253.06915""","=""0.00002""","=""253.068716""","=""0.000009""","=""1410""","=""4.48e+06""","=""8.61e-04""","=""-2.366""",B,"=""0.08728574""","=""4.98504395""","=""3d6.4s2""","=""a 5D""","=""2""","=""3d5.(6S).4s2.4p""","=""y 7P*""","=""3""",,"=""T5720""","=""L11631""",
"=""253.28759""","=""0.00002""","=""253.287593""","=""0.000009""","=""60""","=""7.15e+06""","=""9.82e-04""","=""-2.163""",B,"=""0.95815732""","=""5.85168345""","=""3d7.(4F).4s""","=""a 5F""","=""3""","=""3d6.(3F2).4s.4p.(3P*)""","=""x 3F*""","=""2""",,"=""T5720""","=""L11631""",
"=""253.31414""","=""0.00005""","=""253.314095""","=""0.000020""","=""98""","=""2.28e+08""","=""1.99e-02""","=""-0.659""",C+,"=""2.43269470""","=""7.3257089""","=""3d6.4s2""","=""a 3H""","=""5""","=""3d6.(3H).4s.4p.(1P*)""","=""3I*""","=""5""",,"=""T5720""","=""L11631""",
"=""253.56068""","=""0.00002""","=""253.560682""","=""0.000009""","=""4170""","=""2.88e+08""","=""2.77e-01""","=""-0.557""",B,"=""0.12126572""","=""5.00952178""","=""3d6.4s2""","=""a 5D""","=""0""","=""3d6.(5D).4s.4p.(1P*)""","=""x 5D*""","=""1""",,"=""T5720""","=""L11631""",
"=""253.71745""","=""0.00002""","=""253.717435""","=""0.000015""","=""2090""","=""5.55e+09""","=""4.12e-01""","=""0.729""",B,"=""2.40407444""","=""7.28931061""","=""3d6.4s2""","=""a 3H""","=""6""","=""3d6.(3H).4s.4p.(1P*)""","=""3I*""","=""7""",,"=""T5720""","=""L11631""",
"=""253.74587""","=""0.00002""","=""253.745876""","=""0.000009""","=""240""","=""3.51e+07""","=""3.76e-03""","=""-1.470""",C+,"=""1.48486439""","=""6.36955305""","=""3d7.(4F).4s""","=""a 3F""","=""4""","=""3d7.(2H).4p""","=""u 3G*""","=""5""",,"=""T5720""","=""L11631""",
"=""253.86992""","=""0.00005""","=""253.869907""","=""0.000009""","=""145""","=""2.47e+06""","=""3.40e-04""","=""-2.623""",C+,"=""0.95815732""","=""5.84045966""","=""3d7.(4F).4s""","=""a 5F""","=""3""","=""3d6.(3H).4s.4p.(3P*)""","=""z 3H*""","=""4""",,"=""T5720""","=""L11631""",
"=""253.93567""","=""0.00002""","=""253.935655""","=""0.000009""","=""209""","=""1.69e+07""","=""1.81e-03""","=""-1.788""",C+,"=""0.91460217""","=""5.79564049""","=""3d7.(4F).4s""","=""a 5F""","=""4""","=""3d7.(4P).4p""","=""u 5D*""","=""3""",,"=""T5720""","=""L11631""",
"=""254.06633""","=""0.00002""","=""254.066032""","=""0.000009""","=""2630""","=""7.05e+06""","=""1.36e-03""","=""-2.166""",B+,"=""0.08728574""","=""4.96581946""","=""3d6.4s2""","=""a 5D""","=""2""","=""3d5.(6S).4s2.4p""","=""y 7P*""","=""2""",,"=""T5720""","=""L11631""",
"=""254.09720""","=""0.00002""","=""254.097186""","=""0.000009""","=""4680""","=""4.80e+08""","=""1.55e-01""","=""-0.333""",C+,"=""0.11011433""","=""4.98804995""","=""3d6.4s2""","=""a 5D""","=""1""","=""3d6.(5D).4s.4p.(1P*)""","=""x 5D*""","=""2""",,"=""T5720""","=""L11631""",
"=""254.21011""","=""0.00002""","=""254.210125""","=""0.000021""","=""1820""","=""5.81e+09""","=""5.12e-01""","=""0.751""",C+,"=""2.43269470""","=""7.3084633""","=""3d6.4s2""","=""a 3H""","=""5""","=""3d6.(3H).4s.4p.(1P*)""","=""3I*""","=""6""",,"=""T5720""","=""L11631""",
"=""254.39224""","=""0.00005""","=""254.392235""","=""0.000021""","=""1480""","=""5.17e+09""","=""5.58e-01""","=""0.701""",B,"=""2.45343044""","=""7.3257089""","=""3d6.4s2""","=""a 3H""","=""4""","=""3d6.(3H).4s.4p.(1P*)""","=""3I*""","=""5""",,"=""T5720""","=""L11631""",
"=""254.46565""","=""0.00002""","=""254.465632""","=""0.000009""","=""186""","=""8.58e+06""","=""1.67e-03""","=""-2.079""",C+,"=""0.99011115""","=""5.86098438""","=""3d7.(4F).4s""","=""a 5F""","=""2""","=""3d7.(4P).4p""","=""w 3D*""","=""1""",,"=""T5720""","=""L11631""",
"=""254.59783""","=""0.00002""","=""254.597818""","=""0.000009""","=""5600""","=""5.01e+08""","=""9.75e-02""","=""-0.312""",C+,"=""0.08728574""","=""4.95563019""","=""3d6.4s2""","=""a 5D""","=""2""","=""3d6.(5D).4s.4p.(1P*)""","=""x 5D*""","=""3""",,"=""T5720""","=""L11631""",
"=""254.95252""","=""0.00005""","=""254.952495""","=""0.000009""","=""93""","=""3.31e+06""","=""6.46e-04""","=""-2.491""",C+,"=""0.99011115""","=""5.85168345""","=""3d7.(4F).4s""","=""a 5F""","=""2""","=""3d6.(3F2).4s.4p.(3P*)""","=""x 3F*""","=""2""",,"=""T5720""","=""L11631""",
"=""254.96132""","=""0.00002""","=""254.961299""","=""0.000009""","=""11200""","=""2.08e+08""","=""2.90e-02""","=""-0.693""",B,"=""0.05156912""","=""4.91297355""","=""3d6.4s2""","=""a 5D""","=""3""","=""3d6.(5D).4s.4p.(1P*)""","=""x 5D*""","=""4""",,"=""T5720""","=""L11631""",
"=""255.26057""","=""0.00002""","=""255.260576""","=""0.000009""","=""1050""","=""3.10e+06""","=""1.01e-03""","=""-2.519""",B,"=""0.11011433""","=""4.96581946""","=""3d6.4s2""","=""a 5D""","=""1""","=""3d5.(6S).4s2.4p""","=""y 7P*""","=""2""",,"=""T5720""","=""L11631""",
"=""255.28305""","=""0.00005""","=""255.283039""","=""0.000009""","=""158""","=""7.15e+06""","=""9.97e-04""","=""-2.156""",C+,"=""0.95815732""","=""5.81343520""","=""3d7.(4F).4s""","=""a 5F""","=""3""","=""3d7.(4P).4p""","=""u 5D*""","=""2""",,"=""T5720""","=""L11631""",
"=""255.63036""","=""0.00002""","=""255.630372""","=""0.000015""","=""186""","=""2.30e+07""","=""3.21e-03""","=""-1.648""",C+,"=""1.55735733""","=""6.40603863""","=""3d7.(4F).4s""","=""a 3F""","=""3""","=""3d7.(2H).4p""","=""u 3G*""","=""4""",,"=""T5720""","=""L11631""",
"=""255.68627""","=""0.00002""","=""255.686269""","=""0.000015""","=""1020""","=""9.76e+06""","=""8.70e-04""","=""-2.019""",C+,"=""0.85899575""","=""5.70661711""","=""3d7.(4F).4s""","=""a 5F""","=""5""","=""3d6.(3H).4s.4p.(3P*)""","=""z 3I*""","=""6""",,"=""T5720""","=""L11631""",
"=""256.05571""","=""0.00020""","=""256.055700""","=""0.000010""","=""191bl""","=""7.95e+06""","=""2.61e-03""","=""-2.107""",B,"=""1.01105568""","=""5.85168345""","=""3d7.(4F).4s""","=""a 5F""","=""1""","=""3d6.(3F2).4s.4p.(3P*)""","=""x 3F*""","=""2""",,"=""T5720""","=""L11631""",
"=""256.18550""","=""0.00005""","=""256.185473""","=""0.000010""","=""105""","=""5.01e+06""","=""1.64e-03""","=""-2.307""",C+,"=""1.01105568""","=""5.84923154""","=""3d7.(4F).4s""","=""a 5F""","=""1""","=""3d7.(4P).4p""","=""u 5D*""","=""1""",,"=""T5720""","=""L11631""",
"=""256.33987""","=""0.00002""","=""256.339895""","=""0.000010""","=""138""","=""5.60e+06""","=""7.89e-04""","=""-2.258""",C+,"=""0.95815732""","=""5.79341882""","=""3d7.(4F).4s""","=""a 5F""","=""3""","=""3d6.(3P2).4s.4p.(3P*)""","=""y 3P*""","=""2""",,"=""T5720""","=""L11631""",
"=""256.45592""","=""0.00005""","=""256.455928""","=""0.000010""","=""178""","=""7.15e+06""","=""2.35e-03""","=""-2.152""",C+,"=""1.01105568""","=""5.84412959""","=""3d7.(4F).4s""","=""a 5F""","=""1""","=""3d7.(4P).4p""","=""w 3D*""","=""2""",,"=""T5720""","=""L11631""",
"=""256.88646""","=""0.00005""","=""256.886433""","=""0.000010""","=""138""","=""6.12e+06""","=""1.21e-03""","=""-2.218""",C+,"=""0.99011115""","=""5.81508605""","=""3d7.(4F).4s""","=""a 5F""","=""2""","=""3d6.(3P2).4s.4p.(3P*)""","=""y 3P*""","=""1""",,"=""T5720""","=""L11631""",
"=""256.95968""","=""0.00002""","=""256.959678""","=""0.000015""","=""269""","=""9.09e+06""","=""8.18e-04""","=""-2.046""",B+,"=""0.85899575""","=""5.68259542""","=""3d7.(4F).4s""","=""a 5F""","=""5""","=""3d6.(3F2).4s.4p.(3P*)""","=""x 5G*""","=""4""",,"=""T5720""","=""L11631""",
"=""256.97434""","=""0.00005""","=""256.974362""","=""0.000010""","=""120""","=""5.85e+06""","=""1.16e-03""","=""-2.237""",C+,"=""0.99011115""","=""5.81343520""","=""3d7.(4F).4s""","=""a 5F""","=""2""","=""3d7.(4P).4p""","=""u 5D*""","=""2""",,"=""T5720""","=""L11631""",
"=""257.27552""","=""0.00005""","=""257.275372""","=""0.000010""","=""129""","=""1.74e+07""","=""3.46e-03""","=""-1.762""",C+,"=""1.60789577""","=""6.42557692""","=""3d7.(4F).4s""","=""a 3F""","=""2""","=""3d7.(2H).4p""","=""u 3G*""","=""3""",,"=""T5720""","=""L11631""",
"=""257.66900""","=""0.00002""","=""257.669004""","=""0.000010""","=""2570""","=""1.24e+08""","=""1.12e-02""","=""-0.908""",B+,"=""0.85899575""","=""5.66931758""","=""3d7.(4F).4s""","=""a 5F""","=""5""","=""3d6.(3F2).4s.4p.(3P*)""","=""x 5G*""","=""5""",,"=""T5720""","=""L11631""",
"=""257.92700""","=""0.00002""","=""257.927001""","=""0.000015""","=""295""","=""3.46e+06""","=""3.84e-04""","=""-2.461""",C+,"=""0.91460217""","=""5.72011266""","=""3d7.(4F).4s""","=""a 5F""","=""4""","=""3d6.(3H).4s.4p.(3P*)""","=""z 3I*""","=""5""",,"=""T5720""","=""L11631""",
"=""258.45359""","=""0.00002""","=""258.453576""","=""0.000015""","=""9100""","=""4.10e+08""","=""3.73e-02""","=""-0.387""",B+,"=""0.85899575""","=""5.65471608""","=""3d7.(4F).4s""","=""a 5F""","=""5""","=""3d6.(3F2).4s.4p.(3P*)""","=""x 5G*""","=""6""",,"=""T5720""","=""L11631""",
"=""259.41508""","=""0.00002""","=""259.415106""","=""0.000021""","=""214""","=""1.30e+07""","=""1.46e-03""","=""-1.882""",B+,"=""0.91460217""","=""5.6925481""","=""3d7.(4F).4s""","=""a 5F""","=""4""","=""3d6.(3F2).4s.4p.(3P*)""","=""x 5G*""","=""3""",,"=""T5720""","=""L11631""",
"=""259.66159""","=""0.00016""","=""259.661726""","=""0.000010""","=""46""","=""5.21e+05""","=""4.79e-05""","=""-3.278""",C+,"=""0.85899575""","=""5.63240401""","=""3d7.(4F).4s""","=""a 5F""","=""5""","=""3d6.(3H).4s.4p.(3P*)""","=""y 3G*""","=""4""",,"=""T5720""","=""L11631""",
"=""259.95667""","=""0.00002""","=""259.956642""","=""0.000015""","=""2510""","=""1.32e+08""","=""1.49e-02""","=""-0.873""",B+,"=""0.91460217""","=""5.68259542""","=""3d7.(4F).4s""","=""a 5F""","=""4""","=""3d6.(3F2).4s.4p.(3P*)""","=""x 5G*""","=""4""",,"=""T5720""","=""L11631""",
"=""260.56571""","=""0.00005""","=""260.565678""","=""0.000010""","=""2450""","=""1.60e+07""","=""1.47e-03""","=""-1.790""",B,"=""0.85899575""","=""5.61584517""","=""3d7.(4F).4s""","=""a 5F""","=""5""","=""3d6.(3H).4s.4p.(3P*)""","=""y 3G*""","=""5""",,"=""T5720""","=""L11631""",
"=""260.68261""","=""0.00002""","=""260.682632""","=""0.000010""","=""5000""","=""2.67e+08""","=""3.03e-02""","=""-0.565""",B+,"=""0.91460217""","=""5.66931758""","=""3d7.(4F).4s""","=""a 5F""","=""4""","=""3d6.(3F2).4s.4p.(3P*)""","=""x 5G*""","=""5""",,"=""T5720""","=""L11631""",
"=""260.92208""","=""0.00005""","=""260.92201""","=""0.00003""","=""60""","=""3.22e+08""","=""4.70e-02""","=""-0.483""",C+,"=""2.75857762""","=""7.5089311""","=""3d7.(2G).4s""","=""a 3G""","=""3""","=""3d6.(3F2).4s.4p.(1P*)""","=""r 3G*""","=""3""",,"=""T5720""","=""L11631""",
"=""261.07507""","=""0.00005""","=""261.075038""","=""0.000010""","=""126""","=""1.08e+06""","=""2.21e-04""","=""-2.956""",D,"=""0.08728574""","=""4.83485507""","=""3d6.4s2""","=""a 5D""","=""2""","=""3d7.(4F).4p""","=""y 3D*""","=""1""",,"=""T5720""","=""L11631""",
"=""261.27720""","=""0.00002""","=""261.277178""","=""0.000010""","=""282""","=""2.54e+06""","=""3.71e-04""","=""-2.586""",C,"=""0.05156912""","=""4.79546566""","=""3d6.4s2""","=""a 5D""","=""3""","=""3d7.(4F).4p""","=""y 3D*""","=""2""",,"=""T5720""","=""L11631""",
"=""261.44945""","=""0.00002""","=""261.449444""","=""0.000015""","=""282""","=""9.00e+06""","=""1.32e-03""","=""-2.035""",B+,"=""0.95815732""","=""5.69892835""","=""3d7.(4F).4s""","=""a 5F""","=""3""","=""3d6.(3F2).4s.4p.(3P*)""","=""x 5G*""","=""2""",,"=""T5720""","=""L11631""",
"=""261.80179""","=""0.00002""","=""261.801804""","=""0.000022""","=""2140""","=""1.05e+08""","=""1.54e-02""","=""-0.967""",B+,"=""0.95815732""","=""5.6925481""","=""3d7.(4F).4s""","=""a 5F""","=""3""","=""3d6.(3F2).4s.4p.(3P*)""","=""x 5G*""","=""3""",,"=""T5720""","=""L11631""",
"=""261.87105""","=""0.00002""","=""261.870949""","=""0.000007""","=""170""","=""3.65e+06""","=""4.17e-04""","=""-2.426""",B,"=""0.0000000""","=""4.73314079""","=""3d6.4s2""","=""a 5D""","=""4""","=""3d7.(4F).4p""","=""y 3D*""","=""3""",,"=""T5720""","=""L11631""",
"=""262.33658""","=""0.00002""","=""262.336554""","=""0.000010""","=""240""","=""2.58e+06""","=""8.89e-04""","=""-2.574""",D,"=""0.11011433""","=""4.83485507""","=""3d6.4s2""","=""a 5D""","=""1""","=""3d7.(4F).4p""","=""y 3D*""","=""1""",,"=""T5720""","=""L11631""",
"=""262.35337""","=""0.00002""","=""262.353360""","=""0.000016""","=""3310""","=""1.92e+08""","=""2.82e-02""","=""-0.704""",B+,"=""0.95815732""","=""5.68259542""","=""3d7.(4F).4s""","=""a 5F""","=""3""","=""3d6.(3F2).4s.4p.(3P*)""","=""x 5G*""","=""4""",,"=""T5720""","=""L11631""",
"=""262.72240""","=""0.00006""","=""262.722419""","=""0.000010""","=""76""","=""9.81e+05""","=""1.13e-04""","=""-2.993""",B,"=""0.91460217""","=""5.63240401""","=""3d7.(4F).4s""","=""a 5F""","=""4""","=""3d6.(3H).4s.4p.(3P*)""","=""y 3G*""","=""4""",,"=""T5720""","=""L11631""",
"=""""","=""""","=""262.957226""","=""0.000010""","=""""","=""6.00e+06""","=""6.21e-03""","=""-2.207""",D+,"=""0.12126572""","=""4.83485507""","=""3d6.4s2""","=""a 5D""","=""0""","=""3d7.(4F).4p""","=""y 3D*""","=""1""",,"=""T5783""","=""""",
"=""263.22375""","=""0.00002""","=""263.223736""","=""0.000016""","=""1660""","=""6.05e+07""","=""1.26e-02""","=""-1.202""",B+,"=""0.99011115""","=""5.69892835""","=""3d7.(4F).4s""","=""a 5F""","=""2""","=""3d6.(3F2).4s.4p.(3P*)""","=""x 5G*""","=""2""",,"=""T5720""","=""L11631""",
"=""263.25938""","=""0.00002""","=""263.259367""","=""0.000010""","=""174""","=""4.50e+06""","=""9.35e-04""","=""-2.330""",C,"=""0.08728574""","=""4.79546566""","=""3d6.4s2""","=""a 5D""","=""2""","=""3d7.(4F).4p""","=""y 3D*""","=""2""",,"=""T5720""","=""L11631""",
"=""263.57211""","=""0.00010""","=""263.571918""","=""0.000022""","=""76""","=""3.86e+07""","=""3.66e-03""","=""-1.395""",C,"=""2.43269470""","=""7.1352919""","=""3d6.4s2""","=""a 3H""","=""5""","=""3d6.(3D).4s.4p.(3P*)""","=""t 3F*""","=""4""",,"=""T5720""","=""L11631""",
"=""263.58087""","=""0.00002""","=""263.580897""","=""0.000022""","=""2090""","=""1.48e+08""","=""3.08e-02""","=""-0.813""",B+,"=""0.99011115""","=""5.6925481""","=""3d7.(4F).4s""","=""a 5F""","=""2""","=""3d6.(3F2).4s.4p.(3P*)""","=""x 5G*""","=""3""",,"=""T5720""","=""L11631""",
"=""263.64785""","=""0.00006""","=""263.647842""","=""0.000010""","=""490""","=""8.65e+06""","=""1.00e-03""","=""-2.045""",B,"=""0.91460217""","=""5.61584517""","=""3d7.(4F).4s""","=""a 5F""","=""4""","=""3d6.(3H).4s.4p.(3P*)""","=""y 3G*""","=""5""",,"=""T5720""","=""L11631""",
"=""264.10292""","=""0.00010""","=""264.102912""","=""0.000016""","=""33""","=""5.40e+07""","=""6.28e-03""","=""-1.248""",D+,"=""2.45343044""","=""7.14657331""","=""3d6.4s2""","=""a 3H""","=""4""","=""3d6.(3D).4s.4p.(3P*)""","=""t 3F*""","=""3""",,"=""T5720""","=""L11631""",
"=""264.16436""","=""0.00020""","=""264.164559""","=""0.000010""","=""870bl""","=""4.53e+07""","=""5.27e-03""","=""-1.324""",C,"=""0.91460217""","=""5.60664989""","=""3d7.(4F).4s""","=""a 5F""","=""4""","=""3d6.(3P2).4s.4p.(3P*)""","=""x 3D*""","=""3""",,"=""T5720""","=""L11631""",
"=""264.39984""","=""0.00002""","=""264.399839""","=""0.000016""","=""1150""","=""1.17e+08""","=""4.09e-02""","=""-0.911""",B+,"=""1.01105568""","=""5.69892835""","=""3d7.(4F).4s""","=""a 5F""","=""1""","=""3d6.(3F2).4s.4p.(3P*)""","=""x 5G*""","=""2""",,"=""T5720""","=""L11631""",
"=""264.54214""","=""0.00006""","=""264.542130""","=""0.000010""","=""132""","=""1.69e+06""","=""5.91e-04""","=""-2.751""",C,"=""0.11011433""","=""4.79546566""","=""3d6.4s2""","=""a 5D""","=""1""","=""3d7.(4F).4p""","=""y 3D*""","=""2""",,"=""T5720""","=""L11631""",
"=""264.75574""","=""0.00002""","=""264.755720""","=""0.000010""","=""170""","=""3.64e+06""","=""5.47e-04""","=""-2.417""",B,"=""0.05156912""","=""4.73314079""","=""3d6.4s2""","=""a 5D""","=""3""","=""3d7.(4F).4p""","=""y 3D*""","=""3""",,"=""T5720""","=""L11631""",
"=""265.17060""","=""0.00002""","=""265.170642""","=""0.000010""","=""437""","=""8.75e+06""","=""1.32e-03""","=""-2.035""",B,"=""0.95815732""","=""5.63240401""","=""3d7.(4F).4s""","=""a 5F""","=""3""","=""3d6.(3H).4s.4p.(3P*)""","=""y 3G*""","=""4""",,"=""T5720""","=""L11631""",
"=""265.61453""","=""0.00006""","=""265.614508""","=""0.000022""","=""479""","=""2.44e+08""","=""1.99e-02""","=""-0.587""",B,"=""2.40407444""","=""7.0705105""","=""3d6.4s2""","=""a 3H""","=""6""","=""3d6.(1I).4s.4p.(3P*)""","=""x 3I*""","=""7""",,"=""T5720""","=""L11631""",
"=""265.67917""","=""0.00020""","=""265.679150""","=""0.000016""","=""174bl""","=""1.60e+07""","=""1.87e-03""","=""-1.773""",B,"=""1.48486439""","=""6.15016512""","=""3d7.(4F).4s""","=""a 3F""","=""4""","=""3d7.(2G).4p""","=""y 3H*""","=""5""",,"=""T5720""","=""L11631""",
"=""266.03970""","=""0.00002""","=""266.039745""","=""0.000010""","=""437""","=""4.42e+06""","=""9.40e-04""","=""-2.328""",B,"=""0.99011115""","=""5.64908881""","=""3d7.(4F).4s""","=""a 5F""","=""2""","=""3d6.(3H).4s.4p.(3P*)""","=""y 3G*""","=""3""",,"=""T5720""","=""L11631""",
"=""266.20564""","=""0.00006""","=""266.205639""","=""0.000010""","=""580""","=""2.32e+07""","=""3.52e-03""","=""-1.608""",B,"=""0.95815732""","=""5.61423177""","=""3d7.(4F).4s""","=""a 5F""","=""3""","=""3d6.(3P2).4s.4p.(3P*)""","=""x 3D*""","=""2""",,"=""T5720""","=""L11631""",
"=""266.63985""","=""0.00002""","=""266.639857""","=""0.000010""","=""178""","=""1.25e+07""","=""1.91e-03""","=""-1.874""",B,"=""0.95815732""","=""5.60664989""","=""3d7.(4F).4s""","=""a 5F""","=""3""","=""3d6.(3P2).4s.4p.(3P*)""","=""x 3D*""","=""3""",,"=""T5720""","=""L11631""",
"=""266.68123""","=""0.00002""","=""266.681221""","=""0.000010""","=""3630""","=""8.02e+07""","=""7.77e-03""","=""-1.068""",B+,"=""0.85899575""","=""5.50676735""","=""3d7.(4F).4s""","=""a 5F""","=""5""","=""3d6.(3F2).4s.4p.(3P*)""","=""w 5F*""","=""4""",,"=""T5720""","=""L11631""",
"=""266.69648""","=""0.00006""","=""266.696468""","=""0.000010""","=""468""","=""5.68e+07""","=""6.73e-03""","=""-1.218""",B,"=""1.48486439""","=""6.13237029""","=""3d7.(4F).4s""","=""a 3F""","=""4""","=""3d7.(2G).4p""","=""v 3G*""","=""5""",,"=""T5720""","=""L11631""",
"=""266.79125""","=""0.00006""","=""266.791240""","=""0.000010""","=""135""","=""1.18e+06""","=""2.52e-04""","=""-2.899""",B,"=""0.08728574""","=""4.73314079""","=""3d6.4s2""","=""a 5D""","=""2""","=""3d7.(4F).4p""","=""y 3D*""","=""3""",,"=""T5720""","=""L11631""",
"=""266.94931""","=""0.00002""","=""266.949283""","=""0.000023""","=""447""","=""1.74e+08""","=""1.69e-02""","=""-0.730""",B,"=""2.43269470""","=""7.0757994""","=""3d6.4s2""","=""a 3H""","=""5""","=""3d6.(1I).4s.4p.(3P*)""","=""x 3I*""","=""6""",,"=""T5720""","=""L11631""",
"=""267.32130""","=""0.00002""","=""267.321293""","=""0.000010""","=""229""","=""6.81e+06""","=""2.43e-03""","=""-2.137""",B,"=""1.01105568""","=""5.64769932""","=""3d7.(4F).4s""","=""a 5F""","=""1""","=""3d6.(3P2).4s.4p.(3P*)""","=""x 3D*""","=""1""",,"=""T5720""","=""L11631""",
"=""267.90240""","=""0.00002""","=""267.90221""","=""0.00005""","=""288""","=""1.21e+08""","=""1.45e-02""","=""-0.885""",B,"=""2.45343044""","=""7.0800206""","=""3d6.4s2""","=""a 3H""","=""4""","=""3d6.(1I).4s.4p.(3P*)""","=""x 3I*""","=""5""",,"=""T5720""","=""L11631""",
"=""267.90616""","=""0.00002""","=""267.906153""","=""0.000016""","=""8100""","=""1.65e+08""","=""1.61e-02""","=""-0.751""",B+,"=""0.85899575""","=""5.48551782""","=""3d7.(4F).4s""","=""a 5F""","=""5""","=""3d6.(3F2).4s.4p.(3P*)""","=""w 5F*""","=""5""",,"=""T5720""","=""L11631""",
"=""268.04529""","=""0.00002""","=""268.045292""","=""0.000010""","=""447""","=""1.71e+07""","=""3.68e-03""","=""-1.735""",B,"=""0.99011115""","=""5.61423177""","=""3d7.(4F).4s""","=""a 5F""","=""2""","=""3d6.(3P2).4s.4p.(3P*)""","=""x 3D*""","=""2""",,"=""T5720""","=""L11631""",
"=""268.48558""","=""0.00011""","=""268.485536""","=""0.000010""","=""66""","=""1.31e+06""","=""2.83e-04""","=""-2.849""",C+,"=""0.99011115""","=""5.60664989""","=""3d7.(4F).4s""","=""a 5F""","=""2""","=""3d6.(3P2).4s.4p.(3P*)""","=""x 3D*""","=""3""",,"=""T5720""","=""L11631""",
"=""268.92121""","=""0.00021""","=""268.921246""","=""0.000016""","=""5500bl""","=""1.18e+08""","=""1.42e-02""","=""-0.894""",B+,"=""0.91460217""","=""5.52366156""","=""3d7.(4F).4s""","=""a 5F""","=""4""","=""3d6.(3F2).4s.4p.(3P*)""","=""w 5F*""","=""3""",,"=""T5720""","=""L11631""",
"=""268.98287""","=""0.00002""","=""268.982861""","=""0.000016""","=""316""","=""2.74e+07""","=""4.24e-03""","=""-1.528""",C+,"=""1.55735733""","=""6.16536100""","=""3d7.(4F).4s""","=""a 3F""","=""3""","=""3d7.(2G).4p""","=""y 3H*""","=""4""",,"=""T5720""","=""L11631""",
"=""""","=""""","=""269.004619""","=""0.000023""","=""""","=""1.52e+07""","=""1.83e-03""","=""-1.782""",D+,"=""2.45343044""","=""7.0610614""","=""3d6.4s2""","=""a 3H""","=""4""","=""3d7.(2H).4p""","=""v 1G*""","=""4""",,"=""T5720""","=""""",
"=""269.00680""","=""0.00002""","=""269.006820""","=""0.000008""","=""324""","=""1.77e+06""","=""2.14e-04""","=""-2.716""",C+,"=""0.0000000""","=""4.60759327""","=""3d6.4s2""","=""a 5D""","=""4""","=""3d7.(4F).4p""","=""y 3F*""","=""3""",,"=""T5720""","=""L11631""",
"=""269.22480""","=""0.00006""","=""269.224811""","=""0.000010""","=""105""","=""5.64e+06""","=""6.82e-04""","=""-2.212""",C+,"=""1.48486439""","=""6.08872711""","=""3d7.(4F).4s""","=""a 3F""","=""4""","=""3d7.(2G).4p""","=""w 3F*""","=""4""",,"=""T5720""","=""L11631""",
"=""269.26501""","=""0.00011""","=""269.264972""","=""0.000010""","=""95""","=""2.00e+06""","=""7.23e-04""","=""-2.664""",C+,"=""1.01105568""","=""5.61423177""","=""3d7.(4F).4s""","=""a 5F""","=""1""","=""3d6.(3P2).4s.4p.(3P*)""","=""x 3D*""","=""2""",,"=""T5720""","=""L11631""",
"=""269.50353""","=""0.00002""","=""269.503529""","=""0.000010""","=""520""","=""4.29e+06""","=""4.25e-04""","=""-2.330""",B,"=""0.85899575""","=""5.45809748""","=""3d7.(4F).4s""","=""a 5F""","=""5""","=""3d6.(3F2).4s.4p.(3P*)""","=""v 5D*""","=""4""",,"=""T5720""","=""L11631""",
"=""269.70208""","=""0.00002""","=""269.702081""","=""0.000010""","=""355""","=""3.16e+07""","=""4.93e-03""","=""-1.462""",B,"=""1.55735733""","=""6.15307342""","=""3d7.(4F).4s""","=""a 3F""","=""3""","=""3d7.(2G).4p""","=""v 3G*""","=""4""",,"=""T5720""","=""L11631""",
"=""269.91065""","=""0.00002""","=""269.910641""","=""0.000010""","=""2820""","=""5.03e+07""","=""6.11e-03""","=""-1.260""",B+,"=""0.91460217""","=""5.50676735""","=""3d7.(4F).4s""","=""a 5F""","=""4""","=""3d6.(3F2).4s.4p.(3P*)""","=""w 5F*""","=""4""",,"=""T5720""","=""L11631""",
"=""270.19103""","=""0.00006""","=""270.190919""","=""0.000017""","=""60""","=""7.35e+07""","=""8.93e-03""","=""-1.095""",D+,"=""2.55917148""","=""7.14657331""","=""3d6.4s2""","=""b 3F2""","=""4""","=""3d6.(3D).4s.4p.(3P*)""","=""t 3F*""","=""3""",,"=""T5720""","=""L11631""",
"=""270.24500""","=""0.00006""","=""270.244950""","=""0.000017""","=""107""","=""4.65e+07""","=""3.92e-03""","=""-1.293""",B,"=""2.40407444""","=""6.99055915""","=""3d6.4s2""","=""a 3H""","=""6""","=""3d6.(1I).4s.4p.(3P*)""","=""u 3H*""","=""5""",,"=""T5720""","=""L11631""",
"=""270.60124""","=""0.00002""","=""270.601226""","=""0.000023""","=""810""","=""2.96e+08""","=""2.50e-02""","=""-0.488""",B+,"=""2.40407444""","=""6.9845209""","=""3d6.4s2""","=""a 3H""","=""6""","=""3d6.(1I).4s.4p.(3P*)""","=""u 3H*""","=""6""",,"=""T5720""","=""L11631""",
"=""270.65817""","=""0.00002""","=""270.658205""","=""0.000011""","=""6500""","=""1.34e+08""","=""2.11e-02""","=""-0.831""",B+,"=""0.95815732""","=""5.53763954""","=""3d7.(4F).4s""","=""a 5F""","=""3""","=""3d6.(3F2).4s.4p.(3P*)""","=""v 5D*""","=""2""",,"=""T5720""","=""L11631""",
"=""270.85707""","=""0.00002""","=""270.857054""","=""0.000023""","=""720""","=""5.84e+08""","=""7.14e-02""","=""-0.192""",B+,"=""2.55917148""","=""7.1352919""","=""3d6.4s2""","=""b 3F2""","=""4""","=""3d6.(3D).4s.4p.(3P*)""","=""t 3F*""","=""4""",,"=""T5720""","=""L11631""",
"=""271.05435""","=""0.00002""","=""271.054351""","=""0.000011""","=""520""","=""4.19e+07""","=""9.25e-03""","=""-1.335""",C+,"=""1.60789577""","=""6.18068544""","=""3d7.(4F).4s""","=""a 3F""","=""2""","=""3d7.(2G).4p""","=""v 3G*""","=""3""",,"=""T5720""","=""L11631""",
"=""271.16550""","=""0.00002""","=""271.165486""","=""0.000017""","=""3090""","=""5.49e+07""","=""6.73e-03""","=""-1.218""",B+,"=""0.91460217""","=""5.48551782""","=""3d7.(4F).4s""","=""a 5F""","=""4""","=""3d6.(3F2).4s.4p.(3P*)""","=""w 5F*""","=""5""",,"=""T5720""","=""L11631""",
"=""271.48691""","=""0.00002""","=""271.486912""","=""0.000017""","=""479""","=""5.87e+06""","=""9.27e-04""","=""-2.188""",B+,"=""0.95815732""","=""5.52366156""","=""3d7.(4F).4s""","=""a 5F""","=""3""","=""3d6.(3F2).4s.4p.(3P*)""","=""w 5F*""","=""3""",,"=""T5720""","=""L11631""",
"=""271.62573""","=""0.00011""","=""271.625767""","=""0.000017""","=""87""","=""3.33e+07""","=""4.10e-03""","=""-1.433""",D+,"=""2.45343044""","=""7.01660092""","=""3d6.4s2""","=""a 3H""","=""4""","=""3d6.(1G2).4s.4p.(3P*)""","=""u 3F*""","=""4""",,"=""T5720""","=""L11631""",
"=""271.64185""","=""0.00011""","=""271.641821""","=""0.000017""","=""81""","=""4.46e+07""","=""4.49e-03""","=""-1.306""",C+,"=""2.43269470""","=""6.99559552""","=""3d6.4s2""","=""a 3H""","=""5""","=""3d6.(1I).4s.4p.(3P*)""","=""u 3H*""","=""4""",,"=""T5720""","=""L11631""",
"=""271.73661""","=""0.00006""","=""271.736595""","=""0.000011""","=""166""","=""1.34e+06""","=""1.65e-04""","=""-2.827""",C,"=""0.91460217""","=""5.47591165""","=""3d7.(4F).4s""","=""a 5F""","=""4""","=""3d6.(3F2).4s.4p.(3P*)""","=""v 5D*""","=""3""",,"=""T5720""","=""L11631""",
"=""271.77864""","=""0.00002""","=""271.778632""","=""0.000011""","=""447""","=""9.60e+06""","=""1.52e-03""","=""-1.973""",B,"=""0.95815732""","=""5.51876133""","=""3d7.(4F).4s""","=""a 5F""","=""3""","=""3d7.(4P).4p""","=""y 5S*""","=""2""",,"=""T5720""","=""L11631""",
"=""271.84361""","=""0.00002""","=""271.843604""","=""0.000011""","=""3390""","=""1.14e+08""","=""2.52e-02""","=""-0.900""",B+,"=""0.99011115""","=""5.54962521""","=""3d7.(4F).4s""","=""a 5F""","=""2""","=""3d6.(3F2).4s.4p.(3P*)""","=""v 5D*""","=""1""",,"=""T5720""","=""L11631""",
"=""271.90272""","=""0.00002""","=""271.902720""","=""0.000008""","=""10700""","=""9.94e+08""","=""1.22e-01""","=""0.042""",B+,"=""0.0000000""","=""4.55852281""","=""3d6.4s2""","=""a 5D""","=""4""","=""3d6.(5D).4s.4p.(1P*)""","=""y 5P*""","=""3""",,"=""T5720""","=""L11631""",
"=""""","=""""","=""271.906026""","=""0.000017""","=""""","=""5.18e+08""","=""8.21e-02""","=""-0.241""",B,"=""2.58810592""","=""7.14657331""","=""3d6.4s2""","=""b 3F2""","=""3""","=""3d6.(3D).4s.4p.(3P*)""","=""t 3F*""","=""3""",,"=""T5720""","=""""",
"=""271.94202""","=""0.00002""","=""271.941996""","=""0.000017""","=""1000""","=""3.52e+08""","=""3.55e-02""","=""-0.409""",B+,"=""2.43269470""","=""6.99055915""","=""3d6.4s2""","=""a 3H""","=""5""","=""3d6.(1I).4s.4p.(3P*)""","=""u 3H*""","=""5""",,"=""T5720""","=""L11631""",
"=""272.09021""","=""0.00006""","=""272.090204""","=""0.000011""","=""8100""","=""5.20e+08""","=""8.24e-02""","=""-0.239""",B,"=""0.05156912""","=""4.60695104""","=""3d6.4s2""","=""a 5D""","=""3""","=""3d6.(5D).4s.4p.(1P*)""","=""y 5P*""","=""2""",,"=""T5720""","=""L11631""",
"=""272.20388""","=""0.00006""","=""272.203836""","=""0.000011""","=""117""","=""5.68e+06""","=""7.01e-04""","=""-2.200""",C+,"=""1.48486439""","=""6.03834476""","=""3d7.(4F).4s""","=""a 3F""","=""4""","=""3d6.(3H).4s.4p.(3P*)""","=""y 1G*""","=""4""",,"=""T5720""","=""L11631""",
"=""272.35773""","=""0.00002""","=""272.357709""","=""0.000011""","=""8900""","=""1.71e+08""","=""3.80e-02""","=""-0.722""",B,"=""0.08728574""","=""4.63819369""","=""3d6.4s2""","=""a 5D""","=""2""","=""3d6.(5D).4s.4p.(1P*)""","=""y 5P*""","=""1""",,"=""T5720""","=""L11631""",
"=""272.49531""","=""0.00021""","=""272.495309""","=""0.000011""","=""2630bl*""","=""4.28e+07""","=""6.81e-03""","=""-1.322""",B+,"=""0.95815732""","=""5.50676735""","=""3d7.(4F).4s""","=""a 5F""","=""3""","=""3d6.(3F2).4s.4p.(3P*)""","=""w 5F*""","=""4""",,"=""T5720""","=""L11631""",
"=""272.50160""","=""0.00011""","=""272.501534""","=""0.000008""","=""59""","=""2.79e+05""","=""3.45e-05""","=""-3.508""",D+,"=""0.0000000""","=""4.54850612""","=""3d6.4s2""","=""a 5D""","=""4""","=""3d7.(4F).4p""","=""y 3F*""","=""4""",,"=""T5720""","=""L11631""",
"=""272.56018""","=""0.00006""","=""272.560127""","=""0.000011""","=""145""","=""2.46e+06""","=""5.48e-04""","=""-2.562""",B,"=""0.99011115""","=""5.53763954""","=""3d7.(4F).4s""","=""a 5F""","=""2""","=""3d6.(3F2).4s.4p.(3P*)""","=""v 5D*""","=""2""",,"=""T5720""","=""L11631""",
"=""272.58058""","=""0.00011""","=""272.580654""","=""0.000023""","=""42""","=""2.17e+07""","=""3.45e-03""","=""-1.617""",D+,"=""2.58810592""","=""7.1352919""","=""3d6.4s2""","=""b 3F2""","=""3""","=""3d6.(3D).4s.4p.(3P*)""","=""t 3F*""","=""4""",,"=""T5720""","=""L11631""",
"=""272.60551""","=""0.00006""","=""272.605496""","=""0.000017""","=""1580""","=""5.52e+07""","=""2.05e-02""","=""-1.211""",B+,"=""1.01105568""","=""5.55782726""","=""3d7.(4F).4s""","=""a 5F""","=""1""","=""3d6.(3F2).4s.4p.(3P*)""","=""v 5D*""","=""0""",,"=""T5720""","=""L11631""",
"=""272.80208""","=""0.00002""","=""272.802081""","=""0.000011""","=""3160""","=""3.10e+07""","=""3.85e-03""","=""-1.460""",B,"=""0.91460217""","=""5.45809748""","=""3d7.(4F).4s""","=""a 5F""","=""4""","=""3d6.(3F2).4s.4p.(3P*)""","=""v 5D*""","=""4""",,"=""T5720""","=""L11631""",
"=""272.88200""","=""0.00002""","=""272.881978""","=""0.000017""","=""710""","=""2.68e+08""","=""3.33e-02""","=""-0.524""",B,"=""2.45343044""","=""6.99559552""","=""3d6.4s2""","=""a 3H""","=""4""","=""3d6.(1I).4s.4p.(3P*)""","=""u 3H*""","=""4""",,"=""T5720""","=""L11631""",
"=""272.89696""","=""0.00006""","=""272.896899""","=""0.000011""","=""120""","=""7.80e+05""","=""2.90e-04""","=""-3.060""",D+,"=""0.11011433""","=""4.65203107""","=""3d6.4s2""","=""a 5D""","=""1""","=""3d7.(4F).4p""","=""y 3F*""","=""2""",,"=""T5720""","=""L11631""",
"=""273.09818""","=""0.00002""","=""273.098172""","=""0.000011""","=""810""","=""1.88e+07""","=""7.02e-03""","=""-1.676""",B+,"=""1.01105568""","=""5.54962521""","=""3d7.(4F).4s""","=""a 5F""","=""1""","=""3d6.(3F2).4s.4p.(3P*)""","=""v 5D*""","=""1""",,"=""T5720""","=""L11631""",
"=""273.12812""","=""0.00021""","=""273.128153""","=""0.000017""","=""47bl""","=""4.79e+07""","=""1.07e-02""","=""-1.271""",D+,"=""2.60850194""","=""7.14657331""","=""3d6.4s2""","=""b 3F2""","=""2""","=""3d6.(3D).4s.4p.(3P*)""","=""t 3F*""","=""3""",,"=""T5720""","=""L11631""",
"=""273.33654""","=""0.00016""","=""273.336703""","=""0.000011""","=""76""","=""3.32e+06""","=""5.32e-04""","=""-2.429""",C+,"=""1.55735733""","=""6.09196644""","=""3d7.(4F).4s""","=""a 3F""","=""3""","=""3d6.(3F2).4s.4p.(3P*)""","=""v 3D*""","=""3""",,"=""T5720""","=""L11631""",
"=""273.35803""","=""0.00002""","=""273.358020""","=""0.000011""","=""15100""","=""6.39e+08""","=""6.51e-02""","=""-0.145""",C+,"=""0.85899575""","=""5.39325126""","=""3d7.(4F).4s""","=""a 5F""","=""5""","=""3d6.(3P2).4s.4p.(3P*)""","=""w 5D*""","=""4""",,"=""T5720""","=""L11631""",
"=""273.40053""","=""0.00002""","=""273.400538""","=""0.000017""","=""980""","=""1.54e+07""","=""3.45e-03""","=""-1.763""",B+,"=""0.99011115""","=""5.52366156""","=""3d7.(4F).4s""","=""a 5F""","=""2""","=""3d6.(3F2).4s.4p.(3P*)""","=""w 5F*""","=""3""",,"=""T5720""","=""L11631""",
"=""273.46150""","=""0.00002""","=""273.461537""","=""0.000017""","=""447""","=""4.84e+06""","=""7.76e-04""","=""-2.265""",B+,"=""0.95815732""","=""5.49069652""","=""3d7.(4F).4s""","=""a 5F""","=""3""","=""3d6.(3F2).4s.4p.(3P*)""","=""w 5F*""","=""2""",,"=""T5720""","=""L11631""",
"=""273.54751""","=""0.00002""","=""273.547518""","=""0.000011""","=""8100""","=""3.52e+08""","=""4.39e-02""","=""-0.403""",D+,"=""0.91460217""","=""5.44571679""","=""3d7.(4F).4s""","=""a 5F""","=""4""","=""3d6.(3P2).4s.4p.(3P*)""","=""w 5D*""","=""3""",,"=""T5720""","=""L11631""",
"=""273.73090""","=""0.00002""","=""273.730891""","=""0.000011""","=""10700""","=""2.18e+08""","=""8.14e-02""","=""-0.612""",B,"=""0.11011433""","=""4.63819369""","=""3d6.4s2""","=""a 5D""","=""1""","=""3d6.(5D).4s.4p.(1P*)""","=""y 5P*""","=""1""",,"=""T5720""","=""L11631""",
"=""273.76407""","=""0.00006""","=""273.763973""","=""0.000017""","=""437""","=""1.25e+08""","=""1.08e-02""","=""-0.851""",B,"=""2.40407444""","=""6.93160665""","=""3d6.4s2""","=""a 3H""","=""6""","=""3d7.(2H).4p""","=""1H*""","=""5""",,"=""T5720""","=""L11631""",
"=""273.82131""","=""0.00006""","=""273.821332""","=""0.000011""","=""145""","=""2.05e+06""","=""7.68e-04""","=""-2.637""",B,"=""1.01105568""","=""5.53763954""","=""3d7.(4F).4s""","=""a 5F""","=""1""","=""3d6.(3F2).4s.4p.(3P*)""","=""v 5D*""","=""2""",,"=""T5720""","=""L11631""",
"=""274.15766""","=""0.00011""","=""274.157644""","=""0.000017""","=""59""","=""3.50e+06""","=""7.88e-04""","=""-2.405""",C,"=""1.60789577""","=""6.12892712""","=""3d7.(4F).4s""","=""a 3F""","=""2""","=""3d7.(2G).4p""","=""w 3F*""","=""2""",,"=""T5720""","=""L11631""",
"=""274.20157""","=""0.00002""","=""274.201546""","=""0.000011""","=""590""","=""2.88e+06""","=""6.49e-04""","=""-2.489""",C,"=""0.08728574""","=""4.60759327""","=""3d6.4s2""","=""a 5D""","=""2""","=""3d7.(4F).4p""","=""y 3F*""","=""3""",,"=""T5720""","=""L11631""",
"=""274.22540""","=""0.00002""","=""274.225398""","=""0.000011""","=""4270""","=""1.70e+08""","=""2.75e-02""","=""-0.716""",C+,"=""0.95815732""","=""5.47807170""","=""3d7.(4F).4s""","=""a 5F""","=""3""","=""3d6.(3P2).4s.4p.(3P*)""","=""w 5D*""","=""2""",,"=""T5720""","=""L11631""",
"=""274.24052""","=""0.00002""","=""274.240512""","=""0.000011""","=""16200""","=""2.35e+08""","=""5.30e-02""","=""-0.577""",C+,"=""0.08728574""","=""4.60695104""","=""3d6.4s2""","=""a 5D""","=""2""","=""3d6.(5D).4s.4p.(1P*)""","=""y 5P*""","=""2""",,"=""T5720""","=""L11631""",
"=""274.35652""","=""0.00002""","=""274.356519""","=""0.000011""","=""2750""","=""3.39e+07""","=""5.46e-03""","=""-1.418""",B+,"=""0.95815732""","=""5.47591165""","=""3d7.(4F).4s""","=""a 5F""","=""3""","=""3d6.(3F2).4s.4p.(3P*)""","=""v 5D*""","=""3""",,"=""T5720""","=""L11631""",
"=""274.40673""","=""0.00002""","=""274.406714""","=""0.000011""","=""6300""","=""9.27e+07""","=""1.05e-01""","=""-0.980""",B,"=""0.12126572""","=""4.63819369""","=""3d6.4s2""","=""a 5D""","=""0""","=""3d6.(5D).4s.4p.(1P*)""","=""y 5P*""","=""1""",,"=""T5720""","=""L11631""",
"=""274.45273""","=""0.00006""","=""274.452716""","=""0.000011""","=""1950""","=""7.59e+07""","=""1.71e-02""","=""-1.067""",B+,"=""0.99011115""","=""5.50628207""","=""3d7.(4F).4s""","=""a 5F""","=""2""","=""3d6.(3P2).4s.4p.(3P*)""","=""w 5D*""","=""1""",,"=""T5720""","=""L11631""",
"=""""","=""""","=""274.700224""","=""0.000017""","=""m""","=""1.98e+07""","=""4.49e-03""","=""-1.649""",C+,"=""0.99011115""","=""5.50221316""","=""3d7.(4F).4s""","=""a 5F""","=""2""","=""3d6.(3F2).4s.4p.(3P*)""","=""w 5F*""","=""1""",,"=""T5720""","=""L11631""",
"=""274.96825""","=""0.00006""","=""274.968153""","=""0.000011""","=""71""","=""2.42e+06""","=""9.16e-04""","=""-2.561""",C+,"=""1.01105568""","=""5.51876133""","=""3d7.(4F).4s""","=""a 5F""","=""1""","=""3d7.(4P).4p""","=""y 5S*""","=""2""",,"=""T5720""","=""L11631""",
"=""275.01404""","=""0.00002""","=""275.014032""","=""0.000011""","=""21400""","=""1.92e+08""","=""3.11e-02""","=""-0.663""",B,"=""0.05156912""","=""4.55852281""","=""3d6.4s2""","=""a 5D""","=""3""","=""3d6.(5D).4s.4p.(1P*)""","=""y 5P*""","=""3""",,"=""T5720""","=""L11631""",
"=""275.36867""","=""0.00006""","=""275.368672""","=""0.000011""","=""1510""","=""4.00e+07""","=""1.52e-02""","=""-1.342""",B,"=""1.01105568""","=""5.51220530""","=""3d7.(4F).4s""","=""a 5F""","=""1""","=""3d6.(3P2).4s.4p.(3P*)""","=""w 5D*""","=""0""",,"=""T5720""","=""L11631""",
"=""275.40319""","=""0.00002""","=""275.403198""","=""0.000017""","=""2510""","=""3.64e+07""","=""8.29e-03""","=""-1.383""",B+,"=""0.99011115""","=""5.49069652""","=""3d7.(4F).4s""","=""a 5F""","=""2""","=""3d6.(3F2).4s.4p.(3P*)""","=""w 5F*""","=""2""",,"=""T5720""","=""L11631""",
"=""275.44271""","=""0.00002""","=""275.442688""","=""0.000011""","=""1780""","=""1.46e+07""","=""2.37e-03""","=""-1.780""",B,"=""0.95815732""","=""5.45809748""","=""3d7.(4F).4s""","=""a 5F""","=""3""","=""3d6.(3F2).4s.4p.(3P*)""","=""v 5D*""","=""4""",,"=""T5720""","=""L11631""",
"=""275.51817""","=""0.00006""","=""275.518110""","=""0.000024""","=""174""","=""4.62e+07""","=""4.78e-03""","=""-1.279""",C+,"=""2.43269470""","=""6.9314031""","=""3d6.4s2""","=""a 3H""","=""5""","=""3d6.(1G2).4s.4p.(3P*)""","=""s 3G*""","=""4""",,"=""T5720""","=""L11631""",
"=""275.62666""","=""0.00002""","=""275.626644""","=""0.000011""","=""1820""","=""5.90e+06""","=""9.61e-04""","=""-2.172""",C+,"=""0.05156912""","=""4.54850612""","=""3d6.4s2""","=""a 5D""","=""3""","=""3d7.(4F).4p""","=""y 3F*""","=""4""",,"=""T5720""","=""L11631""",
"=""275.63280""","=""0.00002""","=""275.632792""","=""0.000011""","=""6300""","=""7.05e+07""","=""2.68e-02""","=""-1.095""",B,"=""0.11011433""","=""4.60695104""","=""3d6.4s2""","=""a 5D""","=""1""","=""3d6.(5D).4s.4p.(1P*)""","=""y 5P*""","=""2""",,"=""T5720""","=""L11631""",
"=""275.73153""","=""0.00006""","=""275.731536""","=""0.000011""","=""2290""","=""8.55e+07""","=""3.25e-02""","=""-1.011""",B+,"=""1.01105568""","=""5.50628207""","=""3d7.(4F).4s""","=""a 5F""","=""1""","=""3d6.(3P2).4s.4p.(3P*)""","=""w 5D*""","=""1""",,"=""T5720""","=""L11631""",
"=""275.74224""","=""0.00002""","=""275.742222""","=""0.000011""","=""690""","=""7.99e+06""","=""1.01e-03""","=""-2.041""",B,"=""1.48486439""","=""5.97991659""","=""3d7.(4F).4s""","=""a 3F""","=""4""","=""3d6.(3G).4s.4p.(3P*)""","=""y 5H*""","=""5""",,"=""T5720""","=""L11631""",
"=""275.98136""","=""0.00006""","=""275.981357""","=""0.000017""","=""1740""","=""2.28e+07""","=""8.68e-03""","=""-1.584""",C+,"=""1.01105568""","=""5.50221316""","=""3d7.(4F).4s""","=""a 5F""","=""1""","=""3d6.(3F2).4s.4p.(3P*)""","=""w 5F*""","=""1""",,"=""T5720""","=""L11631""",
"=""276.06127""","=""0.00021""","=""276.061603""","=""0.000017""","=""44bl""","=""1.27e+07""","=""2.07e-03""","=""-1.839""",C+,"=""2.17594512""","=""6.66579718""","=""3d7.(4P).4s""","=""a 5P""","=""3""","=""3d7.(2D2).4p""","=""x 1F*""","=""3""",,"=""T5720""","=""L11631""",
"=""276.17796""","=""0.00002""","=""276.177959""","=""0.000011""","=""2630""","=""9.70e+07""","=""2.22e-02""","=""-0.955""",B+,"=""0.99011115""","=""5.47807170""","=""3d7.(4F).4s""","=""a 5F""","=""2""","=""3d6.(3P2).4s.4p.(3P*)""","=""w 5D*""","=""2""",,"=""T5720""","=""L11631""",
"=""276.20264""","=""0.00006""","=""276.202644""","=""0.000011""","=""3630""","=""1.23e+08""","=""2.01e-02""","=""-0.851""",D+,"=""0.95815732""","=""5.44571679""","=""3d7.(4F).4s""","=""a 5F""","=""3""","=""3d6.(3P2).4s.4p.(3P*)""","=""w 5D*""","=""3""",,"=""T5720""","=""L11631""",
"=""""","=""""","=""276.309213""","=""0.000011""","=""m""","=""3.54e+06""","=""3.68e-04""","=""-2.392""",B,"=""0.85899575""","=""5.34482452""","=""3d7.(4F).4s""","=""a 5F""","=""5""","=""3d6.(3H).4s.4p.(3P*)""","=""z 5H*""","=""4""",,"=""T5720""","=""L11631""",
"=""276.31094""","=""0.00002""","=""276.310954""","=""0.000011""","=""3550""","=""2.29e+07""","=""5.24e-03""","=""-1.582""",B+,"=""0.99011115""","=""5.47591165""","=""3d7.(4F).4s""","=""a 5F""","=""2""","=""3d6.(3F2).4s.4p.(3P*)""","=""v 5D*""","=""3""",,"=""T5720""","=""L11631""",
"=""276.69089""","=""0.00002""","=""276.690911""","=""0.000017""","=""2240""","=""2.02e+07""","=""7.73e-03""","=""-1.635""",B+,"=""1.01105568""","=""5.49069652""","=""3d7.(4F).4s""","=""a 5F""","=""1""","=""3d6.(3F2).4s.4p.(3P*)""","=""w 5F*""","=""2""",,"=""T5720""","=""L11631""",
"=""276.7522""","=""""","=""276.752184""","=""0.000011""","=""250""","=""1.33e+08""","=""1.70e-02""","=""-0.815""",C+,"=""0.91460217""","=""5.39325126""","=""3d7.(4F).4s""","=""a 5F""","=""4""","=""3d6.(3P2).4s.4p.(3P*)""","=""w 5D*""","=""4""",,"=""T5720""","=""L2637""",
"=""276.92980""","=""0.00002""","=""276.929800""","=""0.000024""","=""930""","=""2.34e+08""","=""2.07e-02""","=""-0.570""",C+,"=""2.40407444""","=""6.8798512""","=""3d6.4s2""","=""a 3H""","=""6""","=""3d6.(1G2).4s.4p.(3P*)""","=""v 3H*""","=""6""",,"=""T5720""","=""L11631""",
"=""276.96691""","=""0.00002""","=""276.967066""","=""0.000017""","=""550""","=""6.45e+06""","=""6.75e-04""","=""-2.130""",B+,"=""0.85899575""","=""5.33417031""","=""3d7.(4F).4s""","=""a 5F""","=""5""","=""3d6.(3H).4s.4p.(3P*)""","=""y 5G*""","=""4""",,"=""T5720""","=""L11631""",
"=""277.20738""","=""0.00002""","=""277.207371""","=""0.000017""","=""3720""","=""2.57e+07""","=""2.70e-03""","=""-1.528""",B+,"=""0.85899575""","=""5.33029109""","=""3d7.(4F).4s""","=""a 5F""","=""5""","=""3d6.(3H).4s.4p.(3P*)""","=""z 5H*""","=""5""",,"=""T5720""","=""L11631""",
"=""277.21100""","=""0.00002""","=""277.210984""","=""0.000011""","=""2750""","=""2.88e+07""","=""6.65e-03""","=""-1.479""",B,"=""0.08728574""","=""4.55852281""","=""3d6.4s2""","=""a 5D""","=""2""","=""3d6.(5D).4s.4p.(1P*)""","=""y 5P*""","=""3""",,"=""T5720""","=""L11631""",
"=""277.47297""","=""0.00022""","=""277.472944""","=""0.000011""","=""468bl""","=""1.32e+07""","=""5.08e-03""","=""-1.817""",B+,"=""1.01105568""","=""5.47807170""","=""3d7.(4F).4s""","=""a 5F""","=""1""","=""3d6.(3P2).4s.4p.(3P*)""","=""w 5D*""","=""2""",,"=""T5720""","=""L11631""",
"=""277.82201""","=""0.00006""","=""277.822004""","=""0.000011""","=""9100""","=""9.99e+07""","=""1.05e-02""","=""-0.937""",B+,"=""0.85899575""","=""5.32039963""","=""3d7.(4F).4s""","=""a 5F""","=""5""","=""3d6.(3H).4s.4p.(3P*)""","=""y 5G*""","=""5""",,"=""T5720""","=""L11631""",
"=""278.06971""","=""0.00006""","=""278.069735""","=""0.000017""","=""263""","=""8.11e+07""","=""1.05e-02""","=""-1.026""",B,"=""2.55917148""","=""7.01660092""","=""3d6.4s2""","=""b 3F2""","=""4""","=""3d6.(1G2).4s.4p.(3P*)""","=""u 3F*""","=""4""",,"=""T5720""","=""L11631""",
"=""278.08817""","=""0.00006""","=""278.088246""","=""0.000017""","=""155""","=""5.04e+05""","=""6.49e-05""","=""-3.233""",C+,"=""0.91460217""","=""5.37173492""","=""3d7.(4F).4s""","=""a 5F""","=""4""","=""3d6.(3H).4s.4p.(3P*)""","=""z 5H*""","=""3""",,"=""T5720""","=""L11631""",
"=""278.18354""","=""0.00002""","=""278.183563""","=""0.000011""","=""650""","=""1.58e+07""","=""3.65e-03""","=""-1.738""",D+,"=""0.99011115""","=""5.44571679""","=""3d7.(4F).4s""","=""a 5F""","=""2""","=""3d6.(3P2).4s.4p.(3P*)""","=""w 5D*""","=""3""",,"=""T5720""","=""L11631""",
"=""278.43419""","=""0.00012""","=""278.434041""","=""0.000018""","=""100""","=""2.53e+07""","=""2.67e-03""","=""-1.532""",C+,"=""2.43269470""","=""6.88429230""","=""3d6.4s2""","=""a 3H""","=""5""","=""3d6.(1G2).4s.4p.(3P*)""","=""v 3H*""","=""5""",,"=""T5720""","=""L11631""",
"=""278.79312""","=""0.00002""","=""278.793144""","=""0.000011""","=""1290""","=""2.50e+07""","=""3.23e-03""","=""-1.536""",B+,"=""1.48486439""","=""5.93072834""","=""3d7.(4F).4s""","=""a 3F""","=""4""","=""3d6.(3F2).4s.4p.(3P*)""","=""x 3G*""","=""5""",,"=""T5720""","=""L11631""",
"=""278.81047""","=""0.00002""","=""278.810461""","=""0.000018""","=""4570""","=""7.70e+08""","=""8.15e-02""","=""-0.047""",B+,"=""0.85899575""","=""5.30458359""","=""3d7.(4F).4s""","=""a 5F""","=""5""","=""3d6.(3H).4s.4p.(3P*)""","=""y 5G*""","=""6""",,"=""T5720""","=""L11631""",
"=""278.98014""","=""0.00006""","=""278.980132""","=""0.000025""","=""407""","=""2.12e+08""","=""2.25e-02""","=""-0.606""",B+,"=""2.69240763""","=""7.1352919""","=""3d7.(2G).4s""","=""a 3G""","=""5""","=""3d6.(3D).4s.4p.(3P*)""","=""t 3F*""","=""4""",,"=""T5720""","=""L11631""",
"=""279.23987""","=""0.00002""","=""279.239871""","=""0.000011""","=""720""","=""1.05e+07""","=""1.76e-03""","=""-1.910""",B,"=""1.55735733""","=""5.99610917""","=""3d7.(4F).4s""","=""a 3F""","=""3""","=""3d6.(3G).4s.4p.(3P*)""","=""y 5H*""","=""4""",,"=""T5720""","=""L11631""",
"=""279.47019""","=""0.00006""","=""279.470189""","=""0.000011""","=""398""","=""9.90e+06""","=""1.66e-03""","=""-1.936""",C,"=""0.95815732""","=""5.39325126""","=""3d7.(4F).4s""","=""a 5F""","=""3""","=""3d6.(3P2).4s.4p.(3P*)""","=""w 5D*""","=""4""",,"=""T5720""","=""L11631""",
"=""279.50045""","=""0.00006""","=""279.500515""","=""0.000008""","=""170""","=""8.36e+05""","=""1.09e-04""","=""-3.009""",C+,"=""0.0000000""","=""4.43461275""","=""3d6.4s2""","=""a 5D""","=""4""","=""3d7.(4F).4p""","=""z 3G*""","=""4""",,"=""T5720""","=""L11631""",
"=""279.55398""","=""0.00002""","=""279.553986""","=""0.000011""","=""650""","=""9.94e+06""","=""1.29e-03""","=""-1.934""",B,"=""0.91460217""","=""5.34836675""","=""3d7.(4F).4s""","=""a 5F""","=""4""","=""3d6.(3H).4s.4p.(3P*)""","=""y 5G*""","=""3""",,"=""T5720""","=""L11631""",
"=""279.77751""","=""0.00002""","=""279.777518""","=""0.000011""","=""7200""","=""4.07e+07""","=""5.30e-03""","=""-1.321""",B+,"=""0.91460217""","=""5.34482452""","=""3d7.(4F).4s""","=""a 5F""","=""4""","=""3d6.(3H).4s.4p.(3P*)""","=""z 5H*""","=""4""",,"=""T5720""","=""L11631""",
"=""280.31660""","=""0.00012""","=""280.316602""","=""0.000011""","=""46""","=""4.20e+05""","=""7.07e-05""","=""-3.306""",C,"=""0.05156912""","=""4.47327202""","=""3d6.4s2""","=""a 5D""","=""3""","=""3d7.(4F).4p""","=""z 3G*""","=""3""",,"=""T5720""","=""L11631""",
"=""280.36132""","=""0.00006""","=""280.361272""","=""0.000025""","=""427""","=""9.36e+07""","=""1.23e-02""","=""-0.957""",B,"=""2.45343044""","=""6.8744289""","=""3d6.4s2""","=""a 3H""","=""4""","=""3d6.(1G2).4s.4p.(3P*)""","=""v 3H*""","=""4""",,"=""T5720""","=""L11631""",
"=""280.45201""","=""0.00002""","=""280.452009""","=""0.000018""","=""2690""","=""9.45e+07""","=""1.24e-02""","=""-0.953""",B+,"=""0.91460217""","=""5.33417031""","=""3d7.(4F).4s""","=""a 5F""","=""4""","=""3d6.(3H).4s.4p.(3P*)""","=""y 5G*""","=""4""",,"=""T5720""","=""L11631""",
"=""280.48615""","=""0.00012""","=""280.486239""","=""0.000018""","=""126""","=""1.68e+08""","=""2.20e-02""","=""-0.703""",D+,"=""2.72754450""","=""7.14657331""","=""3d7.(2G).4s""","=""a 3G""","=""4""","=""3d6.(3D).4s.4p.(3P*)""","=""t 3F*""","=""3""",,"=""T5720""","=""L11631""",
"=""280.69840""","=""0.00002""","=""280.698400""","=""0.000018""","=""6300""","=""1.26e+08""","=""1.66e-02""","=""-0.826""",B+,"=""0.91460217""","=""5.33029109""","=""3d7.(4F).4s""","=""a 5F""","=""4""","=""3d6.(3H).4s.4p.(3P*)""","=""z 5H*""","=""5""",,"=""T5720""","=""L11631""",
"=""280.72437""","=""0.00017""","=""280.724476""","=""0.000008""","=""195""","=""1.17e+06""","=""1.53e-04""","=""-2.860""",D,"=""0.0000000""","=""4.41527878""","=""3d6.4s2""","=""a 5D""","=""4""","=""3d7.(4F).4p""","=""z 5G*""","=""3""",,"=""T5720""","=""L11631""",
"=""280.83268""","=""0.00002""","=""280.832685""","=""0.000018""","=""930""","=""3.14e+06""","=""5.30e-04""","=""-2.431""",B+,"=""0.95815732""","=""5.37173492""","=""3d7.(4F).4s""","=""a 5F""","=""3""","=""3d6.(3H).4s.4p.(3P*)""","=""z 5H*""","=""3""",,"=""T5720""","=""L11631""",
"=""281.20401""","=""0.00012""","=""281.20417""","=""0.00003""","=""63""","=""4.50e+07""","=""5.93e-03""","=""-1.273""",C+,"=""2.72754450""","=""7.1352919""","=""3d7.(2G).4s""","=""a 3G""","=""4""","=""3d6.(3D).4s.4p.(3P*)""","=""t 3F*""","=""4""",,"=""T5720""","=""L11631""",
"=""281.32863""","=""0.00002""","=""281.328628""","=""0.000011""","=""12000""","=""3.76e+08""","=""4.96e-02""","=""-0.350""",B+,"=""0.91460217""","=""5.32039963""","=""3d7.(4F).4s""","=""a 5F""","=""4""","=""3d6.(3H).4s.4p.(3P*)""","=""y 5G*""","=""5""",,"=""T5720""","=""L11631""",
"=""281.55064""","=""0.00006""","=""281.550654""","=""0.000018""","=""650""","=""1.02e+07""","=""2.41e-03""","=""-1.919""",B,"=""1.60789577""","=""6.01021907""","=""3d7.(4F).4s""","=""a 3F""","=""2""","=""3d6.(3G).4s.4p.(3P*)""","=""y 5H*""","=""3""",,"=""T5720""","=""L11631""",
"=""281.75036""","=""0.00006""","=""281.750365""","=""0.000018""","=""437""","=""7.45e+06""","=""1.27e-03""","=""-2.052""",B+,"=""0.95815732""","=""5.35736031""","=""3d7.(4F).4s""","=""a 5F""","=""3""","=""3d6.(3H).4s.4p.(3P*)""","=""y 5G*""","=""2""",,"=""T5720""","=""L11631""",
"=""281.7945""","=""0.0003""","=""281.793944""","=""0.000011""","=""2""","=""1.05e+06""","=""1.39e-04""","=""-2.902""",C,"=""1.48486439""","=""5.88338708""","=""3d7.(4F).4s""","=""a 3F""","=""4""","=""3d7.(2G).4p""","=""z 1G*""","=""4""",,"=""T5720""","=""L11631c80""",
"=""""","=""""","=""282.080273""","=""0.000011""","=""""","=""3.05e+05""","=""5.20e-05""","=""-3.439""",D+,"=""0.05156912""","=""4.44562726""","=""3d6.4s2""","=""a 5D""","=""3""","=""3d7.(4F).4p""","=""z 5G*""","=""2""",,"=""T5720""","=""""",
"=""282.32755""","=""0.00002""","=""282.327574""","=""0.000011""","=""4790""","=""1.06e+08""","=""1.80e-02""","=""-0.899""",B+,"=""0.95815732""","=""5.34836675""","=""3d7.(4F).4s""","=""a 5F""","=""3""","=""3d6.(3H).4s.4p.(3P*)""","=""y 5G*""","=""3""",,"=""T5720""","=""L11631""",
"=""282.55555""","=""0.00002""","=""282.555564""","=""0.000011""","=""9500""","=""1.19e+08""","=""2.03e-02""","=""-0.847""",B+,"=""0.95815732""","=""5.34482452""","=""3d7.(4F).4s""","=""a 5F""","=""3""","=""3d6.(3H).4s.4p.(3P*)""","=""z 5H*""","=""4""",,"=""T5720""","=""L11631""",
"=""282.56873""","=""0.00002""","=""282.568734""","=""0.000008""","=""1150""","=""9.67e+05""","=""1.29e-04""","=""-2.936""",C+,"=""0.0000000""","=""4.38646275""","=""3d6.4s2""","=""a 5D""","=""4""","=""3d7.(4F).4p""","=""z 3G*""","=""5""",,"=""T5720""","=""L11631""",
"=""282.78918""","=""0.00012""","=""282.789171""","=""0.000011""","=""191""","=""1.33e+06""","=""2.28e-04""","=""-2.797""",C+,"=""0.05156912""","=""4.43461275""","=""3d6.4s2""","=""a 5D""","=""3""","=""3d7.(4F).4p""","=""z 3G*""","=""4""",,"=""T5720""","=""L11631""",
"=""282.88080""","=""0.00002""","=""282.880813""","=""0.000018""","=""2000""","=""1.31e+07""","=""3.14e-03""","=""-1.804""",B+,"=""0.99011115""","=""5.37173492""","=""3d7.(4F).4s""","=""a 5F""","=""2""","=""3d6.(3H).4s.4p.(3P*)""","=""z 5H*""","=""3""",,"=""T5720""","=""L11631""",
"=""283.24353""","=""0.00002""","=""283.243532""","=""0.000018""","=""14500""","=""2.14e+08""","=""3.68e-02""","=""-0.589""",B+,"=""0.95815732""","=""5.33417031""","=""3d7.(4F).4s""","=""a 5F""","=""3""","=""3d6.(3H).4s.4p.(3P*)""","=""y 5G*""","=""4""",,"=""T5720""","=""L11631""",
"=""283.41732""","=""0.00017""","=""283.417293""","=""0.000018""","=""145""","=""1.64e+06""","=""2.83e-04""","=""-2.703""",D+,"=""1.55735733""","=""5.93068755""","=""3d7.(4F).4s""","=""a 3F""","=""3""","=""3d6.(3F2).4s.4p.(3P*)""","=""x 3G*""","=""3""",,"=""T5720""","=""L11631""",
"=""283.47524""","=""0.00012""","=""283.475311""","=""0.000018""","=""224""","=""5.95e+07""","=""7.97e-03""","=""-1.145""",C+,"=""2.55917148""","=""6.93160665""","=""3d6.4s2""","=""b 3F2""","=""4""","=""3d7.(2H).4p""","=""1H*""","=""5""",,"=""T5720""","=""L11631""",
"=""283.54562""","=""0.00002""","=""283.545618""","=""0.000008""","=""760""","=""2.92e+06""","=""3.91e-04""","=""-2.454""",C+,"=""0.0000000""","=""4.37135106""","=""3d6.4s2""","=""a 5D""","=""4""","=""3d7.(4F).4p""","=""z 5G*""","=""4""",,"=""T5720""","=""L11631""",
"=""283.59505""","=""0.00006""","=""283.595008""","=""0.000012""","=""479""","=""1.17e+07""","=""2.02e-03""","=""-1.851""",B,"=""1.55735733""","=""5.92794713""","=""3d7.(4F).4s""","=""a 3F""","=""3""","=""3d6.(3F2).4s.4p.(3P*)""","=""x 3G*""","=""4""",,"=""T5720""","=""L11631""",
"=""283.81193""","=""0.00002""","=""283.811948""","=""0.000018""","=""4680""","=""6.40e+07""","=""1.55e-02""","=""-1.112""",B+,"=""0.99011115""","=""5.35736031""","=""3d7.(4F).4s""","=""a 5F""","=""2""","=""3d6.(3H).4s.4p.(3P*)""","=""y 5G*""","=""2""",,"=""T5720""","=""L11631""",
"=""284.04221""","=""0.00006""","=""284.042166""","=""0.000012""","=""630""","=""2.88e+06""","=""4.98e-04""","=""-2.457""",C+,"=""0.05156912""","=""4.41527878""","=""3d6.4s2""","=""a 5D""","=""3""","=""3d7.(4F).4p""","=""z 5G*""","=""3""",,"=""T5720""","=""L11631""",
"=""284.09372""","=""0.00012""","=""284.093707""","=""0.000018""","=""100""","=""1.18e+07""","=""2.87e-03""","=""-1.844""",C+,"=""2.19786640""","=""6.56078442""","=""3d7.(4P).4s""","=""a 5P""","=""2""","=""3d7.(2D2).4p""","=""v 3P*""","=""2""",,"=""T5720""","=""L11631""",
"=""284.36306""","=""0.00002""","=""284.363058""","=""0.000012""","=""5100""","=""4.87e+07""","=""6.56e-03""","=""-1.229""",B+,"=""0.91460217""","=""5.27338780""","=""3d7.(4F).4s""","=""a 5F""","=""4""","=""3d6.(3P2).4s.4p.(3P*)""","=""x 5P*""","=""3""",,"=""T5720""","=""L11631""",
"=""284.39210""","=""0.00022""","=""284.392036""","=""0.000012""","=""560bl""","=""1.36e+06""","=""3.31e-04""","=""-2.781""",C+,"=""0.08728574""","=""4.44562726""","=""3d6.4s2""","=""a 5D""","=""2""","=""3d7.(4F).4p""","=""z 5G*""","=""2""",,"=""T5720""","=""L11631""",
"=""284.39762""","=""0.00002""","=""284.397643""","=""0.000012""","=""15800""","=""2.22e+08""","=""5.38e-02""","=""-0.570""",B+,"=""0.99011115""","=""5.34836675""","=""3d7.(4F).4s""","=""a 5F""","=""2""","=""3d6.(3H).4s.4p.(3P*)""","=""y 5G*""","=""3""",,"=""T5720""","=""L11631""",
"=""284.55474""","=""0.00012""","=""284.554670""","=""0.000012""","=""191""","=""5.43e+06""","=""9.42e-04""","=""-2.181""",C+,"=""1.55735733""","=""5.91320801""","=""3d7.(4F).4s""","=""a 3F""","=""3""","=""3d6.(3G).4s.4p.(3P*)""","=""w 5G*""","=""3""",,"=""T5720""","=""L11631""",
"=""284.55945""","=""0.00022""","=""284.559425""","=""0.000018""","=""3470bl""","=""3.93e+07""","=""6.82e-03""","=""-1.321""",B,"=""0.95815732""","=""5.31393522""","=""3d7.(4F).4s""","=""a 5F""","=""3""","=""3d6.(3P2).4s.4p.(3P*)""","=""x 5P*""","=""2""",,"=""T5720""","=""L11631""",
"=""284.57131""","=""0.00006""","=""284.571357""","=""0.000012""","=""302""","=""6.59e+06""","=""8.89e-04""","=""-2.097""",C+,"=""1.48486439""","=""5.84045966""","=""3d7.(4F).4s""","=""a 3F""","=""4""","=""3d6.(3H).4s.4p.(3P*)""","=""z 3H*""","=""4""",,"=""T5720""","=""L11631""",
"=""284.68296""","=""0.00012""","=""284.682965""","=""0.000012""","=""219""","=""6.12e+06""","=""8.27e-04""","=""-2.128""",B,"=""1.48486439""","=""5.83875215""","=""3d7.(4F).4s""","=""a 3F""","=""4""","=""3d6.(3F2).4s.4p.(3P*)""","=""x 3F*""","=""3""",,"=""T5720""","=""L11631""",
"=""284.87145""","=""0.00002""","=""284.871461""","=""0.000018""","=""1200""","=""8.10e+06""","=""1.97e-03""","=""-2.006""",B,"=""0.99011115""","=""5.34111814""","=""3d7.(4F).4s""","=""a 5F""","=""2""","=""3d6.(3P2).4s.4p.(3P*)""","=""x 5P*""","=""1""",,"=""T5720""","=""L11631""",
"=""285.17967""","=""0.00002""","=""285.179684""","=""0.000018""","=""15100""","=""1.68e+08""","=""6.85e-02""","=""-0.687""",B+,"=""1.01105568""","=""5.35736031""","=""3d7.(4F).4s""","=""a 5F""","=""1""","=""3d6.(3H).4s.4p.(3P*)""","=""y 5G*""","=""2""",,"=""T5720""","=""L11631""",
"=""285.36838""","=""0.00012""","=""285.368382""","=""0.000012""","=""219""","=""3.62e+06""","=""4.91e-04""","=""-2.355""",C+,"=""1.48486439""","=""5.82829520""","=""3d7.(4F).4s""","=""a 3F""","=""4""","=""3d6.(3H).4s.4p.(3P*)""","=""z 3H*""","=""5""",,"=""T5720""","=""L11631""",
"=""285.37715""","=""0.00012""","=""285.37716""","=""0.00003""","=""209""","=""5.32e+07""","=""9.28e-03""","=""-1.187""",C+,"=""2.58810592""","=""6.9314031""","=""3d6.4s2""","=""b 3F2""","=""3""","=""3d6.(1G2).4s.4p.(3P*)""","=""s 3G*""","=""4""",,"=""T5720""","=""L11631""",
"=""285.88962""","=""0.00022""","=""285.889571""","=""0.000012""","=""339bl""","=""1.06e+06""","=""4.33e-04""","=""-2.886""",B,"=""0.11011433""","=""4.44562726""","=""3d6.4s2""","=""a 5D""","=""1""","=""3d7.(4F).4p""","=""z 5G*""","=""2""",,"=""T5720""","=""L11631""",
"=""286.24945""","=""0.00007""","=""286.249452""","=""0.000018""","=""760""","=""3.51e+06""","=""1.44e-03""","=""-2.365""",B,"=""1.01105568""","=""5.34111814""","=""3d7.(4F).4s""","=""a 5F""","=""1""","=""3d6.(3P2).4s.4p.(3P*)""","=""x 5P*""","=""1""",,"=""T5720""","=""L11631""",
"=""286.34298""","=""0.00002""","=""286.342974""","=""0.000012""","=""1260""","=""3.72e+07""","=""5.08e-03""","=""-1.340""",B,"=""1.48486439""","=""5.81351269""","=""3d7.(4F).4s""","=""a 3F""","=""4""","=""3d6.(3F2).4s.4p.(3P*)""","=""x 3F*""","=""4""",,"=""T5720""","=""L11631""",
"=""286.38629""","=""0.00002""","=""286.386328""","=""0.000012""","=""1580""","=""3.98e+06""","=""9.79e-04""","=""-2.310""",C+,"=""0.08728574""","=""4.41527878""","=""3d6.4s2""","=""a 5D""","=""2""","=""3d7.(4F).4p""","=""z 5G*""","=""3""",,"=""T5720""","=""L11631""",
"=""286.66247""","=""0.00002""","=""286.662471""","=""0.000019""","=""1480""","=""9.95e+06""","=""2.45e-03""","=""-1.912""",B,"=""0.99011115""","=""5.31393522""","=""3d7.(4F).4s""","=""a 5F""","=""2""","=""3d6.(3P2).4s.4p.(3P*)""","=""x 5P*""","=""2""",,"=""T5720""","=""L11631""",
"=""286.73092""","=""0.00007""","=""286.730930""","=""0.000019""","=""760""","=""8.75e+06""","=""2.16e-03""","=""-1.967""",B+,"=""1.60789577""","=""5.93068755""","=""3d7.(4F).4s""","=""a 3F""","=""2""","=""3d6.(3F2).4s.4p.(3P*)""","=""x 3G*""","=""3""",,"=""T5720""","=""L11631""",
"=""286.75615""","=""0.00007""","=""286.756164""","=""0.000012""","=""600""","=""1.18e+07""","=""2.92e-03""","=""-1.835""",C,"=""1.60789577""","=""5.93030716""","=""3d7.(4F).4s""","=""a 3F""","=""2""","=""3d6.(3G).4s.4p.(3P*)""","=""w 5G*""","=""2""",,"=""T5720""","=""L11631""",
"=""286.84539""","=""0.00007""","=""286.845391""","=""0.000019""","=""309""","=""4.35e+07""","=""1.07e-02""","=""-1.270""",B,"=""2.27860466""","=""6.59967157""","=""3d6.4s2""","=""a 3P2""","=""2""","=""3d7.(2D2).4p""","=""v 3P*""","=""1""",,"=""T5720""","=""L11631""",
"=""286.93076""","=""0.00002""","=""286.930721""","=""0.000012""","=""4170""","=""8.32e+06""","=""1.47e-03""","=""-1.988""",B,"=""0.05156912""","=""4.37135106""","=""3d6.4s2""","=""a 5D""","=""3""","=""3d7.(4F).4p""","=""z 5G*""","=""4""",,"=""T5720""","=""L11631""",
"=""287.23337""","=""0.00002""","=""287.233374""","=""0.000012""","=""2510""","=""1.39e+07""","=""2.45e-03""","=""-1.766""",C+,"=""0.95815732""","=""5.27338780""","=""3d7.(4F).4s""","=""a 5F""","=""3""","=""3d6.(3P2).4s.4p.(3P*)""","=""x 5P*""","=""3""",,"=""T5720""","=""L11631""",
"=""287.41720""","=""0.00002""","=""287.417205""","=""0.000009""","=""6200""","=""1.02e+07""","=""1.41e-03""","=""-1.897""",B,"=""0.0000000""","=""4.31247059""","=""3d6.4s2""","=""a 5D""","=""4""","=""3d7.(4F).4p""","=""z 5G*""","=""5""",,"=""T5720""","=""L11631""",
"=""287.53020""","=""0.00007""","=""287.530190""","=""0.000012""","=""500""","=""1.06e+07""","=""1.47e-03""","=""-1.880""",B,"=""1.48486439""","=""5.79564049""","=""3d7.(4F).4s""","=""a 3F""","=""4""","=""3d7.(4P).4p""","=""u 5D*""","=""3""",,"=""T5720""","=""L11631""",
"=""287.73005""","=""0.00002""","=""287.730061""","=""0.000012""","=""2240""","=""4.15e+07""","=""5.72e-03""","=""-1.288""",B,"=""1.48486439""","=""5.79264615""","=""3d7.(4F).4s""","=""a 3F""","=""4""","=""3d7.(4P).4p""","=""u 5D*""","=""4""",,"=""T5720""","=""L11631""",
"=""287.89496""","=""0.00017""","=""287.895110""","=""0.000012""","=""120""","=""2.53e+06""","=""6.28e-04""","=""-2.503""",C+,"=""1.60789577""","=""5.91320801""","=""3d7.(4F).4s""","=""a 3F""","=""2""","=""3d6.(3G).4s.4p.(3P*)""","=""w 5G*""","=""3""",,"=""T5720""","=""L11631""",
"=""288.37470""","=""0.00012""","=""288.374765""","=""0.000019""","=""229""","=""3.20e+07""","=""3.63e-03""","=""-1.399""",C+,"=""2.69240763""","=""6.99055915""","=""3d7.(2G).4s""","=""a 3G""","=""5""","=""3d6.(1I).4s.4p.(3P*)""","=""u 3H*""","=""5""",,"=""T5720""","=""L11631""",
"=""288.63158""","=""0.00007""","=""288.631663""","=""0.000012""","=""380""","=""6.45e+06""","=""1.15e-03""","=""-2.094""",B,"=""1.55735733""","=""5.85168345""","=""3d7.(4F).4s""","=""a 3F""","=""3""","=""3d6.(3F2).4s.4p.(3P*)""","=""x 3F*""","=""2""",,"=""T5720""","=""L11631""",
"=""288.78049""","=""0.00003""","=""288.78048""","=""0.00003""","=""1150""","=""1.04e+08""","=""1.18e-02""","=""-0.887""",B+,"=""2.69240763""","=""6.9845209""","=""3d7.(2G).4s""","=""a 3G""","=""5""","=""3d6.(1I).4s.4p.(3P*)""","=""u 3H*""","=""6""",,"=""T5720""","=""L11631""",
"=""288.7958""","=""0.0003""","=""288.795654""","=""0.000012""","=""3""","=""1.27e+07""","=""1.44e-03""","=""-1.799""",D+,"=""2.43269470""","=""6.72458242""","=""3d6.4s2""","=""a 3H""","=""5""","=""3d6.(3G).4s.4p.(3P*)""","=""t 3G*""","=""4""",,"=""T5720""","=""L11631c80""",
"=""288.98998""","=""0.00013""","=""288.99005""","=""0.00003""","=""200""","=""6.24e+06""","=""6.01e-04""","=""-2.107""",D+,"=""2.40407444""","=""6.6930753""","=""3d6.4s2""","=""a 3H""","=""6""","=""3d6.(3G).4s.4p.(3P*)""","=""t 3G*""","=""5""",,"=""T5720""","=""L11631""",
"=""289.24774""","=""0.00013""","=""289.247758""","=""0.000012""","=""302""","=""7.90e+07""","=""1.10e-02""","=""-1.003""",C+,"=""2.42543332""","=""6.71061300""","=""3d6.(5D).4s.4p.(3P*)""","=""z 7D*""","=""4""","=""3d6.(5D).4s (6D).6s""","=""g 7D""","=""4""",,"=""T5720""","=""L11631""",
"=""289.37625""","=""0.00007""","=""289.376274""","=""0.000012""","=""331""","=""1.23e+06""","=""3.09e-04""","=""-2.811""",C+,"=""0.99011115""","=""5.27338780""","=""3d7.(4F).4s""","=""a 5F""","=""2""","=""3d6.(3P2).4s.4p.(3P*)""","=""x 5P*""","=""3""",,"=""T5720""","=""L11631""",
"=""289.38804""","=""0.00007""","=""289.388053""","=""0.000012""","=""710""","=""6.19e+06""","=""1.11e-03""","=""-2.109""",C+,"=""1.55735733""","=""5.84045966""","=""3d7.(4F).4s""","=""a 3F""","=""3""","=""3d6.(3H).4s.4p.(3P*)""","=""z 3H*""","=""4""",,"=""T5720""","=""L11631""",
"=""289.45040""","=""0.00003""","=""289.450402""","=""0.000019""","=""2820""","=""2.42e+08""","=""6.07e-02""","=""-0.518""",B,"=""2.27860466""","=""6.56078442""","=""3d6.4s2""","=""a 3P2""","=""2""","=""3d7.(2D2).4p""","=""v 3P*""","=""2""",,"=""T5720""","=""L11631""",
"=""289.50346""","=""0.00003""","=""289.503472""","=""0.000012""","=""2820""","=""2.97e+07""","=""5.33e-03""","=""-1.428""",B,"=""1.55735733""","=""5.83875215""","=""3d7.(4F).4s""","=""a 3F""","=""3""","=""3d6.(3F2).4s.4p.(3P*)""","=""x 3F*""","=""3""",,"=""T5720""","=""L11631""",
"=""289.94144""","=""0.00022""","=""289.941447""","=""0.000019""","=""1620bl""","=""1.40e+08""","=""3.54e-02""","=""-0.752""",C+,"=""2.27860466""","=""6.55353246""","=""3d6.4s2""","=""a 3P2""","=""2""","=""3d7.(2D2).4p""","=""t 3D*""","=""1""",,"=""T5720""","=""L11631""",
"=""290.13805""","=""0.00003""","=""290.138059""","=""0.000012""","=""1150""","=""1.72e+07""","=""3.10e-03""","=""-1.663""",B,"=""1.55735733""","=""5.82938837""","=""3d7.(4F).4s""","=""a 3F""","=""3""","=""3d7.(4P).4p""","=""w 3D*""","=""3""",,"=""T5720""","=""L11631""",
"=""290.19102""","=""0.00007""","=""290.191002""","=""0.000012""","=""830""","=""1.96e+08""","=""2.25e-02""","=""-0.607""",B+,"=""2.39920471""","=""6.67045638""","=""3d6.(5D).4s.4p.(3P*)""","=""z 7D*""","=""5""","=""3d6.(5D).4s (6D).6s""","=""g 7D""","=""5""",,"=""T5720""","=""L11631""",
"=""290.40844""","=""0.00018""","=""290.408629""","=""0.000019""","=""120""","=""1.60e+07""","=""2.25e-03""","=""-1.693""",D+,"=""2.72754450""","=""6.99559552""","=""3d7.(2G).4s""","=""a 3G""","=""4""","=""3d6.(1I).4s.4p.(3P*)""","=""u 3H*""","=""4""",,"=""T5720""","=""L11631""",
"=""290.75172""","=""0.00003""","=""290.751736""","=""0.000019""","=""1450""","=""1.77e+08""","=""2.49e-02""","=""-0.649""",B,"=""2.72754450""","=""6.99055915""","=""3d7.(2G).4s""","=""a 3G""","=""4""","=""3d6.(1I).4s.4p.(3P*)""","=""u 3H*""","=""5""",,"=""T5720""","=""L11631""",
"=""290.88558""","=""0.00007""","=""290.885580""","=""0.000012""","=""309""","=""8.08e+07""","=""1.47e-02""","=""-0.989""",C+,"=""2.44955978""","=""6.71061300""","=""3d6.(5D).4s.4p.(3P*)""","=""z 7D*""","=""3""","=""3d6.(5D).4s (6D).6s""","=""g 7D""","=""4""",,"=""T5720""","=""L11631""",
"=""291.0928""","=""0.0003""","=""291.092577""","=""0.000019""","=""3""","=""2.15e+07""","=""3.90e-03""","=""-1.563""",D+,"=""2.75857762""","=""7.01660092""","=""3d7.(2G).4s""","=""a 3G""","=""3""","=""3d6.(1G2).4s.4p.(3P*)""","=""u 3F*""","=""4""",,"=""T5720""","=""L11631c80""",
"=""291.21571""","=""0.00003""","=""291.215723""","=""0.000009""","=""12900""","=""1.83e+07""","=""2.58e-03""","=""-1.634""",D,"=""0.0000000""","=""4.25622280""","=""3d6.4s2""","=""a 5D""","=""4""","=""3d7.(4F).4p""","=""y 5F*""","=""3""",,"=""T5720""","=""L11631""",
"=""291.22565""","=""0.00007""","=""291.225641""","=""0.000012""","=""468""","=""6.80e+06""","=""1.24e-03""","=""-2.063""",C+,"=""1.55735733""","=""5.81343520""","=""3d7.(4F).4s""","=""a 3F""","=""3""","=""3d7.(4P).4p""","=""u 5D*""","=""2""",,"=""T5720""","=""L11631""",
"=""291.43032""","=""0.00007""","=""291.430336""","=""0.000012""","=""500""","=""9.90e+06""","=""2.52e-03""","=""-1.899""",C+,"=""1.60789577""","=""5.86098438""","=""3d7.(4F).4s""","=""a 3F""","=""2""","=""3d7.(4P).4p""","=""w 3D*""","=""1""",,"=""T5720""","=""L11631""",
"=""291.80246""","=""0.00022""","=""291.80246""","=""0.00004""","=""2820bl""","=""1.53e+09""","=""1.51e-01""","=""0.292""",C+,"=""3.23672008""","=""7.4843851""","=""3d7.(2H).4s""","=""b 3H""","=""6""","=""3d6.(3H).4s.4p.(1P*)""","=""t 3H*""","=""6""",,"=""T5720""","=""L11631""",
"=""291.98403""","=""0.00007""","=""291.984079""","=""0.000012""","=""347""","=""8.18e+07""","=""1.16e-02""","=""-0.980""",B,"=""2.42543332""","=""6.67045638""","=""3d6.(5D).4s.4p.(3P*)""","=""z 7D*""","=""4""","=""3d6.(5D).4s (6D).6s""","=""g 7D""","=""5""",,"=""T5720""","=""L11631""",
"=""292.06904""","=""0.00003""","=""292.069081""","=""0.000012""","=""2750""","=""3.19e+07""","=""8.16e-03""","=""-1.389""",B,"=""1.60789577""","=""5.85168345""","=""3d7.(4F).4s""","=""a 3F""","=""2""","=""3d6.(3F2).4s.4p.(3P*)""","=""x 3F*""","=""2""",,"=""T5720""","=""L11631""",
"=""292.32854""","=""0.00003""","=""292.32855""","=""0.00004""","=""1230""","=""1.53e+09""","=""1.78e-01""","=""0.292""",C+,"=""3.26711257""","=""7.5071336""","=""3d7.(2H).4s""","=""b 3H""","=""5""","=""3d6.(3H).4s.4p.(1P*)""","=""t 3H*""","=""5""",,"=""T5720""","=""L11631""",
"=""292.38524""","=""0.00003""","=""292.385240""","=""0.000019""","=""2950""","=""3.27e+08""","=""3.81e-02""","=""-0.378""",B,"=""2.69240763""","=""6.93160665""","=""3d7.(2G).4s""","=""a 3G""","=""5""","=""3d7.(2H).4p""","=""1H*""","=""5""",,"=""T5720""","=""L11631""",
"=""292.53575""","=""0.00003""","=""292.535761""","=""0.000019""","=""1350""","=""1.52e+08""","=""2.79e-02""","=""-0.710""",B,"=""2.75857762""","=""6.99559552""","=""3d7.(2G).4s""","=""a 3G""","=""3""","=""3d6.(1I).4s.4p.(3P*)""","=""u 3H*""","=""4""",,"=""T5720""","=""L11631""",
"=""292.58987""","=""0.00007""","=""292.589909""","=""0.000012""","=""910""","=""4.05e+06""","=""1.04e-03""","=""-2.284""",B,"=""1.60789577""","=""5.84412959""","=""3d7.(4F).4s""","=""a 3F""","=""2""","=""3d7.(4P).4p""","=""w 3D*""","=""2""",,"=""T5720""","=""L11631""",
"=""292.90069""","=""0.00003""","=""292.900692""","=""0.000012""","=""16600""","=""2.55e+07""","=""4.69e-03""","=""-1.484""",B,"=""0.05156912""","=""4.28330826""","=""3d6.4s2""","=""a 5D""","=""3""","=""3d7.(4F).4p""","=""y 5F*""","=""2""",,"=""T5720""","=""L11631""",
"=""292.9117""","=""0.0003""","=""292.91177""","=""0.00003""","=""10""","=""1.38e+09""","=""1.97e-01""","=""0.248""",C+,"=""3.30140276""","=""7.5329818""","=""3d7.(2H).4s""","=""b 3H""","=""4""","=""3d6.(3H).4s.4p.(1P*)""","=""t 3H*""","=""4""",,"=""T5720""","=""L11631c80""",
"=""292.96177""","=""0.00007""","=""292.961809""","=""0.000012""","=""490""","=""4.70e+06""","=""1.21e-03""","=""-2.218""",C+,"=""1.60789577""","=""5.83875215""","=""3d7.(4F).4s""","=""a 3F""","=""2""","=""3d6.(3F2).4s.4p.(3P*)""","=""x 3F*""","=""3""",,"=""T5720""","=""L11631""",
"=""293.69032""","=""0.00003""","=""293.690315""","=""0.000009""","=""105000""","=""1.26e+08""","=""1.81e-02""","=""-0.788""",C+,"=""0.0000000""","=""4.22036211""","=""3d6.4s2""","=""a 5D""","=""4""","=""3d7.(4F).4p""","=""y 5F*""","=""4""",,"=""T5720""","=""L11631""",
"=""294.13425""","=""0.00003""","=""294.134264""","=""0.000012""","=""15100""","=""1.54e+07""","=""3.98e-03""","=""-1.701""",B,"=""0.08728574""","=""4.30127816""","=""3d6.4s2""","=""a 5D""","=""2""","=""3d7.(4F).4p""","=""y 5F*""","=""1""",,"=""T5720""","=""L11631""",
"=""294.73618""","=""0.00007""","=""294.736170""","=""0.000020""","=""710""","=""4.65e+07""","=""1.21e-02""","=""-1.217""",B,"=""2.27860466""","=""6.48399171""","=""3d6.4s2""","=""a 3P2""","=""2""","=""3d7.(2P).4p""","=""u 3D*""","=""2""",,"=""T5720""","=""L11631""",
"=""294.78758""","=""0.00003""","=""294.787579""","=""0.000012""","=""83000""","=""1.28e+08""","=""2.38e-02""","=""-0.778""",B,"=""0.05156912""","=""4.25622280""","=""3d6.4s2""","=""a 5D""","=""3""","=""3d7.(4F).4p""","=""y 5F*""","=""3""",,"=""T5720""","=""L11631""",
"=""294.84334""","=""0.00003""","=""294.84334""","=""0.00003""","=""3310""","=""2.99e+08""","=""4.33e-02""","=""-0.410""",B,"=""2.72754450""","=""6.9314031""","=""3d7.(2G).4s""","=""a 3G""","=""4""","=""3d6.(1G2).4s.4p.(3P*)""","=""s 3G*""","=""4""",,"=""T5720""","=""L11631""",
"=""295.34855""","=""0.00003""","=""295.348572""","=""0.000020""","=""2000""","=""2.55e+08""","=""4.76e-02""","=""-0.477""",C+,"=""2.75857762""","=""6.95524523""","=""3d7.(2G).4s""","=""a 3G""","=""3""","=""3d6.(3G).4s.4p.(3P*)""","=""1F*""","=""3""",,"=""T5720""","=""L11631""",
"=""295.39398""","=""0.00003""","=""295.393980""","=""0.000012""","=""69000""","=""9.45e+07""","=""2.47e-02""","=""-0.908""",A,"=""0.08728574""","=""4.28330826""","=""3d6.4s2""","=""a 5D""","=""2""","=""3d7.(4F).4p""","=""y 5F*""","=""2""",,"=""T3547""","=""L11631""",
"=""295.46521""","=""0.00003""","=""295.465223""","=""0.000020""","=""1410""","=""7.42e+07""","=""1.94e-02""","=""-1.013""",C+,"=""2.27860466""","=""6.47361547""","=""3d6.4s2""","=""a 3P2""","=""2""","=""3d7.(2D2).4p""","=""t 3D*""","=""3""",,"=""T5720""","=""L11631""",
"=""295.68560""","=""0.00007""","=""295.685579""","=""0.000020""","=""324""","=""1.95e+07""","=""2.32e-03""","=""-1.593""",D+,"=""2.69240763""","=""6.88429230""","=""3d7.(2G).4s""","=""a 3G""","=""5""","=""3d6.(1G2).4s.4p.(3P*)""","=""v 3H*""","=""5""",,"=""T5720""","=""L11631""",
"=""295.73643""","=""0.00003""","=""295.736437""","=""0.000013""","=""46800""","=""5.31e+07""","=""2.32e-02""","=""-1.157""",A,"=""0.11011433""","=""4.30127816""","=""3d6.4s2""","=""a 5D""","=""1""","=""3d7.(4F).4p""","=""y 5F*""","=""1""",,"=""T3547""","=""L11631""",
"=""295.74844""","=""0.00007""","=""295.748528""","=""0.000020""","=""720""","=""3.93e+07""","=""1.03e-02""","=""-1.288""",C,"=""2.27860466""","=""6.46959714""","=""3d6.4s2""","=""a 3P2""","=""2""","=""3d7.(2P).4p""","=""1P*""","=""1""",,"=""T5720""","=""L11631""",
"=""295.99920""","=""0.00003""","=""295.99919""","=""0.00003""","=""8500""","=""6.53e+08""","=""7.79e-02""","=""-0.067""",B,"=""2.69240763""","=""6.8798512""","=""3d7.(2G).4s""","=""a 3G""","=""5""","=""3d6.(1G2).4s.4p.(3P*)""","=""v 3H*""","=""6""",,"=""T5720""","=""L11631""",
"=""296.06592""","=""0.00013""","=""296.06598""","=""0.00003""","=""288""","=""7.63e+07""","=""9.12e-03""","=""-0.999""",C+,"=""2.94879294""","=""7.1352919""","=""3d6.4s2""","=""b 3G""","=""5""","=""3d6.(3D).4s.4p.(3P*)""","=""t 3F*""","=""4""",,"=""T5720""","=""L11631""",
"=""296.52542""","=""0.00023""","=""296.525433""","=""0.000013""","=""35500bl*""","=""3.48e+07""","=""4.60e-02""","=""-1.337""",A,"=""0.12126572""","=""4.30127816""","=""3d6.4s2""","=""a 5D""","=""0""","=""3d7.(4F).4p""","=""y 5F*""","=""1""",,"=""T3547""","=""L11631""",
"=""296.68980""","=""0.00003""","=""296.689802""","=""0.000009""","=""r""","=""2.99e+08""","=""4.38e-02""","=""-0.404""",A,"=""0.0000000""","=""4.17769679""","=""3d6.4s2""","=""a 5D""","=""4""","=""3d7.(4F).4p""","=""y 5F*""","=""5""",,"=""T3547""","=""L11631""",
"=""296.84776""","=""0.00007""","=""296.847802""","=""0.000020""","=""447""","=""2.48e+07""","=""1.09e-02""","=""-1.485""",C+,"=""2.42419831""","=""6.59967157""","=""3d6.4s2""","=""a 3P2""","=""1""","=""3d7.(2D2).4p""","=""v 3P*""","=""1""",,"=""T5720""","=""L11631""",
"=""296.93596""","=""0.00003""","=""296.935959""","=""0.000013""","=""19100""","=""3.66e+06""","=""1.61e-03""","=""-2.315""",A,"=""0.11011433""","=""4.28434800""","=""3d6.4s2""","=""a 5D""","=""1""","=""3d6.(5D).4s.4p.(3P*)""","=""z 3P*""","=""0""",,"=""T3547""","=""L11631""",
"=""296.94744""","=""0.00003""","=""296.947434""","=""0.000013""","=""11200""","=""1.89e+07""","=""2.27e-03""","=""-1.602""",D+,"=""0.85899575""","=""5.03306811""","=""3d7.(4F).4s""","=""a 5F""","=""5""","=""3d6.(5D).4s.4p.(1P*)""","=""x 5F*""","=""4""",,"=""T5720""","=""L11631""",
"=""297.00992""","=""0.00003""","=""297.009942""","=""0.000013""","=""56000""","=""5.40e+07""","=""2.38e-02""","=""-1.147""",B+,"=""0.11011433""","=""4.28330826""","=""3d6.4s2""","=""a 5D""","=""1""","=""3d7.(4F).4p""","=""y 5F*""","=""2""",,"=""T3547""","=""L11631""",
"=""297.01179""","=""0.00003""","=""297.011822""","=""0.000013""","=""39800""","=""1.03e+07""","=""2.72e-03""","=""-1.866""",B+,"=""0.08728574""","=""4.26045326""","=""3d6.4s2""","=""a 5D""","=""2""","=""3d6.(5D).4s.4p.(3P*)""","=""z 3P*""","=""1""",,"=""T3547""","=""L11631""",
"=""297.31322""","=""0.00003""","=""297.313230""","=""0.000013""","=""89000""","=""9.45e+07""","=""2.51e-02""","=""-0.901""",A,"=""0.08728574""","=""4.25622280""","=""3d6.4s2""","=""a 5D""","=""2""","=""3d7.(4F).4p""","=""y 5F*""","=""3""",,"=""T3547""","=""L11631""",
"=""297.32352""","=""0.00003""","=""297.323506""","=""0.000013""","=""100000""","=""1.65e+08""","=""3.13e-02""","=""-0.660""",A,"=""0.05156912""","=""4.22036211""","=""3d6.4s2""","=""a 5D""","=""3""","=""3d7.(4F).4p""","=""y 5F*""","=""4""",,"=""T3547""","=""L11631""",
"=""297.61264""","=""0.00003""","=""297.612673""","=""0.000013""","=""1510""","=""6.79e+07""","=""1.81e-02""","=""-1.045""",B,"=""2.27860466""","=""6.44334733""","=""3d6.4s2""","=""a 3P2""","=""2""","=""3d7.(2P).4p""","=""u 3D*""","=""3""",,"=""T5720""","=""L11631""",
"=""298.05322""","=""0.00003""","=""298.053220""","=""0.000020""","=""1910""","=""1.16e+08""","=""2.21e-02""","=""-0.810""",B,"=""2.75857762""","=""6.91716472""","=""3d7.(2G).4s""","=""a 3G""","=""3""","=""3d6.(1G2).4s.4p.(3P*)""","=""s 3G*""","=""3""",,"=""T5720""","=""L11631""",
"=""298.14448""","=""0.00003""","=""298.144486""","=""0.000013""","=""107000""","=""3.26e+07""","=""6.22e-03""","=""-1.361""",A,"=""0.05156912""","=""4.20888328""","=""3d6.4s2""","=""a 5D""","=""3""","=""3d6.(5D).4s.4p.(3P*)""","=""z 3P*""","=""2""",,"=""T3547""","=""L11631""",
"=""298.18507""","=""0.00022""","=""298.184977""","=""0.000013""","=""2690bl*""","=""1.67e+08""","=""3.19e-02""","=""-0.651""",B,"=""2.17594512""","=""6.33269478""","=""3d7.(4P).4s""","=""a 5P""","=""3""","=""3d6.(5D).4s (6D).5p""","=""t 5D*""","=""4""",,"=""T5720""","=""L11631""",
"=""298.2228""","=""0.0004""","=""298.222916""","=""0.000020""","=""2""","=""2.43e+07""","=""3.60e-03""","=""-1.490""",D+,"=""2.99035244""","=""7.14657331""","=""3d6.4s2""","=""b 3G""","=""4""","=""3d6.(3D).4s.4p.(3P*)""","=""t 3F*""","=""3""",,"=""T5720""","=""L11631c80""",
"=""298.35695""","=""0.00003""","=""298.356951""","=""0.000009""","=""r""","=""1.95e+08""","=""2.90e-02""","=""-0.583""",A,"=""0.0000000""","=""4.15435379""","=""3d6.4s2""","=""a 5D""","=""4""","=""3d7.(4F).4p""","=""y 5D*""","=""3""",,"=""T3547""","=""L11631""",
"=""298.47679""","=""0.00003""","=""298.476794""","=""0.000013""","=""2450""","=""2.32e+06""","=""2.82e-04""","=""-2.508""",B,"=""0.85899575""","=""5.01168158""","=""3d7.(4F).4s""","=""a 5F""","=""5""","=""3d5.(6S).4s2.4p""","=""y 7P*""","=""4""",,"=""T5720""","=""L11631""",
"=""298.64557""","=""0.00003""","=""298.645581""","=""0.000013""","=""3800""","=""6.57e+05""","=""2.92e-04""","=""-3.057""",A,"=""0.11011433""","=""4.26045326""","=""3d6.4s2""","=""a 5D""","=""1""","=""3d6.(5D).4s.4p.(3P*)""","=""z 3P*""","=""1""",,"=""T3547""","=""L11631""",
"=""298.72904""","=""0.00003""","=""298.729033""","=""0.000013""","=""12300""","=""3.68e+07""","=""5.47e-03""","=""-1.308""",C+,"=""0.91460217""","=""5.06378173""","=""3d7.(4F).4s""","=""a 5F""","=""4""","=""3d6.(5D).4s.4p.(1P*)""","=""x 5F*""","=""3""",,"=""T5720""","=""L11631""",
"=""298.84711""","=""0.00003""","=""298.847156""","=""0.000013""","=""1550""","=""4.90e+06""","=""7.29e-04""","=""-2.183""",B+,"=""1.48486439""","=""5.63240401""","=""3d7.(4F).4s""","=""a 3F""","=""4""","=""3d6.(3H).4s.4p.(3P*)""","=""y 3G*""","=""4""",,"=""T5720""","=""L11631""",
"=""298.89430""","=""0.00018""","=""298.89438""","=""0.00003""","=""100""","=""7.19e+06""","=""1.07e-03""","=""-2.016""",D+,"=""2.72754450""","=""6.8744289""","=""3d7.(2G).4s""","=""a 3G""","=""4""","=""3d6.(1G2).4s.4p.(3P*)""","=""v 3H*""","=""4""",,"=""T5720""","=""L11631""",
"=""299.03913""","=""0.00003""","=""299.039127""","=""0.000020""","=""5200""","=""3.8e+08""","=""5.8e-02""","=""-0.28""",D+,"=""2.72754450""","=""6.87242168""","=""3d7.(2G).4s""","=""a 3G""","=""4""","=""3d6.(1G2).4s.4p.(3P*)""","=""s 3G*""","=""5""",,"=""T2491n""","=""L11631""",
"=""299.44266""","=""0.00003""","=""299.442662""","=""0.000013""","=""r""","=""2.20e+08""","=""4.22e-02""","=""-0.530""",B+,"=""0.05156912""","=""4.19086081""","=""3d6.4s2""","=""a 5D""","=""3""","=""3d7.(4F).4p""","=""y 5D*""","=""2""",,"=""T5720""","=""L11631""",
"=""299.45019""","=""0.00003""","=""299.450197""","=""0.000013""","=""26300""","=""4.47e+06""","=""6.01e-03""","=""-2.221""",A,"=""0.12126572""","=""4.26045326""","=""3d6.4s2""","=""a 5D""","=""0""","=""3d6.(5D).4s.4p.(3P*)""","=""z 3P*""","=""1""",,"=""T3547""","=""L11631""",
"=""299.63855""","=""0.00003""","=""299.638525""","=""0.000020""","=""1410""","=""8.50e+07""","=""3.81e-02""","=""-0.942""",B,"=""2.42419831""","=""6.56078442""","=""3d6.4s2""","=""a 3P2""","=""1""","=""3d7.(2D2).4p""","=""v 3P*""","=""2""",,"=""T5720""","=""L11631""",
"=""299.95116""","=""0.00003""","=""299.951140""","=""0.000013""","=""112000""","=""1.87e+08""","=""2.29e-02""","=""-0.598""",C,"=""0.85899575""","=""4.99127081""","=""3d7.(4F).4s""","=""a 5F""","=""5""","=""3d6.(5D).4s.4p.(1P*)""","=""x 5F*""","=""5""",,"=""T5720""","=""L11631""",
"=""300.04509""","=""0.00003""","=""300.045121""","=""0.000013""","=""24000""","=""5.95e+07""","=""8.92e-03""","=""-1.095""",B+,"=""1.48486439""","=""5.61584517""","=""3d7.(4F).4s""","=""a 3F""","=""4""","=""3d6.(3H).4s.4p.(3P*)""","=""y 3G*""","=""5""",,"=""T5720""","=""L11631""",
"=""300.09476""","=""0.00003""","=""300.094760""","=""0.000013""","=""81000""","=""1.93e+08""","=""5.20e-02""","=""-0.585""",A,"=""0.08728574""","=""4.21758325""","=""3d6.4s2""","=""a 5D""","=""2""","=""3d7.(4F).4p""","=""y 5D*""","=""1""",,"=""T3547""","=""L11631""",
"=""300.30305""","=""0.00003""","=""300.303050""","=""0.000013""","=""9800""","=""3.75e+07""","=""7.24e-03""","=""-1.295""",C,"=""0.95815732""","=""5.08559017""","=""3d7.(4F).4s""","=""a 5F""","=""3""","=""3d6.(5D).4s.4p.(1P*)""","=""x 5F*""","=""2""",,"=""T5720""","=""L11631""",
"=""300.41134""","=""0.00007""","=""300.41133""","=""0.00003""","=""790""","=""3.07e+07""","=""3.77e-03""","=""-1.382""",B,"=""2.43269470""","=""6.5586399""","=""3d6.4s2""","=""a 3H""","=""5""","=""3d7.(2H).4p""","=""y 3I*""","=""5""",,"=""T5720""","=""L11631""",
"=""300.53025""","=""0.00003""","=""300.53026""","=""0.00003""","=""1290""","=""4.41e+07""","=""4.59e-03""","=""-1.224""",C,"=""2.40407444""","=""6.5283870""","=""3d6.4s2""","=""a 3H""","=""6""","=""3d7.(2H).4p""","=""y 3I*""","=""7""",,"=""T5720""","=""L11631""",
"=""300.71450""","=""0.00003""","=""300.714520""","=""0.000013""","=""11000""","=""5.14e+07""","=""7.74e-03""","=""-1.157""",B+,"=""1.48486439""","=""5.60664989""","=""3d7.(4F).4s""","=""a 3F""","=""4""","=""3d6.(3P2).4s.4p.(3P*)""","=""x 3D*""","=""3""",,"=""T5720""","=""L11631""",
"=""300.72822""","=""0.00003""","=""300.728234""","=""0.000013""","=""58000""","=""1.36e+07""","=""3.71e-03""","=""-1.732""",A,"=""0.08728574""","=""4.20888328""","=""3d6.4s2""","=""a 5D""","=""2""","=""3d6.(5D).4s.4p.(3P*)""","=""z 3P*""","=""2""",,"=""T3547""","=""L11631""",
"=""300.81380""","=""0.00003""","=""300.813796""","=""0.000013""","=""85000""","=""1.07e+08""","=""4.85e-02""","=""-0.837""",A,"=""0.11011433""","=""4.23053960""","=""3d6.4s2""","=""a 5D""","=""1""","=""3d7.(4F).4p""","=""y 5D*""","=""0""",,"=""T3547""","=""L11631""",
"=""300.90929""","=""0.00003""","=""300.909315""","=""0.000020""","=""2140""","=""8.55e+07""","=""8.92e-03""","=""-0.935""",B+,"=""2.40407444""","=""6.52319179""","=""3d6.4s2""","=""a 3H""","=""6""","=""3d7.(2H).4p""","=""w 3H*""","=""5""",,"=""T5720""","=""L11631""",
"=""300.95691""","=""0.00003""","=""300.956911""","=""0.000013""","=""52000""","=""1.29e+08""","=""1.94e-02""","=""-0.758""",C+,"=""0.91460217""","=""5.03306811""","=""3d7.(4F).4s""","=""a 5F""","=""4""","=""3d6.(5D).4s.4p.(1P*)""","=""x 5F*""","=""4""",,"=""T5720""","=""L11631""",
"=""301.14808""","=""0.00003""","=""301.14811""","=""0.00003""","=""6800""","=""3.41e+08""","=""6.63e-02""","=""-0.334""",B+,"=""2.75857762""","=""6.8744289""","=""3d7.(2G).4s""","=""a 3G""","=""3""","=""3d6.(1G2).4s.4p.(3P*)""","=""v 3H*""","=""4""",,"=""T5720""","=""L11631""",
"=""301.41732""","=""0.00007""","=""301.417327""","=""0.000013""","=""1000""","=""1.28e+06""","=""2.50e-04""","=""-2.757""",B,"=""0.95815732""","=""5.07033256""","=""3d7.(4F).4s""","=""a 5F""","=""3""","=""3d6.(3P2).4s.4p.(3P*)""","=""z 5S*""","=""2""",,"=""T5720""","=""L11631""",
"=""301.59188""","=""0.00003""","=""301.59186""","=""0.00003""","=""1380""","=""5.7e+07""","=""7.0e-03""","=""-1.11""",D+,"=""2.43269470""","=""6.5424903""","=""3d6.4s2""","=""a 3H""","=""5""","=""3d7.(2H).4p""","=""w 3H*""","=""4""",,"=""T2491n""","=""L11631""",
"=""301.61845""","=""0.00003""","=""301.618458""","=""0.000013""","=""5400""","=""2.66e+07""","=""7.24e-03""","=""-1.441""",D+,"=""0.99011115""","=""5.09954435""","=""3d7.(4F).4s""","=""a 5F""","=""2""","=""3d6.(5D).4s.4p.(1P*)""","=""x 5F*""","=""1""",,"=""T5720""","=""L11631""",
"=""301.76270""","=""0.00003""","=""301.762704""","=""0.000013""","=""29500""","=""2.04e+07""","=""9.31e-03""","=""-1.554""",A,"=""0.11011433""","=""4.21758325""","=""3d6.4s2""","=""a 5D""","=""1""","=""3d7.(4F).4p""","=""y 5D*""","=""1""",,"=""T3547""","=""L11631""",
"=""301.89828""","=""0.00003""","=""301.898281""","=""0.000013""","=""26300""","=""7.21e+07""","=""1.41e-02""","=""-1.006""",C+,"=""0.95815732""","=""5.06378173""","=""3d7.(4F).4s""","=""a 5F""","=""3""","=""3d6.(5D).4s.4p.(1P*)""","=""x 5F*""","=""3""",,"=""T5720""","=""L11631""",
"=""301.92873""","=""0.00007""","=""301.92880""","=""0.00003""","=""680""","=""2.56e+07""","=""3.89e-03""","=""-1.456""",C+,"=""2.45343044""","=""6.5586399""","=""3d6.4s2""","=""a 3H""","=""4""","=""3d7.(2H).4p""","=""y 3I*""","=""5""",,"=""T5720""","=""L11631""",
"=""302.04905""","=""0.00003""","=""302.049056""","=""0.000013""","=""107000""","=""9.70e+07""","=""2.65e-02""","=""-0.877""",B,"=""0.08728574""","=""4.19086081""","=""3d6.4s2""","=""a 5D""","=""2""","=""3d7.(4F).4p""","=""y 5D*""","=""2""",,"=""T5720""","=""L11631""",
"=""302.06388""","=""0.00003""","=""302.063878""","=""0.000009""","=""r""","=""6.83e+08""","=""1.04e-01""","=""-0.029""",B,"=""0.0000000""","=""4.10337372""","=""3d6.4s2""","=""a 5D""","=""4""","=""3d7.(4F).4p""","=""y 5D*""","=""4""",,"=""T5720""","=""L11631""",
"=""302.10725""","=""0.00003""","=""302.107248""","=""0.000013""","=""r""","=""3.18e+08""","=""6.24e-02""","=""-0.360""",A,"=""0.05156912""","=""4.15435379""","=""3d6.4s2""","=""a 5D""","=""3""","=""3d7.(4F).4p""","=""y 5D*""","=""3""",,"=""T3547""","=""L11631""",
"=""302.40324""","=""0.00003""","=""302.403247""","=""0.000013""","=""123000""","=""2.44e+07""","=""1.11e-02""","=""-1.476""",A,"=""0.11011433""","=""4.20888328""","=""3d6.4s2""","=""a 5D""","=""1""","=""3d6.(5D).4s.4p.(3P*)""","=""z 3P*""","=""2""",,"=""T3547""","=""L11631""",
"=""302.52798""","=""0.00007""","=""302.527956""","=""0.000013""","=""1910""","=""1.49e+06""","=""2.28e-04""","=""-2.688""",B,"=""0.91460217""","=""5.01168158""","=""3d7.(4F).4s""","=""a 5F""","=""4""","=""3d5.(6S).4s2.4p""","=""y 7P*""","=""4""",,"=""T5720""","=""L11631""",
"=""302.56362""","=""0.00003""","=""302.563620""","=""0.000021""","=""20000""","=""7.62e+08""","=""8.04e-02""","=""0.019""",B+,"=""2.40407444""","=""6.50067093""","=""3d6.4s2""","=""a 3H""","=""6""","=""3d7.(2H).4p""","=""w 3H*""","=""6""",,"=""T5720""","=""L11631""",
"=""302.58422""","=""0.00003""","=""302.584226""","=""0.000013""","=""120000""","=""1.04e+08""","=""1.43e-01""","=""-0.844""",A,"=""0.12126572""","=""4.21758325""","=""3d6.4s2""","=""a 5D""","=""0""","=""3d7.(4F).4p""","=""y 5D*""","=""1""",,"=""T3547""","=""L11631""",
"=""302.64617""","=""0.00003""","=""302.646179""","=""0.000013""","=""15500""","=""5.50e+07""","=""1.51e-02""","=""-1.122""",C,"=""0.99011115""","=""5.08559017""","=""3d7.(4F).4s""","=""a 5F""","=""2""","=""3d6.(5D).4s.4p.(1P*)""","=""x 5F*""","=""2""",,"=""T5720""","=""L11631""",
"=""302.92338""","=""0.00007""","=""302.923379""","=""0.000013""","=""2190""","=""4.89e+06""","=""9.60e-04""","=""-2.173""",B+,"=""1.55735733""","=""5.64908881""","=""3d7.(4F).4s""","=""a 3F""","=""3""","=""3d6.(3H).4s.4p.(3P*)""","=""y 3G*""","=""3""",,"=""T5720""","=""L11631""",
"=""303.01481""","=""0.00003""","=""303.014796""","=""0.000021""","=""13800""","=""5.54e+08""","=""6.94e-02""","=""-0.117""",B+,"=""2.43269470""","=""6.52319179""","=""3d6.4s2""","=""a 3H""","=""5""","=""3d7.(2H).4p""","=""w 3H*""","=""5""",,"=""T5720""","=""L11631""",
"=""303.16364""","=""0.00003""","=""303.163654""","=""0.000013""","=""10500""","=""4.14e+07""","=""1.90e-02""","=""-1.244""",D+,"=""1.01105568""","=""5.09954435""","=""3d7.(4F).4s""","=""a 5F""","=""1""","=""3d6.(5D).4s.4p.(1P*)""","=""x 5F*""","=""1""",,"=""T5720""","=""L11631""",
"=""303.3097""","=""0.0004""","=""303.309963""","=""0.000021""","=""3""","=""1.58e+07""","=""7.25e-03""","=""-1.662""",C+,"=""2.42419831""","=""6.51071489""","=""3d6.4s2""","=""a 3P2""","=""1""","=""3d7.(2P).4p""","=""u 3D*""","=""1""",,"=""T5720""","=""L11631c80""",
"=""303.73885""","=""0.00003""","=""303.738855""","=""0.000013""","=""98000""","=""1.46e+08""","=""6.71e-02""","=""-0.696""",B,"=""0.11011433""","=""4.19086081""","=""3d6.4s2""","=""a 5D""","=""1""","=""3d7.(4F).4p""","=""y 5D*""","=""2""",,"=""T5720""","=""L11631""",
"=""303.77794""","=""0.00007""","=""303.777944""","=""0.000013""","=""850""","=""1.72e+06""","=""4.76e-04""","=""-2.624""",B,"=""0.99011115""","=""5.07033256""","=""3d7.(4F).4s""","=""a 5F""","=""2""","=""3d6.(3P2).4s.4p.(3P*)""","=""z 5S*""","=""2""",,"=""T5720""","=""L11631""",
"=""303.93169""","=""0.00014""","=""303.931730""","=""0.000021""","=""309""","=""2.08e+07""","=""2.62e-03""","=""-1.541""",C+,"=""2.43269470""","=""6.51085164""","=""3d6.4s2""","=""a 3H""","=""5""","=""3d7.(2H).4p""","=""y 3I*""","=""6""",,"=""T5720""","=""L11631""",
"=""304.04271""","=""0.00003""","=""304.042694""","=""0.000013""","=""16600""","=""2.70e+07""","=""4.15e-03""","=""-1.428""",D+,"=""0.91460217""","=""4.99127081""","=""3d7.(4F).4s""","=""a 5F""","=""4""","=""3d6.(5D).4s.4p.(1P*)""","=""x 5F*""","=""5""",,"=""T5720""","=""L11631""",
"=""304.16370""","=""0.00003""","=""304.163715""","=""0.000013""","=""11000""","=""3.82e+07""","=""7.56e-03""","=""-1.276""",B+,"=""1.55735733""","=""5.63240401""","=""3d7.(4F).4s""","=""a 3F""","=""3""","=""3d6.(3H).4s.4p.(3P*)""","=""y 3G*""","=""4""",,"=""T5720""","=""L11631""",
"=""304.17386""","=""0.00003""","=""304.173858""","=""0.000013""","=""13800""","=""4.68e+07""","=""9.27e-03""","=""-1.188""",D+,"=""0.95815732""","=""5.03306811""","=""3d7.(4F).4s""","=""a 5F""","=""3""","=""3d6.(5D).4s.4p.(1P*)""","=""x 5F*""","=""4""",,"=""T5720""","=""L11631""",
"=""304.20194""","=""0.00003""","=""304.201950""","=""0.000013""","=""4790""","=""2.35e+07""","=""1.09e-02""","=""-1.487""",D+,"=""1.01105568""","=""5.08559017""","=""3d7.(4F).4s""","=""a 5F""","=""1""","=""3d6.(5D).4s.4p.(1P*)""","=""x 5F*""","=""2""",,"=""T5720""","=""L11631""",
"=""304.26646""","=""0.00003""","=""304.266466""","=""0.000013""","=""9500""","=""3.64e+07""","=""1.01e-02""","=""-1.297""",C+,"=""0.99011115""","=""5.06378173""","=""3d7.(4F).4s""","=""a 5F""","=""2""","=""3d6.(5D).4s.4p.(1P*)""","=""x 5F*""","=""3""",,"=""T5720""","=""L11631""",
"=""304.50782""","=""0.00003""","=""304.507830""","=""0.000013""","=""3390""","=""4.88e+06""","=""7.54e-04""","=""-2.169""",B,"=""0.91460217""","=""4.98504395""","=""3d7.(4F).4s""","=""a 5F""","=""4""","=""3d5.(6S).4s2.4p""","=""y 7P*""","=""3""",,"=""T5720""","=""L11631""",
"=""304.55885""","=""0.00014""","=""304.558742""","=""0.000021""","=""191""","=""1.96e+07""","=""3.03e-03""","=""-1.565""",C+,"=""2.45343044""","=""6.52319179""","=""3d6.4s2""","=""a 3H""","=""4""","=""3d7.(2H).4p""","=""w 3H*""","=""5""",,"=""T5720""","=""L11631""",
"=""304.76043""","=""0.00003""","=""304.760437""","=""0.000013""","=""r""","=""1.99e+08""","=""5.53e-02""","=""-0.558""",A,"=""0.08728574""","=""4.15435379""","=""3d6.4s2""","=""a 5D""","=""2""","=""3d7.(4F).4p""","=""y 5D*""","=""3""",,"=""T3547""","=""L11631""",
"=""305.30654""","=""0.00003""","=""305.306552""","=""0.000021""","=""2040""","=""7.65e+07""","=""3.56e-02""","=""-0.971""",B,"=""2.42419831""","=""6.48399171""","=""3d6.4s2""","=""a 3P2""","=""1""","=""3d7.(2P).4p""","=""u 3D*""","=""2""",,"=""T5720""","=""L11631""",
"=""305.34533""","=""0.00019""","=""305.345402""","=""0.000013""","=""245""","=""5.85e+05""","=""2.73e-04""","=""-3.087""",C+,"=""1.01105568""","=""5.07033256""","=""3d7.(4F).4s""","=""a 5F""","=""1""","=""3d6.(3P2).4s.4p.(3P*)""","=""z 5S*""","=""2""",,"=""T5720""","=""L11631""",
"=""305.52622""","=""0.00003""","=""305.526232""","=""0.000013""","=""10000""","=""4.74e+07""","=""9.49e-03""","=""-1.178""",B+,"=""1.55735733""","=""5.61423177""","=""3d7.(4F).4s""","=""a 3F""","=""3""","=""3d6.(3P2).4s.4p.(3P*)""","=""x 3D*""","=""2""",,"=""T5720""","=""L11631""",
"=""305.74456""","=""0.00003""","=""305.744545""","=""0.000013""","=""120000""","=""2.82e+08""","=""3.59e-02""","=""-0.404""",B,"=""0.85899575""","=""4.91297355""","=""3d7.(4F).4s""","=""a 5F""","=""5""","=""3d6.(5D).4s.4p.(1P*)""","=""x 5D*""","=""4""",,"=""T5720""","=""L11631""",
"=""305.90856""","=""0.00003""","=""305.908538""","=""0.000013""","=""204000""","=""1.47e+08""","=""2.94e-02""","=""-0.687""",C+,"=""0.05156912""","=""4.10337372""","=""3d6.4s2""","=""a 5D""","=""3""","=""3d7.(4F).4p""","=""y 5D*""","=""4""",,"=""T5720""","=""L11631""",
"=""306.05376""","=""0.00014""","=""306.053751""","=""0.000021""","=""372""","=""4.72e+07""","=""7.37e-03""","=""-1.178""",D+,"=""2.99035244""","=""7.04023466""","=""3d6.4s2""","=""b 3G""","=""4""","=""3d6.(1G2).4s.4p.(3P*)""","=""u 3F*""","=""3""",,"=""T5720""","=""L11631""",
"=""306.09831""","=""0.00023""","=""306.098321""","=""0.000013""","=""1580bl""","=""6.36e+06""","=""1.28e-03""","=""-2.049""",B,"=""1.55735733""","=""5.60664989""","=""3d7.(4F).4s""","=""a 3F""","=""3""","=""3d6.(3P2).4s.4p.(3P*)""","=""x 3D*""","=""3""",,"=""T5720""","=""L11631""",
"=""306.64787""","=""0.00008""","=""306.647863""","=""0.000013""","=""1000""","=""6.38e+07""","=""1.00e-02""","=""-1.046""",B,"=""2.72754450""","=""6.76958063""","=""3d7.(2G).4s""","=""a 3G""","=""4""","=""3d6.(3G).4s.4p.(3P*)""","=""t 3G*""","=""3""",,"=""T5720""","=""L11631""",
"=""306.69968""","=""0.00008""","=""306.69987""","=""0.00003""","=""437""","=""2.22e+08""","=""2.85e-02""","=""-0.504""",C+,"=""3.26711257""","=""7.3084633""","=""3d7.(2H).4s""","=""b 3H""","=""5""","=""3d6.(3H).4s.4p.(1P*)""","=""3I*""","=""6""",,"=""T5720""","=""L11631""",
"=""306.71181""","=""0.00003""","=""306.711840""","=""0.000013""","=""13500""","=""2.72e+07""","=""7.68e-03""","=""-1.416""",B+,"=""1.60789577""","=""5.64908881""","=""3d7.(4F).4s""","=""a 3F""","=""2""","=""3d6.(3H).4s.4p.(3P*)""","=""y 3G*""","=""3""",,"=""T5720""","=""L11631""",
"=""306.72437""","=""0.00003""","=""306.724366""","=""0.000013""","=""68000""","=""2.18e+08""","=""3.42e-02""","=""-0.511""",C+,"=""0.91460217""","=""4.95563019""","=""3d7.(4F).4s""","=""a 5F""","=""4""","=""3d6.(5D).4s.4p.(1P*)""","=""x 5D*""","=""3""",,"=""T5720""","=""L11631""",
"=""306.81733""","=""0.00003""","=""306.817338""","=""0.000013""","=""7100""","=""3.33e+07""","=""9.40e-03""","=""-1.328""",B+,"=""1.60789577""","=""5.64769932""","=""3d7.(4F).4s""","=""a 3F""","=""2""","=""3d6.(3P2).4s.4p.(3P*)""","=""x 3D*""","=""1""",,"=""T5720""","=""L11631""",
"=""307.39783""","=""0.00008""","=""307.397850""","=""0.000013""","=""437""","=""3.45e+07""","=""4.44e-03""","=""-1.311""",C,"=""2.69240763""","=""6.72458242""","=""3d7.(2G).4s""","=""a 3G""","=""5""","=""3d6.(3G).4s.4p.(3P*)""","=""t 3G*""","=""4""",,"=""T5720""","=""L11631""",
"=""307.57194""","=""0.00003""","=""307.571940""","=""0.000014""","=""41700""","=""1.57e+08""","=""3.18e-02""","=""-0.652""",C+,"=""0.95815732""","=""4.98804995""","=""3d7.(4F).4s""","=""a 5F""","=""3""","=""3d6.(5D).4s.4p.(1P*)""","=""x 5D*""","=""2""",,"=""T5720""","=""L11631""",
"=""307.80155""","=""0.00003""","=""307.801546""","=""0.000014""","=""3160""","=""2.18e+06""","=""4.42e-04""","=""-2.510""",C+,"=""0.95815732""","=""4.98504395""","=""3d7.(4F).4s""","=""a 5F""","=""3""","=""3d5.(6S).4s2.4p""","=""y 7P*""","=""3""",,"=""T5720""","=""L11631""",
"=""307.84320""","=""0.00008""","=""307.84316""","=""0.00003""","=""1200""","=""4.56e+07""","=""6.48e-02""","=""-1.189""",B,"=""2.48437256""","=""6.51071489""","=""3d6.4s2""","=""a 3P2""","=""0""","=""3d7.(2P).4p""","=""u 3D*""","=""1""",,"=""T5720""","=""L11631""",
"=""307.99883""","=""0.00014""","=""307.99892""","=""0.00003""","=""339""","=""9.18e+07""","=""1.45e-02""","=""-0.884""",D+,"=""3.30140276""","=""7.3257089""","=""3d7.(2H).4s""","=""b 3H""","=""4""","=""3d6.(3H).4s.4p.(1P*)""","=""3I*""","=""5""",,"=""T5720""","=""L11631""",
"=""308.37407""","=""0.00003""","=""308.374072""","=""0.000014""","=""25700""","=""9.24e+07""","=""2.63e-02""","=""-0.880""",C+,"=""0.99011115""","=""5.00952178""","=""3d7.(4F).4s""","=""a 5F""","=""2""","=""3d6.(5D).4s.4p.(1P*)""","=""x 5D*""","=""1""",,"=""T5720""","=""L11631""",
"=""309.02046""","=""0.00014""","=""309.020492""","=""0.000014""","=""457""","=""1.67e+07""","=""3.41e-03""","=""-1.622""",D+,"=""2.75857762""","=""6.76958063""","=""3d7.(2G).4s""","=""a 3G""","=""3""","=""3d6.(3G).4s.4p.(3P*)""","=""t 3G*""","=""3""",,"=""T5720""","=""L11631""",
"=""309.15763""","=""0.00003""","=""309.157641""","=""0.000014""","=""14100""","=""5.53e+07""","=""2.64e-02""","=""-1.101""",C,"=""1.01105568""","=""5.02027939""","=""3d7.(4F).4s""","=""a 5F""","=""1""","=""3d6.(5D).4s.4p.(1P*)""","=""x 5D*""","=""0""",,"=""T5720""","=""L11631""",
"=""309.27815""","=""0.00008""","=""309.278108""","=""0.000014""","=""1350""","=""4.20e+05""","=""8.60e-05""","=""-3.220""",C+,"=""0.95815732""","=""4.96581946""","=""3d7.(4F).4s""","=""a 5F""","=""3""","=""3d5.(6S).4s2.4p""","=""y 7P*""","=""2""",,"=""T5720""","=""L11631""",
"=""309.38049""","=""0.00008""","=""309.380486""","=""0.000014""","=""1510""","=""6.40e+06""","=""1.84e-03""","=""-2.037""",B,"=""1.60789577""","=""5.61423177""","=""3d7.(4F).4s""","=""a 3F""","=""2""","=""3d6.(3P2).4s.4p.(3P*)""","=""x 3D*""","=""2""",,"=""T5720""","=""L11631""",
"=""309.52667""","=""0.00008""","=""309.526657""","=""0.000021""","=""910""","=""2.12e+07""","=""2.77e-03""","=""-1.516""",C+,"=""2.69240763""","=""6.69685175""","=""3d7.(2G).4s""","=""a 3G""","=""5""","=""3d6.(3D).4s.4p.(3P*)""","=""5F*""","=""5""",,"=""T5720""","=""L11631""",
"=""309.81891""","=""0.00003""","=""309.81885""","=""0.00003""","=""3160""","=""8.27e+07""","=""1.08e-02""","=""-0.924""",B,"=""2.69240763""","=""6.6930753""","=""3d7.(2G).4s""","=""a 3G""","=""5""","=""3d6.(3G).4s.4p.(3P*)""","=""t 3G*""","=""5""",,"=""T5720""","=""L11631""",
"=""309.98943""","=""0.00003""","=""309.989442""","=""0.000014""","=""17800""","=""5.79e+07""","=""2.78e-02""","=""-1.079""",C+,"=""1.01105568""","=""5.00952178""","=""3d7.(4F).4s""","=""a 5F""","=""1""","=""3d6.(5D).4s.4p.(1P*)""","=""x 5D*""","=""1""",,"=""T5720""","=""L11631""",
"=""309.99679""","=""0.00003""","=""309.996786""","=""0.000014""","=""47900""","=""7.41e+07""","=""1.19e-02""","=""-0.972""",C+,"=""0.91460217""","=""4.91297355""","=""3d7.(4F).4s""","=""a 5F""","=""4""","=""3d6.(5D).4s.4p.(1P*)""","=""x 5D*""","=""4""",,"=""T5720""","=""L11631""",
"=""310.03033""","=""0.00003""","=""310.030329""","=""0.000014""","=""28200""","=""9.35e+07""","=""2.69e-02""","=""-0.871""",C+,"=""0.99011115""","=""4.98804995""","=""3d7.(4F).4s""","=""a 5F""","=""2""","=""3d6.(5D).4s.4p.(1P*)""","=""x 5D*""","=""2""",,"=""T5720""","=""L11631""",
"=""310.06647""","=""0.00003""","=""310.066467""","=""0.000014""","=""38000""","=""9.45e+07""","=""1.95e-02""","=""-0.866""",C,"=""0.95815732""","=""4.95563019""","=""3d7.(4F).4s""","=""a 5F""","=""3""","=""3d6.(5D).4s.4p.(1P*)""","=""x 5D*""","=""3""",,"=""T5720""","=""L11631""",
"=""310.08360""","=""0.00003""","=""310.083615""","=""0.000022""","=""2290""","=""3.00e+07""","=""3.33e-03""","=""-1.364""",B,"=""2.40407444""","=""6.40132623""","=""3d6.4s2""","=""a 3H""","=""6""","=""3d6.(3H).4s.4p.(3P*)""","=""1H*""","=""5""",,"=""T5720""","=""L11631""",
"=""310.10022""","=""0.00008""","=""310.100208""","=""0.000014""","=""910""","=""4.98e+07""","=""7.97e-03""","=""-1.144""",C+,"=""2.72754450""","=""6.72458242""","=""3d7.(2G).4s""","=""a 3G""","=""4""","=""3d6.(3G).4s.4p.(3P*)""","=""t 3G*""","=""4""",,"=""T5720""","=""L11631""",
"=""310.26365""","=""0.00014""","=""310.263621""","=""0.000014""","=""457""","=""2.10e+05""","=""6.06e-05""","=""-3.518""",D+,"=""0.99011115""","=""4.98504395""","=""3d7.(4F).4s""","=""a 5F""","=""2""","=""3d5.(6S).4s2.4p""","=""y 7P*""","=""3""",,"=""T5720""","=""L11631""",
"=""311.20770""","=""0.00008""","=""311.207742""","=""0.000022""","=""1150""","=""5.76e+07""","=""7.61e-03""","=""-1.077""",C+,"=""2.94879294""","=""6.93160665""","=""3d6.4s2""","=""b 3G""","=""5""","=""3d7.(2H).4p""","=""1H*""","=""5""",,"=""T5720""","=""L11631""",
"=""311.66313""","=""0.00003""","=""311.663143""","=""0.000014""","=""4070""","=""1.52e+07""","=""7.38e-03""","=""-1.655""",C,"=""1.01105568""","=""4.98804995""","=""3d7.(4F).4s""","=""a 5F""","=""1""","=""3d6.(5D).4s.4p.(1P*)""","=""x 5D*""","=""2""",,"=""T5720""","=""L11631""",
"=""311.76398""","=""0.00008""","=""311.763956""","=""0.000014""","=""760""","=""2.15e+05""","=""6.27e-05""","=""-3.504""",C+,"=""0.99011115""","=""4.96581946""","=""3d7.(4F).4s""","=""a 5F""","=""2""","=""3d5.(6S).4s2.4p""","=""y 7P*""","=""2""",,"=""T5720""","=""L11631""",
"=""311.94947""","=""0.00003""","=""311.949482""","=""0.000022""","=""4370""","=""7.45e+07""","=""9.88e-03""","=""-0.964""",B,"=""2.43269470""","=""6.40603863""","=""3d6.4s2""","=""a 3H""","=""5""","=""3d7.(2H).4p""","=""u 3G*""","=""4""",,"=""T5720""","=""L11631""",
"=""312.04351""","=""0.00003""","=""312.043525""","=""0.000014""","=""3800""","=""5.08e+07""","=""8.24e-03""","=""-1.130""",B,"=""2.45343044""","=""6.42557692""","=""3d6.4s2""","=""a 3H""","=""4""","=""3d7.(2H).4p""","=""u 3G*""","=""3""",,"=""T5720""","=""L11631""",
"=""312.56503""","=""0.00003""","=""312.565054""","=""0.000014""","=""6200""","=""1.48e+07""","=""4.35e-03""","=""-1.663""",C,"=""0.99011115""","=""4.95563019""","=""3d7.(4F).4s""","=""a 5F""","=""2""","=""3d6.(5D).4s.4p.(1P*)""","=""x 5D*""","=""3""",,"=""T5720""","=""L11631""",
"=""312.56823""","=""0.00003""","=""312.568240""","=""0.000014""","=""6300""","=""9.31e+07""","=""1.05e-02""","=""-0.865""",B,"=""2.40407444""","=""6.36955305""","=""3d6.4s2""","=""a 3H""","=""6""","=""3d7.(2H).4p""","=""u 3G*""","=""5""",,"=""T5720""","=""L11631""",
"=""312.93329""","=""0.00008""","=""312.933329""","=""0.000014""","=""1290""","=""6.34e+06""","=""1.03e-03""","=""-2.031""",D+,"=""1.48486439""","=""5.44571679""","=""3d7.(4F).4s""","=""a 3F""","=""4""","=""3d6.(3P2).4s.4p.(3P*)""","=""w 5D*""","=""3""",,"=""T5720""","=""L11631""",
"=""313.25177""","=""0.00008""","=""313.251786""","=""0.000022""","=""680""","=""2.37e+08""","=""3.88e-02""","=""-0.457""",C+,"=""3.21118938""","=""7.16801526""","=""3d6.(5D).4s.4p.(3P*)""","=""z 5D*""","=""4""","=""3d6.(5D).4s (4D).4d""","=""i 5D""","=""3""",,"=""T5720""","=""L11631""",
"=""313.41098""","=""0.00003""","=""313.410973""","=""0.000014""","=""5800""","=""7.07e+06""","=""1.49e-03""","=""-1.982""",C,"=""0.95815732""","=""4.91297355""","=""3d7.(4F).4s""","=""a 5F""","=""3""","=""3d6.(5D).4s.4p.(1P*)""","=""x 5D*""","=""4""",,"=""T5720""","=""L11631""",
"=""313.58604""","=""0.00024""","=""313.586059""","=""0.000022""","=""372bl""","=""4.37e+06""","=""7.17e-04""","=""-2.190""",D+,"=""2.45343044""","=""6.40603863""","=""3d6.4s2""","=""a 3H""","=""4""","=""3d7.(2H).4p""","=""u 3G*""","=""4""",,"=""T6110""","=""L11631""",
"=""314.24537""","=""0.00008""","=""314.245232""","=""0.000014""","=""1380""","=""2.75e+07""","=""5.82e-03""","=""-1.390""",C,"=""2.44955978""","=""6.39387714""","=""3d6.(5D).4s.4p.(3P*)""","=""z 7D*""","=""3""","=""3d6.(5D).4s (6D).4d""","=""e 7S""","=""3""",,"=""T5720""","=""L11631""",
"=""314.28887""","=""0.00003""","=""314.288870""","=""0.000014""","=""2510""","=""2.82e+07""","=""8.37e-03""","=""-1.378""",B,"=""2.27860466""","=""6.22237439""","=""3d6.4s2""","=""a 3P2""","=""2""","=""3d7.(2P).4p""","=""w 3P*""","=""2""",,"=""T5720""","=""L11631""",
"=""314.32424""","=""0.00008""","=""314.324218""","=""0.000010""","=""1780""","=""8.89e+04""","=""1.46e-05""","=""-3.880""",C+,"=""0.0000000""","=""3.94332623""","=""3d6.4s2""","=""a 5D""","=""4""","=""3d6.(5D).4s.4p.(3P*)""","=""z 3F*""","=""3""",,"=""T5720""","=""L11631""",
"=""314.39903""","=""0.00003""","=""314.399022""","=""0.000022""","=""1950""","=""5.49e+08""","=""9.04e-02""","=""-0.090""",B,"=""3.21118938""","=""7.15357742""","=""3d6.(5D).4s.4p.(3P*)""","=""z 5D*""","=""4""","=""3d6.(5D).4s (4D).4d""","=""i 5D""","=""4""",,"=""T5720""","=""L11631""",
"=""314.50568""","=""0.00008""","=""314.50572""","=""0.00003""","=""740""","=""4.18e+07""","=""6.90e-03""","=""-1.207""",C+,"=""2.99035244""","=""6.9314031""","=""3d6.4s2""","=""b 3G""","=""4""","=""3d6.(1G2).4s.4p.(3P*)""","=""s 3G*""","=""4""",,"=""T5720""","=""L11631""",
"=""314.77946""","=""0.00008""","=""314.779524""","=""0.000022""","=""550""","=""5.31e+07""","=""1.13e-02""","=""-1.103""",C+,"=""3.01762252""","=""6.95524523""","=""3d6.4s2""","=""b 3G""","=""3""","=""3d6.(3G).4s.4p.(3P*)""","=""1F*""","=""3""",,"=""T5720""","=""L11631""",
"=""315.18653""","=""0.00008""","=""315.186545""","=""0.000014""","=""1170""","=""6.85e+04""","=""1.46e-05""","=""-3.991""",C+,"=""0.05156912""","=""3.98410712""","=""3d6.4s2""","=""a 5D""","=""3""","=""3d6.(5D).4s.4p.(3P*)""","=""z 3F*""","=""2""",,"=""T5720""","=""L11631""",
"=""315.31995""","=""0.00003""","=""315.319962""","=""0.000014""","=""2950""","=""7.12e+07""","=""1.52e-02""","=""-0.974""",B+,"=""2.44955978""","=""6.38043390""","=""3d6.(5D).4s.4p.(3P*)""","=""z 7D*""","=""3""","=""3d6.(5D).4s (6D).4d""","=""f 5F""","=""4""",,"=""T5720""","=""L11631""",
"=""315.33134""","=""0.00008""","=""315.331421""","=""0.000014""","=""590""","=""1.84e+07""","=""3.92e-03""","=""-1.562""",B,"=""2.44955978""","=""6.38029108""","=""3d6.(5D).4s.4p.(3P*)""","=""z 7D*""","=""3""","=""3d6.(5D).4s (6D).4d""","=""e 7G""","=""3""",,"=""T5720""","=""L11631""",
"=""315.44964""","=""0.00008""","=""315.449611""","=""0.000014""","=""1020""","=""3.25e+07""","=""9.69e-03""","=""-1.315""",B,"=""2.46883473""","=""6.39809335""","=""3d6.(5D).4s.4p.(3P*)""","=""z 7D*""","=""2""","=""3d6.(5D).4s (6D).4d""","=""f 5F""","=""3""",,"=""T5720""","=""L11631""",
"=""315.62736""","=""0.00008""","=""315.627342""","=""0.000022""","=""1260""","=""4.45e+08""","=""9.50e-02""","=""-0.177""",C+,"=""3.24096914""","=""7.16801526""","=""3d6.(5D).4s.4p.(3P*)""","=""z 5D*""","=""3""","=""3d6.(5D).4s (4D).4d""","=""i 5D""","=""3""",,"=""T5720""","=""L11631""",
"=""315.70359""","=""0.00003""","=""315.703585""","=""0.000014""","=""5200""","=""1.39e+08""","=""2.30e-02""","=""-0.684""",B+,"=""2.42543332""","=""6.35153108""","=""3d6.(5D).4s.4p.(3P*)""","=""z 7D*""","=""4""","=""3d6.(5D).4s (6D).4d""","=""e 7G""","=""5""",,"=""T5720""","=""L11631""",
"=""315.71430""","=""0.00008""","=""315.714423""","=""0.000014""","=""580""","=""5.43e+06""","=""1.62e-03""","=""-2.091""",C+,"=""2.27860466""","=""6.20456765""","=""3d6.4s2""","=""a 3P2""","=""2""","=""3d7.(2P).4p""","=""w 3P*""","=""1""",,"=""T5720""","=""L11631""",
"=""315.78848""","=""0.00024""","=""315.788474""","=""0.000014""","=""3160bl*""","=""1.13e+08""","=""3.37e-02""","=""-0.773""",C+,"=""2.46883473""","=""6.39387714""","=""3d6.(5D).4s.4p.(3P*)""","=""z 7D*""","=""2""","=""3d6.(5D).4s (6D).4d""","=""e 7S""","=""3""",,"=""T5720""","=""L11631""",
"=""315.79871""","=""0.00008""","=""315.798709""","=""0.000014""","=""630""","=""1.58e+07""","=""2.62e-03""","=""-1.628""",C+,"=""2.42543332""","=""6.35034852""","=""3d6.(5D).4s.4p.(3P*)""","=""z 7D*""","=""4""","=""3d6.(5D).4s (6D).4d""","=""e 5G""","=""3""",,"=""T5720""","=""L11631""",
"=""316.06572""","=""0.00003""","=""316.065717""","=""0.000014""","=""6000""","=""1.74e+08""","=""2.89e-02""","=""-0.585""",B+,"=""2.42543332""","=""6.34703293""","=""3d6.(5D).4s.4p.(3P*)""","=""z 7D*""","=""4""","=""3d6.(5D).4s (6D).4d""","=""e 7F""","=""4""",,"=""T5720""","=""L11631""",
"=""316.13708""","=""0.00008""","=""316.137083""","=""0.000014""","=""1020""","=""1.07e+07""","=""2.29e-03""","=""-1.795""",C+,"=""1.55735733""","=""5.47807170""","=""3d7.(4F).4s""","=""a 3F""","=""3""","=""3d6.(3P2).4s.4p.(3P*)""","=""w 5D*""","=""2""",,"=""T5720""","=""L11631""",
"=""316.19461""","=""0.00003""","=""316.194619""","=""0.000014""","=""3310""","=""6.04e+07""","=""8.24e-03""","=""-1.043""",D+,"=""2.39920471""","=""6.31920567""","=""3d6.(5D).4s.4p.(3P*)""","=""z 7D*""","=""5""","=""3d6.(5D).4s (6D).4d""","=""e 7G""","=""6""",,"=""T5720""","=""L11631""",
"=""316.58575""","=""0.00003""","=""316.585758""","=""0.000014""","=""1860""","=""4.82e+07""","=""1.03e-02""","=""-1.141""",C+,"=""2.44955978""","=""6.36471779""","=""3d6.(5D).4s.4p.(3P*)""","=""z 7D*""","=""3""","=""3d6.(5D).4s (6D).4d""","=""e 7G""","=""4""",,"=""T5720""","=""L11631""",
"=""316.64353""","=""0.00003""","=""316.643508""","=""0.000022""","=""3630""","=""7.98e+07""","=""1.33e-02""","=""-0.921""",B,"=""2.55917148""","=""6.47361547""","=""3d6.4s2""","=""b 3F2""","=""4""","=""3d7.(2D2).4p""","=""t 3D*""","=""3""",,"=""T4293""","=""L11631""",
"=""316.88539""","=""0.00008""","=""316.885375""","=""0.000014""","=""660""","=""1.82e+07""","=""5.48e-03""","=""-1.562""",C+,"=""2.46883473""","=""6.38029108""","=""3d6.(5D).4s.4p.(3P*)""","=""z 7D*""","=""2""","=""3d6.(5D).4s (6D).4d""","=""e 7G""","=""3""",,"=""T5720""","=""L11631""",
"=""317.13511""","=""0.00003""","=""317.135108""","=""0.000023""","=""2190""","=""1.30e+08""","=""2.17e-02""","=""-0.709""",B,"=""3.04686890""","=""6.95524523""","=""3d7.(2G).4s""","=""a 1G""","=""4""","=""3d6.(3G).4s.4p.(3P*)""","=""1F*""","=""3""",,"=""T5720""","=""L11631""",
"=""317.16621""","=""0.00015""","=""317.166259""","=""0.000014""","=""417""","=""1.38e+07""","=""6.91e-03""","=""-1.683""",C+,"=""2.48211840""","=""6.39011087""","=""3d6.(5D).4s.4p.(3P*)""","=""z 7D*""","=""1""","=""3d6.(5D).4s (6D).4d""","=""e 7G""","=""2""",,"=""T5720""","=""L11631""",
"=""317.20835""","=""0.00008""","=""317.208397""","=""0.000014""","=""620""","=""5.00e+06""","=""1.51e-03""","=""-2.122""",C+,"=""2.19786640""","=""6.10533975""","=""3d7.(4P).4s""","=""a 5P""","=""2""","=""3d7.(2G).4p""","=""w 3F*""","=""3""",,"=""T5720""","=""L11631""",
"=""317.54445""","=""0.00003""","=""317.544444""","=""0.000014""","=""6800""","=""1.58e+08""","=""2.18e-02""","=""-0.621""",B+,"=""2.39920471""","=""6.30254306""","=""3d6.(5D).4s.4p.(3P*)""","=""z 7D*""","=""5""","=""3d6.(5D).4s (6D).4d""","=""e 7F""","=""5""",,"=""T5720""","=""L11631""",
"=""317.63591""","=""0.00015""","=""317.636027""","=""0.000023""","=""520""","=""1.77e+07""","=""5.35e-03""","=""-1.572""",C+,"=""2.60850194""","=""6.51071489""","=""3d6.4s2""","=""b 3F2""","=""2""","=""3d7.(2P).4p""","=""u 3D*""","=""1""",,"=""T5720""","=""L11631""",
"=""317.80126""","=""0.00003""","=""317.801268""","=""0.000014""","=""4900""","=""1.15e+08""","=""1.59e-02""","=""-0.758""",B+,"=""2.39920471""","=""6.29938878""","=""3d6.(5D).4s.4p.(3P*)""","=""z 7D*""","=""5""","=""3d6.(5D).4s (6D).4d""","=""f 7D""","=""4""",,"=""T5720""","=""L11631""",
"=""318.02231""","=""0.00003""","=""318.022325""","=""0.000014""","=""14800""","=""3.98e+08""","=""8.62e-02""","=""-0.220""",B+,"=""2.44955978""","=""6.34703293""","=""3d6.(5D).4s.4p.(3P*)""","=""z 7D*""","=""3""","=""3d6.(5D).4s (6D).4d""","=""e 7F""","=""4""",,"=""T5720""","=""L11631""",
"=""318.07552""","=""0.00003""","=""318.075520""","=""0.000014""","=""11700""","=""6.15e+05""","=""1.87e-04""","=""-3.030""",C+,"=""0.08728574""","=""3.98410712""","=""3d6.4s2""","=""a 5D""","=""2""","=""3d6.(5D).4s.4p.(3P*)""","=""z 3F*""","=""2""",,"=""T5720""","=""L11631""",
"=""318.15192""","=""0.00003""","=""318.151907""","=""0.000023""","=""2040""","=""9.20e+07""","=""1.99e-02""","=""-0.855""",B,"=""2.58810592""","=""6.48399171""","=""3d6.4s2""","=""b 3F2""","=""3""","=""3d7.(2P).4p""","=""u 3D*""","=""2""",,"=""T5720""","=""L11631""",
"=""318.19112""","=""0.00015""","=""318.191209""","=""0.000014""","=""520""","=""8.90e+06""","=""2.70e-03""","=""-1.869""",D+,"=""2.46883473""","=""6.36423934""","=""3d6.(5D).4s.4p.(3P*)""","=""z 7D*""","=""2""","=""3d6.(5D).4s (6D).4d""","=""e 7F""","=""2""",,"=""T5720""","=""L11631""",
"=""318.20553""","=""0.00003""","=""318.205560""","=""0.000014""","=""1450""","=""2.91e+07""","=""4.90e-03""","=""-1.355""",C+,"=""2.42543332""","=""6.32066224""","=""3d6.(5D).4s.4p.(3P*)""","=""z 7D*""","=""4""","=""3d6.(5D).4s (6D).4d""","=""e 5G""","=""4""",,"=""T5720""","=""L11631""",
"=""318.2973""","=""0.0005""","=""318.297810""","=""0.000014""","=""8bl*""","=""9.94e+07""","=""3.02e-02""","=""-0.821""",C+,"=""2.19786640""","=""6.09196644""","=""3d7.(4P).4s""","=""a 5P""","=""2""","=""3d6.(3F2).4s.4p.(3P*)""","=""v 3D*""","=""3""",,"=""T5720""","=""L11631c80""",
"=""318.48945""","=""0.00003""","=""318.489439""","=""0.000014""","=""33900""","=""1.64e+06""","=""3.57e-04""","=""-2.602""",B,"=""0.05156912""","=""3.94332623""","=""3d6.4s2""","=""a 5D""","=""3""","=""3d6.(5D).4s.4p.(3P*)""","=""z 3F*""","=""3""",,"=""T5720""","=""L11631""",
"=""318.85673""","=""0.00003""","=""318.856763""","=""0.000014""","=""2450""","=""5.50e+07""","=""7.62e-03""","=""-1.077""",D+,"=""2.39920471""","=""6.28647868""","=""3d6.(5D).4s.4p.(3P*)""","=""z 7D*""","=""5""","=""3d6.(5D).4s (6D).4d""","=""e 5G""","=""5""",,"=""T5720""","=""L11631""",
"=""318.88188""","=""0.00003""","=""318.881875""","=""0.000014""","=""5000""","=""1.26e+08""","=""6.43e-02""","=""-0.715""",B+,"=""2.48211840""","=""6.36908625""","=""3d6.(5D).4s.4p.(3P*)""","=""z 7D*""","=""1""","=""3d6.(5D).4s (6D).4d""","=""e 5G""","=""2""",,"=""T5720""","=""L11631""",
"=""319.06493""","=""0.00008""","=""319.064942""","=""0.000023""","=""1230""","=""6.32e+07""","=""1.07e-02""","=""-1.015""",C+,"=""3.04686890""","=""6.93160665""","=""3d7.(2G).4s""","=""a 1G""","=""4""","=""3d7.(2H).4p""","=""1H*""","=""5""",,"=""T5720""","=""L11631""",
"=""319.08165""","=""0.00008""","=""319.08166""","=""0.00003""","=""1170""","=""5.00e+07""","=""8.47e-03""","=""-1.118""",C+,"=""3.04686890""","=""6.9314031""","=""3d7.(2G).4s""","=""a 1G""","=""4""","=""3d6.(1G2).4s.4p.(3P*)""","=""s 3G*""","=""4""",,"=""T5720""","=""L11631""",
"=""319.11114""","=""0.00015""","=""319.111100""","=""0.000015""","=""560""","=""9.31e+06""","=""1.58e-03""","=""-1.846""",C+,"=""2.55917148""","=""6.44334733""","=""3d6.4s2""","=""b 3F2""","=""4""","=""3d7.(2P).4p""","=""u 3D*""","=""3""",,"=""T6110""","=""L11631""",
"=""319.16590""","=""0.00003""","=""319.165893""","=""0.000010""","=""39800""","=""1.66e+06""","=""2.82e-04""","=""-2.596""",B,"=""0.0000000""","=""3.88350907""","=""3d6.4s2""","=""a 5D""","=""4""","=""3d6.(5D).4s.4p.(3P*)""","=""z 3D*""","=""3""",,"=""T5720""","=""L11631""",
"=""319.28002""","=""0.00003""","=""319.280021""","=""0.000015""","=""9300""","=""2.50e+08""","=""1.28e-01""","=""-0.417""",B+,"=""2.48211840""","=""6.36423934""","=""3d6.(5D).4s.4p.(3P*)""","=""z 7D*""","=""1""","=""3d6.(5D).4s (6D).4d""","=""e 7F""","=""2""",,"=""T5720""","=""L11631""",
"=""319.32257""","=""0.00003""","=""319.322569""","=""0.000010""","=""87000""","=""3.99e+06""","=""6.77e-04""","=""-2.215""",B,"=""0.0000000""","=""3.88160368""","=""3d6.4s2""","=""a 5D""","=""4""","=""3d6.(5D).4s.4p.(3P*)""","=""z 3F*""","=""4""",,"=""T5720""","=""L11631""",
"=""319.32996""","=""0.00003""","=""319.329965""","=""0.000015""","=""9500""","=""2.15e+08""","=""6.57e-02""","=""-0.483""",B+,"=""2.46883473""","=""6.35034852""","=""3d6.(5D).4s.4p.(3P*)""","=""z 7D*""","=""2""","=""3d6.(5D).4s (6D).4d""","=""e 5G""","=""3""",,"=""T5720""","=""L11631""",
"=""319.44236""","=""0.00008""","=""319.442383""","=""0.000015""","=""1320""","=""3.24e+07""","=""9.91e-03""","=""-1.305""",B,"=""2.46883473""","=""6.34898259""","=""3d6.(5D).4s.4p.(3P*)""","=""z 7D*""","=""2""","=""3d6.(5D).4s (6D).4d""","=""e 7F""","=""1""",,"=""T5720""","=""L11631""",
"=""319.61224""","=""0.00008""","=""319.612206""","=""0.000015""","=""1820""","=""1.26e+08""","=""1.75e-02""","=""-0.715""",B+,"=""2.83252676""","=""6.71061300""","=""3d6.(5D).4s.4p.(3P*)""","=""z 7F*""","=""5""","=""3d6.(5D).4s (6D).6s""","=""g 7D""","=""4""",,"=""T5720""","=""L11631""",
"=""319.69272""","=""0.00025""","=""319.692708""","=""0.000015""","=""29500bl""","=""6.57e+08""","=""1.12e-01""","=""0.003""",B+,"=""2.42543332""","=""6.30254306""","=""3d6.(5D).4s.4p.(3P*)""","=""z 7D*""","=""4""","=""3d6.(5D).4s (6D).4d""","=""e 7F""","=""5""",,"=""T5720""","=""L11631""",
"=""319.69866""","=""0.00003""","=""319.698648""","=""0.000015""","=""20400""","=""9.70e+05""","=""2.12e-04""","=""-2.828""",B,"=""0.05156912""","=""3.92860683""","=""3d6.4s2""","=""a 5D""","=""3""","=""3d6.(5D).4s.4p.(3P*)""","=""z 3D*""","=""2""",,"=""T5720""","=""L11631""",
"=""319.94994""","=""0.00003""","=""319.949937""","=""0.000015""","=""11700""","=""6.15e+05""","=""3.15e-04""","=""-3.025""",C+,"=""0.11011433""","=""3.98410712""","=""3d6.4s2""","=""a 5D""","=""1""","=""3d6.(5D).4s.4p.(3P*)""","=""z 3F*""","=""2""",,"=""T5720""","=""L11631""",
"=""319.95302""","=""0.00003""","=""319.953020""","=""0.000015""","=""9500""","=""2.01e+08""","=""3.42e-02""","=""-0.511""",B+,"=""2.42543332""","=""6.29938878""","=""3d6.(5D).4s.4p.(3P*)""","=""z 7D*""","=""4""","=""3d6.(5D).4s (6D).4d""","=""f 7D""","=""4""",,"=""T5720""","=""L11631""",
"=""320.07842""","=""0.00003""","=""320.078410""","=""0.000015""","=""3090""","=""1.77e+05""","=""5.44e-05""","=""-3.566""",C+,"=""0.08728574""","=""3.95972364""","=""3d6.4s2""","=""a 5D""","=""2""","=""3d6.(5D).4s.4p.(3P*)""","=""z 3D*""","=""1""",,"=""T5720""","=""L11631""",
"=""320.25556""","=""0.00008""","=""320.255569""","=""0.000023""","=""1410""","=""4.33e+07""","=""7.39e-03""","=""-1.177""",B,"=""3.04686890""","=""6.91716472""","=""3d7.(2G).4s""","=""a 1G""","=""4""","=""3d6.(1G2).4s.4p.(3P*)""","=""s 3G*""","=""3""",,"=""T5720""","=""L11631""",
"=""320.53978""","=""0.00003""","=""320.539789""","=""0.000015""","=""12300""","=""2.93e+08""","=""1.51e-01""","=""-0.345""",B+,"=""2.48211840""","=""6.34898259""","=""3d6.(5D).4s.4p.(3P*)""","=""z 7D*""","=""1""","=""3d6.(5D).4s (6D).4d""","=""e 7F""","=""1""",,"=""T5720""","=""L11631""",
"=""320.70750""","=""0.00008""","=""320.707509""","=""0.000015""","=""930""","=""1.72e+07""","=""2.41e-03""","=""-1.577""",C,"=""2.39920471""","=""6.26404671""","=""3d6.(5D).4s.4p.(3P*)""","=""z 7D*""","=""5""","=""3d6.(5D).4s (6D).4d""","=""e 5G""","=""6""",,"=""T5720""","=""L11631""",
"=""321.02289""","=""0.00003""","=""321.022879""","=""0.000015""","=""6500""","=""1.26e+08""","=""2.17e-02""","=""-0.709""",B+,"=""2.42543332""","=""6.28647868""","=""3d6.(5D).4s.4p.(3P*)""","=""z 7D*""","=""4""","=""3d6.(5D).4s (6D).4d""","=""e 5G""","=""5""",,"=""T5720""","=""L11631""",
"=""321.08290""","=""0.00024""","=""321.082878""","=""0.000015""","=""10700bl""","=""2.77e+08""","=""8.58e-02""","=""-0.368""",B+,"=""2.46883473""","=""6.32915863""","=""3d6.(5D).4s.4p.(3P*)""","=""z 7D*""","=""2""","=""3d6.(5D).4s (6D).4d""","=""f 7D""","=""1""",,"=""T5720""","=""L11631""",
"=""321.16073""","=""0.00008""","=""321.160675""","=""0.000015""","=""690""","=""2.76e+07""","=""4.75e-03""","=""-1.369""",C+,"=""2.85122419""","=""6.71061300""","=""3d6.(5D).4s.4p.(3P*)""","=""z 7F*""","=""4""","=""3d6.(5D).4s (6D).6s""","=""g 7D""","=""4""",,"=""T5720""","=""L11631""",
"=""321.19871""","=""0.00003""","=""321.198577""","=""0.000015""","=""16600""","=""4.18e+08""","=""5.87e-02""","=""-0.190""",B,"=""2.39920471""","=""6.25813812""","=""3d6.(5D).4s.4p.(3P*)""","=""z 7D*""","=""5""","=""3d6.(5D).4s (6D).4d""","=""e 7P""","=""4""",,"=""T5720""","=""L11631""",
"=""321.3756""","=""0.0004""","=""321.37573""","=""0.00003""","=""(4)""","=""9.81e+06""","=""2.17e-03""","=""-1.818""",D+,"=""3.01762252""","=""6.8744289""","=""3d6.4s2""","=""b 3G""","=""3""","=""3d6.(1G2).4s.4p.(3P*)""","=""v 3H*""","=""4""",,"=""T5720""","=""L11631c81""",
"=""321.4012""","=""0.0005""","=""321.401115""","=""0.000015""","=""15800bl*""","=""5.87e+08""","=""1.30e-01""","=""-0.042""",B+,"=""2.44955978""","=""6.30606149""","=""3d6.(5D).4s.4p.(3P*)""","=""z 7D*""","=""3""","=""3d6.(5D).4s (6D).4d""","=""f 7D""","=""3""",,"=""T5720""","=""L11631""",
"=""321.40614""","=""0.00003""","=""321.406168""","=""0.000015""","=""22900""","=""5.90e+08""","=""1.31e-01""","=""-0.039""",B,"=""2.44955978""","=""6.30600086""","=""3d6.(5D).4s.4p.(3P*)""","=""z 7D*""","=""3""","=""3d6.(5D).4s (6D).4d""","=""e 7P""","=""2""",,"=""T5720""","=""L11631""",
"=""321.43956""","=""0.00003""","=""321.439559""","=""0.000015""","=""33100""","=""1.55e+06""","=""4.81e-04""","=""-2.618""",C+,"=""0.08728574""","=""3.94332623""","=""3d6.4s2""","=""a 5D""","=""2""","=""3d6.(5D).4s.4p.(3P*)""","=""z 3F*""","=""3""",,"=""T5720""","=""L11631""",
"=""321.59378""","=""0.00003""","=""321.593780""","=""0.000015""","=""14800""","=""3.10e+08""","=""9.60e-02""","=""-0.319""",B+,"=""2.46883473""","=""6.32302612""","=""3d6.(5D).4s.4p.(3P*)""","=""z 7D*""","=""2""","=""3d6.(5D).4s (6D).4d""","=""f 7D""","=""2""",,"=""T5720""","=""L11631""",
"=""321.73770""","=""0.00003""","=""321.737689""","=""0.000015""","=""10200""","=""1.35e+08""","=""1.90e-02""","=""-0.679""",B,"=""2.39920471""","=""6.25167222""","=""3d6.(5D).4s.4p.(3P*)""","=""z 7D*""","=""5""","=""3d6.(5D).4s (6D).4d""","=""f 5D""","=""4""",,"=""T5720""","=""L11631""",
"=""321.95819""","=""0.00003""","=""321.958202""","=""0.000015""","=""20000""","=""4.18e+08""","=""9.27e-02""","=""-0.188""",B+,"=""2.44955978""","=""6.29938878""","=""3d6.(5D).4s.4p.(3P*)""","=""z 7D*""","=""3""","=""3d6.(5D).4s (6D).4d""","=""f 7D""","=""4""",,"=""T5720""","=""L11631""",
"=""321.97660""","=""0.00008""","=""321.976577""","=""0.000015""","=""1350""","=""5.40e+04""","=""2.80e-05""","=""-4.076""",C+,"=""0.11011433""","=""3.95972364""","=""3d6.4s2""","=""a 5D""","=""1""","=""3d6.(5D).4s.4p.(3P*)""","=""z 3D*""","=""1""",,"=""T5720""","=""L11631""",
"=""321.98043""","=""0.00003""","=""321.980425""","=""0.000015""","=""13800""","=""2.53e+08""","=""4.36e-02""","=""-0.406""",B,"=""2.42543332""","=""6.27499663""","=""3d6.(5D).4s.4p.(3P*)""","=""z 7D*""","=""4""","=""3d6.(5D).4s (6D).4d""","=""e 7P""","=""3""",,"=""T5720""","=""L11631""",
"=""322.19160""","=""0.00008""","=""322.191603""","=""0.000015""","=""1580""","=""3.66e+07""","=""1.90e-02""","=""-1.244""",C+,"=""2.48211840""","=""6.32915863""","=""3d6.(5D).4s.4p.(3P*)""","=""z 7D*""","=""1""","=""3d6.(5D).4s (6D).4d""","=""f 7D""","=""1""",,"=""T5720""","=""L11631""",
"=""322.20669""","=""0.00003""","=""322.206713""","=""0.000015""","=""46800""","=""9.52e+08""","=""1.35e-01""","=""0.171""",B+,"=""2.39920471""","=""6.24606454""","=""3d6.(5D).4s.4p.(3P*)""","=""z 7D*""","=""5""","=""3d6.(5D).4s (6D).4d""","=""f 7D""","=""5""",,"=""T5720""","=""L11631""",
"=""322.32672""","=""0.00016""","=""322.326798""","=""0.000023""","=""590""","=""3.41e+05""","=""5.90e-05""","=""-3.275""",D+,"=""1.48486439""","=""5.33029109""","=""3d7.(4F).4s""","=""a 3F""","=""4""","=""3d6.(3H).4s.4p.(3P*)""","=""z 5H*""","=""5""",,"=""T5720""","=""L11631""",
"=""322.56072""","=""0.00008""","=""322.560609""","=""0.000023""","=""490""","=""4.18e+06""","=""5.93e-04""","=""-2.185""",C,"=""2.43269470""","=""6.27533411""","=""3d6.4s2""","=""a 3H""","=""5""","=""3d6.(3F2).4s.4p.(3P*)""","=""x 1G*""","=""4""",,"=""T5720""","=""L11631""",
"=""322.57870""","=""0.00003""","=""322.578709""","=""0.000015""","=""66000""","=""1.53e+09""","=""2.18e-01""","=""0.379""",B+,"=""2.39920471""","=""6.24162851""","=""3d6.(5D).4s.4p.(3P*)""","=""z 7D*""","=""5""","=""3d6.(5D).4s (6D).4d""","=""e 7F""","=""6""",,"=""T5720""","=""L11631""",
"=""322.60133""","=""0.00008""","=""322.601299""","=""0.000023""","=""760""","=""7.25e+06""","=""1.26e-03""","=""-1.947""",C+,"=""2.55917148""","=""6.40132623""","=""3d6.4s2""","=""b 3F2""","=""4""","=""3d6.(3H).4s.4p.(3P*)""","=""1H*""","=""5""",,"=""T5720""","=""L11631""",
"=""322.70609""","=""0.00008""","=""322.706042""","=""0.000015""","=""950""","=""2.26e+07""","=""1.18e-02""","=""-1.452""",B,"=""2.48211840""","=""6.32302612""","=""3d6.(5D).4s.4p.(3P*)""","=""z 7D*""","=""1""","=""3d6.(5D).4s (6D).4d""","=""f 7D""","=""2""",,"=""T5720""","=""L11631""",
"=""322.77953""","=""0.00003""","=""322.779521""","=""0.000015""","=""19100""","=""3.47e+08""","=""6.03e-02""","=""-0.266""",B,"=""2.42543332""","=""6.26546671""","=""3d6.(5D).4s.4p.(3P*)""","=""z 7D*""","=""4""","=""3d6.(5D).4s (6D).4d""","=""f 5D""","=""3""",,"=""T5720""","=""L11631""",
"=""322.82487""","=""0.00003""","=""322.824874""","=""0.000015""","=""5400""","=""1.12e+08""","=""3.49e-02""","=""-0.759""",C+,"=""2.46883473""","=""6.30832866""","=""3d6.(5D).4s.4p.(3P*)""","=""z 7D*""","=""2""","=""3d6.(5D).4s (6D).4d""","=""f 5D""","=""1""",,"=""T5720""","=""L11631""",
"=""322.85973""","=""0.00008""","=""322.85974""","=""0.00003""","=""630""","=""2.26e+07""","=""2.72e-03""","=""-1.452""",D+,"=""3.23672008""","=""7.0757994""","=""3d7.(2H).4s""","=""b 3H""","=""6""","=""3d6.(1I).4s.4p.(3P*)""","=""x 3I*""","=""6""",,"=""T5720""","=""L11631""",
"=""322.91201""","=""0.00003""","=""322.912009""","=""0.000015""","=""10000""","=""5.01e+05""","=""7.83e-04""","=""-3.106""",C+,"=""0.12126572""","=""3.95972364""","=""3d6.4s2""","=""a 5D""","=""0""","=""3d6.(5D).4s.4p.(3P*)""","=""z 3D*""","=""1""",,"=""T5720""","=""L11631""",
"=""322.99906""","=""0.00003""","=""322.999065""","=""0.000023""","=""3240""","=""1.17e+08""","=""2.03e-02""","=""-0.739""",B+,"=""3.04686890""","=""6.88429230""","=""3d7.(2G).4s""","=""a 1G""","=""4""","=""3d6.(1G2).4s.4p.(3P*)""","=""v 3H*""","=""5""",,"=""T5720""","=""L11631""",
"=""323.01561""","=""0.00008""","=""323.015618""","=""0.000015""","=""590""","=""1.06e+07""","=""3.31e-03""","=""-1.782""",C+,"=""2.46883473""","=""6.30606149""","=""3d6.(5D).4s.4p.(3P*)""","=""z 7D*""","=""2""","=""3d6.(5D).4s (6D).4d""","=""f 7D""","=""3""",,"=""T5720""","=""L11631""",
"=""323.02070""","=""0.00003""","=""323.020722""","=""0.000015""","=""4370""","=""1.03e+08""","=""3.22e-02""","=""-0.793""",C+,"=""2.46883473""","=""6.30600086""","=""3d6.(5D).4s.4p.(3P*)""","=""z 7D*""","=""2""","=""3d6.(5D).4s (6D).4d""","=""e 7P""","=""2""",,"=""T5720""","=""L11631""",
"=""323.09634""","=""0.00003""","=""323.096349""","=""0.000015""","=""10500""","=""1.8e+08""","=""4.1e-02""","=""-0.54""",D+,"=""2.44955978""","=""6.28582776""","=""3d6.(5D).4s.4p.(3P*)""","=""z 7D*""","=""3""","=""3d6.(5D).4s (6D).4d""","=""f 5D""","=""2""",,"=""T2491n""","=""L11631""",
"=""323.30516""","=""0.00003""","=""323.30516""","=""0.00003""","=""17800""","=""6.28e+08""","=""7.58e-02""","=""-0.007""",B+,"=""3.23672008""","=""7.0705105""","=""3d7.(2H).4s""","=""b 3H""","=""6""","=""3d6.(1I).4s.4p.(3P*)""","=""x 3I*""","=""7""",,"=""T5720""","=""L11631""",
"=""323.39672""","=""0.00003""","=""323.396736""","=""0.000015""","=""10700""","=""1.87e+08""","=""3.26e-02""","=""-0.532""",B,"=""2.42543332""","=""6.25813812""","=""3d6.(5D).4s.4p.(3P*)""","=""z 7D*""","=""4""","=""3d6.(5D).4s (6D).4d""","=""e 7P""","=""4""",,"=""T5720""","=""L11631""",
"=""323.46130""","=""0.00003""","=""323.461288""","=""0.000015""","=""20900""","=""8.05e+05""","=""1.80e-04""","=""-2.899""",B,"=""0.05156912""","=""3.88350907""","=""3d6.4s2""","=""a 5D""","=""3""","=""3d6.(5D).4s.4p.(3P*)""","=""z 3D*""","=""3""",,"=""T5720""","=""L11631""",
"=""323.62221""","=""0.00003""","=""323.622211""","=""0.000015""","=""46800""","=""1.96e+06""","=""4.40e-04""","=""-2.511""",B,"=""0.05156912""","=""3.88160368""","=""3d6.4s2""","=""a 5D""","=""3""","=""3d6.(5D).4s.4p.(3P*)""","=""z 3F*""","=""4""",,"=""T5720""","=""L11631""",
"=""323.94327""","=""0.00003""","=""323.943258""","=""0.000015""","=""21400""","=""2.66e+08""","=""4.64e-02""","=""-0.379""",B,"=""2.42543332""","=""6.25167222""","=""3d6.(5D).4s.4p.(3P*)""","=""z 7D*""","=""4""","=""3d6.(5D).4s (6D).4d""","=""f 5D""","=""4""",,"=""T5720""","=""L11631""",
"=""323.94571""","=""0.00008""","=""323.945683""","=""0.000015""","=""1350""","=""2.02e+07""","=""1.06e-02""","=""-1.497""",C+,"=""2.48211840""","=""6.30832866""","=""3d6.(5D).4s.4p.(3P*)""","=""z 7D*""","=""1""","=""3d6.(5D).4s (6D).4d""","=""f 5D""","=""1""",,"=""T5720""","=""L11631""",
"=""324.31082""","=""0.00008""","=""324.310723""","=""0.000024""","=""850""","=""4.33e+06""","=""7.58e-04""","=""-2.166""",C,"=""2.45343044""","=""6.27533411""","=""3d6.4s2""","=""a 3H""","=""4""","=""3d6.(3F2).4s.4p.(3P*)""","=""x 1G*""","=""4""",,"=""T5720""","=""L11631""",
"=""324.41874""","=""0.00003""","=""324.418738""","=""0.000015""","=""18200""","=""3.37e+08""","=""5.90e-02""","=""-0.275""",B+,"=""2.42543332""","=""6.24606454""","=""3d6.(5D).4s.4p.(3P*)""","=""z 7D*""","=""4""","=""3d6.(5D).4s (6D).4d""","=""f 7D""","=""5""",,"=""T5720""","=""L11631""",
"=""324.59655""","=""0.00008""","=""324.596529""","=""0.000015""","=""1170""","=""1.08e+06""","=""1.90e-04""","=""-2.766""",B,"=""0.91460217""","=""4.73314079""","=""3d7.(4F).4s""","=""a 5F""","=""4""","=""3d7.(4F).4p""","=""y 3D*""","=""3""",,"=""T5720""","=""L11631""",
"=""324.60046""","=""0.00003""","=""324.600450""","=""0.000015""","=""19500""","=""8.40e+05""","=""4.42e-04""","=""-2.877""",B,"=""0.11011433""","=""3.92860683""","=""3d6.4s2""","=""a 5D""","=""1""","=""3d6.(5D).4s.4p.(3P*)""","=""z 3D*""","=""2""",,"=""T5720""","=""L11631""",
"=""324.64800""","=""0.00008""","=""324.648045""","=""0.000024""","=""2000""","=""2.25e+07""","=""5.08e-03""","=""-1.449""",B,"=""2.58810592""","=""6.40603863""","=""3d6.4s2""","=""b 3F2""","=""3""","=""3d7.(2H).4p""","=""u 3G*""","=""4""",,"=""T5720""","=""L11631""",
"=""324.69604""","=""0.00003""","=""324.696065""","=""0.000015""","=""4470""","=""3.27e+07""","=""1.03e-02""","=""-1.287""",B,"=""2.19786640""","=""6.01523448""","=""3d7.(4P).4s""","=""a 5P""","=""2""","=""3d7.(4P).4p""","=""x 3P*""","=""1""",,"=""T5720""","=""L11631""",
"=""324.72098""","=""0.00008""","=""324.720998""","=""0.000015""","=""1170""","=""1.18e+07""","=""3.74e-03""","=""-1.728""",C+,"=""2.60850194""","=""6.42557692""","=""3d6.4s2""","=""b 3F2""","=""2""","=""3d7.(2H).4p""","=""u 3G*""","=""3""",,"=""T5720""","=""L11631""",
"=""324.82040""","=""0.00003""","=""324.820399""","=""0.000015""","=""7400""","=""1.34e+08""","=""3.04e-02""","=""-0.672""",B,"=""2.44955978""","=""6.26546671""","=""3d6.(5D).4s.4p.(3P*)""","=""z 7D*""","=""3""","=""3d6.(5D).4s (6D).4d""","=""f 5D""","=""3""",,"=""T5720""","=""L11631""",
"=""325.06232""","=""0.00024""","=""325.062303""","=""0.000015""","=""2040bl""","=""1.92e+07""","=""4.33e-03""","=""-1.518""",B,"=""2.17594512""","=""5.98901244""","=""3d7.(4P).4s""","=""a 5P""","=""3""","=""3d7.(4P).4p""","=""x 3P*""","=""2""",,"=""T5720""","=""L11631""",
"=""325.07587""","=""0.00008""","=""325.07589""","=""0.00007""","=""760""","=""3.14e+07""","=""4.52e-03""","=""-1.304""",B,"=""3.26711257""","=""7.0800206""","=""3d7.(2H).4s""","=""b 3H""","=""5""","=""3d6.(1I).4s.4p.(3P*)""","=""x 3I*""","=""5""",,"=""T5720""","=""L11631""",
"=""325.29142""","=""0.00003""","=""325.291431""","=""0.000015""","=""2290""","=""2.42e+07""","=""4.27e-03""","=""-1.416""",B,"=""2.55917148""","=""6.36955305""","=""3d6.4s2""","=""b 3F2""","=""4""","=""3d7.(2H).4p""","=""u 3G*""","=""5""",,"=""T5720""","=""L11631""",
"=""325.35988""","=""0.00003""","=""325.35991""","=""0.00003""","=""2140""","=""1.46e+08""","=""3.31e-02""","=""-0.636""",B,"=""3.25148176""","=""7.0610614""","=""3d7.(2D2).4s""","=""a 3D""","=""3""","=""3d7.(2H).4p""","=""v 1G*""","=""4""",,"=""T5720""","=""L11631""",
"=""325.43617""","=""0.00003""","=""325.43618""","=""0.00003""","=""16200""","=""5.51e+08""","=""7.96e-02""","=""-0.058""",B+,"=""3.26711257""","=""7.0757994""","=""3d7.(2H).4s""","=""b 3H""","=""5""","=""3d6.(1I).4s.4p.(3P*)""","=""x 3I*""","=""6""",,"=""T5720""","=""L11631""",
"=""325.47231""","=""0.00016""","=""325.472374""","=""0.000024""","=""457""","=""7.45e+06""","=""1.08e-03""","=""-1.927""",D+,"=""2.69240763""","=""6.50067093""","=""3d7.(2G).4s""","=""a 3G""","=""5""","=""3d7.(2H).4p""","=""w 3H*""","=""6""",,"=""T5720""","=""L11631""",
"=""325.72343""","=""0.00008""","=""325.72348""","=""0.00003""","=""950""","=""4.28e+07""","=""7.57e-03""","=""-1.167""",C+,"=""2.99035244""","=""6.7956800""","=""3d6.4s2""","=""b 3G""","=""4""","=""3d6.(3G).4s.4p.(3P*)""","=""w 1G*""","=""4""",,"=""T5720""","=""L11631""",
"=""325.75924""","=""0.00003""","=""325.759256""","=""0.000015""","=""4900""","=""4.47e+07""","=""1.02e-02""","=""-1.148""",C,"=""2.17594512""","=""5.98085478""","=""3d7.(4P).4s""","=""a 5P""","=""3""","=""3d6.(3G).4s.4p.(3P*)""","=""v 5F*""","=""2""",,"=""T5720""","=""L11631""",
"=""325.99892""","=""0.00003""","=""325.998925""","=""0.000015""","=""2000""","=""2.69e+07""","=""6.12e-03""","=""-1.368""",B,"=""2.44955978""","=""6.25167222""","=""3d6.(5D).4s.4p.(3P*)""","=""z 7D*""","=""3""","=""3d6.(5D).4s (6D).4d""","=""f 5D""","=""4""",,"=""T5720""","=""L11631""",
"=""326.45120""","=""0.00003""","=""326.451229""","=""0.000015""","=""2570""","=""3.03e+07""","=""9.68e-03""","=""-1.315""",C+,"=""2.19786640""","=""5.99471113""","=""3d7.(4P).4s""","=""a 5P""","=""2""","=""3d6.(3G).4s.4p.(3P*)""","=""v 5F*""","=""1""",,"=""T5720""","=""L11631""",
"=""326.50467""","=""0.00003""","=""326.504668""","=""0.000015""","=""16600""","=""6.22e+05""","=""1.99e-04""","=""-3.002""",C+,"=""0.08728574""","=""3.88350907""","=""3d6.4s2""","=""a 5D""","=""2""","=""3d6.(5D).4s.4p.(3P*)""","=""z 3D*""","=""3""",,"=""T5720""","=""L11631""",
"=""326.56163""","=""0.00003""","=""326.561634""","=""0.000015""","=""17400""","=""1.53e+08""","=""3.49e-02""","=""-0.612""",B,"=""2.17594512""","=""5.97150625""","=""3d7.(4P).4s""","=""a 5P""","=""3""","=""3d5.(6S).4s2.4p""","=""v 5P*""","=""2""",,"=""T5720""","=""L11631""",
"=""326.82327""","=""0.00003""","=""326.823298""","=""0.000015""","=""2630""","=""1.82e+07""","=""9.70e-03""","=""-1.536""",B,"=""2.22271209""","=""6.01523448""","=""3d7.(4P).4s""","=""a 5P""","=""1""","=""3d7.(4P).4p""","=""x 3P*""","=""1""",,"=""T5720""","=""L11631""",
"=""327.09997""","=""0.00003""","=""327.099980""","=""0.000015""","=""17400""","=""1.9e+08""","=""6.2e-02""","=""-0.51""",D+,"=""2.19786640""","=""5.98718095""","=""3d7.(4P).4s""","=""a 5P""","=""2""","=""3d5.(6S).4s2.4p""","=""v 5P*""","=""1""",,"=""T2491n""","=""L11631""",
"=""327.14845""","=""0.00009""","=""327.148471""","=""0.000024""","=""650""","=""5.93e+07""","=""1.36e-02""","=""-1.022""",C+,"=""3.25148176""","=""7.04023466""","=""3d7.(2D2).4s""","=""a 3D""","=""3""","=""3d6.(1G2).4s.4p.(3P*)""","=""u 3F*""","=""3""",,"=""T5720""","=""L11631""",
"=""327.16833""","=""0.00009""","=""327.168289""","=""0.000015""","=""930""","=""1.06e+06""","=""1.90e-04""","=""-2.768""",C+,"=""1.48486439""","=""5.27338780""","=""3d7.(4F).4s""","=""a 3F""","=""4""","=""3d6.(3P2).4s.4p.(3P*)""","=""x 5P*""","=""3""",,"=""T5720""","=""L11631""",
"=""327.25962""","=""0.00016""","=""327.259531""","=""0.000015""","=""650""","=""4.05e+05""","=""9.29e-05""","=""-3.187""",C,"=""1.55735733""","=""5.34482452""","=""3d7.(4F).4s""","=""a 3F""","=""3""","=""3d6.(3H).4s.4p.(3P*)""","=""z 5H*""","=""4""",,"=""T5720""","=""L11631""",
"=""327.64702""","=""0.00009""","=""327.646997""","=""0.000015""","=""1350""","=""1.58e+07""","=""5.09e-03""","=""-1.595""",C,"=""2.19786640""","=""5.98085478""","=""3d7.(4P).4s""","=""a 5P""","=""2""","=""3d6.(3G).4s.4p.(3P*)""","=""v 5F*""","=""2""",,"=""T5720""","=""L11631""",
"=""328.02602""","=""0.00025""","=""328.02599""","=""0.00008""","=""14100bl""","=""4.63e+08""","=""8.30e-02""","=""-0.127""",B+,"=""3.30140276""","=""7.0800206""","=""3d7.(2H).4s""","=""b 3H""","=""4""","=""3d6.(1I).4s.4p.(3P*)""","=""x 3I*""","=""5""",,"=""T5720""","=""L11631""",
"=""328.28901""","=""0.00003""","=""328.28904""","=""0.00003""","=""2090""","=""1.71e+08""","=""9.21e-02""","=""-0.559""",B,"=""3.27398440""","=""7.0495745""","=""3d7.(2D2).4s""","=""a 3D""","=""1""","=""3d6.(1G2).4s.4p.(3P*)""","=""u 3F*""","=""2""",,"=""T5720""","=""L11631""",
"=""328.45872""","=""0.00003""","=""328.458713""","=""0.000015""","=""2880""","=""2.82e+07""","=""9.12e-03""","=""-1.341""",B,"=""2.19786640""","=""5.97150625""","=""3d7.(4P).4s""","=""a 5P""","=""2""","=""3d5.(6S).4s2.4p""","=""v 5P*""","=""2""",,"=""T5720""","=""L11631""",
"=""328.67528""","=""0.00003""","=""328.675278""","=""0.000015""","=""51000""","=""4.19e+08""","=""9.70e-02""","=""-0.168""",B,"=""2.17594512""","=""5.94709859""","=""3d7.(4P).4s""","=""a 5P""","=""3""","=""3d5.(6S).4s2.4p""","=""v 5P*""","=""3""",,"=""T5720""","=""L11631""",
"=""328.89651""","=""0.00009""","=""328.896566""","=""0.000015""","=""830""","=""7.70e+06""","=""2.50e-03""","=""-1.904""",C+,"=""2.19786640""","=""5.96648265""","=""3d7.(4P).4s""","=""a 5P""","=""2""","=""3d6.(3G).4s.4p.(3P*)""","=""v 5F*""","=""3""",,"=""T5720""","=""L11631""",
"=""329.09881""","=""0.00003""","=""329.098811""","=""0.000015""","=""4790""","=""3.79e+07""","=""2.05e-02""","=""-1.211""",C+,"=""2.22271209""","=""5.98901244""","=""3d7.(4P).4s""","=""a 5P""","=""1""","=""3d7.(4P).4p""","=""x 3P*""","=""2""",,"=""T5720""","=""L11631""",
"=""329.20206""","=""0.00003""","=""329.202060""","=""0.000024""","=""7200""","=""5.19e+08""","=""1.21e-01""","=""-0.074""",B+,"=""3.25148176""","=""7.01660092""","=""3d7.(2D2).4s""","=""a 3D""","=""3""","=""3d6.(1G2).4s.4p.(3P*)""","=""u 3F*""","=""4""",,"=""T5720""","=""L11631""",
"=""329.25893""","=""0.00003""","=""329.258930""","=""0.000015""","=""8500""","=""9.0e+07""","=""4.8e-02""","=""-0.84""",D+,"=""2.22271209""","=""5.98718095""","=""3d7.(4P).4s""","=""a 5P""","=""1""","=""3d5.(6S).4s2.4p""","=""v 5P*""","=""1""",,"=""T2491n""","=""L11631""",
"=""329.31404""","=""0.00009""","=""329.314019""","=""0.000024""","=""980""","=""4.69e+05""","=""1.53e-04""","=""-3.118""",C+,"=""1.60789577""","=""5.37173492""","=""3d7.(4F).4s""","=""a 3F""","=""2""","=""3d6.(3H).4s.4p.(3P*)""","=""z 5H*""","=""3""",,"=""T5720""","=""L11631""",
"=""329.8132""","=""0.0003""","=""329.813198""","=""0.000015""","=""5800bl""","=""4.50e+07""","=""2.45e-02""","=""-1.133""",C,"=""2.22271209""","=""5.98085478""","=""3d7.(4P).4s""","=""a 5P""","=""1""","=""3d6.(3G).4s.4p.(3P*)""","=""v 5F*""","=""2""",,"=""T5720""","=""L11631""",
"=""330.35687""","=""0.00016""","=""330.356867""","=""0.000016""","=""580""","=""1.02e+07""","=""2.39e-03""","=""-1.777""",D+,"=""3.01762252""","=""6.76958063""","=""3d6.4s2""","=""b 3G""","=""3""","=""3d6.(3G).4s.4p.(3P*)""","=""t 3G*""","=""3""",,"=""T5720""","=""L11631""",
"=""330.59705""","=""0.00003""","=""330.597065""","=""0.000016""","=""36300""","=""2.84e+08""","=""9.29e-02""","=""-0.333""",B,"=""2.19786640""","=""5.94709859""","=""3d7.(4P).4s""","=""a 5P""","=""2""","=""3d5.(6S).4s2.4p""","=""v 5P*""","=""3""",,"=""T5720""","=""L11631""",
"=""330.63393""","=""0.00003""","=""330.63420""","=""0.00003""","=""16200""","=""5.17e+08""","=""9.41e-02""","=""-0.072""",B,"=""3.04686890""","=""6.7956800""","=""3d7.(2G).4s""","=""a 1G""","=""4""","=""3d6.(3G).4s.4p.(3P*)""","=""w 1G*""","=""4""",,"=""T5720""","=""L11631""",
"=""330.63545""","=""0.00003""","=""330.635695""","=""0.000016""","=""30200""","=""2.42e+08""","=""1.32e-01""","=""-0.402""",B,"=""2.22271209""","=""5.97150625""","=""3d7.(4P).4s""","=""a 5P""","=""1""","=""3d5.(6S).4s2.4p""","=""v 5P*""","=""2""",,"=""T5720""","=""L11631""",
"=""330.72334""","=""0.00003""","=""330.72333""","=""0.00003""","=""8300""","=""2.56e+08""","=""3.23e-02""","=""-0.377""",B+,"=""3.23672008""","=""6.9845209""","=""3d7.(2H).4s""","=""b 3H""","=""6""","=""3d6.(1I).4s.4p.(3P*)""","=""u 3H*""","=""6""",,"=""T5720""","=""L11631""",
"=""331.03410""","=""0.00003""","=""331.03412""","=""0.00003""","=""2090""","=""4.16e+07""","=""6.21e-03""","=""-1.166""",C+,"=""2.94879294""","=""6.6930753""","=""3d6.4s2""","=""b 3G""","=""5""","=""3d6.(3G).4s.4p.(3P*)""","=""t 3G*""","=""5""",,"=""T5720""","=""L11631""",
"=""331.04905""","=""0.00009""","=""331.049027""","=""0.000025""","=""1100""","=""5.55e+07""","=""1.30e-02""","=""-1.040""",C+,"=""3.25148176""","=""6.99559552""","=""3d7.(2D2).4s""","=""a 3D""","=""3""","=""3d6.(1I).4s.4p.(3P*)""","=""u 3H*""","=""4""",,"=""T5720""","=""L11631""",
"=""331.47411""","=""0.00003""","=""331.474131""","=""0.000025""","=""5900""","=""5.08e+08""","=""1.67e-01""","=""-0.078""",B+,"=""3.30092244""","=""7.04023466""","=""3d7.(2D2).4s""","=""a 3D""","=""2""","=""3d6.(1G2).4s.4p.(3P*)""","=""u 3F*""","=""3""",,"=""T5720""","=""L11631""",
"=""331.71207""","=""0.00009""","=""331.712093""","=""0.000016""","=""1580""","=""9.33e+06""","=""3.08e-03""","=""-1.812""",B,"=""2.27860466""","=""6.01523448""","=""3d6.4s2""","=""a 3P2""","=""2""","=""3d7.(4P).4p""","=""x 3P*""","=""1""",,"=""T4187""","=""L11631""",
"=""331.92529""","=""0.00009""","=""331.925278""","=""0.000016""","=""980""","=""3.36e+07""","=""6.16e-03""","=""-1.256""",C,"=""2.99035244""","=""6.72458242""","=""3d6.4s2""","=""b 3G""","=""4""","=""3d6.(3G).4s.4p.(3P*)""","=""t 3G*""","=""4""",,"=""T5720""","=""L11631""",
"=""332.24727""","=""0.00009""","=""332.247325""","=""0.000016""","=""1550""","=""9.03e+07""","=""1.66e-02""","=""-0.825""",B,"=""2.93984587""","=""6.67045638""","=""3d6.(5D).4s.4p.(3P*)""","=""z 7P*""","=""4""","=""3d6.(5D).4s (6D).6s""","=""g 7D""","=""5""",,"=""T5720""","=""L11631""",
"=""332.37362""","=""0.00009""","=""332.373598""","=""0.000025""","=""4370""","=""1.4e+08""","=""4.7e-02""","=""-0.63""",D+,"=""2.83159117""","=""6.56078442""","=""3d7.(4P).4s""","=""b 3P""","=""2""","=""3d7.(2D2).4p""","=""v 3P*""","=""2""",,"=""T2491n""","=""L11631""",
"=""332.45364""","=""0.00003""","=""332.453603""","=""0.000016""","=""2880""","=""1.89e+07""","=""2.41e-03""","=""-1.504""",B,"=""2.40407444""","=""6.13237029""","=""3d6.4s2""","=""a 3H""","=""6""","=""3d7.(2G).4p""","=""v 3G*""","=""5""",,"=""T5720""","=""L11631""",
"=""332.54644""","=""0.00009""","=""332.546445""","=""0.000016""","=""2190""","=""1.66e+07""","=""3.06e-03""","=""-1.561""",C+,"=""2.45343044""","=""6.18068544""","=""3d6.4s2""","=""a 3H""","=""4""","=""3d7.(2G).4p""","=""v 3G*""","=""3""",,"=""T5720""","=""L11631""",
"=""332.88657""","=""0.00003""","=""332.886592""","=""0.000025""","=""6800""","=""2.43e+08""","=""3.67e-02""","=""-0.394""",B+,"=""3.26711257""","=""6.99055915""","=""3d7.(2H).4s""","=""b 3H""","=""5""","=""3d6.(1I).4s.4p.(3P*)""","=""u 3H*""","=""5""",,"=""T5720""","=""L11631""",
"=""333.16109""","=""0.00009""","=""333.161103""","=""0.000016""","=""1100""","=""1.60e+07""","=""2.42e-03""","=""-1.574""",B,"=""2.43269470""","=""6.15307342""","=""3d6.4s2""","=""a 3H""","=""5""","=""3d7.(2G).4p""","=""v 3G*""","=""4""",,"=""T5720""","=""L11631""",
"=""333.42174""","=""0.00009""","=""333.421754""","=""0.000025""","=""790""","=""5.40e+06""","=""8.18e-04""","=""-2.046""",C+,"=""2.43269470""","=""6.15016512""","=""3d6.4s2""","=""a 3H""","=""5""","=""3d7.(2G).4p""","=""y 3H*""","=""5""",,"=""T5720""","=""L11631""",
"=""333.57682""","=""0.00009""","=""333.576869""","=""0.000025""","=""1510""","=""3.74e+07""","=""2.08e-02""","=""-1.205""",C+,"=""2.84504259""","=""6.56078442""","=""3d7.(4P).4s""","=""b 3P""","=""1""","=""3d7.(2D2).4p""","=""v 3P*""","=""2""",,"=""T5720""","=""L11631""",
"=""333.62565""","=""0.00009""","=""333.625685""","=""0.000025""","=""950""","=""4.42e+07""","=""8.19e-03""","=""-1.132""",C+,"=""3.30140276""","=""7.01660092""","=""3d7.(2H).4s""","=""b 3H""","=""4""","=""3d6.(1G2).4s.4p.(3P*)""","=""u 3F*""","=""4""",,"=""T5720""","=""L11631""",
"=""333.76649""","=""0.00003""","=""333.766481""","=""0.000025""","=""4790""","=""5.45e+07""","=""8.28e-03""","=""-1.041""",B,"=""2.69240763""","=""6.40603863""","=""3d7.(2G).4s""","=""a 3G""","=""5""","=""3d7.(2H).4p""","=""u 3G*""","=""4""",,"=""T5720""","=""L11631""",
"=""333.91944""","=""0.00009""","=""333.919385""","=""0.000025""","=""1170""","=""1.23e+07""","=""2.29e-03""","=""-1.686""",B,"=""2.45343044""","=""6.16536100""","=""3d6.4s2""","=""a 3H""","=""4""","=""3d7.(2G).4p""","=""y 3H*""","=""4""",,"=""T5720""","=""L11631""",
"=""334.05641""","=""0.00003""","=""334.056432""","=""0.000016""","=""3550""","=""2.48e+07""","=""8.28e-03""","=""-1.383""",B,"=""2.27860466""","=""5.98901244""","=""3d6.4s2""","=""a 3P2""","=""2""","=""3d7.(4P).4p""","=""x 3P*""","=""2""",,"=""T5720""","=""L11631""",
"=""334.19057""","=""0.00003""","=""334.19056""","=""0.00003""","=""4170""","=""3.32e+07""","=""5.06e-03""","=""-1.255""",C+,"=""2.69240763""","=""6.40132623""","=""3d7.(2G).4s""","=""a 3G""","=""5""","=""3d6.(3H).4s.4p.(3P*)""","=""1H*""","=""5""",,"=""T5720""","=""L11631""",
"=""334.22916""","=""0.00009""","=""334.22920""","=""0.00003""","=""1290""","=""2.83e+07""","=""1.58e-02""","=""-1.324""",C+,"=""2.84504259""","=""6.55353246""","=""3d7.(4P).4s""","=""b 3P""","=""1""","=""3d7.(2D2).4p""","=""t 3D*""","=""1""",,"=""T5720""","=""L11631""",
"=""334.79253""","=""0.00003""","=""334.792527""","=""0.000016""","=""2880""","=""2.46e+07""","=""8.25e-03""","=""-1.385""",C,"=""2.27860466""","=""5.98085478""","=""3d6.4s2""","=""a 3P2""","=""2""","=""3d6.(3G).4s.4p.(3P*)""","=""v 5F*""","=""2""",,"=""T5720""","=""L11631""",
"=""335.15216""","=""0.00009""","=""335.152140""","=""0.000016""","=""1170""","=""4.71e+06""","=""1.59e-03""","=""-2.101""",C+,"=""2.19786640""","=""5.89614419""","=""3d7.(4P).4s""","=""a 5P""","=""2""","=""3d7.(4P).4p""","=""y 3S*""","=""1""",,"=""T5720""","=""L11631""",
"=""335.17438""","=""0.00009""","=""335.174378""","=""0.000016""","=""2040""","=""1.53e+07""","=""2.87e-03""","=""-1.588""",B,"=""2.72754450""","=""6.42557692""","=""3d7.(2G).4s""","=""a 3G""","=""4""","=""3d7.(2H).4p""","=""u 3G*""","=""3""",,"=""T5720""","=""L11631""",
"=""335.32601""","=""0.00017""","=""335.32600""","=""0.00003""","=""510""","=""5.32e+06""","=""8.15e-04""","=""-2.048""",D+,"=""2.43269470""","=""6.12905507""","=""3d6.4s2""","=""a 3H""","=""5""","=""3d7.(2G).4p""","=""y 3H*""","=""6""",,"=""T5720""","=""L11631""",
"=""335.40591""","=""0.00009""","=""335.40591""","=""0.00003""","=""1260""","=""4.02e+07""","=""6.78e-02""","=""-1.169""",B,"=""2.85805275""","=""6.55353246""","=""3d7.(4P).4s""","=""b 3P""","=""0""","=""3d7.(2D2).4p""","=""t 3D*""","=""1""",,"=""T5720""","=""L11631""",
"=""335.52275""","=""0.00003""","=""335.52276""","=""0.00003""","=""5800""","=""2.33e+08""","=""4.37e-02""","=""-0.405""",C+,"=""3.30140276""","=""6.99559552""","=""3d7.(2H).4s""","=""b 3H""","=""4""","=""3d6.(1I).4s.4p.(3P*)""","=""u 3H*""","=""4""",,"=""T5720""","=""L11631""",
"=""335.64012""","=""0.00025""","=""335.640078""","=""0.000016""","=""1380bl*""","=""7.80e+06""","=""2.63e-03""","=""-1.880""",C+,"=""2.27860466""","=""5.97150625""","=""3d6.4s2""","=""a 3P2""","=""2""","=""3d5.(6S).4s2.4p""","=""v 5P*""","=""2""",,"=""T5720""","=""L11631""",
"=""336.95471""","=""0.00003""","=""336.95471""","=""0.00003""","=""18600""","=""1.94e+08""","=""3.66e-02""","=""-0.482""",B,"=""2.72754450""","=""6.40603863""","=""3d7.(2G).4s""","=""a 3G""","=""4""","=""3d7.(2H).4p""","=""u 3G*""","=""4""",,"=""T5720""","=""L11631""",
"=""337.07832""","=""0.00003""","=""337.078304""","=""0.000016""","=""34700""","=""3.18e+08""","=""4.92e-02""","=""-0.266""",B,"=""2.69240763""","=""6.36955305""","=""3d7.(2G).4s""","=""a 3G""","=""5""","=""3d7.(2H).4p""","=""u 3G*""","=""5""",,"=""T5720""","=""L11631""",
"=""337.20736""","=""0.00009""","=""337.207344""","=""0.000016""","=""2240""","=""6.50e+06""","=""1.58e-03""","=""-1.955""",B,"=""2.17594512""","=""5.85168345""","=""3d7.(4P).4s""","=""a 5P""","=""3""","=""3d6.(3F2).4s.4p.(3P*)""","=""x 3F*""","=""2""",,"=""T5720""","=""L11631""",
"=""337.3871""","=""0.0003""","=""337.38694""","=""0.00003""","=""468bl""","=""3.10e+06""","=""5.88e-04""","=""-2.276""",C,"=""2.72754450""","=""6.40132623""","=""3d7.(2G).4s""","=""a 3G""","=""4""","=""3d6.(3H).4s.4p.(3P*)""","=""1H*""","=""5""",,"=""T5720""","=""L11631""",
"=""337.90177""","=""0.00003""","=""337.901774""","=""0.000016""","=""6200""","=""2.30e+07""","=""5.61e-03""","=""-1.406""",B,"=""2.17594512""","=""5.84412959""","=""3d7.(4P).4s""","=""a 5P""","=""3""","=""3d7.(4P).4p""","=""w 3D*""","=""2""",,"=""T5720""","=""L11631""",
"=""338.01098""","=""0.00003""","=""338.010987""","=""0.000016""","=""14800""","=""1.16e+08""","=""2.84e-02""","=""-0.701""",B,"=""2.75857762""","=""6.42557692""","=""3d7.(2G).4s""","=""a 3G""","=""3""","=""3d7.(2H).4p""","=""u 3G*""","=""3""",,"=""T5720""","=""L11631""",
"=""338.13337""","=""0.00017""","=""338.13335""","=""0.00003""","=""417""","=""8.13e+06""","=""4.65e-03""","=""-1.856""",C,"=""2.84504259""","=""6.51071489""","=""3d7.(4P).4s""","=""b 3P""","=""1""","=""3d7.(2P).4p""","=""u 3D*""","=""1""",,"=""T5720""","=""L11631""",
"=""338.24018""","=""0.00003""","=""338.240187""","=""0.000016""","=""3470""","=""7.17e+06""","=""1.76e-03""","=""-1.910""",C+,"=""2.17594512""","=""5.84045966""","=""3d7.(4P).4s""","=""a 5P""","=""3""","=""3d6.(3H).4s.4p.(3P*)""","=""z 3H*""","=""4""",,"=""T5720""","=""L11631""",
"=""338.36914""","=""0.00003""","=""338.369144""","=""0.000016""","=""5800""","=""2.50e+07""","=""8.58e-03""","=""-1.368""",B,"=""2.19786640""","=""5.86098438""","=""3d7.(4P).4s""","=""a 5P""","=""2""","=""3d7.(4P).4p""","=""w 3D*""","=""1""",,"=""T5720""","=""L11631""",
"=""338.39788""","=""0.00003""","=""338.397871""","=""0.000016""","=""18200""","=""4.56e+07""","=""1.12e-02""","=""-1.106""",B,"=""2.17594512""","=""5.83875215""","=""3d7.(4P).4s""","=""a 5P""","=""3""","=""3d6.(3F2).4s.4p.(3P*)""","=""x 3F*""","=""3""",,"=""T5720""","=""L11631""",
"=""339.2305""","=""0.0003""","=""339.230502""","=""0.000016""","=""14800bl*""","=""4.96e+07""","=""1.71e-02""","=""-1.067""",C+,"=""2.19786640""","=""5.85168345""","=""3d7.(4P).4s""","=""a 5P""","=""2""","=""3d6.(3F2).4s.4p.(3P*)""","=""x 3F*""","=""2""",,"=""T5720""","=""L11631""",
"=""339.26521""","=""0.00003""","=""339.265213""","=""0.000016""","=""36300""","=""1.32e+08""","=""3.24e-02""","=""-0.644""",B,"=""2.17594512""","=""5.82938837""","=""3d7.(4P).4s""","=""a 5P""","=""3""","=""3d7.(4P).4p""","=""w 3D*""","=""3""",,"=""T5720""","=""L11631""",
"=""339.40772""","=""0.00009""","=""339.407721""","=""0.000016""","=""890""","=""3.37e+06""","=""6.47e-04""","=""-2.235""",C+,"=""2.45343044""","=""6.10533975""","=""3d6.4s2""","=""a 3H""","=""4""","=""3d7.(2G).4p""","=""w 3F*""","=""3""",,"=""T5720""","=""L11631""",
"=""339.45829""","=""0.00003""","=""339.458304""","=""0.000016""","=""6500""","=""2.61e+07""","=""9.03e-03""","=""-1.345""",B,"=""2.19786640""","=""5.84923154""","=""3d7.(4P).4s""","=""a 5P""","=""2""","=""3d7.(4P).4p""","=""u 5D*""","=""1""",,"=""T5720""","=""L11631""",
"=""339.69753""","=""0.00003""","=""339.697540""","=""0.000016""","=""2630""","=""2.16e+06""","=""5.35e-04""","=""-2.427""",D+,"=""0.95815732""","=""4.60695104""","=""3d7.(4F).4s""","=""a 5F""","=""3""","=""3d6.(5D).4s.4p.(1P*)""","=""y 5P*""","=""2""",,"=""T5720""","=""L11631""",
"=""339.76380""","=""0.00017""","=""339.763764""","=""0.000016""","=""398""","=""3.87e+05""","=""1.34e-04""","=""-3.174""",D,"=""0.99011115""","=""4.63819369""","=""3d7.(4F).4s""","=""a 5F""","=""2""","=""3d6.(5D).4s.4p.(1P*)""","=""y 5P*""","=""1""",,"=""T5720""","=""L11631""",
"=""339.82167""","=""0.00017""","=""339.82166""","=""0.00003""","=""550""","=""5.54e+06""","=""1.37e-03""","=""-2.018""",C+,"=""2.75857762""","=""6.40603863""","=""3d7.(2G).4s""","=""a 3G""","=""3""","=""3d7.(2H).4p""","=""u 3G*""","=""4""",,"=""T6110""","=""L11631""",
"=""339.93329""","=""0.00003""","=""339.933299""","=""0.000016""","=""38900""","=""1.38e+08""","=""4.78e-02""","=""-0.621""",B,"=""2.19786640""","=""5.84412959""","=""3d7.(4P).4s""","=""a 5P""","=""2""","=""3d7.(4P).4p""","=""w 3D*""","=""2""",,"=""T5720""","=""L11631""",
"=""340.15185""","=""0.00003""","=""340.151837""","=""0.000016""","=""7900""","=""5.03e+06""","=""9.70e-04""","=""-2.059""",C+,"=""0.91460217""","=""4.55852281""","=""3d7.(4F).4s""","=""a 5F""","=""4""","=""3d6.(5D).4s.4p.(1P*)""","=""y 5P*""","=""3""",,"=""T5720""","=""L11631""",
"=""340.2256""","=""0.0003""","=""340.22556""","=""0.00004""","=""10700bl""","=""2.85e+08""","=""3.80e-02""","=""-0.306""",C+,"=""3.23672008""","=""6.8798512""","=""3d7.(2H).4s""","=""b 3H""","=""6""","=""3d6.(1G2).4s.4p.(3P*)""","=""v 3H*""","=""6""",,"=""T5720""","=""L11631""",
"=""340.32898""","=""0.00009""","=""340.32895""","=""0.00003""","=""930""","=""2.79e+07""","=""9.68e-03""","=""-1.315""",C+,"=""2.83159117""","=""6.47361547""","=""3d7.(4P).4s""","=""b 3P""","=""2""","=""3d7.(2D2).4p""","=""t 3D*""","=""3""",,"=""T5720""","=""L11631""",
"=""""","=""""","=""340.364817""","=""0.000012""","=""""","=""1.3e+00""","=""2.4e-10""","=""-8.7""",D,"=""0.0000000""","=""3.64164057""","=""3d6.4s2""","=""a 5D""","=""4""","=""3d6.4s2""","=""b 3D""","=""3""",M1,"=""T6409""","=""""",
"=""340.42700""","=""0.00003""","=""340.427000""","=""0.000016""","=""3240""","=""1.51e+06""","=""8.75e-04""","=""-2.581""",C,"=""1.01105568""","=""4.65203107""","=""3d7.(4F).4s""","=""a 5F""","=""1""","=""3d7.(4F).4p""","=""y 3F*""","=""2""",,"=""T5720""","=""L11631""",
"=""340.43537""","=""0.00003""","=""340.435382""","=""0.000016""","=""31600""","=""7.63e+07""","=""2.65e-02""","=""-0.878""",B,"=""2.19786640""","=""5.83875215""","=""3d7.(4P).4s""","=""a 5P""","=""2""","=""3d6.(3F2).4s.4p.(3P*)""","=""x 3F*""","=""3""",,"=""T5720""","=""L11631""",
"=""340.64364""","=""0.00003""","=""340.64368""","=""0.00004""","=""3020""","=""1.4e+08""","=""7.8e-02""","=""-0.63""",D+,"=""3.27398440""","=""6.9126439""","=""3d7.(2D2).4s""","=""a 3D""","=""1""","=""3d7.(2D2).4p""","=""w 1D*""","=""2""",,"=""T2491n""","=""L11631""",
"=""340.67992""","=""0.00003""","=""340.679933""","=""0.000017""","=""14800""","=""6.24e+07""","=""3.62e-02""","=""-0.964""",B,"=""2.22271209""","=""5.86098438""","=""3d7.(4P).4s""","=""a 5P""","=""1""","=""3d7.(4P).4p""","=""w 3D*""","=""1""",,"=""T5720""","=""L11631""",
"=""340.74594""","=""0.00003""","=""340.745937""","=""0.000017""","=""145000""","=""5.48e+08""","=""1.36e-01""","=""-0.020""",B,"=""2.17594512""","=""5.81351269""","=""3d7.(4P).4s""","=""a 5P""","=""3""","=""3d6.(3F2).4s.4p.(3P*)""","=""x 3F*""","=""4""",,"=""T5720""","=""L11631""",
"=""340.75315""","=""0.00003""","=""340.753196""","=""0.000017""","=""2750""","=""9.40e+06""","=""2.34e-03""","=""-1.786""",B,"=""2.17594512""","=""5.81343520""","=""3d7.(4P).4s""","=""a 5P""","=""3""","=""3d7.(4P).4p""","=""u 5D*""","=""2""",,"=""T5720""","=""L11631""",
"=""341.01690""","=""0.00003""","=""341.01690""","=""0.00004""","=""3890""","=""2.54e+08""","=""1.47e-01""","=""-0.355""",C+,"=""3.41489715""","=""7.0495745""","=""3d7.(2P).4s""","=""a 1P""","=""1""","=""3d6.(1G2).4s.4p.(3P*)""","=""u 3F*""","=""2""",,"=""T5720""","=""L11631""",
"=""341.08950""","=""0.00009""","=""341.089479""","=""0.000017""","=""740""","=""2.79e+05""","=""5.41e-05""","=""-3.313""",D+,"=""0.91460217""","=""4.54850612""","=""3d7.(4F).4s""","=""a 5F""","=""4""","=""3d7.(4F).4p""","=""y 3F*""","=""4""",,"=""T5720""","=""L11631""",
"=""341.13529""","=""0.00003""","=""341.135315""","=""0.000017""","=""7400""","=""5.4e+07""","=""1.1e-02""","=""-1.02""",D+,"=""2.72754450""","=""6.36096020""","=""3d7.(2G).4s""","=""a 3G""","=""4""","=""3d7.(2D2).4p""","=""v 3F*""","=""4""",,"=""T2491n""","=""L11631""",
"=""341.31321""","=""0.00003""","=""341.313213""","=""0.000017""","=""62000""","=""2.26e+08""","=""7.90e-02""","=""-0.404""",B,"=""2.19786640""","=""5.82938837""","=""3d7.(4P).4s""","=""a 5P""","=""2""","=""3d7.(4P).4p""","=""w 3D*""","=""3""",,"=""T5720""","=""L11631""",
"=""341.55310""","=""0.00004""","=""341.553111""","=""0.000017""","=""7200""","=""2.32e+07""","=""1.35e-02""","=""-1.392""",C+,"=""2.22271209""","=""5.85168345""","=""3d7.(4P).4s""","=""a 5P""","=""1""","=""3d6.(3F2).4s.4p.(3P*)""","=""x 3F*""","=""2""",,"=""T5720""","=""L11631""",
"=""341.78403""","=""0.00004""","=""341.784044""","=""0.000017""","=""31600""","=""1.20e+08""","=""7.02e-02""","=""-0.676""",B,"=""2.22271209""","=""5.84923154""","=""3d7.(4P).4s""","=""a 5P""","=""1""","=""3d7.(4P).4p""","=""u 5D*""","=""1""",,"=""T5720""","=""L11631""",
"=""341.85069""","=""0.00004""","=""341.85070""","=""0.00003""","=""21900""","=""9.88e+07""","=""5.78e-02""","=""-0.761""",B,"=""2.22271209""","=""5.84852446""","=""3d7.(4P).4s""","=""a 5P""","=""1""","=""3d7.(4P).4p""","=""u 5D*""","=""0""",,"=""T5720""","=""L11631""",
"=""342.26557""","=""0.00004""","=""342.265573""","=""0.000017""","=""19500""","=""6.90e+07""","=""4.04e-02""","=""-0.917""",B,"=""2.22271209""","=""5.84412959""","=""3d7.(4P).4s""","=""a 5P""","=""1""","=""3d7.(4P).4p""","=""w 3D*""","=""2""",,"=""T5720""","=""L11631""",
"=""342.42842""","=""0.00004""","=""342.428418""","=""0.000017""","=""31600""","=""1.13e+08""","=""2.83e-02""","=""-0.703""",B,"=""2.17594512""","=""5.79564049""","=""3d7.(4P).4s""","=""a 5P""","=""3""","=""3d7.(4P).4p""","=""u 5D*""","=""3""",,"=""T5720""","=""L11631""",
"=""342.5010""","=""0.0003""","=""342.50100""","=""0.00003""","=""8900bl""","=""1.80e+08""","=""3.52e-02""","=""-0.500""",C+,"=""3.04686890""","=""6.66579718""","=""3d7.(2G).4s""","=""a 1G""","=""4""","=""3d7.(2D2).4p""","=""x 1F*""","=""3""",,"=""T5720""","=""L11631""",
"=""342.63241""","=""0.00004""","=""342.632491""","=""0.000017""","=""2690""","=""1.36e+07""","=""4.77e-03""","=""-1.622""",B,"=""2.27860466""","=""5.89614419""","=""3d6.4s2""","=""a 3P2""","=""2""","=""3d7.(4P).4p""","=""y 3S*""","=""1""",,"=""T5720""","=""L11631""",
"=""342.6382""","=""0.0003""","=""342.637928""","=""0.000017""","=""13200bl*""","=""6.99e+06""","=""2.46e-03""","=""-1.909""",B,"=""0.99011115""","=""4.60759327""","=""3d7.(4F).4s""","=""a 5F""","=""2""","=""3d7.(4F).4p""","=""y 3F*""","=""3""",,"=""T5720""","=""L11631""",
"=""342.66278""","=""0.00004""","=""342.662792""","=""0.000017""","=""12900""","=""5.82e+07""","=""2.05e-02""","=""-0.989""",B,"=""2.19786640""","=""5.81508605""","=""3d7.(4P).4s""","=""a 5P""","=""2""","=""3d6.(3P2).4s.4p.(3P*)""","=""y 3P*""","=""1""",,"=""T5720""","=""L11631""",
"=""342.66656""","=""0.00004""","=""342.66657""","=""0.00003""","=""3800""","=""1.18e+08""","=""1.88e-02""","=""-0.684""",B,"=""3.26711257""","=""6.88429230""","=""3d7.(2H).4s""","=""b 3H""","=""5""","=""3d6.(1G2).4s.4p.(3P*)""","=""v 3H*""","=""5""",,"=""T5720""","=""L11631""",
"=""342.69877""","=""0.00009""","=""342.698772""","=""0.000017""","=""1380""","=""1.42e+06""","=""4.98e-04""","=""-2.604""",D+,"=""0.99011115""","=""4.60695104""","=""3d7.(4F).4s""","=""a 5F""","=""2""","=""3d6.(5D).4s.4p.(1P*)""","=""y 5P*""","=""2""",,"=""T5720""","=""L11631""",
"=""342.71193""","=""0.00004""","=""342.711930""","=""0.000017""","=""138000""","=""4.54e+08""","=""1.14e-01""","=""-0.098""",B,"=""2.17594512""","=""5.79264615""","=""3d7.(4P).4s""","=""a 5P""","=""3""","=""3d7.(4P).4p""","=""u 5D*""","=""4""",,"=""T5720""","=""L11631""",
"=""342.81924""","=""0.00004""","=""342.819254""","=""0.000017""","=""25700""","=""8.55e+07""","=""3.01e-02""","=""-0.822""",B,"=""2.19786640""","=""5.81343520""","=""3d7.(4P).4s""","=""a 5P""","=""2""","=""3d7.(4P).4p""","=""u 5D*""","=""2""",,"=""T5720""","=""L11631""",
"=""343.18114""","=""0.00004""","=""343.181152""","=""0.000017""","=""2240""","=""3.87e+07""","=""1.37e-02""","=""-1.165""",B,"=""2.83159117""","=""6.44334733""","=""3d7.(4P).4s""","=""b 3P""","=""2""","=""3d7.(2P).4p""","=""u 3D*""","=""3""",,"=""T5720""","=""L11631""",
"=""344.06057""","=""0.00004""","=""344.060547""","=""0.000012""","=""1350000""","=""1.20e+08""","=""2.36e-02""","=""-0.673""",B,"=""0.0000000""","=""3.60252504""","=""3d6.4s2""","=""a 5D""","=""4""","=""3d6.(5D).4s.4p.(3P*)""","=""z 5P*""","=""3""",,"=""T5720""","=""L11631""",
"=""344.09885""","=""0.00004""","=""344.098835""","=""0.000017""","=""1290000""","=""6.20e+07""","=""1.57e-02""","=""-0.958""",B,"=""0.05156912""","=""3.65369332""","=""3d6.4s2""","=""a 5D""","=""3""","=""3d6.(5D).4s.4p.(3P*)""","=""z 5P*""","=""2""",,"=""T5720""","=""L11631""",
"=""344.23616""","=""0.00004""","=""344.236163""","=""0.000017""","=""12000""","=""2.28e+07""","=""8.09e-03""","=""-1.393""",B,"=""2.27860466""","=""5.87929188""","=""3d6.4s2""","=""a 3P2""","=""2""","=""3d6.(3P2).4s.4p.(3P*)""","=""1D*""","=""2""",,"=""T4187""","=""L11631""",
"=""344.26688""","=""0.00009""","=""344.266926""","=""0.000017""","=""3020""","=""1.22e+06""","=""3.11e-04""","=""-2.662""",C,"=""0.95815732""","=""4.55852281""","=""3d7.(4F).4s""","=""a 5F""","=""3""","=""3d6.(5D).4s.4p.(1P*)""","=""y 5P*""","=""3""",,"=""T5720""","=""L11631""",
"=""344.38763""","=""0.00004""","=""344.387624""","=""0.000017""","=""620000""","=""2.38e+07""","=""8.45e-03""","=""-1.374""",B,"=""0.08728574""","=""3.68638944""","=""3d6.4s2""","=""a 5D""","=""2""","=""3d6.(5D).4s.4p.(3P*)""","=""z 5P*""","=""1""",,"=""T5720""","=""L11631""",
"=""344.51489""","=""0.00004""","=""344.514901""","=""0.000017""","=""46800""","=""1.64e+08""","=""5.83e-02""","=""-0.535""",B,"=""2.19786640""","=""5.79564049""","=""3d7.(4P).4s""","=""a 5P""","=""2""","=""3d7.(4P).4p""","=""u 5D*""","=""3""",,"=""T5720""","=""L11631""",
"=""344.72779""","=""0.00004""","=""344.727782""","=""0.000017""","=""16200""","=""5.35e+07""","=""1.91e-02""","=""-1.021""",B,"=""2.19786640""","=""5.79341882""","=""3d7.(4P).4s""","=""a 5P""","=""2""","=""3d6.(3P2).4s.4p.(3P*)""","=""y 3P*""","=""2""",,"=""T5720""","=""L11631""",
"=""345.03279""","=""0.00004""","=""345.032799""","=""0.000017""","=""16200""","=""7.02e+07""","=""4.18e-02""","=""-0.902""",B,"=""2.22271209""","=""5.81508605""","=""3d7.(4P).4s""","=""a 5P""","=""1""","=""3d6.(3P2).4s.4p.(3P*)""","=""y 3P*""","=""1""",,"=""T5720""","=""L11631""",
"=""345.16132""","=""0.00010""","=""345.161340""","=""0.000017""","=""2190""","=""1.52e+07""","=""9.08e-03""","=""-1.565""",B,"=""2.42419831""","=""6.01523448""","=""3d6.4s2""","=""a 3P2""","=""1""","=""3d7.(4P).4p""","=""x 3P*""","=""1""",,"=""T5720""","=""L11631""",
"=""345.19142""","=""0.00004""","=""345.191434""","=""0.000017""","=""16200""","=""5.65e+07""","=""3.36e-02""","=""-0.996""",B,"=""2.22271209""","=""5.81343520""","=""3d7.(4P).4s""","=""a 5P""","=""1""","=""3d7.(4P).4p""","=""u 5D*""","=""2""",,"=""T5720""","=""L11631""",
"=""345.22744""","=""0.00004""","=""345.227423""","=""0.000017""","=""23400""","=""6.74e+06""","=""1.72e-03""","=""-1.919""",B,"=""0.95815732""","=""4.54850612""","=""3d7.(4F).4s""","=""a 5F""","=""3""","=""3d7.(4F).4p""","=""y 3F*""","=""4""",,"=""T5720""","=""L11631""",
"=""""","=""""","=""345.254094""","=""0.000017""","=""""","=""3.6e-01""","=""9.3e-11""","=""-9.2""",D,"=""0.05156912""","=""3.64164057""","=""3d6.4s2""","=""a 5D""","=""3""","=""3d6.4s2""","=""b 3D""","=""3""",M1,"=""T6409""","=""""",
"=""""","=""""","=""345.433856""","=""0.000017""","=""""","=""1.1e-01""","=""2.7e-11""","=""-9.7""",D,"=""0.05156912""","=""3.63977237""","=""3d6.4s2""","=""a 5D""","=""3""","=""3d6.4s2""","=""b 3D""","=""2""",M1,"=""T6409""","=""""",
"=""345.83031""","=""0.00004""","=""345.83031""","=""0.00003""","=""5200""","=""2.92e+07""","=""1.75e-02""","=""-1.281""",B,"=""2.42419831""","=""6.00828827""","=""3d6.4s2""","=""a 3P2""","=""1""","=""3d7.(4P).4p""","=""x 3P*""","=""0""",,"=""T5720""","=""L11631""",
"=""345.94262""","=""0.00010""","=""345.94261""","=""0.00003""","=""2400""","=""1.30e+07""","=""2.13e-03""","=""-1.631""",C+,"=""2.69240763""","=""6.27533411""","=""3d7.(2G).4s""","=""a 3G""","=""5""","=""3d6.(3F2).4s.4p.(3P*)""","=""x 1G*""","=""4""",,"=""T5720""","=""L11631""",
"=""345.99138""","=""0.00004""","=""345.99141""","=""0.00003""","=""3800""","=""6.51e+07""","=""2.34e-02""","=""-0.932""",B,"=""3.01725044""","=""6.59967157""","=""3d7.(2P).4s""","=""c 3P""","=""2""","=""3d7.(2D2).4p""","=""v 3P*""","=""1""",,"=""T5720""","=""L11631""",
"=""""","=""""","=""345.995412""","=""0.000017""","=""""","=""1.43e+06""","=""5.14e-04""","=""-2.590""",D+,"=""2.27860466""","=""5.86098438""","=""3d6.4s2""","=""a 3P2""","=""2""","=""3d7.(4P).4p""","=""w 3D*""","=""1""",,"=""T6110""","=""""",
"=""346.33026""","=""0.00018""","=""346.330151""","=""0.000017""","=""550""","=""1.05e+06""","=""2.10e-04""","=""-2.724""",E,"=""1.48486439""","=""5.06378173""","=""3d7.(4F).4s""","=""a 3F""","=""4""","=""3d6.(5D).4s.4p.(1P*)""","=""x 5F*""","=""3""",,"=""T5720""","=""L11631""",
"=""346.58604""","=""0.00004""","=""346.586035""","=""0.000017""","=""870000""","=""3.57e+07""","=""2.14e-02""","=""-1.192""",B,"=""0.11011433""","=""3.68638944""","=""3d6.4s2""","=""a 5D""","=""1""","=""3d6.(5D).4s.4p.(3P*)""","=""z 5P*""","=""1""",,"=""T5720""","=""L11631""",
"=""346.62827""","=""0.00018""","=""346.628000""","=""0.000017""","=""550""","=""1.04e+06""","=""1.45e-04""","=""-2.725""",C+,"=""2.40407444""","=""5.97991659""","=""3d6.4s2""","=""a 3H""","=""6""","=""3d6.(3G).4s.4p.(3P*)""","=""y 5H*""","=""5""",,"=""T5720""","=""L11631""",
"=""346.64985""","=""0.00010""","=""346.649828""","=""0.000017""","=""2820""","=""1.12e+06""","=""1.83e-04""","=""-2.695""",C,"=""0.85899575""","=""4.43461275""","=""3d7.(4F).4s""","=""a 5F""","=""5""","=""3d7.(4F).4p""","=""z 3G*""","=""4""",,"=""T4653""","=""L11631""",
"=""346.88442""","=""0.00004""","=""346.884432""","=""0.000017""","=""5100""","=""2.87e+07""","=""5.75e-03""","=""-1.286""",B,"=""2.55917148""","=""6.13237029""","=""3d6.4s2""","=""b 3F2""","=""4""","=""3d7.(2G).4p""","=""v 3G*""","=""5""",,"=""T5720""","=""L11631""",
"=""346.90117""","=""0.00004""","=""346.90120""","=""0.00004""","=""3470""","=""7.72e+07""","=""1.55e-02""","=""-0.856""",B,"=""3.30140276""","=""6.8744289""","=""3d7.(2H).4s""","=""b 3H""","=""4""","=""3d6.(1G2).4s.4p.(3P*)""","=""v 3H*""","=""4""",,"=""T5720""","=""L11631""",
"=""346.98303""","=""0.00010""","=""346.983029""","=""0.000017""","=""2510""","=""1.53e+07""","=""5.53e-03""","=""-1.558""",C,"=""2.60850194""","=""6.18068544""","=""3d6.4s2""","=""b 3F2""","=""2""","=""3d7.(2G).4p""","=""v 3G*""","=""3""",,"=""T5720""","=""L11631""",
"=""347.12654""","=""0.00004""","=""347.126539""","=""0.000017""","=""6300""","=""1.99e+07""","=""1.20e-02""","=""-1.444""",C+,"=""2.22271209""","=""5.79341882""","=""3d7.(4P).4s""","=""a 5P""","=""1""","=""3d6.(3P2).4s.4p.(3P*)""","=""y 3P*""","=""2""",,"=""T5720""","=""L11631""",
"=""347.13429""","=""0.00004""","=""347.134301""","=""0.000017""","=""5400""","=""2.21e+07""","=""7.98e-03""","=""-1.399""",C+,"=""2.27860466""","=""5.84923154""","=""3d6.4s2""","=""a 3P2""","=""2""","=""3d7.(4P).4p""","=""u 5D*""","=""1""",,"=""T5720""","=""L11631""",
"=""347.54500""","=""0.00004""","=""347.544997""","=""0.000017""","=""1200000""","=""4.88e+07""","=""1.77e-02""","=""-1.054""",B,"=""0.08728574""","=""3.65369332""","=""3d6.4s2""","=""a 5D""","=""2""","=""3d6.(5D).4s.4p.(3P*)""","=""z 5P*""","=""2""",,"=""T5720""","=""L11631""",
"=""347.56514""","=""0.00004""","=""347.565068""","=""0.000017""","=""5600""","=""4.30e+07""","=""1.11e-02""","=""-1.108""",C+,"=""2.17594512""","=""5.74214676""","=""3d7.(4P).4s""","=""a 5P""","=""3""","=""3d7.(4P).4p""","=""w 5P*""","=""2""",,"=""T5720""","=""L11631""",
"=""347.63442""","=""0.00018""","=""347.63442""","=""0.00003""","=""1000""","=""1.89e+08""","=""4.90e-02""","=""-0.465""",D+,"=""3.60252504""","=""7.16801526""","=""3d6.(5D).4s.4p.(3P*)""","=""z 5P*""","=""3""","=""3d6.(5D).4s (4D).4d""","=""i 5D""","=""3""",,"=""T5720""","=""L11631""",
"=""347.67016""","=""0.00004""","=""347.670157""","=""0.000017""","=""490000""","=""1.72e+07""","=""3.11e-02""","=""-1.507""",B,"=""0.12126572""","=""3.68638944""","=""3d6.4s2""","=""a 5D""","=""0""","=""3d6.(5D).4s.4p.(3P*)""","=""z 5P*""","=""1""",,"=""T5720""","=""L11631""",
"=""347.68541""","=""0.00004""","=""347.685393""","=""0.000017""","=""4570""","=""2.89e+07""","=""7.48e-03""","=""-1.281""",B+,"=""2.58810592""","=""6.15307342""","=""3d6.4s2""","=""b 3F2""","=""3""","=""3d7.(2G).4p""","=""v 3G*""","=""4""",,"=""T5720""","=""L11631""",
"=""348.30069""","=""0.00010""","=""348.300698""","=""0.000017""","=""3310""","=""1.02e+06""","=""2.05e-04""","=""-2.734""",B,"=""0.91460217""","=""4.47327202""","=""3d7.(4F).4s""","=""a 5F""","=""4""","=""3d7.(4F).4p""","=""z 3G*""","=""3""",,"=""T5720""","=""L11631""",
"=""348.48503""","=""0.00018""","=""348.48492""","=""0.00003""","=""1120""","=""9.38e+05""","=""1.90e-04""","=""-2.768""",C+,"=""2.45343044""","=""6.01021907""","=""3d6.4s2""","=""a 3H""","=""4""","=""3d6.(3G).4s.4p.(3P*)""","=""y 5H*""","=""3""",,"=""T5720""","=""L11631""",
"=""348.4978""","=""0.0003""","=""348.497873""","=""0.000017""","=""1020bl""","=""9.20e+06""","=""5.58e-03""","=""-1.776""",D+,"=""2.42419831""","=""5.98085478""","=""3d6.4s2""","=""a 3P2""","=""1""","=""3d6.(3G).4s.4p.(3P*)""","=""v 5F*""","=""2""",,"=""T5720""","=""L11631""",
"=""348.53400""","=""0.00004""","=""348.53403""","=""0.00003""","=""5900""","=""3.90e+07""","=""1.42e-02""","=""-1.149""",C+,"=""2.19786640""","=""5.75415389""","=""3d7.(4P).4s""","=""a 5P""","=""2""","=""3d7.(4P).4p""","=""w 5P*""","=""1""",,"=""T5720""","=""L11631""",
"=""""","=""""","=""348.723551""","=""0.000017""","=""""","=""2.6e-01""","=""9.4e-11""","=""-9.3""",D,"=""0.08728574""","=""3.64164057""","=""3d6.4s2""","=""a 5D""","=""2""","=""3d6.4s2""","=""b 3D""","=""3""",M1,"=""T6409""","=""""",
"=""""","=""""","=""348.723551""","=""0.000017""","=""""","=""1.4e-02""","=""5.1e-12""","=""-10.6""",E,"=""0.08728574""","=""3.64164057""","=""3d6.4s2""","=""a 5D""","=""2""","=""3d6.4s2""","=""b 3D""","=""3""",E2,"=""T6409""","=""""",
"=""""","=""""","=""348.906944""","=""0.000017""","=""""","=""4.2e-01""","=""1.5e-10""","=""-9.1""",D,"=""0.08728574""","=""3.63977237""","=""3d6.4s2""","=""a 5D""","=""2""","=""3d6.4s2""","=""b 3D""","=""2""",M1,"=""T6409""","=""""",
"=""348.96675""","=""0.00004""","=""348.96673""","=""0.00003""","=""6200""","=""9.71e+07""","=""1.61e-02""","=""-0.751""",B,"=""2.94879294""","=""6.50067093""","=""3d6.4s2""","=""b 3G""","=""5""","=""3d7.(2H).4p""","=""w 3H*""","=""6""",,"=""T5720""","=""L11631""",
"=""349.05738""","=""0.00004""","=""349.057352""","=""0.000017""","=""1320000""","=""4.30e+07""","=""1.12e-02""","=""-1.105""",B,"=""0.05156912""","=""3.60252504""","=""3d6.4s2""","=""a 5D""","=""3""","=""3d6.(5D).4s.4p.(3P*)""","=""z 5P*""","=""3""",,"=""T5720""","=""L11631""",
"=""349.32803""","=""0.00018""","=""349.328110""","=""0.000017""","=""540""","=""8.5e+05""","=""1.7e-04""","=""-2.81""",E,"=""1.48486439""","=""5.03306811""","=""3d7.(4F).4s""","=""a 3F""","=""4""","=""3d6.(5D).4s.4p.(1P*)""","=""x 5F*""","=""4""",,"=""T2578n""","=""L11631""",
"=""349.3689""","=""0.0003""","=""349.36889""","=""0.00003""","=""2000bl*""","=""7.73e+06""","=""1.57e-03""","=""-1.849""",C,"=""2.72754450""","=""6.27533411""","=""3d7.(2G).4s""","=""a 3G""","=""4""","=""3d6.(3F2).4s.4p.(3P*)""","=""x 1G*""","=""4""",,"=""T5720""","=""L11631""",
"=""349.52865""","=""0.00004""","=""349.528625""","=""0.000017""","=""17400""","=""6.62e+07""","=""1.35e-02""","=""-0.916""",B,"=""2.55917148""","=""6.10533975""","=""3d6.4s2""","=""b 3F2""","=""4""","=""3d7.(2G).4p""","=""w 3F*""","=""3""",,"=""T4293""","=""L11631""",
"=""349.71031""","=""0.00004""","=""349.710322""","=""0.000017""","=""15100""","=""6.31e+07""","=""1.66e-02""","=""-0.936""",B,"=""2.17594512""","=""5.72027099""","=""3d7.(4P).4s""","=""a 5P""","=""3""","=""3d7.(4P).4p""","=""w 5P*""","=""3""",,"=""T5720""","=""L11631""",
"=""349.71480""","=""0.00010""","=""349.714811""","=""0.000017""","=""2950""","=""2.14e+07""","=""7.87e-03""","=""-1.405""",C+,"=""2.19786640""","=""5.74214676""","=""3d7.(4P).4s""","=""a 5P""","=""2""","=""3d7.(4P).4p""","=""w 5P*""","=""2""",,"=""T5720""","=""L11631""",
"=""349.78403""","=""0.00004""","=""349.784032""","=""0.000017""","=""479000""","=""1.54e+07""","=""9.42e-03""","=""-1.549""",B,"=""0.11011433""","=""3.65369332""","=""3d6.4s2""","=""a 5D""","=""1""","=""3d6.(5D).4s.4p.(3P*)""","=""z 5P*""","=""2""",,"=""T5720""","=""L11631""",
"=""350.05645""","=""0.00010""","=""350.05647""","=""0.00003""","=""3800""","=""2.64e+07""","=""6.93e-03""","=""-1.314""",C+,"=""2.58810592""","=""6.12892712""","=""3d6.4s2""","=""b 3F2""","=""3""","=""3d7.(2G).4p""","=""w 3F*""","=""2""",,"=""T5720""","=""L11631""",
"=""350.48610""","=""0.00010""","=""350.486058""","=""0.000017""","=""1910""","=""8.82e+06""","=""3.25e-03""","=""-1.789""",C+,"=""2.27860466""","=""5.81508605""","=""3d6.4s2""","=""a 3P2""","=""2""","=""3d6.(3P2).4s.4p.(3P*)""","=""y 3P*""","=""1""",,"=""T5720""","=""L11631""",
"=""350.50583""","=""0.00010""","=""350.50582""","=""0.00003""","=""2290""","=""5.31e+07""","=""1.95e-02""","=""-1.010""",B,"=""3.01725044""","=""6.55353246""","=""3d7.(2P).4s""","=""c 3P""","=""2""","=""3d7.(2D2).4p""","=""t 3D*""","=""1""",,"=""T5720""","=""L11631""",
"=""350.64975""","=""0.00004""","=""350.649748""","=""0.000017""","=""10500""","=""3.68e+07""","=""1.36e-02""","=""-1.169""",B,"=""2.27860466""","=""5.81343520""","=""3d6.4s2""","=""a 3P2""","=""2""","=""3d7.(4P).4p""","=""u 5D*""","=""2""",,"=""T5720""","=""L11631""",
"=""350.84743""","=""0.00004""","=""350.84739""","=""0.00003""","=""4570""","=""7.11e+07""","=""1.46e-02""","=""-0.882""",B+,"=""2.99035244""","=""6.52319179""","=""3d6.4s2""","=""b 3G""","=""4""","=""3d7.(2H).4p""","=""w 3H*""","=""5""",,"=""T5720""","=""L11631""",
"=""350.85180""","=""0.00010""","=""350.851796""","=""0.000017""","=""3310""","=""1.45e+07""","=""2.97e-03""","=""-1.573""",B,"=""2.55917148""","=""6.09196644""","=""3d6.4s2""","=""b 3F2""","=""4""","=""3d6.(3F2).4s.4p.(3P*)""","=""v 3D*""","=""3""",,"=""T5720""","=""L11631""",
"=""350.91186""","=""0.00025""","=""350.911785""","=""0.000017""","=""407""","=""4.5e+06""","=""7.5e-04""","=""-2.08""",E,"=""2.83252676""","=""6.36471779""","=""3d6.(5D).4s.4p.(3P*)""","=""z 7F*""","=""5""","=""3d6.(5D).4s (6D).4d""","=""e 7G""","=""4""",,"=""T2578n""","=""L11631""",
"=""350.98614""","=""0.00018""","=""350.98624""","=""0.00003""","=""790""","=""5.1e+06""","=""3.2e-03""","=""-2.01""",E,"=""2.22271209""","=""5.75415389""","=""3d7.(4P).4s""","=""a 5P""","=""1""","=""3d7.(4P).4p""","=""w 5P*""","=""1""",,"=""T2578n""","=""L11631""",
"=""351.04388""","=""0.00010""","=""351.04388""","=""0.00003""","=""3020""","=""1.87e+07""","=""3.46e-02""","=""-1.461""",B,"=""2.48437256""","=""6.01523448""","=""3d6.4s2""","=""a 3P2""","=""0""","=""3d7.(4P).4p""","=""x 3P*""","=""1""",,"=""T5720""","=""L11631""",
"=""""","=""""","=""351.163618""","=""0.000018""","=""""","=""3.5e-01""","=""2.2e-10""","=""-9.2""",D,"=""0.11011433""","=""3.63977237""","=""3d6.4s2""","=""a 5D""","=""1""","=""3d6.4s2""","=""b 3D""","=""2""",M1,"=""T6409""","=""""",
"=""351.17375""","=""0.00019""","=""351.173808""","=""0.000018""","=""660""","=""2.2e+06""","=""4.6e-04""","=""-2.39""",E,"=""2.55917148""","=""6.08872711""","=""3d6.4s2""","=""b 3F2""","=""4""","=""3d7.(2G).4p""","=""w 3F*""","=""4""",,"=""T2578n""","=""L11631""",
"=""351.22253""","=""0.00019""","=""351.222444""","=""0.000018""","=""1100""","=""1.76e+07""","=""3.61e-03""","=""-1.488""",C+,"=""2.85122419""","=""6.38029108""","=""3d6.(5D).4s.4p.(3P*)""","=""z 7F*""","=""4""","=""3d6.(5D).4s (6D).4d""","=""e 7G""","=""3""",,"=""T5720""","=""L11631""",
"=""351.30529""","=""0.00019""","=""351.305472""","=""0.000018""","=""930""","=""1.9e+06""","=""5.1e-04""","=""-2.45""",E,"=""1.55735733""","=""5.08559017""","=""3d7.(4F).4s""","=""a 3F""","=""3""","=""3d6.(5D).4s.4p.(1P*)""","=""x 5F*""","=""2""",,"=""T2578n""","=""L11631""",
"=""351.38177""","=""0.00004""","=""351.381746""","=""0.000018""","=""191000""","=""3.74e+07""","=""6.30e-03""","=""-1.159""",A,"=""0.85899575""","=""4.38646275""","=""3d7.(4F).4s""","=""a 5F""","=""5""","=""3d7.(4F).4p""","=""z 3G*""","=""5""",,"=""T3548""","=""L11631""",
"=""351.46270""","=""0.00010""","=""351.462761""","=""0.000018""","=""2240""","=""5.19e+06""","=""7.40e-04""","=""-2.017""",B,"=""2.40407444""","=""5.93072834""","=""3d6.4s2""","=""a 3H""","=""6""","=""3d6.(3F2).4s.4p.(3P*)""","=""x 3G*""","=""5""",,"=""T5720""","=""L11631""",
"=""""","=""""","=""351.617137""","=""0.000018""","=""""","=""3.0e-01""","=""1.9e-10""","=""-9.2""",D,"=""0.11011433""","=""3.63521992""","=""3d6.4s2""","=""a 5D""","=""1""","=""3d6.4s2""","=""b 3D""","=""1""",M1,"=""T6409""","=""""",
"=""351.64087""","=""0.00010""","=""351.64086""","=""0.00004""","=""3090""","=""3.2e+07""","=""8.6e-03""","=""-1.22""",E,"=""3.01762252""","=""6.5424903""","=""3d6.4s2""","=""b 3G""","=""3""","=""3d7.(2H).4p""","=""w 3H*""","=""4""",,"=""T2578n""","=""L11631""",
"=""351.65572""","=""0.00010""","=""351.655641""","=""0.000018""","=""1410""","=""3.41e+07""","=""9.03e-03""","=""-1.199""",B,"=""2.86539125""","=""6.39011087""","=""3d6.(5D).4s.4p.(3P*)""","=""z 7F*""","=""3""","=""3d6.(5D).4s (6D).4d""","=""e 7G""","=""2""",,"=""T5720""","=""L11631""",
"=""351.86826""","=""0.00019""","=""351.868262""","=""0.000018""","=""1260""","=""1.64e+07""","=""6.11e-03""","=""-1.515""",C+,"=""2.87550352""","=""6.39809335""","=""3d6.(5D).4s.4p.(3P*)""","=""z 7F*""","=""2""","=""3d6.(5D).4s (6D).4d""","=""f 5F""","=""3""",,"=""T5720""","=""L11631""",
"=""351.88694""","=""0.00010""","=""351.886766""","=""0.000018""","=""1260""","=""5.96e+06""","=""2.21e-03""","=""-1.956""",B,"=""2.19786640""","=""5.72027099""","=""3d7.(4P).4s""","=""a 5P""","=""2""","=""3d7.(4P).4p""","=""w 5P*""","=""3""",,"=""T5720""","=""L11631""",
"=""352.08463""","=""0.00019""","=""352.08463""","=""0.00003""","=""1150""","=""7.50e+06""","=""2.79e-03""","=""-1.856""",C+,"=""2.60850194""","=""6.12892712""","=""3d6.4s2""","=""b 3F2""","=""2""","=""3d7.(2G).4p""","=""w 3F*""","=""2""",,"=""T5720""","=""L11631""",
"=""352.1261""","=""0.0003""","=""352.126097""","=""0.000018""","=""204000bl""","=""5.53e+07""","=""1.14e-02""","=""-0.988""",B+,"=""0.91460217""","=""4.43461275""","=""3d7.(4F).4s""","=""a 5F""","=""4""","=""3d7.(4F).4p""","=""z 3G*""","=""4""",,"=""T5720""","=""L11631""",
"=""352.18366""","=""0.00010""","=""352.183719""","=""0.000018""","=""2510""","=""1.76e+07""","=""1.09e-02""","=""-1.486""",C+,"=""2.22271209""","=""5.74214676""","=""3d7.(4P).4s""","=""a 5P""","=""1""","=""3d7.(4P).4p""","=""w 5P*""","=""2""",,"=""T5720""","=""L11631""",
"=""352.22678""","=""0.00010""","=""352.226790""","=""0.000018""","=""3800""","=""5.53e+07""","=""9.37e-03""","=""-0.987""",B,"=""2.83252676""","=""6.35153108""","=""3d6.(5D).4s.4p.(3P*)""","=""z 7F*""","=""5""","=""3d6.(5D).4s (6D).4d""","=""e 7G""","=""5""",,"=""T5720""","=""L11631""",
"=""352.28973""","=""0.00019""","=""352.289932""","=""0.000018""","=""1230""","=""2.46e+07""","=""9.14e-03""","=""-1.340""",C+,"=""2.87550352""","=""6.39387714""","=""3d6.(5D).4s.4p.(3P*)""","=""z 7F*""","=""2""","=""3d6.(5D).4s (6D).4d""","=""e 7S""","=""3""",,"=""T5720""","=""L11631""",
"=""352.33084""","=""0.00010""","=""352.33084""","=""0.00003""","=""1480""","=""3.18e+07""","=""1.18e-02""","=""-1.228""",C+,"=""2.87550352""","=""6.39346861""","=""3d6.(5D).4s.4p.(3P*)""","=""z 7F*""","=""2""","=""3d6.(5D).4s (6D).4d""","=""e 7G""","=""1""",,"=""T5720""","=""L11631""",
"=""352.40739""","=""0.00004""","=""352.407390""","=""0.000018""","=""12600""","=""5.0e+07""","=""1.3e-02""","=""-1.04""",D,"=""2.58810592""","=""6.10530689""","=""3d6.4s2""","=""b 3F2""","=""3""","=""3d6.(3F2).4s.4p.(3P*)""","=""v 3D*""","=""2""",,"=""T2491n""","=""L11631""",
"=""352.42395""","=""0.00004""","=""352.423938""","=""0.000018""","=""10000""","=""3.53e+07""","=""1.32e-02""","=""-1.182""",B,"=""2.27860466""","=""5.79564049""","=""3d6.4s2""","=""a 3P2""","=""2""","=""3d7.(4P).4p""","=""u 5D*""","=""3""",,"=""T5720""","=""L11631""",
"=""352.60406""","=""0.00004""","=""352.604056""","=""0.000018""","=""339000""","=""7.98e+06""","=""2.97e-03""","=""-1.828""",B,"=""0.08728574""","=""3.60252504""","=""3d6.4s2""","=""a 5D""","=""2""","=""3d6.(5D).4s.4p.(3P*)""","=""z 5P*""","=""3""",,"=""T5720""","=""L11631""",
"=""352.61656""","=""0.00004""","=""352.616556""","=""0.000018""","=""100000""","=""2.90e+07""","=""7.73e-03""","=""-1.267""",B+,"=""0.95815732""","=""4.47327202""","=""3d7.(4F).4s""","=""a 5F""","=""3""","=""3d7.(4F).4p""","=""z 3G*""","=""3""",,"=""T5720""","=""L11631""",
"=""352.62377""","=""0.00004""","=""352.623782""","=""0.000018""","=""9100""","=""1.53e+08""","=""4.07e-02""","=""-0.545""",B+,"=""2.86539125""","=""6.38043390""","=""3d6.(5D).4s.4p.(3P*)""","=""z 7F*""","=""3""","=""3d6.(5D).4s (6D).4d""","=""f 5F""","=""4""",,"=""T5720""","=""L11631""",
"=""352.63811""","=""0.00004""","=""352.638112""","=""0.000018""","=""17000""","=""2.89e+08""","=""7.71e-02""","=""-0.268""",B+,"=""2.86539125""","=""6.38029108""","=""3d6.(5D).4s.4p.(3P*)""","=""z 7F*""","=""3""","=""3d6.(5D).4s (6D).4d""","=""e 7G""","=""3""",,"=""T5720""","=""L11631""",
"=""352.64672""","=""0.00004""","=""352.646707""","=""0.000018""","=""20000""","=""6.45e+07""","=""2.40e-02""","=""-0.920""",B,"=""2.27860466""","=""5.79341882""","=""3d6.4s2""","=""a 3P2""","=""2""","=""3d6.(3P2).4s.4p.(3P*)""","=""y 3P*""","=""2""",,"=""T5720""","=""L11631""",
"=""352.66743""","=""0.00004""","=""352.667458""","=""0.000018""","=""15100""","=""2.63e+08""","=""9.82e-02""","=""-0.309""",B+,"=""2.87550352""","=""6.39011087""","=""3d6.(5D).4s.4p.(3P*)""","=""z 7F*""","=""2""","=""3d6.(5D).4s (6D).4d""","=""e 7G""","=""2""",,"=""T5720""","=""L11631""",
"=""""","=""""","=""352.733011""","=""0.000018""","=""""","=""2.7e-01""","=""5.0e-10""","=""-9.3""",D,"=""0.12126572""","=""3.63521992""","=""3d6.4s2""","=""a 5D""","=""0""","=""3d6.4s2""","=""b 3D""","=""1""",M1,"=""T6409""","=""""",
"=""352.77926""","=""0.00004""","=""352.779254""","=""0.000018""","=""12000""","=""1.95e+08""","=""4.05e-02""","=""-0.438""",B+,"=""2.85122419""","=""6.36471779""","=""3d6.(5D).4s.4p.(3P*)""","=""z 7F*""","=""4""","=""3d6.(5D).4s (6D).4d""","=""e 7G""","=""4""",,"=""T5720""","=""L11631""",
"=""352.98196""","=""0.00004""","=""352.98196""","=""0.00003""","=""11700""","=""2.32e+08""","=""1.45e-01""","=""-0.362""",B,"=""2.88199261""","=""6.39346861""","=""3d6.(5D).4s.4p.(3P*)""","=""z 7F*""","=""1""","=""3d6.(5D).4s (6D).4d""","=""e 7G""","=""1""",,"=""T5720""","=""L11631""",
"=""353.03865""","=""0.00004""","=""353.038663""","=""0.000018""","=""4680""","=""6.04e+07""","=""8.69e-03""","=""-0.947""",D+,"=""2.80829367""","=""6.31920567""","=""3d6.(5D).4s.4p.(3P*)""","=""z 7F*""","=""6""","=""3d6.(5D).4s (6D).4d""","=""e 7G""","=""6""",,"=""T5720""","=""L11631""",
"=""353.14376""","=""0.00019""","=""353.143721""","=""0.000018""","=""850""","=""5.98e+06""","=""1.02e-03""","=""-1.951""",C+,"=""2.43269470""","=""5.94256226""","=""3d6.4s2""","=""a 3H""","=""5""","=""3d6.(3G).4s.4p.(3P*)""","=""v 5F*""","=""4""",,"=""T5720""","=""L11631""",
"=""353.30064""","=""0.00004""","=""353.30064""","=""0.00004""","=""12900""","=""2.56e+08""","=""4.79e-01""","=""-0.320""",B,"=""2.88515991""","=""6.39346861""","=""3d6.(5D).4s.4p.(3P*)""","=""z 7F*""","=""0""","=""3d6.(5D).4s (6D).4d""","=""e 7G""","=""1""",,"=""T5720""","=""L11631""",
"=""353.31979""","=""0.00004""","=""353.319818""","=""0.000018""","=""24500""","=""4.12e+08""","=""2.58e-01""","=""-0.112""",B+,"=""2.88199261""","=""6.39011087""","=""3d6.(5D).4s.4p.(3P*)""","=""z 7F*""","=""1""","=""3d6.(5D).4s (6D).4d""","=""e 7G""","=""2""",,"=""T5720""","=""L11631""",
"=""353.4525""","=""0.0003""","=""353.45247""","=""0.00009""","=""1150bl*""","=""2.42e+07""","=""4.12e-03""","=""-1.344""",C+,"=""3.57321890""","=""7.0800206""","=""3d7.(2H).4s""","=""a 1H""","=""5""","=""3d6.(1I).4s.4p.(3P*)""","=""x 3I*""","=""5""",,"=""T5720""","=""L11631""",
"=""353.49060""","=""0.00019""","=""353.490503""","=""0.000018""","=""560""","=""7.7e+05""","=""2.0e-04""","=""-2.85""",E,"=""1.55735733""","=""5.06378173""","=""3d7.(4F).4s""","=""a 3F""","=""3""","=""3d6.(5D).4s.4p.(1P*)""","=""x 5F*""","=""3""",,"=""T2578n""","=""L11631""",
"=""353.65556""","=""0.00004""","=""353.655599""","=""0.000018""","=""39800""","=""6.96e+08""","=""2.61e-01""","=""0.116""",B+,"=""2.87550352""","=""6.38029108""","=""3d6.(5D).4s.4p.(3P*)""","=""z 7F*""","=""2""","=""3d6.(5D).4s (6D).4d""","=""e 7G""","=""3""",,"=""T5720""","=""L11631""",
"=""353.74918""","=""0.00010""","=""353.749169""","=""0.000018""","=""3470""","=""1.59e+07""","=""4.26e-03""","=""-1.526""",B,"=""2.58810592""","=""6.09196644""","=""3d6.4s2""","=""b 3F2""","=""3""","=""3d6.(3F2).4s.4p.(3P*)""","=""v 3D*""","=""3""",,"=""T5720""","=""L11631""",
"=""353.77288""","=""0.00004""","=""353.77287""","=""0.00003""","=""10500""","=""3.99e+07""","=""1.50e-02""","=""-1.126""",C+,"=""2.60850194""","=""6.11212776""","=""3d6.4s2""","=""b 3F2""","=""2""","=""3d6.(3F2).4s.4p.(3P*)""","=""v 3D*""","=""1""",,"=""T5720""","=""L11631""",
"=""353.78947""","=""0.00004""","=""353.789469""","=""0.000018""","=""8900""","=""8.8e+07""","=""1.5e-02""","=""-0.78""",E,"=""2.83252676""","=""6.33598817""","=""3d6.(5D).4s.4p.(3P*)""","=""z 7F*""","=""5""","=""3d6.(5D).4s (6D).4d""","=""f 5F""","=""5""",,"=""T2578n""","=""L11631""",
"=""354.01209""","=""0.00004""","=""354.012088""","=""0.000018""","=""7200""","=""8.53e+07""","=""2.29e-02""","=""-0.795""",C+,"=""2.86539125""","=""6.36664959""","=""3d6.(5D).4s.4p.(3P*)""","=""z 7F*""","=""3""","=""3d6.(5D).4s (4D).5s""","=""g 5D""","=""4""",,"=""T5720""","=""L11631""",
"=""354.07094""","=""0.00004""","=""354.070918""","=""0.000018""","=""4570""","=""1.72e+06""","=""3.58e-04""","=""-2.492""",C+,"=""0.91460217""","=""4.41527878""","=""3d7.(4F).4s""","=""a 5F""","=""4""","=""3d7.(4F).4p""","=""z 5G*""","=""3""",,"=""T5720""","=""L11631""",
"=""354.10831""","=""0.00004""","=""354.108318""","=""0.000018""","=""60000""","=""9.52e+08""","=""1.99e-01""","=""0.253""",B+,"=""2.85122419""","=""6.35153108""","=""3d6.(5D).4s.4p.(3P*)""","=""z 7F*""","=""4""","=""3d6.(5D).4s (6D).4d""","=""e 7G""","=""5""",,"=""T5720""","=""L11631""",
"=""354.20754""","=""0.00004""","=""354.207525""","=""0.000018""","=""52000""","=""8.56e+08""","=""2.30e-01""","=""0.207""",B+,"=""2.86539125""","=""6.36471779""","=""3d6.(5D).4s.4p.(3P*)""","=""z 7F*""","=""3""","=""3d6.(5D).4s (6D).4d""","=""e 7G""","=""4""",,"=""T5720""","=""L11631""",
"=""354.33849""","=""0.00010""","=""354.338447""","=""0.000018""","=""2140""","=""5.37e+06""","=""9.20e-04""","=""-1.995""",C+,"=""2.43269470""","=""5.93072834""","=""3d6.4s2""","=""a 3H""","=""5""","=""3d6.(3F2).4s.4p.(3P*)""","=""x 3G*""","=""5""",,"=""T5720""","=""L11631""",
"=""354.36746""","=""0.00010""","=""354.36751""","=""0.00004""","=""3470""","=""8.0e+07""","=""5.1e-02""","=""-0.81""",E,"=""3.41489715""","=""6.9126439""","=""3d7.(2P).4s""","=""a 1P""","=""1""","=""3d7.(2D2).4p""","=""w 1D*""","=""2""",,"=""T2578n""","=""L11631""",
"=""354.46296""","=""0.00010""","=""354.462956""","=""0.000018""","=""2950""","=""8.0e+06""","=""3.1e-03""","=""-1.82""",E,"=""2.60850194""","=""6.10530689""","=""3d6.4s2""","=""b 3F2""","=""2""","=""3d6.(3F2).4s.4p.(3P*)""","=""v 3D*""","=""2""",,"=""T2578n""","=""L11631""",
"=""354.56397""","=""0.00004""","=""354.563971""","=""0.000018""","=""9800""","=""1.84e+08""","=""3.86e-02""","=""-0.459""",B+,"=""2.85122419""","=""6.34703293""","=""3d6.(5D).4s.4p.(3P*)""","=""z 7F*""","=""4""","=""3d6.(5D).4s (6D).4d""","=""e 7F""","=""4""",,"=""T5720""","=""L11631""",
"=""354.71940""","=""0.00010""","=""354.71937""","=""0.00004""","=""2190""","=""6.42e+07""","=""1.35e-02""","=""-0.917""",B,"=""3.30140276""","=""6.7956800""","=""3d7.(2H).4s""","=""b 3H""","=""4""","=""3d6.(3G).4s.4p.(3P*)""","=""w 1G*""","=""4""",,"=""T5720""","=""L11631""",
"=""354.98646""","=""0.00019""","=""354.986433""","=""0.000018""","=""830""","=""1.8e+06""","=""6.9e-04""","=""-2.46""",E,"=""1.60789577""","=""5.09954435""","=""3d7.(4F).4s""","=""a 3F""","=""2""","=""3d6.(5D).4s.4p.(1P*)""","=""x 5F*""","=""1""",,"=""T2578n""","=""L11631""",
"=""355.21058""","=""0.00010""","=""355.21055""","=""0.00003""","=""1450""","=""2.4e+07""","=""1.5e-02""","=""-1.34""",E,"=""3.07133880""","=""6.56078442""","=""3d7.(2P).4s""","=""c 3P""","=""1""","=""3d7.(2D2).4p""","=""v 3P*""","=""2""",,"=""T2578n""","=""L11631""",
"=""355.28277""","=""0.00004""","=""355.282821""","=""0.000018""","=""4900""","=""8.70e+07""","=""3.30e-02""","=""-0.783""",B+,"=""2.87550352""","=""6.36423934""","=""3d6.(5D).4s.4p.(3P*)""","=""z 7F*""","=""2""","=""3d6.(5D).4s (6D).4d""","=""e 7F""","=""2""",,"=""T5720""","=""L11631""",
"=""355.28549""","=""0.00010""","=""355.28547""","=""0.00004""","=""1320""","=""1.77e+07""","=""3.36e-02""","=""-1.474""",C+,"=""3.11096179""","=""6.59967157""","=""3d7.(2P).4s""","=""c 3P""","=""0""","=""3d7.(2D2).4p""","=""v 3P*""","=""1""",,"=""T5720""","=""L11631""",
"=""355.37383""","=""0.00004""","=""355.37382""","=""0.00004""","=""21900""","=""9.81e+08""","=""1.69e-01""","=""0.269""",B,"=""3.57321890""","=""7.0610614""","=""3d7.(2H).4s""","=""a 1H""","=""5""","=""3d7.(2H).4p""","=""v 1G*""","=""4""",,"=""T5720""","=""L11631""",
"=""355.41180""","=""0.00004""","=""355.411785""","=""0.000018""","=""10700""","=""3.28e+06""","=""8.89e-04""","=""-2.206""",B+,"=""0.95815732""","=""4.44562726""","=""3d7.(4F).4s""","=""a 5F""","=""3""","=""3d7.(4F).4p""","=""z 5G*""","=""2""",,"=""T5720""","=""L11631""",
"=""355.4501""","=""0.0003""","=""355.450138""","=""0.000018""","=""3160bl""","=""4.94e+07""","=""3.12e-02""","=""-1.029""",B,"=""2.88199261""","=""6.36908625""","=""3d6.(5D).4s.4p.(3P*)""","=""z 7F*""","=""1""","=""3d6.(5D).4s (6D).4d""","=""e 5G""","=""2""",,"=""T5720""","=""L11631""",
"=""355.49243""","=""0.00004""","=""355.492419""","=""0.000018""","=""110000""","=""1.82e+09""","=""3.14e-01""","=""0.538""",B+,"=""2.83252676""","=""6.31920567""","=""3d6.(5D).4s.4p.(3P*)""","=""z 7F*""","=""5""","=""3d6.(5D).4s (6D).4d""","=""e 7G""","=""6""",,"=""T5720""","=""L11631""",
"=""355.66803""","=""0.00010""","=""355.668045""","=""0.000018""","=""1510""","=""2.20e+07""","=""5.97e-03""","=""-1.379""",B,"=""2.86539125""","=""6.35034852""","=""3d6.(5D).4s.4p.(3P*)""","=""z 7F*""","=""3""","=""3d6.(5D).4s (6D).4d""","=""e 5G""","=""3""",,"=""T5720""","=""L11631""",
"=""355.68776""","=""0.00004""","=""355.687773""","=""0.000018""","=""38000""","=""4.5e+08""","=""9.6e-02""","=""-0.06""",D,"=""2.85122419""","=""6.33598817""","=""3d6.(5D).4s.4p.(3P*)""","=""z 7F*""","=""4""","=""3d6.(5D).4s (6D).4d""","=""f 5F""","=""5""",,"=""T2491n""","=""L11631""",
"=""355.85148""","=""0.00004""","=""355.851482""","=""0.000018""","=""380000""","=""1.24e+08""","=""4.70e-02""","=""-0.629""",B+,"=""0.99011115""","=""4.47327202""","=""3d7.(4F).4s""","=""a 5F""","=""2""","=""3d7.(4F).4p""","=""z 3G*""","=""3""",,"=""T5720""","=""L11631""",
"=""355.95030""","=""0.00010""","=""355.95033""","=""0.00003""","=""3980""","=""6.6e+07""","=""4.1e-02""","=""-0.91""",D+,"=""3.07133880""","=""6.55353246""","=""3d7.(2P).4s""","=""c 3P""","=""1""","=""3d7.(2D2).4p""","=""t 3D*""","=""1""",,"=""T2491n""","=""L11631""",
"=""356.06965""","=""0.00004""","=""356.069691""","=""0.000018""","=""3160""","=""6.7e+07""","=""1.8e-02""","=""-0.90""",D+,"=""3.25148176""","=""6.73250811""","=""3d7.(2D2).4s""","=""a 3D""","=""3""","=""3d6.(3D).4s.4p.(3P*)""","=""5D*""","=""4""",,"=""T2491n""","=""L11631""",
"=""356.45150""","=""0.00010""","=""356.451489""","=""0.000018""","=""2240""","=""2.75e+06""","=""5.82e-04""","=""-2.281""",D+,"=""2.45343044""","=""5.93072834""","=""3d6.4s2""","=""a 3H""","=""4""","=""3d6.(3F2).4s.4p.(3P*)""","=""x 3G*""","=""5""",,"=""T5720""","=""L11631""",
"=""356.45567""","=""0.00010""","=""356.45567""","=""0.00003""","=""2090""","=""4.47e+06""","=""9.48e-04""","=""-2.069""",B,"=""2.45343044""","=""5.93068755""","=""3d6.4s2""","=""a 3H""","=""4""","=""3d6.(3F2).4s.4p.(3P*)""","=""x 3G*""","=""3""",,"=""T5720""","=""L11631""",
"=""356.53787""","=""0.00004""","=""356.537873""","=""0.000018""","=""760000""","=""3.86e+08""","=""1.05e-01""","=""-0.133""",B+,"=""0.95815732""","=""4.43461275""","=""3d7.(4F).4s""","=""a 5F""","=""3""","=""3d7.(4F).4p""","=""z 3G*""","=""4""",,"=""T5720""","=""L11631""",
"=""356.63095""","=""0.00019""","=""356.63084""","=""0.00003""","=""600""","=""9.9e+06""","=""3.8e-03""","=""-1.72""",E,"=""2.27860466""","=""5.75415389""","=""3d6.4s2""","=""a 3P2""","=""2""","=""3d7.(4P).4p""","=""w 5P*""","=""1""",,"=""T2578n""","=""L11631""",
"=""356.70309""","=""0.00004""","=""356.703117""","=""0.000018""","=""3890""","=""5.84e+07""","=""2.23e-02""","=""-0.953""",B+,"=""2.87550352""","=""6.35034852""","=""3d6.(5D).4s.4p.(3P*)""","=""z 7F*""","=""2""","=""3d6.(5D).4s (6D).4d""","=""e 5G""","=""3""",,"=""T5720""","=""L11631""",
"=""356.73688""","=""0.00010""","=""356.736823""","=""0.000018""","=""1950""","=""4.24e+06""","=""8.99e-04""","=""-2.092""",C+,"=""2.45343044""","=""5.92794713""","=""3d6.4s2""","=""a 3H""","=""4""","=""3d6.(3F2).4s.4p.(3P*)""","=""x 3G*""","=""4""",,"=""T5720""","=""L11631""",
"=""356.84322""","=""0.00010""","=""356.843393""","=""0.000018""","=""930""","=""1.60e+07""","=""6.10e-03""","=""-1.516""",C+,"=""2.87550352""","=""6.34898259""","=""3d6.(5D).4s.4p.(3P*)""","=""z 7F*""","=""2""","=""3d6.(5D).4s (6D).4d""","=""e 7F""","=""1""",,"=""T5720""","=""L11631""",
"=""356.88231""","=""0.00010""","=""356.882273""","=""0.000018""","=""2690""","=""6.05e+07""","=""1.65e-02""","=""-0.937""",C,"=""3.25148176""","=""6.72458242""","=""3d7.(2D2).4s""","=""a 3D""","=""3""","=""3d6.(3G).4s.4p.(3P*)""","=""t 3G*""","=""4""",,"=""T5720""","=""L11631""",
"=""356.89742""","=""0.00004""","=""356.89741""","=""0.00003""","=""6800""","=""4.18e+07""","=""7.25e-03""","=""-1.098""",B+,"=""2.69240763""","=""6.16536100""","=""3d7.(2G).4s""","=""a 3G""","=""5""","=""3d7.(2G).4p""","=""y 3H*""","=""4""",,"=""T5720""","=""L11631""",
"=""357.00100""","=""0.00004""","=""357.000977""","=""0.000018""","=""10700""","=""1.81e+07""","=""1.15e-02""","=""-1.461""",B,"=""2.42419831""","=""5.89614419""","=""3d6.4s2""","=""a 3P2""","=""1""","=""3d7.(4P).4p""","=""y 3S*""","=""1""",,"=""T5720""","=""L11631""",
"=""357.00975""","=""0.00004""","=""357.009748""","=""0.000018""","=""r""","=""7.44e+08""","=""1.58e-01""","=""0.153""",A,"=""0.91460217""","=""4.38646275""","=""3d7.(4F).4s""","=""a 5F""","=""4""","=""3d7.(4F).4p""","=""z 3G*""","=""5""",,"=""T3548""","=""L11631""",
"=""357.12254""","=""0.00019""","=""357.122363""","=""0.000018""","=""1700""","=""1.6e+06""","=""3.4e-04""","=""-2.52""",E,"=""1.48486439""","=""4.95563019""","=""3d7.(4F).4s""","=""a 3F""","=""4""","=""3d6.(5D).4s.4p.(1P*)""","=""x 5D*""","=""3""",,"=""T2578n""","=""L11631""",
"=""357.19950""","=""0.00004""","=""357.199499""","=""0.000018""","=""20000""","=""3.18e+08""","=""5.53e-02""","=""-0.216""",B+,"=""2.83252676""","=""6.30254306""","=""3d6.(5D).4s.4p.(3P*)""","=""z 7F*""","=""5""","=""3d6.(5D).4s (6D).4d""","=""e 7F""","=""5""",,"=""T5720""","=""L11631""",
"=""357.25903""","=""0.00010""","=""357.259037""","=""0.000018""","=""1550""","=""2.98e+07""","=""6.34e-03""","=""-1.244""",C,"=""2.85122419""","=""6.32066224""","=""3d6.(5D).4s.4p.(3P*)""","=""z 7F*""","=""4""","=""3d6.(5D).4s (6D).4d""","=""e 5G""","=""4""",,"=""T5720""","=""L11631""",
"=""357.33934""","=""0.00010""","=""357.339362""","=""0.000018""","=""2750""","=""7.35e+07""","=""2.81e-02""","=""-0.852""",D+,"=""3.30092244""","=""6.76958063""","=""3d7.(2D2).4s""","=""a 3D""","=""2""","=""3d6.(3G).4s.4p.(3P*)""","=""t 3G*""","=""3""",,"=""T5720""","=""L11631""",
"=""357.38289""","=""0.00004""","=""357.38288""","=""0.00003""","=""17000""","=""3.13e+07""","=""4.61e-03""","=""-1.222""",B,"=""2.40407444""","=""5.87231021""","=""3d6.4s2""","=""a 3H""","=""6""","=""3d6.(3G).4s.4p.(3P*)""","=""w 5G*""","=""6""",,"=""T5720""","=""L11631""",
"=""357.38884""","=""0.00004""","=""357.388852""","=""0.000018""","=""13800""","=""4.01e+08""","=""8.55e-02""","=""-0.114""",B+,"=""3.30140276""","=""6.76958063""","=""3d7.(2H).4s""","=""b 3H""","=""4""","=""3d6.(3G).4s.4p.(3P*)""","=""t 3G*""","=""3""",,"=""T5720""","=""L11631""",
"=""357.51133""","=""0.00010""","=""357.511307""","=""0.000018""","=""2240""","=""4.80e+07""","=""3.07e-02""","=""-1.036""",B,"=""2.88199261""","=""6.34898259""","=""3d6.(5D).4s.4p.(3P*)""","=""z 7F*""","=""1""","=""3d6.(5D).4s (6D).4d""","=""e 7F""","=""1""",,"=""T5720""","=""L11631""",
"=""357.52449""","=""0.00004""","=""357.524502""","=""0.000018""","=""4370""","=""6.69e+07""","=""1.17e-02""","=""-0.892""",C+,"=""2.83252676""","=""6.29938878""","=""3d6.(5D).4s.4p.(3P*)""","=""z 7F*""","=""5""","=""3d6.(5D).4s (6D).4d""","=""f 7D""","=""4""",,"=""T5720""","=""L11631""",
"=""357.53697""","=""0.00004""","=""357.53696""","=""0.00003""","=""9300""","=""1.53e+08""","=""5.86e-02""","=""-0.533""",B,"=""3.01725044""","=""6.48399171""","=""3d7.(2P).4s""","=""c 3P""","=""2""","=""3d7.(2P).4p""","=""u 3D*""","=""2""",,"=""T5720""","=""L11631""",
"=""357.67584""","=""0.00004""","=""357.675803""","=""0.000018""","=""4790""","=""7.9e+07""","=""1.4e-02""","=""-0.82""",E,"=""3.26711257""","=""6.73250811""","=""3d7.(2H).4s""","=""b 3H""","=""5""","=""3d6.(3D).4s.4p.(3P*)""","=""5D*""","=""4""",,"=""T2578n""","=""L11631""",
"=""357.83822""","=""0.00010""","=""357.83822""","=""0.00003""","=""1480""","=""2.35e+07""","=""4.51e-02""","=""-1.346""",C+,"=""2.88515991""","=""6.34898259""","=""3d6.(5D).4s.4p.(3P*)""","=""z 7F*""","=""0""","=""3d6.(5D).4s (6D).4d""","=""e 7F""","=""1""",,"=""T5720""","=""L11631""",
"=""357.8676""","=""0.0003""","=""357.867211""","=""0.000018""","=""500""","=""9.0e+06""","=""3.5e-03""","=""-1.75""",E,"=""2.27860466""","=""5.74214676""","=""3d6.4s2""","=""a 3P2""","=""2""","=""3d7.(4P).4p""","=""w 5P*""","=""2""",,"=""T2578n""","=""L11631""",
"=""358.11928""","=""0.00004""","=""358.11928""","=""0.00003""","=""r""","=""1.33e+09""","=""2.32e-01""","=""0.406""",A,"=""0.85899575""","=""4.32010008""","=""3d7.(4F).4s""","=""a 5F""","=""5""","=""3d7.(4F).4p""","=""z 5G*""","=""6""",,"=""T3548""","=""L11631""",
"=""358.16465""","=""0.00004""","=""358.164658""","=""0.000018""","=""4370""","=""2.89e+07""","=""5.05e-03""","=""-1.255""",C+,"=""2.69240763""","=""6.15307342""","=""3d7.(2G).4s""","=""a 3G""","=""5""","=""3d7.(2G).4p""","=""v 3G*""","=""4""",,"=""T5720""","=""L11631""",
"=""358.18073""","=""0.00010""","=""358.180699""","=""0.000018""","=""2290""","=""4.34e+07""","=""2.79e-02""","=""-1.078""",C+,"=""3.07133880""","=""6.53184961""","=""3d7.(2P).4s""","=""c 3P""","=""1""","=""3d7.(2D2).4p""","=""t 3D*""","=""2""",,"=""T5720""","=""L11631""",
"=""358.21996""","=""0.00004""","=""358.21995""","=""0.00003""","=""23400""","=""2.58e+08""","=""3.83e-02""","=""-0.303""",B,"=""3.23672008""","=""6.69685175""","=""3d7.(2H).4s""","=""b 3H""","=""6""","=""3d6.(3D).4s.4p.(3P*)""","=""5F*""","=""5""",,"=""T5720""","=""L11631""",
"=""358.25640""","=""0.00019""","=""358.256612""","=""0.000018""","=""560""","=""1.71e+06""","=""3.65e-04""","=""-2.483""",C,"=""2.45343044""","=""5.91320801""","=""3d6.4s2""","=""a 3H""","=""4""","=""3d6.(3G).4s.4p.(3P*)""","=""w 5G*""","=""3""",,"=""T5720""","=""L11631""",
"=""358.46592""","=""0.00004""","=""358.46592""","=""0.00003""","=""62000""","=""3.62e+08""","=""6.33e-02""","=""-0.157""",B+,"=""2.69240763""","=""6.15016512""","=""3d7.(2G).4s""","=""a 3G""","=""5""","=""3d7.(2G).4p""","=""y 3H*""","=""5""",,"=""T5720""","=""L11631""",
"=""358.47855""","=""0.00004""","=""358.478629""","=""0.000018""","=""4790""","=""7.80e+07""","=""2.15e-02""","=""-0.823""",B,"=""2.86539125""","=""6.32302612""","=""3d6.(5D).4s.4p.(3P*)""","=""z 7F*""","=""3""","=""3d6.(5D).4s (6D).4d""","=""f 7D""","=""2""",,"=""T5720""","=""L11631""",
"=""358.49574""","=""0.00004""","=""358.495740""","=""0.000018""","=""23400""","=""6.07e+08""","=""1.06e-01""","=""0.068""",B+,"=""3.26711257""","=""6.72458242""","=""3d7.(2H).4s""","=""b 3H""","=""5""","=""3d6.(3G).4s.4p.(3P*)""","=""t 3G*""","=""4""",,"=""T5720""","=""L11631""",
"=""358.51895""","=""0.00004""","=""358.51898""","=""0.00003""","=""2570""","=""2.87e+07""","=""5.03e-03""","=""-1.257""",B,"=""2.94879294""","=""6.40603863""","=""3d6.4s2""","=""b 3G""","=""5""","=""3d7.(2H).4p""","=""u 3G*""","=""4""",,"=""T5720""","=""L11631""",
"=""358.53187""","=""0.00004""","=""358.531869""","=""0.000018""","=""288000""","=""8.19e+07""","=""2.25e-02""","=""-0.802""",B+,"=""0.95815732""","=""4.41527878""","=""3d7.(4F).4s""","=""a 5F""","=""3""","=""3d7.(4F).4p""","=""z 5G*""","=""3""",,"=""T5720""","=""L11631""",
"=""358.57051""","=""0.00004""","=""358.570513""","=""0.000018""","=""166000""","=""3.38e+07""","=""7.22e-03""","=""-1.187""",A,"=""0.91460217""","=""4.37135106""","=""3d7.(4F).4s""","=""a 5F""","=""4""","=""3d7.(4F).4p""","=""z 5G*""","=""4""",,"=""T3548""","=""L11631""",
"=""358.61124""","=""0.00004""","=""358.61135""","=""0.00004""","=""50000""","=""7.72e+08""","=""1.15e-01""","=""0.173""",B+,"=""3.23672008""","=""6.6930753""","=""3d7.(2H).4s""","=""b 3H""","=""6""","=""3d6.(3G).4s.4p.(3P*)""","=""t 3G*""","=""5""",,"=""T5720""","=""L11631""",
"=""358.6738""","=""0.0003""","=""358.673845""","=""0.000018""","=""3020bl""","=""4.71e+07""","=""6.98e-03""","=""-1.042""",C,"=""2.80829367""","=""6.26404671""","=""3d6.(5D).4s.4p.(3P*)""","=""z 7F*""","=""6""","=""3d6.(5D).4s (6D).4d""","=""e 5G""","=""6""",,"=""T5720""","=""L11631""",
"=""358.69845""","=""0.00004""","=""358.698438""","=""0.000018""","=""269000""","=""8.30e+07""","=""3.20e-02""","=""-0.796""",B+,"=""0.99011115""","=""4.44562726""","=""3d7.(4F).4s""","=""a 5F""","=""2""","=""3d7.(4F).4p""","=""z 5G*""","=""2""",,"=""T5720""","=""L11631""",
"=""358.72390""","=""0.00004""","=""358.723885""","=""0.000018""","=""5600""","=""6.96e+07""","=""1.92e-02""","=""-0.872""",C,"=""2.86539125""","=""6.32066224""","=""3d6.(5D).4s.4p.(3P*)""","=""z 7F*""","=""3""","=""3d6.(5D).4s (6D).4d""","=""e 5G""","=""4""",,"=""T5720""","=""L11631""",
"=""358.85262""","=""0.00010""","=""358.852642""","=""0.000018""","=""1860""","=""5.05e+07""","=""1.08e-02""","=""-1.011""",C,"=""2.93984587""","=""6.39387714""","=""3d6.(5D).4s.4p.(3P*)""","=""z 7P*""","=""4""","=""3d6.(5D).4s (6D).4d""","=""e 7S""","=""3""",,"=""T5720""","=""L11631""",
"=""358.86090""","=""0.00004""","=""358.860886""","=""0.000018""","=""9800""","=""1.31e+08""","=""2.30e-02""","=""-0.597""",B,"=""2.83252676""","=""6.28647868""","=""3d6.(5D).4s.4p.(3P*)""","=""z 7F*""","=""5""","=""3d6.(5D).4s (6D).4d""","=""e 5G""","=""5""",,"=""T5720""","=""L11631""",
"=""358.89176""","=""0.00004""","=""358.891728""","=""0.000018""","=""4680""","=""6.45e+07""","=""2.49e-02""","=""-0.905""",C+,"=""2.87550352""","=""6.32915863""","=""3d6.(5D).4s.4p.(3P*)""","=""z 7F*""","=""2""","=""3d6.(5D).4s (6D).4d""","=""f 7D""","=""1""",,"=""T5720""","=""L11631""",
"=""358.91048""","=""0.00004""","=""358.910463""","=""0.000018""","=""27500""","=""3.97e+06""","=""6.98e-04""","=""-2.115""",A,"=""0.85899575""","=""4.31247059""","=""3d7.(4F).4s""","=""a 5F""","=""5""","=""3d7.(4F).4p""","=""z 5G*""","=""5""",,"=""T3548""","=""L11631""",
"=""358.94517""","=""0.00004""","=""358.945168""","=""0.000018""","=""11200""","=""7.35e+07""","=""1.58e-02""","=""-0.848""",B,"=""2.72754450""","=""6.18068544""","=""3d7.(2G).4s""","=""a 3G""","=""4""","=""3d7.(2G).4p""","=""v 3G*""","=""3""",,"=""T5720""","=""L11631""",
"=""358.96052""","=""0.00019""","=""358.960351""","=""0.000018""","=""650""","=""6.50e+06""","=""1.40e-03""","=""-1.901""",C+,"=""2.99035244""","=""6.44334733""","=""3d6.4s2""","=""b 3G""","=""4""","=""3d7.(2P).4p""","=""u 3D*""","=""3""",,"=""T6110""","=""L11631""",
"=""359.00837""","=""0.00010""","=""359.00834""","=""0.00003""","=""1700""","=""1.02e+07""","=""1.78e-03""","=""-1.707""",C+,"=""2.94879294""","=""6.40132623""","=""3d6.4s2""","=""b 3G""","=""5""","=""3d6.(3H).4s.4p.(3P*)""","=""1H*""","=""5""",,"=""T5720""","=""L11631""",
"=""359.13491""","=""0.00010""","=""359.134673""","=""0.000018""","=""1860""","=""8.6e+06""","=""1.8e-03""","=""-1.78""",E,"=""2.85122419""","=""6.30254306""","=""3d6.(5D).4s.4p.(3P*)""","=""z 7F*""","=""4""","=""3d6.(5D).4s (6D).4d""","=""e 7F""","=""5""",,"=""T2578n""","=""L11631""",
"=""359.14838""","=""0.00019""","=""359.148310""","=""0.000018""","=""690""","=""1.9e+07""","=""3.7e-02""","=""-1.44""",E,"=""3.29183986""","=""6.74302768""","=""3d6.(5D).4s.4p.(3P*)""","=""z 5D*""","=""0""","=""3d7.(4F).4d""","=""g 5F""","=""1""",,"=""T2578n""","=""L11631""",
"=""359.24699""","=""0.00019""","=""359.247096""","=""0.000018""","=""760""","=""2.0e+06""","=""5.4e-04""","=""-2.42""",E,"=""2.58810592""","=""6.03834476""","=""3d6.4s2""","=""b 3F2""","=""3""","=""3d6.(3H).4s.4p.(3P*)""","=""y 1G*""","=""4""",,"=""T2578n""","=""L11631""",
"=""359.26747""","=""0.00010""","=""359.267365""","=""0.000018""","=""930""","=""2.2e+07""","=""5.9e-03""","=""-1.39""",E,"=""3.24096914""","=""6.69101333""","=""3d6.(5D).4s.4p.(3P*)""","=""z 5D*""","=""3""","=""3d7.(4F).4d""","=""h 5D""","=""2""",,"=""T2578n""","=""L11631""",
"=""359.46320""","=""0.00004""","=""359.463208""","=""0.000018""","=""18200""","=""2.83e+08""","=""6.08e-02""","=""-0.262""",B+,"=""2.85122419""","=""6.29938878""","=""3d6.(5D).4s.4p.(3P*)""","=""z 7F*""","=""4""","=""3d6.(5D).4s (6D).4d""","=""f 7D""","=""4""",,"=""T5720""","=""L11631""",
"=""359.53011""","=""0.00010""","=""359.530148""","=""0.000018""","=""2290""","=""4.10e+07""","=""1.59e-02""","=""-1.099""",B,"=""2.87550352""","=""6.32302612""","=""3d6.(5D).4s.4p.(3P*)""","=""z 7F*""","=""2""","=""3d6.(5D).4s (6D).4d""","=""f 7D""","=""2""",,"=""T5720""","=""L11631""",
"=""359.58643""","=""0.00010""","=""359.586378""","=""0.000018""","=""1170""","=""3.73e+06""","=""8.03e-04""","=""-2.141""",D+,"=""2.45343044""","=""5.90041395""","=""3d6.4s2""","=""a 3H""","=""4""","=""3d6.(3G).4s.4p.(3P*)""","=""w 5G*""","=""4""",,"=""T5720""","=""L11631""",
"=""359.61957""","=""0.00010""","=""359.619686""","=""0.000018""","=""1950""","=""4.75e+06""","=""8.39e-04""","=""-2.035""",B,"=""2.43269470""","=""5.87935896""","=""3d6.4s2""","=""a 3H""","=""5""","=""3d6.(3G).4s.4p.(3P*)""","=""w 5G*""","=""5""",,"=""T4187""","=""L11631""",
"=""359.70209""","=""0.00019""","=""359.702073""","=""0.000018""","=""550""","=""5.4e+07""","=""2.1e-02""","=""-0.98""",D,"=""3.26570610""","=""6.71158094""","=""3d6.(5D).4s.4p.(3P*)""","=""z 5D*""","=""2""","=""3d7.(4F).4d""","=""h 5D""","=""1""",,"=""T2578n""","=""L11631""",
"=""359.87170""","=""0.00010""","=""359.871779""","=""0.000018""","=""950""","=""2.2e+07""","=""6.0e-03""","=""-1.38""",D,"=""3.25148176""","=""6.69573167""","=""3d7.(2D2).4s""","=""a 3D""","=""3""","=""3d6.(3D).4s.4p.(3P*)""","=""t 5P*""","=""3""",,"=""T2578n""","=""L11631""",
"=""359.96249""","=""0.00004""","=""359.96249""","=""0.00003""","=""4680""","=""2.10e+08""","=""3.70e-02""","=""-0.390""",B+,"=""3.57321890""","=""7.01660092""","=""3d7.(2H).4s""","=""a 1H""","=""5""","=""3d6.(1G2).4s.4p.(3P*)""","=""u 3F*""","=""4""",,"=""T5720""","=""L11631""",
"=""360.20825""","=""0.00010""","=""360.208167""","=""0.000018""","=""1320""","=""1.6e+07""","=""1.0e-02""","=""-1.50""",D,"=""2.88199261""","=""6.32302612""","=""3d6.(5D).4s.4p.(3P*)""","=""z 7F*""","=""1""","=""3d6.(5D).4s (6D).4d""","=""f 7D""","=""2""",,"=""T2578n""","=""L11631""",
"=""360.24619""","=""0.00004""","=""360.246200""","=""0.000018""","=""2950""","=""7.14e+07""","=""1.99e-02""","=""-0.857""",B,"=""2.86539125""","=""6.30606149""","=""3d6.(5D).4s.4p.(3P*)""","=""z 7F*""","=""3""","=""3d6.(5D).4s (6D).4d""","=""f 7D""","=""3""",,"=""T5720""","=""L11631""",
"=""360.25252""","=""0.00004""","=""360.252548""","=""0.000018""","=""5900""","=""1.06e+08""","=""2.94e-02""","=""-0.686""",C+,"=""2.86539125""","=""6.30600086""","=""3d6.(5D).4s.4p.(3P*)""","=""z 7F*""","=""3""","=""3d6.(5D).4s (6D).4d""","=""e 7P""","=""2""",,"=""T5720""","=""L11631""",
"=""360.32033""","=""0.00004""","=""360.320302""","=""0.000018""","=""49000""","=""2.85e+08""","=""5.04e-02""","=""-0.256""",B+,"=""2.69240763""","=""6.13237029""","=""3d7.(2G).4s""","=""a 3G""","=""5""","=""3d7.(2G).4p""","=""v 3G*""","=""5""",,"=""T5720""","=""L11631""",
"=""360.36808""","=""0.00010""","=""360.368062""","=""0.000018""","=""870""","=""5.00e+06""","=""1.08e-03""","=""-2.011""",C,"=""2.55917148""","=""5.99867825""","=""3d6.4s2""","=""b 3F2""","=""4""","=""3d7.(2G).4p""","=""z 1H*""","=""5""",,"=""T5720""","=""L11631""",
"=""360.38177""","=""0.00004""","=""360.38175""","=""0.00003""","=""3390""","=""5.10e+07""","=""3.31e-02""","=""-1.003""",C+,"=""3.07133880""","=""6.51071489""","=""3d7.(2P).4s""","=""c 3P""","=""1""","=""3d7.(2P).4p""","=""u 3D*""","=""1""",,"=""T5720""","=""L11631""",
"=""360.54525""","=""0.00004""","=""360.54525""","=""0.00003""","=""68000""","=""4.19e+08""","=""9.09e-02""","=""-0.087""",B+,"=""2.72754450""","=""6.16536100""","=""3d7.(2G).4s""","=""a 3G""","=""4""","=""3d7.(2G).4p""","=""y 3H*""","=""4""",,"=""T5720""","=""L11631""",
"=""360.55004""","=""0.00004""","=""360.550035""","=""0.000018""","=""15800""","=""2.33e+08""","=""3.50e-02""","=""-0.342""",B,"=""2.80829367""","=""6.24606454""","=""3d6.(5D).4s.4p.(3P*)""","=""z 7F*""","=""6""","=""3d6.(5D).4s (6D).4d""","=""f 7D""","=""5""",,"=""T5720""","=""L11631""",
"=""360.63757""","=""0.00020""","=""360.637441""","=""0.000018""","=""780""","=""1.56e+06""","=""3.37e-04""","=""-2.518""",C+,"=""2.55917148""","=""5.99610917""","=""3d6.4s2""","=""b 3F2""","=""4""","=""3d6.(3G).4s.4p.(3P*)""","=""y 5H*""","=""4""",,"=""T5720""","=""L11631""",
"=""360.65332""","=""0.00010""","=""360.653353""","=""0.000018""","=""1820""","=""9.48e+06""","=""6.16e-03""","=""-1.733""",C+,"=""2.42419831""","=""5.86098438""","=""3d6.4s2""","=""a 3P2""","=""1""","=""3d7.(4P).4p""","=""w 3D*""","=""1""",,"=""T5720""","=""L11631""",
"=""360.66791""","=""0.00004""","=""360.66790""","=""0.00003""","=""191000""","=""1.08e+09""","=""1.91e-01""","=""0.323""",B+,"=""2.69240763""","=""6.12905507""","=""3d7.(2G).4s""","=""a 3G""","=""5""","=""3d7.(2G).4p""","=""y 3H*""","=""6""",,"=""T5720""","=""L11631""",
"=""360.81414""","=""0.00004""","=""360.814151""","=""0.000018""","=""4900""","=""6.84e+07""","=""1.49e-02""","=""-0.874""",C+,"=""2.85122419""","=""6.28647868""","=""3d6.(5D).4s.4p.(3P*)""","=""z 7F*""","=""4""","=""3d6.(5D).4s (6D).4d""","=""e 5G""","=""5""",,"=""T5720""","=""L11631""",
"=""360.88591""","=""0.00004""","=""360.885895""","=""0.000018""","=""720000""","=""4.06e+08""","=""2.65e-01""","=""-0.100""",A,"=""1.01105568""","=""4.44562726""","=""3d7.(4F).4s""","=""a 5F""","=""1""","=""3d7.(4F).4p""","=""z 5G*""","=""2""",,"=""T3548""","=""L11631""",
"=""361.01588""","=""0.00004""","=""361.015895""","=""0.000019""","=""56000""","=""7.67e+08""","=""1.15e-01""","=""0.176""",C+,"=""2.80829367""","=""6.24162851""","=""3d6.(5D).4s.4p.(3P*)""","=""z 7F*""","=""6""","=""3d6.(5D).4s (6D).4d""","=""e 7F""","=""6""",,"=""T5720""","=""L11631""",
"=""361.06944""","=""0.00010""","=""361.069500""","=""0.000019""","=""2190""","=""3.15e+07""","=""1.23e-02""","=""-1.211""",C+,"=""2.87550352""","=""6.30832866""","=""3d6.(5D).4s.4p.(3P*)""","=""z 7F*""","=""2""","=""3d6.(5D).4s (6D).4d""","=""f 5D""","=""1""",,"=""T5720""","=""L11631""",
"=""361.20684""","=""0.00004""","=""361.206836""","=""0.000019""","=""11000""","=""1.44e+08""","=""2.57e-02""","=""-0.549""",B,"=""2.83252676""","=""6.26404671""","=""3d6.(5D).4s.4p.(3P*)""","=""z 7F*""","=""5""","=""3d6.(5D).4s (6D).4d""","=""e 5G""","=""6""",,"=""T5720""","=""L11631""",
"=""361.31445""","=""0.00010""","=""361.314514""","=""0.000019""","=""1070""","=""1.70e+07""","=""6.64e-03""","=""-1.479""",C,"=""2.87550352""","=""6.30600086""","=""3d6.(5D).4s.4p.(3P*)""","=""z 7F*""","=""2""","=""3d6.(5D).4s (6D).4d""","=""e 7P""","=""2""",,"=""T5720""","=""L11631""",
"=""361.3443""","=""0.0003""","=""361.344160""","=""0.000019""","=""2290bl*""","=""4.9e+07""","=""1.4e-02""","=""-1.02""",E,"=""3.25148176""","=""6.68169765""","=""3d7.(2D2).4s""","=""a 3D""","=""3""","=""3d6.(3D).4s.4p.(3P*)""","=""5D*""","=""3""",,"=""T2578n""","=""L11631""",
"=""361.47721""","=""0.00010""","=""361.477184""","=""0.000019""","=""1070""","=""1.87e+07""","=""5.23e-03""","=""-1.436""",C+,"=""2.99804479""","=""6.42699840""","=""3d6.(5D).4s.4p.(3P*)""","=""z 7P*""","=""3""","=""3d6.(5D).4s (6D).4d""","=""e 5P""","=""3""",,"=""T5720""","=""L11631""",
"=""361.51909""","=""0.00020""","=""361.519093""","=""0.000019""","=""760""","=""1.8e+07""","=""1.2e-02""","=""-1.45""",D,"=""3.28302483""","=""6.71158094""","=""3d6.(5D).4s.4p.(3P*)""","=""z 5D*""","=""1""","=""3d7.(4F).4d""","=""h 5D""","=""1""",,"=""T2578n""","=""L11631""",
"=""""","=""""","=""361.566230""","=""0.000019""","=""""","=""1.01e+06""","=""2.20e-04""","=""-2.704""",E,"=""1.48486439""","=""4.91297355""","=""3d7.(4F).4s""","=""a 3F""","=""4""","=""3d6.(5D).4s.4p.(1P*)""","=""x 5D*""","=""4""",,"=""T5720""","=""""",
"=""361.63197""","=""0.00010""","=""361.632059""","=""0.000019""","=""1350""","=""3.43e+06""","=""2.24e-03""","=""-2.172""",C+,"=""2.42419831""","=""5.85168345""","=""3d6.4s2""","=""a 3P2""","=""1""","=""3d6.(3F2).4s.4p.(3P*)""","=""x 3F*""","=""2""",,"=""T5720""","=""L11631""",
"=""361.77858""","=""0.00004""","=""361.778596""","=""0.000019""","=""36300""","=""4.96e+08""","=""1.95e-01""","=""-0.011""",B,"=""3.01725044""","=""6.44334733""","=""3d7.(2P).4s""","=""c 3P""","=""2""","=""3d7.(2P).4p""","=""u 3D*""","=""3""",,"=""T5720""","=""L11631""",
"=""361.82987""","=""0.00004""","=""361.829873""","=""0.000019""","=""4370""","=""4.40e+07""","=""7.86e-03""","=""-1.063""",C+,"=""2.83252676""","=""6.25813812""","=""3d6.(5D).4s.4p.(3P*)""","=""z 7F*""","=""5""","=""3d6.(5D).4s (6D).4d""","=""e 7P""","=""4""",,"=""T5720""","=""L11631""",
"=""361.8386""","=""0.0003""","=""361.838582""","=""0.000019""","=""12600bl*""","=""7.99e+07""","=""1.74e-02""","=""-0.804""",B+,"=""2.72754450""","=""6.15307342""","=""3d7.(2G).4s""","=""a 3G""","=""4""","=""3d7.(2G).4p""","=""v 3G*""","=""4""",,"=""T5720""","=""L11631""",
"=""361.87677""","=""0.00004""","=""361.876750""","=""0.000019""","=""830000""","=""5.05e+08""","=""1.99e-01""","=""-0.003""",B+,"=""0.99011115""","=""4.41527878""","=""3d7.(4F).4s""","=""a 5F""","=""2""","=""3d7.(4F).4p""","=""z 5G*""","=""3""",,"=""T5720""","=""L11631""",
"=""361.97685""","=""0.00010""","=""361.976819""","=""0.000019""","=""2000""","=""3.09e+06""","=""4.67e-04""","=""-2.217""",C+,"=""2.40407444""","=""5.82829520""","=""3d6.4s2""","=""a 3H""","=""6""","=""3d6.(3H).4s.4p.(3P*)""","=""z 3H*""","=""5""",,"=""T5720""","=""L11631""",
"=""362.0240""","=""0.0003""","=""362.024220""","=""0.000019""","=""520""","=""9.1e+06""","=""2.0e-03""","=""-1.74""",E,"=""2.85122419""","=""6.27499663""","=""3d6.(5D).4s.4p.(3P*)""","=""z 7F*""","=""4""","=""3d6.(5D).4s (6D).4d""","=""e 7P""","=""3""",,"=""T2578n""","=""L11631""",
"=""362.14604""","=""0.00004""","=""362.14605""","=""0.00003""","=""85000""","=""4.90e+08""","=""1.07e-01""","=""-0.016""",B+,"=""2.72754450""","=""6.15016512""","=""3d7.(2G).4s""","=""a 3G""","=""4""","=""3d7.(2G).4p""","=""y 3H*""","=""5""",,"=""T5720""","=""L11631""",
"=""362.17188""","=""0.00004""","=""362.17188""","=""0.00003""","=""3470""","=""9.63e+07""","=""1.72e-02""","=""-0.723""",C+,"=""3.57321890""","=""6.99559552""","=""3d7.(2H).4s""","=""a 1H""","=""5""","=""3d6.(1I).4s.4p.(3P*)""","=""u 3H*""","=""4""",,"=""T5720""","=""L11631""",
"=""362.20031""","=""0.00004""","=""362.200323""","=""0.000019""","=""54000""","=""3.60e+08""","=""1.01e-01""","=""-0.150""",B+,"=""2.75857762""","=""6.18068544""","=""3d7.(2G).4s""","=""a 3G""","=""3""","=""3d7.(2G).4p""","=""v 3G*""","=""3""",,"=""T5720""","=""L11631""",
"=""362.31858""","=""0.00004""","=""362.31859""","=""0.00003""","=""50000""","=""8.68e+07""","=""1.32e-02""","=""-0.767""",B+,"=""2.40407444""","=""5.82506529""","=""3d6.4s2""","=""a 3H""","=""6""","=""3d6.(3H).4s.4p.(3P*)""","=""z 3H*""","=""6""",,"=""T5720""","=""L11631""",
"=""362.34463""","=""0.00004""","=""362.344616""","=""0.000019""","=""9500""","=""1.26e+07""","=""2.77e-03""","=""-1.604""",B,"=""2.55917148""","=""5.97991659""","=""3d6.4s2""","=""b 3F2""","=""4""","=""3d6.(3G).4s.4p.(3P*)""","=""y 5H*""","=""5""",,"=""T5720""","=""L11631""",
"=""362.43077""","=""0.00011""","=""362.430844""","=""0.000019""","=""1260""","=""5.10e+06""","=""3.35e-03""","=""-1.998""",C+,"=""2.42419831""","=""5.84412959""","=""3d6.4s2""","=""a 3P2""","=""1""","=""3d7.(4P).4p""","=""w 3D*""","=""2""",,"=""T5720""","=""L11631""",
"=""362.51415""","=""0.00004""","=""362.514143""","=""0.000019""","=""6600""","=""7.34e+07""","=""1.31e-02""","=""-0.840""",C+,"=""2.83252676""","=""6.25167222""","=""3d6.(5D).4s.4p.(3P*)""","=""z 7F*""","=""5""","=""3d6.(5D).4s (6D).4d""","=""f 5D""","=""4""",,"=""T5720""","=""L11631""",
"=""362.70560""","=""0.00011""","=""362.70565""","=""0.00003""","=""930""","=""2.18e+07""","=""3.90e-03""","=""-1.367""",D+,"=""3.57321890""","=""6.99055915""","=""3d7.(2H).4s""","=""a 1H""","=""5""","=""3d6.(1I).4s.4p.(3P*)""","=""u 3H*""","=""5""",,"=""T5720""","=""L11631""",
"=""362.80914""","=""0.00011""","=""362.809150""","=""0.000019""","=""1510""","=""2.88e+06""","=""1.14e-03""","=""-2.245""",C+,"=""2.19786640""","=""5.61423177""","=""3d7.(4P).4s""","=""a 5P""","=""2""","=""3d6.(3P2).4s.4p.(3P*)""","=""x 3D*""","=""2""",,"=""T5720""","=""L11631""",
"=""362.88103""","=""0.00020""","=""362.88129""","=""0.00003""","=""510""","=""3.15e+06""","=""6.91e-04""","=""-2.206""",C,"=""2.99035244""","=""6.40603863""","=""3d6.4s2""","=""b 3G""","=""4""","=""3d7.(2H).4p""","=""u 3G*""","=""4""",,"=""T6110""","=""L11631""",
"=""363.03475""","=""0.00004""","=""363.034738""","=""0.000019""","=""4900""","=""7.28e+07""","=""1.60e-02""","=""-0.842""",B,"=""2.85122419""","=""6.26546671""","=""3d6.(5D).4s.4p.(3P*)""","=""z 7F*""","=""4""","=""3d6.(5D).4s (6D).4d""","=""f 5D""","=""3""",,"=""T5720""","=""L11631""",
"=""363.10968""","=""0.00004""","=""363.109689""","=""0.000019""","=""15500""","=""2.36e+08""","=""4.25e-02""","=""-0.330""",B,"=""2.83252676""","=""6.24606454""","=""3d6.(5D).4s.4p.(3P*)""","=""z 7F*""","=""5""","=""3d6.(5D).4s (6D).4d""","=""f 7D""","=""5""",,"=""T5720""","=""L11631""",
"=""363.14629""","=""0.00004""","=""363.146292""","=""0.000019""","=""1150000""","=""4.65e+08""","=""1.31e-01""","=""-0.036""",A,"=""0.95815732""","=""4.37135106""","=""3d7.(4F).4s""","=""a 5F""","=""3""","=""3d7.(4F).4p""","=""z 5G*""","=""4""",,"=""T3548""","=""L11631""",
"=""363.20386""","=""0.00004""","=""363.20384""","=""0.00003""","=""20000""","=""3.37e+08""","=""2.22e-01""","=""-0.176""",B,"=""3.07133880""","=""6.48399171""","=""3d7.(2P).4s""","=""c 3P""","=""1""","=""3d7.(2P).4p""","=""u 3D*""","=""2""",,"=""T5720""","=""L11631""",
"=""363.25551""","=""0.00004""","=""363.255538""","=""0.000019""","=""8300""","=""5.12e+07""","=""9.21e-03""","=""-0.99""",D,"=""2.94879294""","=""6.36096020""","=""3d6.4s2""","=""b 3G""","=""5""","=""3d7.(2D2).4p""","=""v 3F*""","=""4""",,"=""T2578n""","=""L11631""",
"=""363.29767""","=""0.00004""","=""363.29766""","=""0.00003""","=""5000""","=""1.82e+07""","=""3.60e-02""","=""-1.444""",B,"=""2.48437256""","=""5.89614419""","=""3d6.4s2""","=""a 3P2""","=""0""","=""3d7.(4P).4p""","=""y 3S*""","=""1""",,"=""T5720""","=""L11631""",
"=""363.30688""","=""0.00011""","=""363.306866""","=""0.000019""","=""2820""","=""3.89e+07""","=""8.57e-03""","=""-1.113""",B,"=""2.93984587""","=""6.35153108""","=""3d6.(5D).4s.4p.(3P*)""","=""z 7P*""","=""4""","=""3d6.(5D).4s (6D).4d""","=""e 7G""","=""5""",,"=""T5720""","=""L11631""",
"=""363.38266""","=""0.00011""","=""363.38264""","=""0.00003""","=""2400""","=""1.74e+07""","=""3.83e-03""","=""-1.463""",C+,"=""2.99035244""","=""6.40132623""","=""3d6.4s2""","=""b 3G""","=""4""","=""3d6.(3H).4s.4p.(3P*)""","=""1H*""","=""5""",,"=""T5720""","=""L11631""",
"=""363.43275""","=""0.00004""","=""363.432842""","=""0.000019""","=""4680""","=""7.35e+07""","=""1.62e-02""","=""-0.837""",B+,"=""2.93984587""","=""6.35034852""","=""3d6.(5D).4s.4p.(3P*)""","=""z 7P*""","=""4""","=""3d6.(5D).4s (6D).4d""","=""e 5G""","=""3""",,"=""T5720""","=""L11631""",
"=""363.6161""","=""0.0003""","=""363.616139""","=""0.000019""","=""4070bl*""","=""6.85e+06""","=""2.72e-03""","=""-1.867""",B,"=""2.19786640""","=""5.60664989""","=""3d7.(4P).4s""","=""a 5P""","=""2""","=""3d6.(3P2).4s.4p.(3P*)""","=""x 3D*""","=""3""",,"=""T5720""","=""L11631""",
"=""363.62233""","=""0.00004""","=""363.62236""","=""0.00003""","=""3630""","=""1.54e+08""","=""6.11e-02""","=""-0.515""",B,"=""3.54652001""","=""6.95524523""","=""3d7.(2D2).4s""","=""a 1D""","=""2""","=""3d6.(3G).4s.4p.(3P*)""","=""1F*""","=""3""",,"=""T5720""","=""L11631""",
"=""363.66488""","=""0.00011""","=""363.664896""","=""0.000019""","=""2570""","=""2.08e+07""","=""8.24e-03""","=""-1.385""",B,"=""3.01725044""","=""6.42557692""","=""3d7.(2P).4s""","=""c 3P""","=""2""","=""3d7.(2H).4p""","=""u 3G*""","=""3""",,"=""T5720""","=""L11631""",
"=""363.69939""","=""0.00004""","=""363.699388""","=""0.000019""","=""10500""","=""1.76e+07""","=""5.00e-03""","=""-1.456""",B,"=""2.58810592""","=""5.99610917""","=""3d6.4s2""","=""b 3F2""","=""3""","=""3d6.(3G).4s.4p.(3P*)""","=""y 5H*""","=""4""",,"=""T5720""","=""L11631""",
"=""363.72484""","=""0.00004""","=""363.724821""","=""0.000019""","=""3800""","=""8.08e+06""","=""1.46e-03""","=""-1.795""",C+,"=""2.43269470""","=""5.84045966""","=""3d6.4s2""","=""a 3H""","=""5""","=""3d6.(3H).4s.4p.(3P*)""","=""z 3H*""","=""4""",,"=""T5720""","=""L11631""",
"=""363.78673""","=""0.00004""","=""363.786514""","=""0.000019""","=""4370""","=""5.3e+07""","=""1.2e-02""","=""-0.97""",D,"=""2.93984587""","=""6.34703293""","=""3d6.(5D).4s.4p.(3P*)""","=""z 7P*""","=""4""","=""3d6.(5D).4s (6D).4d""","=""e 7F""","=""4""",,"=""T2578n""","=""L11631""",
"=""363.82384""","=""0.00011""","=""363.823849""","=""0.000019""","=""1000""","=""3.39e+06""","=""7.48e-04""","=""-2.172""",C,"=""2.72754450""","=""6.13438193""","=""3d7.(2G).4s""","=""a 3G""","=""4""","=""3d6.(3F2).4s.4p.(3P*)""","=""1F*""","=""3""",,"=""T5720""","=""L11631""",
"=""363.82962""","=""0.00004""","=""363.82962""","=""0.00003""","=""33900""","=""2.12e+08""","=""6.02e-02""","=""-0.375""",B+,"=""2.75857762""","=""6.16536100""","=""3d7.(2G).4s""","=""a 3G""","=""3""","=""3d7.(2G).4p""","=""y 3H*""","=""4""",,"=""T5720""","=""L11631""",
"=""364.03883""","=""0.00004""","=""364.038810""","=""0.000019""","=""68000""","=""3.93e+08""","=""8.68e-02""","=""-0.107""",B+,"=""2.72754450""","=""6.13237029""","=""3d7.(2G).4s""","=""a 3G""","=""4""","=""3d7.(2G).4p""","=""v 3G*""","=""5""",,"=""T5720""","=""L11631""",
"=""364.37151""","=""0.00004""","=""364.37150""","=""0.00003""","=""10000""","=""1.83e+07""","=""7.28e-03""","=""-1.439""",B,"=""2.60850194""","=""6.01021907""","=""3d6.4s2""","=""b 3F2""","=""2""","=""3d6.(3G).4s.4p.(3P*)""","=""y 5H*""","=""3""",,"=""T5720""","=""L11631""",
"=""364.47949""","=""0.00011""","=""364.479460""","=""0.000019""","=""1780""","=""4.2e+07""","=""1.2e-02""","=""-1.08""",E,"=""3.24096914""","=""6.64167865""","=""3d6.(5D).4s.4p.(3P*)""","=""z 5D*""","=""3""","=""3d7.(4F).4d""","=""f 5P""","=""2""",,"=""T2578n""","=""L11631""",
"=""364.50745""","=""0.00011""","=""364.507488""","=""0.000019""","=""2450""","=""2.62e+07""","=""5.79e-03""","=""-1.283""",D+,"=""2.85122419""","=""6.25167222""","=""3d6.(5D).4s.4p.(3P*)""","=""z 7F*""","=""4""","=""3d6.(5D).4s (6D).4d""","=""f 5D""","=""4""",,"=""T5720""","=""L11631""",
"=""364.58199""","=""0.00004""","=""364.58200""","=""0.00004""","=""10500""","=""1.46e+08""","=""2.91e-01""","=""-0.536""",C+,"=""3.11096179""","=""6.51071489""","=""3d7.(2P).4s""","=""c 3P""","=""0""","=""3d7.(2P).4p""","=""u 3D*""","=""1""",,"=""T5720""","=""L11631""",
"=""364.74236""","=""0.00004""","=""364.74237""","=""0.00003""","=""6000""","=""1.01e+08""","=""6.74e-02""","=""-0.694""",B,"=""3.07133880""","=""6.46959714""","=""3d7.(2P).4s""","=""c 3P""","=""1""","=""3d7.(2P).4p""","=""1P*""","=""1""",,"=""T5720""","=""L11631""",
"=""364.7843""","=""0.0003""","=""364.784225""","=""0.000019""","=""980000bl*""","=""3.20e+08""","=""7.11e-02""","=""-0.194""",A,"=""0.91460217""","=""4.31247059""","=""3d7.(4F).4s""","=""a 5F""","=""4""","=""3d7.(4F).4p""","=""z 5G*""","=""5""",,"=""T3548""","=""L11631""",
"=""364.93027""","=""0.00004""","=""364.930251""","=""0.000013""","=""16600""","=""3.15e+05""","=""6.99e-05""","=""-3.201""",C+,"=""0.0000000""","=""3.39650880""","=""3d6.4s2""","=""a 5D""","=""4""","=""3d6.(5D).4s.4p.(3P*)""","=""z 5F*""","=""3""",,"=""T5720""","=""L11631""",
"=""364.93329""","=""0.00020""","=""364.933514""","=""0.000019""","=""740""","=""9.17e+06""","=""2.04e-03""","=""-1.737""",D+,"=""3.04686890""","=""6.44334733""","=""3d7.(2G).4s""","=""a 1G""","=""4""","=""3d7.(2P).4p""","=""u 3D*""","=""3""",,"=""T6110""","=""L11631""",
"=""364.95061""","=""0.00004""","=""364.950594""","=""0.000019""","=""85000""","=""3.55e+08""","=""6.44e-02""","=""-0.150""",B,"=""2.69240763""","=""6.08872711""","=""3d7.(2G).4s""","=""a 3G""","=""5""","=""3d7.(2G).4p""","=""w 3F*""","=""4""",,"=""T5720""","=""L11631""",
"=""365.00294""","=""0.00004""","=""365.002947""","=""0.000019""","=""8300""","=""1.58e+08""","=""4.52e-02""","=""-0.500""",B+,"=""2.99804479""","=""6.39387714""","=""3d6.(5D).4s.4p.(3P*)""","=""z 7P*""","=""3""","=""3d6.(5D).4s (6D).4d""","=""e 7S""","=""3""",,"=""T5720""","=""L11631""",
"=""365.0279""","=""0.0003""","=""365.027870""","=""0.000019""","=""34700bl""","=""6.76e+07""","=""1.23e-02""","=""-0.869""",B,"=""2.43269470""","=""5.82829520""","=""3d6.4s2""","=""a 3H""","=""5""","=""3d6.(3H).4s.4p.(3P*)""","=""z 3H*""","=""5""",,"=""T5720""","=""L11631""",
"=""365.10973""","=""0.00020""","=""365.109607""","=""0.000019""","=""630""","=""8.49e+06""","=""1.89e-03""","=""-1.770""",C,"=""2.85122419""","=""6.24606454""","=""3d6.(5D).4s.4p.(3P*)""","=""z 7F*""","=""4""","=""3d6.(5D).4s (6D).4d""","=""f 7D""","=""5""",,"=""T5720""","=""L11631""",
"=""365.14667""","=""0.00004""","=""365.146668""","=""0.000019""","=""87000""","=""5.25e+08""","=""1.50e-01""","=""0.021""",B+,"=""2.75857762""","=""6.15307342""","=""3d7.(2G).4s""","=""a 3G""","=""3""","=""3d7.(2G).4p""","=""v 3G*""","=""4""",,"=""T5720""","=""L11631""",
"=""365.37543""","=""0.00004""","=""365.37543""","=""0.00003""","=""3720""","=""7.96e+06""","=""1.45e-03""","=""-1.798""",C+,"=""2.43269470""","=""5.82506529""","=""3d6.4s2""","=""a 3H""","=""5""","=""3d6.(3H).4s.4p.(3P*)""","=""z 3H*""","=""6""",,"=""T5720""","=""L11631""",
"=""365.46738""","=""0.00020""","=""365.467099""","=""0.000019""","=""339""","=""8.0e+05""","=""5.4e-04""","=""-2.79""",D,"=""2.22271209""","=""5.61423177""","=""3d7.(4P).4s""","=""a 5P""","=""1""","=""3d6.(3P2).4s.4p.(3P*)""","=""x 3D*""","=""2""",,"=""T2578n""","=""L11631""",
"=""365.54647""","=""0.00004""","=""365.546479""","=""0.000019""","=""9300""","=""5.90e+07""","=""2.37e-02""","=""-0.927""",B,"=""2.83159117""","=""6.22237439""","=""3d7.(4P).4s""","=""b 3P""","=""2""","=""3d7.(2P).4p""","=""w 3P*""","=""2""",,"=""T5720""","=""L11631""",
"=""365.71327""","=""0.00011""","=""365.713263""","=""0.000019""","=""1860""","=""6.10e+06""","=""4.07e-03""","=""-1.913""",C+,"=""2.42419831""","=""5.81343520""","=""3d6.4s2""","=""a 3P2""","=""1""","=""3d7.(4P).4p""","=""u 5D*""","=""2""",,"=""T5720""","=""L11631""",
"=""365.78982""","=""0.00011""","=""365.789779""","=""0.000019""","=""1620""","=""2.26e+07""","=""9.08e-03""","=""-1.343""",C+,"=""3.03847046""","=""6.42699840""","=""3d6.(5D).4s.4p.(3P*)""","=""z 7P*""","=""2""","=""3d6.(5D).4s (6D).4d""","=""e 5P""","=""3""",,"=""T5720""","=""L11631""",
"=""365.80200""","=""0.00020""","=""365.80185""","=""0.00003""","=""720""","=""5.07e+06""","=""1.45e-03""","=""-1.993""",C+,"=""3.01762252""","=""6.40603863""","=""3d6.4s2""","=""b 3G""","=""3""","=""3d7.(2H).4p""","=""u 3G*""","=""4""",,"=""T6110""","=""L11631""",
"=""365.95166""","=""0.00004""","=""365.951641""","=""0.000019""","=""29500""","=""5.68e+07""","=""1.27e-02""","=""-0.943""",B,"=""2.45343044""","=""5.84045966""","=""3d6.4s2""","=""a 3H""","=""4""","=""3d6.(3H).4s.4p.(3P*)""","=""z 3H*""","=""4""",,"=""T5720""","=""L11631""",
"=""366.13632""","=""0.00011""","=""366.136227""","=""0.000019""","=""720""","=""2.0e+06""","=""4.5e-04""","=""-2.40""",D,"=""2.45343044""","=""5.83875215""","=""3d6.4s2""","=""a 3H""","=""4""","=""3d6.(3F2).4s.4p.(3P*)""","=""x 3F*""","=""3""",,"=""T2578n""","=""L11631""",
"=""366.32589""","=""0.00011""","=""366.32615""","=""0.00003""","=""1740""","=""9.99e+06""","=""2.24e-03""","=""-1.69""",E,"=""2.99035244""","=""6.37391903""","=""3d6.4s2""","=""b 3G""","=""4""","=""3d6.(3G).4s.4p.(3P*)""","=""x 3H*""","=""4""",,"=""T2578n""","=""L11631""",
"=""366.34511""","=""0.00011""","=""366.345189""","=""0.000019""","=""2000""","=""9.90e+06""","=""2.21e-03""","=""-1.701""",C+,"=""2.55917148""","=""5.94256226""","=""3d6.4s2""","=""b 3F2""","=""4""","=""3d6.(3G).4s.4p.(3P*)""","=""v 5F*""","=""4""",,"=""T5720""","=""L11631""",
"=""366.45371""","=""0.00004""","=""366.453682""","=""0.000019""","=""2690""","=""4.21e+07""","=""1.21e-02""","=""-1.071""",B,"=""2.99804479""","=""6.38043390""","=""3d6.(5D).4s.4p.(3P*)""","=""z 7P*""","=""3""","=""3d6.(5D).4s (6D).4d""","=""f 5F""","=""4""",,"=""T5720""","=""L11631""",
"=""366.46911""","=""0.00011""","=""366.469158""","=""0.000019""","=""1000""","=""6.16e+06""","=""1.77e-03""","=""-1.906""",C,"=""2.99804479""","=""6.38029108""","=""3d6.(5D).4s.4p.(3P*)""","=""z 7P*""","=""3""","=""3d6.(5D).4s (6D).4d""","=""e 7G""","=""3""",,"=""T5720""","=""L11631""",
"=""366.6241""","=""0.0003""","=""366.623984""","=""0.000019""","=""1550bl*""","=""3.48e+07""","=""6.38e-03""","=""-1.154""",C+,"=""2.43269470""","=""5.81351269""","=""3d6.4s2""","=""a 3H""","=""5""","=""3d6.(3F2).4s.4p.(3P*)""","=""x 3F*""","=""4""",,"=""T5720""","=""L11631""",
"=""366.72529""","=""0.00004""","=""366.725284""","=""0.000019""","=""3890""","=""9.1e+07""","=""2.0e-02""","=""-0.74""",D,"=""3.21118938""","=""6.59107351""","=""3d6.(5D).4s.4p.(3P*)""","=""z 5D*""","=""4""","=""3d7.(4F).4d""","=""f 5P""","=""3""",,"=""T2578n""","=""L11631""",
"=""366.8210""","=""0.0003""","=""366.820959""","=""0.000019""","=""1260bl""","=""2.9e+07""","=""8.3e-03""","=""-1.23""",E,"=""3.24096914""","=""6.61997175""","=""3d6.(5D).4s.4p.(3P*)""","=""z 5D*""","=""3""","=""3d7.(4F).4d""","=""g 5F""","=""4""",,"=""T2578n""","=""L11631""",
"=""366.88919""","=""0.00020""","=""366.888918""","=""0.000019""","=""407""","=""1.9e+06""","=""5.4e-04""","=""-2.42""",E,"=""2.58810592""","=""5.96648265""","=""3d6.4s2""","=""b 3F2""","=""3""","=""3d6.(3G).4s.4p.(3P*)""","=""v 5F*""","=""3""",,"=""T2578n""","=""L11631""",
"=""366.91516""","=""0.00004""","=""366.915230""","=""0.000019""","=""7800""","=""5.62e+07""","=""1.26e-02""","=""-0.94""",D,"=""2.99035244""","=""6.36848691""","=""3d6.4s2""","=""b 3G""","=""4""","=""3d7.(2D2).4p""","=""v 3F*""","=""3""",,"=""T2578n""","=""L11631""",
"=""366.95209""","=""0.00004""","=""366.952079""","=""0.000019""","=""42700""","=""1.64e+08""","=""3.67e-02""","=""-0.481""",B,"=""2.72754450""","=""6.10533975""","=""3d7.(2G).4s""","=""a 3G""","=""4""","=""3d7.(2G).4p""","=""w 3F*""","=""3""",,"=""T5720""","=""L11631""",
"=""367.00241""","=""0.00004""","=""367.002435""","=""0.000019""","=""6500""","=""4.30e+07""","=""2.90e-02""","=""-1.061""",B,"=""2.84504259""","=""6.22237439""","=""3d7.(4P).4s""","=""b 3P""","=""1""","=""3d7.(2P).4p""","=""w 3P*""","=""2""",,"=""T5720""","=""L11631""",
"=""367.00881""","=""0.00004""","=""367.00884""","=""0.00003""","=""26300""","=""9.36e+07""","=""1.72e-02""","=""-0.72""",D+,"=""2.94879294""","=""6.32606584""","=""3d6.4s2""","=""b 3G""","=""5""","=""3d6.(3G).4s.4p.(3P*)""","=""x 3H*""","=""6""",,"=""T2491n""","=""L11631""",
"=""367.08072""","=""0.00011""","=""367.08069""","=""0.00003""","=""1510""","=""5.49e+06""","=""1.11e-02""","=""-1.955""",C+,"=""2.48437256""","=""5.86098438""","=""3d6.4s2""","=""a 3P2""","=""0""","=""3d7.(4P).4p""","=""w 3D*""","=""1""",,"=""T5720""","=""L11631""",
"=""367.16876""","=""0.00011""","=""367.168501""","=""0.000019""","=""780""","=""4.53e+06""","=""1.31e-03""","=""-2.038""",C+,"=""2.75857762""","=""6.13438193""","=""3d7.(2G).4s""","=""a 3G""","=""3""","=""3d6.(3F2).4s.4p.(3P*)""","=""1F*""","=""3""",,"=""T5720""","=""L11631""",
"=""367.27072""","=""0.00011""","=""367.270722""","=""0.000019""","=""2040""","=""3.83e+06""","=""8.61e-04""","=""-2.111""",C+,"=""2.45343044""","=""5.82829520""","=""3d6.4s2""","=""a 3H""","=""4""","=""3d6.(3H).4s.4p.(3P*)""","=""z 3H*""","=""5""",,"=""T5720""","=""L11631""",
"=""367.47634""","=""0.00004""","=""367.476335""","=""0.000019""","=""3980""","=""2.37e+07""","=""9.62e-03""","=""-1.318""",B,"=""2.83159117""","=""6.20456765""","=""3d7.(4P).4s""","=""b 3P""","=""2""","=""3d7.(2P).4p""","=""w 3P*""","=""1""",,"=""T5720""","=""L11631""",
"=""367.63107""","=""0.00004""","=""367.631068""","=""0.000019""","=""26900""","=""5.09e+07""","=""1.15e-02""","=""-0.986""",C+,"=""2.55917148""","=""5.93072834""","=""3d6.4s2""","=""b 3F2""","=""4""","=""3d6.(3F2).4s.4p.(3P*)""","=""x 3G*""","=""5""",,"=""T4293""","=""L11631""",
"=""367.68723""","=""0.00011""","=""367.687277""","=""0.000019""","=""690""","=""1.2e+07""","=""3.5e-03""","=""-1.60""",D,"=""2.99804479""","=""6.36908625""","=""3d6.(5D).4s.4p.(3P*)""","=""z 7P*""","=""3""","=""3d6.(5D).4s (6D).4d""","=""e 5G""","=""2""",,"=""T2578n""","=""L11631""",
"=""367.73059""","=""0.00004""","=""367.73056""","=""0.00003""","=""7900""","=""1.60e+08""","=""6.47e-02""","=""-0.490""",C+,"=""3.54652001""","=""6.91716472""","=""3d7.(2D2).4s""","=""a 1D""","=""2""","=""3d6.(1G2).4s.4p.(3P*)""","=""s 3G*""","=""3""",,"=""T5720""","=""L11631""",
"=""367.76274""","=""0.00004""","=""367.76277""","=""0.00003""","=""58000""","=""3.04e+08""","=""8.81e-02""","=""-0.210""",B,"=""2.75857762""","=""6.12892712""","=""3d7.(2G).4s""","=""a 3G""","=""3""","=""3d7.(2G).4p""","=""w 3F*""","=""2""",,"=""T5720""","=""L11631""",
"=""367.88601""","=""0.00004""","=""367.886005""","=""0.000019""","=""7200""","=""2.30e+07""","=""1.55e-02""","=""-1.332""",B,"=""2.42419831""","=""5.79341882""","=""3d6.4s2""","=""a 3P2""","=""1""","=""3d6.(3P2).4s.4p.(3P*)""","=""y 3P*""","=""2""",,"=""T5720""","=""L11631""",
"=""""","=""""","=""367.899747""","=""0.000019""","=""""","=""2.17e+06""","=""8.80e-04""","=""-2.357""",C+,"=""2.27860466""","=""5.64769932""","=""3d6.4s2""","=""a 3P2""","=""2""","=""3d6.(3P2).4s.4p.(3P*)""","=""x 3D*""","=""1""",,"=""T5720""","=""""",
"=""367.99131""","=""0.00004""","=""367.991309""","=""0.000014""","=""910000""","=""1.24e+07""","=""2.80e-03""","=""-1.599""",A,"=""0.0000000""","=""3.36825640""","=""3d6.4s2""","=""a 5D""","=""4""","=""3d6.(5D).4s.4p.(3P*)""","=""z 5F*""","=""4""",,"=""T3547""","=""L11631""",
"=""368.16437""","=""0.00011""","=""368.164385""","=""0.000019""","=""790""","=""1.50e+07""","=""4.36e-03""","=""-1.515""",C,"=""2.99804479""","=""6.36471779""","=""3d6.(5D).4s.4p.(3P*)""","=""z 7P*""","=""3""","=""3d6.(5D).4s (6D).4d""","=""e 7G""","=""4""",,"=""T5720""","=""L11631""",
"=""368.21673""","=""0.00004""","=""368.216716""","=""0.000019""","=""2240""","=""5.20e+07""","=""1.51e-02""","=""-0.976""",B,"=""2.99804479""","=""6.36423934""","=""3d6.(5D).4s.4p.(3P*)""","=""z 7P*""","=""3""","=""3d6.(5D).4s (6D).4d""","=""e 7F""","=""2""",,"=""T5720""","=""L11631""",
"=""368.2244""","=""0.0003""","=""368.22445""","=""0.00004""","=""14500bl""","=""7.5e+08""","=""3.1e-01""","=""0.20""",C+,"=""3.54652001""","=""6.9126439""","=""3d7.(2D2).4s""","=""a 1D""","=""2""","=""3d7.(2D2).4p""","=""w 1D*""","=""2""",,"=""T2491n""","=""L11631""",
"=""368.30545""","=""0.00004""","=""368.305437""","=""0.000019""","=""62000""","=""1.32e+06""","=""3.85e-04""","=""-2.570""",B+,"=""0.05156912""","=""3.41695281""","=""3d6.4s2""","=""a 5D""","=""3""","=""3d6.(5D).4s.4p.(3P*)""","=""z 5F*""","=""2""",,"=""T5720""","=""L11631""",
"=""368.41074""","=""0.00004""","=""368.410722""","=""0.000019""","=""45700""","=""2.08e+08""","=""4.70e-02""","=""-0.374""",B,"=""2.72754450""","=""6.09196644""","=""3d7.(2G).4s""","=""a 3G""","=""4""","=""3d6.(3F2).4s.4p.(3P*)""","=""v 3D*""","=""3""",,"=""T5720""","=""L11631""",
"=""368.41374""","=""0.00004""","=""368.41374""","=""0.00003""","=""3090""","=""6.50e+07""","=""1.47e-02""","=""-0.878""",B,"=""3.30140276""","=""6.66579718""","=""3d7.(2H).4s""","=""b 3H""","=""4""","=""3d7.(2D2).4p""","=""x 1F*""","=""3""",,"=""T5720""","=""L11631""",
"=""368.59969""","=""0.00004""","=""368.599687""","=""0.000019""","=""24000""","=""3.67e+08""","=""8.31e-02""","=""-0.126""",B,"=""2.93984587""","=""6.30254306""","=""3d6.(5D).4s.4p.(3P*)""","=""z 7P*""","=""4""","=""3d6.(5D).4s (6D).4d""","=""e 7F""","=""5""",,"=""T5720""","=""L11631""",
"=""368.62577""","=""0.00004""","=""368.62578""","=""0.00004""","=""4570""","=""1.3e+07""","=""9.1e-03""","=""-1.56""",E,"=""2.42419831""","=""5.7866575""","=""3d6.4s2""","=""a 3P2""","=""1""","=""3d6.(3P2).4s.4p.(3P*)""","=""y 3P*""","=""0""",,"=""T2578n""","=""L11631""",
"=""368.70969""","=""0.00004""","=""368.709642""","=""0.000019""","=""5600""","=""8.60e+06""","=""2.51e-03""","=""-1.756""",B,"=""2.17594512""","=""5.53763954""","=""3d7.(4P).4s""","=""a 5P""","=""3""","=""3d6.(3F2).4s.4p.(3P*)""","=""v 5D*""","=""2""",,"=""T5720""","=""L11631""",
"=""368.74564""","=""0.00004""","=""368.745628""","=""0.000019""","=""355000""","=""7.20e+07""","=""1.34e-02""","=""-0.833""",A,"=""0.85899575""","=""4.22036211""","=""3d7.(4F).4s""","=""a 5F""","=""5""","=""3d7.(4F).4p""","=""y 5F*""","=""4""",,"=""T3548""","=""L11631""",
"=""368.76578""","=""0.00004""","=""368.765787""","=""0.000019""","=""16200""","=""6.64e+07""","=""1.51e-02""","=""-0.868""",B,"=""2.72754450""","=""6.08872711""","=""3d7.(2G).4s""","=""a 3G""","=""4""","=""3d7.(2G).4p""","=""w 3F*""","=""4""",,"=""T5720""","=""L11631""",
"=""368.84602""","=""0.00004""","=""368.846062""","=""0.000019""","=""2690""","=""6.6e+07""","=""1.9e-02""","=""-0.87""",D,"=""3.25148176""","=""6.61193286""","=""3d7.(2D2).4s""","=""a 3D""","=""3""","=""3d7.(4F).5p""","=""3F*""","=""4""",,"=""T2578n""","=""L11631""",
"=""368.93687""","=""0.00011""","=""368.936992""","=""0.000019""","=""1150""","=""1.83e+07""","=""7.48e-03""","=""-1.427""",C+,"=""3.03847046""","=""6.39809335""","=""3d6.(5D).4s.4p.(3P*)""","=""z 7P*""","=""2""","=""3d6.(5D).4s (6D).4d""","=""f 5F""","=""3""",,"=""T5720""","=""L11631""",
"=""368.94579""","=""0.00004""","=""368.945775""","=""0.000019""","=""20900""","=""3.33e+08""","=""7.55e-02""","=""-0.168""",B+,"=""2.93984587""","=""6.29938878""","=""3d6.(5D).4s.4p.(3P*)""","=""z 7P*""","=""4""","=""3d6.(5D).4s (6D).4d""","=""f 7D""","=""4""",,"=""T5720""","=""L11631""",
"=""369.04545""","=""0.00011""","=""369.04547""","=""0.00004""","=""1700""","=""3.66e+07""","=""7.46e-02""","=""-1.127""",C+,"=""3.11096179""","=""6.46959714""","=""3d7.(2P).4s""","=""c 3P""","=""0""","=""3d7.(2P).4p""","=""1P*""","=""1""",,"=""T5720""","=""L11631""",
"=""369.07264""","=""0.00004""","=""369.07268""","=""0.00003""","=""9100""","=""3.29e+08""","=""6.10e-02""","=""-0.173""",B,"=""3.57321890""","=""6.93160665""","=""3d7.(2H).4s""","=""a 1H""","=""5""","=""3d7.(2H).4p""","=""1H*""","=""5""",,"=""T5720""","=""L11631""",
"=""369.3026""","=""0.0003""","=""369.30265""","=""0.00003""","=""3470bl""","=""1.84e+07""","=""5.37e-03""","=""-1.42""",D,"=""3.01762252""","=""6.37391903""","=""3d6.4s2""","=""b 3G""","=""3""","=""3d6.(3G).4s.4p.(3P*)""","=""x 3H*""","=""4""",,"=""T2578n""","=""L11631""",
"=""369.40058""","=""0.00004""","=""369.400589""","=""0.000019""","=""30900""","=""5.84e+08""","=""2.39e-01""","=""0.078""",B+,"=""3.03847046""","=""6.39387714""","=""3d6.(5D).4s.4p.(3P*)""","=""z 7P*""","=""2""","=""3d6.(5D).4s (6D).4d""","=""e 7S""","=""3""",,"=""T5720""","=""L11631""",
"=""369.5051""","=""0.0003""","=""369.505245""","=""0.000019""","=""33900bl*""","=""1.81e+08""","=""5.29e-02""","=""-0.431""",B,"=""2.58810592""","=""5.94256226""","=""3d6.4s2""","=""b 3F2""","=""3""","=""3d6.(3G).4s.4p.(3P*)""","=""v 5F*""","=""4""",,"=""T5720""","=""L11631""",
"=""369.55143""","=""0.00020""","=""369.551496""","=""0.000019""","=""500""","=""1.13e+06""","=""2.56e-04""","=""-2.637""",D+,"=""2.55917148""","=""5.91320801""","=""3d6.4s2""","=""b 3F2""","=""4""","=""3d6.(3G).4s.4p.(3P*)""","=""w 5G*""","=""3""",,"=""T5720""","=""L11631""",
"=""369.74252""","=""0.00004""","=""369.742522""","=""0.000019""","=""8900""","=""1.36e+08""","=""3.98e-02""","=""-0.555""",B+,"=""2.99804479""","=""6.35034852""","=""3d6.(5D).4s.4p.(3P*)""","=""z 7P*""","=""3""","=""3d6.(5D).4s (6D).4d""","=""e 5G""","=""3""",,"=""T5720""","=""L11631""",
"=""369.86026""","=""0.00004""","=""369.860275""","=""0.000019""","=""3800""","=""2.5e+07""","=""1.0e-02""","=""-1.28""",D,"=""3.01725044""","=""6.36848691""","=""3d7.(2P).4s""","=""c 3P""","=""2""","=""3d7.(2D2).4p""","=""v 3F*""","=""3""",,"=""T2491n""","=""L11631""",
"=""369.91384""","=""0.00011""","=""369.913924""","=""0.000019""","=""1150""","=""3.4e+07""","=""1.4e-02""","=""-1.15""",D,"=""3.01725044""","=""6.36800089""","=""3d7.(2P).4s""","=""c 3P""","=""2""","=""3d6.(5D).4s (6D).5p""","=""t 5D*""","=""3""",,"=""T2491n""","=""L11631""",
"=""370.10860""","=""0.00004""","=""370.108586""","=""0.000019""","=""31600""","=""5.72e+08""","=""1.68e-01""","=""0.070""",B+,"=""2.99804479""","=""6.34703293""","=""3d6.(5D).4s.4p.(3P*)""","=""z 7P*""","=""3""","=""3d6.(5D).4s (6D).4d""","=""e 7F""","=""4""",,"=""T5720""","=""L11631""",
"=""370.20291""","=""0.00004""","=""370.20292""","=""0.00003""","=""5500""","=""3.7e+07""","=""2.5e-02""","=""-1.12""",D+,"=""2.84504259""","=""6.19317735""","=""3d7.(4P).4s""","=""b 3P""","=""1""","=""3d7.(2P).4p""","=""w 3P*""","=""0""",,"=""T2491n""","=""L11631""",
"=""370.24917""","=""0.00004""","=""370.24918""","=""0.00003""","=""2950""","=""2.89e+06""","=""8.49e-04""","=""-2.226""",C+,"=""2.17594512""","=""5.52366156""","=""3d7.(4P).4s""","=""a 5P""","=""3""","=""3d6.(3F2).4s.4p.(3P*)""","=""w 5F*""","=""3""",,"=""T5720""","=""L11631""",
"=""370.35476""","=""0.00004""","=""370.354760""","=""0.000019""","=""7800""","=""2.69e+07""","=""7.91e-03""","=""-1.257""",B,"=""2.75857762""","=""6.10533975""","=""3d7.(2G).4s""","=""a 3G""","=""3""","=""3d7.(2G).4p""","=""w 3F*""","=""3""",,"=""T5720""","=""L11631""",
"=""370.36906""","=""0.00004""","=""370.369071""","=""0.000019""","=""5200""","=""6.94e+07""","=""1.59e-02""","=""-0.845""",C+,"=""2.93984587""","=""6.28647868""","=""3d6.(5D).4s.4p.(3P*)""","=""z 7P*""","=""4""","=""3d6.(5D).4s (6D).4d""","=""e 5G""","=""5""",,"=""T5720""","=""L11631""",
"=""370.38210""","=""0.00004""","=""370.382121""","=""0.000019""","=""5600""","=""3.06e+07""","=""6.30e-02""","=""-1.201""",B,"=""2.85805275""","=""6.20456765""","=""3d7.(4P).4s""","=""b 3P""","=""0""","=""3d7.(2P).4p""","=""w 3P*""","=""1""",,"=""T5720""","=""L11631""",
"=""370.40138""","=""0.00011""","=""370.401402""","=""0.000019""","=""1150""","=""8.5e+06""","=""5.7e-03""","=""-1.77""",E,"=""3.07133880""","=""6.41767950""","=""3d7.(2P).4s""","=""c 3P""","=""1""","=""3d6.(3H).4s.4p.(3P*)""","=""x 1D*""","=""2""",,"=""T2578n""","=""L11631""",
"=""370.44610""","=""0.00004""","=""370.446079""","=""0.000019""","=""34700""","=""1.28e+08""","=""2.39e-02""","=""-0.580""",B,"=""2.69240763""","=""6.03834476""","=""3d7.(2G).4s""","=""a 3G""","=""5""","=""3d6.(3H).4s.4p.(3P*)""","=""y 1G*""","=""4""",,"=""T5720""","=""L11631""",
"=""370.55658""","=""0.00004""","=""370.556548""","=""0.000019""","=""1290000""","=""2.25e+07""","=""6.62e-03""","=""-1.334""",A,"=""0.05156912""","=""3.39650880""","=""3d6.4s2""","=""a 5D""","=""3""","=""3d6.(5D).4s.4p.(3P*)""","=""z 5F*""","=""3""",,"=""T3547""","=""L11631""",
"=""370.74563""","=""0.00004""","=""370.745562""","=""0.000020""","=""2240""","=""8.79e+06""","=""2.01e-03""","=""-1.742""",C,"=""2.55917148""","=""5.90240588""","=""3d6.4s2""","=""b 3F2""","=""4""","=""3d6.(3G).4s.4p.(3P*)""","=""v 5F*""","=""5""",,"=""T5720""","=""L11631""",
"=""370.78218""","=""0.00004""","=""370.782181""","=""0.000020""","=""81000""","=""1.90e+06""","=""7.83e-04""","=""-2.407""",B,"=""0.08728574""","=""3.43018998""","=""3d6.4s2""","=""a 5D""","=""2""","=""3d6.(5D).4s.4p.(3P*)""","=""z 5F*""","=""1""",,"=""T5720""","=""L11631""",
"=""370.79196""","=""0.00004""","=""370.791945""","=""0.000020""","=""93000""","=""1.66e+08""","=""4.89e-02""","=""-0.466""",B+,"=""2.17594512""","=""5.51876133""","=""3d7.(4P).4s""","=""a 5P""","=""3""","=""3d7.(4P).4p""","=""y 5S*""","=""2""",,"=""T5720""","=""L11631""",
"=""370.86023""","=""0.00011""","=""370.860172""","=""0.000020""","=""1350""","=""4.05e+06""","=""1.19e-03""","=""-2.078""",D+,"=""2.58810592""","=""5.93030716""","=""3d6.4s2""","=""b 3F2""","=""3""","=""3d6.(3G).4s.4p.(3P*)""","=""w 5G*""","=""2""",,"=""T5720""","=""L11631""",
"=""370.92461""","=""0.00004""","=""370.924612""","=""0.000020""","=""398000""","=""1.09e+08""","=""2.51e-02""","=""-0.646""",A,"=""0.91460217""","=""4.25622280""","=""3d7.(4F).4s""","=""a 5F""","=""4""","=""3d7.(4F).4p""","=""y 5F*""","=""3""",,"=""T3548""","=""L11631""",
"=""370.96651""","=""0.00004""","=""370.966593""","=""0.000020""","=""3020""","=""8.56e+06""","=""1.96e-03""","=""-1.753""",C+,"=""2.55917148""","=""5.90041395""","=""3d6.4s2""","=""b 3F2""","=""4""","=""3d6.(3G).4s.4p.(3P*)""","=""w 5G*""","=""4""",,"=""T5720""","=""L11631""",
"=""371.12224""","=""0.00004""","=""371.122240""","=""0.000020""","=""14100""","=""3.26e+07""","=""9.61e-03""","=""-1.172""",B,"=""2.58810592""","=""5.92794713""","=""3d6.4s2""","=""b 3F2""","=""3""","=""3d6.(3F2).4s.4p.(3P*)""","=""x 3G*""","=""4""",,"=""T5720""","=""L11631""",
"=""371.14080""","=""0.00004""","=""371.140799""","=""0.000020""","=""4270""","=""6.40e+07""","=""4.40e-02""","=""-0.879""",B,"=""3.07133880""","=""6.41101300""","=""3d7.(2P).4s""","=""c 3P""","=""1""","=""3d7.(2P).4p""","=""y 1D*""","=""2""",,"=""T5720""","=""L11631""",
"=""371.59113""","=""0.00004""","=""371.591113""","=""0.000020""","=""7600""","=""1.30e+07""","=""5.40e-03""","=""-1.569""",B,"=""2.27860466""","=""5.61423177""","=""3d6.4s2""","=""a 3P2""","=""2""","=""3d6.(3P2).4s.4p.(3P*)""","=""x 3D*""","=""2""",,"=""T4187""","=""L11631""",
"=""371.64419""","=""0.00004""","=""371.644188""","=""0.000020""","=""19100""","=""2.44e+08""","=""5.62e-02""","=""-0.296""",B,"=""2.93984587""","=""6.27499663""","=""3d6.(5D).4s.4p.(3P*)""","=""z 7P*""","=""4""","=""3d6.(5D).4s (6D).4d""","=""e 7P""","=""3""",,"=""T5720""","=""L11631""",
"=""371.84062""","=""0.00004""","=""371.840634""","=""0.000020""","=""8500""","=""3.62e+07""","=""1.07e-02""","=""-1.125""",B,"=""2.75857762""","=""6.09196644""","=""3d7.(2G).4s""","=""a 3G""","=""3""","=""3d6.(3F2).4s.4p.(3P*)""","=""v 3D*""","=""3""",,"=""T5720""","=""L11631""",
"=""371.99345""","=""0.00004""","=""371.993444""","=""0.000014""","=""r""","=""1.78e+08""","=""4.11e-02""","=""-0.432""",A,"=""0.0000000""","=""3.33201954""","=""3d6.4s2""","=""a 5D""","=""4""","=""3d6.(5D).4s.4p.(3P*)""","=""z 5F*""","=""5""",,"=""T5720,T3957,T6116""","=""L11631""",
"=""372.1272""","=""0.0003""","=""372.127166""","=""0.000020""","=""6600bl*""","=""7.85e+06""","=""2.33e-03""","=""-1.788""",C+,"=""2.17594512""","=""5.50676735""","=""3d7.(4P).4s""","=""a 5P""","=""3""","=""3d6.(3F2).4s.4p.(3P*)""","=""w 5F*""","=""4""",,"=""T5720""","=""L11631""",
"=""372.13932""","=""0.00004""","=""372.13932""","=""0.00003""","=""2750""","=""2.02e+07""","=""4.19e-02""","=""-1.378""",B,"=""2.48437256""","=""5.81508605""","=""3d6.4s2""","=""a 3P2""","=""0""","=""3d6.(3P2).4s.4p.(3P*)""","=""y 3P*""","=""1""",,"=""T5720""","=""L11631""",
"=""372.15025""","=""0.00004""","=""372.150232""","=""0.000020""","=""4900""","=""9.70e+07""","=""4.03e-02""","=""-0.696""",C+,"=""3.03847046""","=""6.36908625""","=""3d6.(5D).4s.4p.(3P*)""","=""z 7P*""","=""2""","=""3d6.(5D).4s (6D).4d""","=""e 5G""","=""2""",,"=""T5720""","=""L11631""",
"=""372.20239""","=""0.00011""","=""372.202343""","=""0.000020""","=""1380""","=""6.08e+06""","=""1.81e-03""","=""-1.898""",C+,"=""2.75857762""","=""6.08872711""","=""3d7.(2G).4s""","=""a 3G""","=""3""","=""3d7.(2G).4p""","=""w 3F*""","=""4""",,"=""T5720""","=""L11631""",
"=""372.25627""","=""0.00004""","=""372.256272""","=""0.000020""","=""1290000""","=""2.48e+07""","=""1.03e-02""","=""-1.287""",A,"=""0.08728574""","=""3.41695281""","=""3d6.4s2""","=""a 5D""","=""2""","=""3d6.(5D).4s.4p.(3P*)""","=""z 5F*""","=""2""",,"=""T3547""","=""L11631""",
"=""372.43767""","=""0.00004""","=""372.437686""","=""0.000020""","=""40700""","=""7.28e+07""","=""3.03e-02""","=""-0.820""",B+,"=""2.27860466""","=""5.60664989""","=""3d6.4s2""","=""a 3P2""","=""2""","=""3d6.(3P2).4s.4p.(3P*)""","=""x 3D*""","=""3""",,"=""T5720""","=""L11631""",
"=""372.54906""","=""0.00004""","=""372.54908""","=""0.00003""","=""2570""","=""1.5e+07""","=""3.6e-03""","=""-1.49""",D,"=""3.04686890""","=""6.37391903""","=""3d7.(2G).4s""","=""a 1G""","=""4""","=""3d6.(3G).4s.4p.(3P*)""","=""x 3H*""","=""4""",,"=""T2491n""","=""L11631""",
"=""372.68958""","=""0.00004""","=""372.68966""","=""0.00003""","=""2880""","=""3.70e+06""","=""1.54e-03""","=""-2.113""",B,"=""2.19786640""","=""5.52366156""","=""3d7.(4P).4s""","=""a 5P""","=""2""","=""3d6.(3F2).4s.4p.(3P*)""","=""w 5F*""","=""3""",,"=""T5720""","=""L11631""",
"=""372.69263""","=""0.00004""","=""372.692610""","=""0.000020""","=""11700""","=""2.28e+08""","=""9.53e-02""","=""-0.322""",B+,"=""3.03847046""","=""6.36423934""","=""3d6.(5D).4s.4p.(3P*)""","=""z 7P*""","=""2""","=""3d6.(5D).4s (6D).4d""","=""e 7F""","=""2""",,"=""T5720""","=""L11631""",
"=""372.70922""","=""0.00011""","=""372.709201""","=""0.000020""","=""7800""","=""1.20e+08""","=""2.77e-02""","=""-0.603""",C+,"=""2.93984587""","=""6.26546671""","=""3d6.(5D).4s.4p.(3P*)""","=""z 7P*""","=""4""","=""3d6.(5D).4s (6D).4d""","=""f 5D""","=""3""",,"=""T5720""","=""L11631""",
"=""372.76188""","=""0.00004""","=""372.761872""","=""0.000020""","=""355000""","=""1.12e+08""","=""3.34e-02""","=""-0.631""",A,"=""0.95815732""","=""4.28330826""","=""3d7.(4F).4s""","=""a 5F""","=""3""","=""3d7.(4F).4p""","=""y 5F*""","=""2""",,"=""T3548""","=""L11631""",
"=""372.76735""","=""0.00004""","=""372.767349""","=""0.000020""","=""5500""","=""1.54e+07""","=""4.58e-03""","=""-1.494""",C+,"=""2.58810592""","=""5.91320801""","=""3d6.4s2""","=""b 3F2""","=""3""","=""3d6.(3G).4s.4p.(3P*)""","=""w 5G*""","=""3""",,"=""T5720""","=""L11631""",
"=""372.78089""","=""0.00004""","=""372.780888""","=""0.000020""","=""6500""","=""9.55e+07""","=""2.84e-02""","=""-0.701""",B+,"=""2.99804479""","=""6.32302612""","=""3d6.(5D).4s.4p.(3P*)""","=""z 7P*""","=""3""","=""3d6.(5D).4s (6D).4d""","=""f 7D""","=""2""",,"=""T5720""","=""L11631""",
"=""372.86678""","=""0.00004""","=""372.866759""","=""0.000020""","=""5400""","=""1.17e+07""","=""2.71e-03""","=""-1.613""",B,"=""2.55917148""","=""5.88338708""","=""3d6.4s2""","=""b 3F2""","=""4""","=""3d7.(2G).4p""","=""z 1G*""","=""4""",,"=""T5720""","=""L11631""",
"=""373.03861""","=""0.00004""","=""373.038621""","=""0.000020""","=""12900""","=""1.07e+08""","=""2.48e-02""","=""-0.651""",B,"=""3.04686890""","=""6.36955305""","=""3d7.(2G).4s""","=""a 1G""","=""4""","=""3d7.(2H).4p""","=""u 3G*""","=""5""",,"=""T5720""","=""L11631""",
"=""373.04602""","=""0.00004""","=""373.046110""","=""0.000020""","=""2340""","=""2.78e+07""","=""8.30e-03""","=""-1.236""",B,"=""2.99804479""","=""6.32066224""","=""3d6.(5D).4s.4p.(3P*)""","=""z 7P*""","=""3""","=""3d6.(5D).4s (6D).4d""","=""e 5G""","=""4""",,"=""T5720""","=""L11631""",
"=""373.09460""","=""0.00004""","=""373.09460""","=""0.00003""","=""14800""","=""2.45e+07""","=""1.02e-02""","=""-1.291""",B+,"=""2.60850194""","=""5.93068755""","=""3d6.4s2""","=""b 3F2""","=""2""","=""3d6.(3F2).4s.4p.(3P*)""","=""x 3G*""","=""3""",,"=""T5720""","=""L11631""",
"=""373.13734""","=""0.00004""","=""373.137327""","=""0.000020""","=""7400""","=""1.68e+07""","=""7.05e-03""","=""-1.453""",B,"=""2.60850194""","=""5.93030716""","=""3d6.4s2""","=""b 3F2""","=""2""","=""3d6.(3G).4s.4p.(3P*)""","=""w 5G*""","=""2""",,"=""T4293""","=""L11631""",
"=""373.23961""","=""0.00004""","=""373.239610""","=""0.000020""","=""74000""","=""1.34e+08""","=""5.62e-02""","=""-0.551""",B+,"=""2.19786640""","=""5.51876133""","=""3d7.(4P).4s""","=""a 5P""","=""2""","=""3d7.(4P).4p""","=""y 5S*""","=""2""",,"=""T5720""","=""L11631""",
"=""373.33173""","=""0.00004""","=""373.331716""","=""0.000020""","=""1000000""","=""1.94e+07""","=""1.35e-02""","=""-1.391""",B+,"=""0.11011433""","=""3.43018998""","=""3d6.4s2""","=""a 5D""","=""1""","=""3d6.(5D).4s.4p.(3P*)""","=""z 5F*""","=""1""",,"=""T5720""","=""L11631""",
"=""373.48636""","=""0.00004""","=""373.486354""","=""0.000020""","=""r""","=""9.91e+08""","=""1.89e-01""","=""0.317""",A,"=""0.85899575""","=""4.17769679""","=""3d7.(4F).4s""","=""a 5F""","=""5""","=""3d7.(4F).4p""","=""y 5F*""","=""5""",,"=""T3548""","=""L11631""",
"=""373.53235""","=""0.00004""","=""373.532365""","=""0.000020""","=""17400""","=""2.43e+08""","=""5.65e-02""","=""-0.294""",B,"=""2.93984587""","=""6.25813812""","=""3d6.(5D).4s.4p.(3P*)""","=""z 7P*""","=""4""","=""3d6.(5D).4s (6D).4d""","=""e 7P""","=""4""",,"=""T5720""","=""L11631""",
"=""373.71313""","=""0.00004""","=""373.713125""","=""0.000020""","=""r""","=""1.27e+08""","=""3.81e-02""","=""-0.574""",A,"=""0.05156912""","=""3.36825640""","=""3d6.4s2""","=""a 5D""","=""3""","=""3d6.(5D).4s.4p.(3P*)""","=""z 5F*""","=""4""",,"=""T3547""","=""L11631""",
"=""373.83049""","=""0.00004""","=""373.83049""","=""0.00003""","=""34700""","=""4.47e+08""","=""8.52e-02""","=""-0.028""",B,"=""3.26711257""","=""6.58275864""","=""3d7.(2H).4s""","=""b 3H""","=""5""","=""3d7.(2H).4p""","=""1I*""","=""6""",,"=""T5720""","=""L11631""",
"=""373.91156""","=""0.00011""","=""373.911527""","=""0.000020""","=""1510""","=""2.26e+06""","=""1.58e-03""","=""-2.325""",C+,"=""2.22271209""","=""5.53763954""","=""3d7.(4P).4s""","=""a 5P""","=""1""","=""3d6.(3F2).4s.4p.(3P*)""","=""v 5D*""","=""2""",,"=""T5720""","=""L11631""",
"=""373.93139""","=""0.00011""","=""373.93139""","=""0.00003""","=""1660""","=""2.6e+06""","=""7.9e-04""","=""-2.25""",E,"=""2.17594512""","=""5.49069652""","=""3d7.(4P).4s""","=""a 5P""","=""3""","=""3d6.(3F2).4s.4p.(3P*)""","=""w 5F*""","=""2""",,"=""T2578n""","=""L11631""",
"=""374.02392""","=""0.00004""","=""374.023905""","=""0.000020""","=""5400""","=""1.2e+08""","=""3.4e-02""","=""-0.62""",D,"=""3.25148176""","=""6.56541325""","=""3d7.(2D2).4s""","=""a 3D""","=""3""","=""3d6.(3G).4s.4p.(3P*)""","=""3F*""","=""4""",,"=""T2491n""","=""L11631""",
"=""374.26163""","=""0.00004""","=""374.261655""","=""0.000020""","=""6900""","=""6.08e+07""","=""1.42e-02""","=""-0.894""",B,"=""2.93984587""","=""6.25167222""","=""3d6.(5D).4s.4p.(3P*)""","=""z 7P*""","=""4""","=""3d6.(5D).4s (6D).4d""","=""f 5D""","=""4""",,"=""T5720""","=""L11631""",
"=""374.33619""","=""0.00004""","=""374.336183""","=""0.000020""","=""245000""","=""7.80e+07""","=""3.28e-02""","=""-0.785""",A,"=""0.99011115""","=""4.30127816""","=""3d7.(4F).4s""","=""a 5F""","=""2""","=""3d7.(4F).4p""","=""y 5F*""","=""1""",,"=""T3548""","=""L11631""",
"=""374.34680""","=""0.00004""","=""374.34677""","=""0.00003""","=""26300""","=""6.66e+08""","=""1.27e-01""","=""0.146""",B+,"=""3.57321890""","=""6.88429230""","=""3d7.(2H).4s""","=""a 1H""","=""5""","=""3d6.(1G2).4s.4p.(3P*)""","=""v 3H*""","=""5""",,"=""T5720""","=""L11631""",
"=""374.37763""","=""0.00011""","=""374.377651""","=""0.000020""","=""1320""","=""3.20e+06""","=""7.46e-04""","=""-2.173""",C,"=""2.72754450""","=""6.03834476""","=""3d7.(2G).4s""","=""a 3G""","=""4""","=""3d6.(3H).4s.4p.(3P*)""","=""y 1G*""","=""4""",,"=""T5720""","=""L11631""",
"=""374.4102""","=""0.0003""","=""374.410236""","=""0.000020""","=""6200bl*""","=""9.51e+07""","=""4.00e-02""","=""-0.699""",B,"=""3.03847046""","=""6.34898259""","=""3d6.(5D).4s.4p.(3P*)""","=""z 7P*""","=""2""","=""3d6.(5D).4s (6D).4d""","=""e 7F""","=""1""",,"=""T5720""","=""L11631""",
"=""374.55610""","=""0.00004""","=""374.556086""","=""0.000020""","=""2510000""","=""8.05e+07""","=""3.39e-02""","=""-0.771""",A,"=""0.08728574""","=""3.39650880""","=""3d6.4s2""","=""a 5D""","=""2""","=""3d6.(5D).4s.4p.(3P*)""","=""z 5F*""","=""3""",,"=""T3547""","=""L11631""",
"=""374.58993""","=""0.00004""","=""374.589910""","=""0.000020""","=""1100000""","=""2.20e+07""","=""4.62e-02""","=""-1.335""",A,"=""0.12126572""","=""3.43018998""","=""3d6.4s2""","=""a 5D""","=""0""","=""3d6.(5D).4s.4p.(3P*)""","=""z 5F*""","=""1""",,"=""T3547""","=""L11631""",
"=""374.64744""","=""0.00011""","=""374.647495""","=""0.000020""","=""1350""","=""1.83e+06""","=""7.71e-04""","=""-2.414""",C,"=""2.19786640""","=""5.50628207""","=""3d7.(4P).4s""","=""a 5P""","=""2""","=""3d6.(3P2).4s.4p.(3P*)""","=""w 5D*""","=""1""",,"=""T5720""","=""L11631""",
"=""374.69267""","=""0.00004""","=""374.692683""","=""0.000020""","=""9300""","=""1.63e+08""","=""4.91e-02""","=""-0.464""",B+,"=""2.99804479""","=""6.30606149""","=""3d6.(5D).4s.4p.(3P*)""","=""z 7P*""","=""3""","=""3d6.(5D).4s (6D).4d""","=""f 7D""","=""3""",,"=""T5720""","=""L11631""",
"=""374.82619""","=""0.00004""","=""374.826189""","=""0.000020""","=""1910000""","=""4.58e+07""","=""3.21e-02""","=""-1.016""",A,"=""0.11011433""","=""3.41695281""","=""3d6.4s2""","=""a 5D""","=""1""","=""3d6.(5D).4s.4p.(3P*)""","=""z 5F*""","=""2""",,"=""T3547""","=""L11631""",
"=""374.89643""","=""0.00004""","=""374.896457""","=""0.000020""","=""11700""","=""1.63e+08""","=""3.81e-02""","=""-0.465""",B,"=""2.93984587""","=""6.24606454""","=""3d6.(5D).4s.4p.(3P*)""","=""z 7P*""","=""4""","=""3d6.(5D).4s (6D).4d""","=""f 7D""","=""5""",,"=""T5720""","=""L11631""",
"=""374.94851""","=""0.00004""","=""374.948483""","=""0.000020""","=""1150000""","=""6.87e+08""","=""1.61e-01""","=""0.161""",A,"=""0.91460217""","=""4.22036211""","=""3d7.(4F).4s""","=""a 5F""","=""4""","=""3d7.(4F).4p""","=""y 5F*""","=""4""",,"=""T3548""","=""L11631""",
"=""375.18212""","=""0.00004""","=""375.182102""","=""0.000020""","=""2750""","=""4.27e+06""","=""8.20e-04""","=""-2.045""",B,"=""2.69240763""","=""5.99610917""","=""3d7.(2G).4s""","=""a 3G""","=""5""","=""3d6.(3G).4s.4p.(3P*)""","=""y 5H*""","=""4""",,"=""T5720""","=""L11631""",
"=""375.31375""","=""0.00004""","=""375.31376""","=""0.00003""","=""2400""","=""1.48e+06""","=""2.40e-04""","=""-2.505""",B,"=""2.40407444""","=""5.70661711""","=""3d6.4s2""","=""a 3H""","=""6""","=""3d6.(3H).4s.4p.(3P*)""","=""z 3I*""","=""6""",,"=""T5720""","=""L11631""",
"=""375.36107""","=""0.00004""","=""375.361052""","=""0.000020""","=""22400""","=""6.10e+07""","=""1.84e-02""","=""-0.890""",C,"=""2.17594512""","=""5.47807170""","=""3d7.(4P).4s""","=""a 5P""","=""3""","=""3d6.(3P2).4s.4p.(3P*)""","=""w 5D*""","=""2""",,"=""T5720""","=""L11631""",
"=""375.44999""","=""0.00011""","=""375.450034""","=""0.000020""","=""1820""","=""2.18e+07""","=""6.58e-03""","=""-1.337""",C+,"=""2.99804479""","=""6.29938878""","=""3d6.(5D).4s.4p.(3P*)""","=""z 7P*""","=""3""","=""3d6.(5D).4s (6D).4d""","=""f 7D""","=""4""",,"=""T5720""","=""L11631""",
"=""375.60680""","=""0.00004""","=""375.606757""","=""0.000020""","=""4070""","=""3.59e+06""","=""1.09e-03""","=""-2.119""",C+,"=""2.17594512""","=""5.47591165""","=""3d7.(4P).4s""","=""a 5P""","=""3""","=""3d6.(3F2).4s.4p.(3P*)""","=""v 5D*""","=""3""",,"=""T5720""","=""L11631""",
"=""375.69371""","=""0.00004""","=""375.69371""","=""0.00003""","=""9500""","=""2.4e+08""","=""4.8e-02""","=""-0.28""",D+,"=""3.57321890""","=""6.87242168""","=""3d7.(2H).4s""","=""a 1H""","=""5""","=""3d6.(1G2).4s.4p.(3P*)""","=""s 3G*""","=""5""",,"=""T2491n""","=""L11631""",
"=""375.74544""","=""0.00004""","=""375.74538""","=""0.00003""","=""2090""","=""2.48e+07""","=""1.05e-02""","=""-1.280""",C+,"=""3.30092244""","=""6.59967157""","=""3d7.(2D2).4s""","=""a 3D""","=""2""","=""3d7.(2D2).4p""","=""v 3P*""","=""1""",,"=""T5720""","=""L11631""",
"=""375.82327""","=""0.00004""","=""375.823267""","=""0.000020""","=""740000""","=""4.44e+08""","=""1.34e-01""","=""-0.027""",A,"=""0.95815732""","=""4.25622280""","=""3d7.(4F).4s""","=""a 5F""","=""3""","=""3d7.(4F).4p""","=""y 5F*""","=""3""",,"=""T3548""","=""L11631""",
"=""375.91545""","=""0.00011""","=""375.91544""","=""0.00003""","=""950""","=""5.00e+07""","=""8.17e-03""","=""-0.974""",C+,"=""3.63434980""","=""6.93160665""","=""3d6.4s2""","=""a 1I""","=""6""","=""3d7.(2H).4p""","=""1H*""","=""5""",,"=""T5720""","=""L11631""",
"=""376.00494""","=""0.00004""","=""376.00494""","=""0.00003""","=""117000""","=""6.70e+07""","=""1.09e-02""","=""-0.847""",B,"=""2.40407444""","=""5.70054647""","=""3d6.4s2""","=""a 3H""","=""6""","=""3d6.(3H).4s.4p.(3P*)""","=""z 3I*""","=""7""",,"=""T4187""","=""L11631""",
"=""376.05316""","=""0.00004""","=""376.053169""","=""0.000020""","=""14800""","=""2.75e+07""","=""1.94e-02""","=""-1.234""",B+,"=""2.22271209""","=""5.51876133""","=""3d7.(4P).4s""","=""a 5P""","=""1""","=""3d7.(4P).4p""","=""y 5S*""","=""2""",,"=""T5720""","=""L11631""",
"=""376.14083""","=""0.00004""","=""376.140823""","=""0.000020""","=""4570""","=""9.36e+06""","=""2.84e-03""","=""-1.702""",B,"=""2.58810592""","=""5.88338708""","=""3d6.4s2""","=""b 3F2""","=""3""","=""3d7.(2G).4p""","=""z 1G*""","=""4""",,"=""T5720""","=""L11631""",
"=""376.22034""","=""0.00011""","=""376.220335""","=""0.000020""","=""1120""","=""2.6e+07""","=""6.2e-03""","=""-1.25""",D,"=""3.36825640""","=""6.66284114""","=""3d6.(5D).4s.4p.(3P*)""","=""z 5F*""","=""4""","=""3d7.(4F).4d""","=""e 3G""","=""5""",,"=""T2491n""","=""L11631""",
"=""376.37888""","=""0.00004""","=""376.378864""","=""0.000020""","=""590000""","=""2.72e+08""","=""1.16e-01""","=""-0.238""",A,"=""0.99011115""","=""4.28330826""","=""3d7.(4F).4s""","=""a 5F""","=""2""","=""3d7.(4F).4p""","=""y 5F*""","=""2""",,"=""T3548""","=""L11631""",
"=""376.55387""","=""0.00004""","=""376.55384""","=""0.00004""","=""115000""","=""1.43e+09""","=""2.33e-01""","=""0.482""",B+,"=""3.23672008""","=""6.5283870""","=""3d7.(2H).4s""","=""b 3H""","=""6""","=""3d7.(2H).4p""","=""y 3I*""","=""7""",,"=""T5720""","=""L11631""",
"=""376.5700""","=""0.0003""","=""376.56981""","=""0.00004""","=""1070bl""","=""2.60e+07""","=""5.02e-03""","=""-1.258""",C+,"=""3.26711257""","=""6.5586399""","=""3d7.(2H).4s""","=""b 3H""","=""5""","=""3d7.(2H).4p""","=""y 3I*""","=""5""",,"=""T5720""","=""L11631""",
"=""376.60885""","=""0.00011""","=""376.608864""","=""0.000020""","=""1380""","=""3.8e+06""","=""1.2e-03""","=""-2.09""",E,"=""2.58810592""","=""5.87929188""","=""3d6.4s2""","=""b 3F2""","=""3""","=""3d6.(3P2).4s.4p.(3P*)""","=""1D*""","=""2""",,"=""T2578n""","=""L11631""",
"=""376.66590""","=""0.00011""","=""376.665837""","=""0.000020""","=""1860""","=""2.27e+07""","=""9.68e-03""","=""-1.315""",C+,"=""3.03847046""","=""6.32915863""","=""3d6.(5D).4s.4p.(3P*)""","=""z 7P*""","=""2""","=""3d6.(5D).4s (6D).4d""","=""f 7D""","=""1""",,"=""T5720""","=""L11631""",
"=""376.71915""","=""0.00004""","=""376.719150""","=""0.000020""","=""457000""","=""1.92e+08""","=""1.36e-01""","=""-0.389""",A,"=""1.01105568""","=""4.30127816""","=""3d7.(4F).4s""","=""a 5F""","=""1""","=""3d7.(4F).4p""","=""y 5F*""","=""1""",,"=""T3548""","=""L11631""",
"=""376.80267""","=""0.00004""","=""376.802670""","=""0.000020""","=""2750""","=""1.08e+07""","=""7.67e-03""","=""-1.638""",C+,"=""2.22271209""","=""5.51220530""","=""3d7.(4P).4s""","=""a 5P""","=""1""","=""3d6.(3P2).4s.4p.(3P*)""","=""w 5D*""","=""0""",,"=""T5720""","=""L11631""",
"=""377.03012""","=""0.00004""","=""377.030102""","=""0.000020""","=""11200""","=""1.44e+07""","=""2.79e-03""","=""-1.513""",B+,"=""2.69240763""","=""5.97991659""","=""3d7.(2G).4s""","=""a 3G""","=""5""","=""3d6.(3G).4s.4p.(3P*)""","=""y 5H*""","=""5""",,"=""T5720""","=""L11631""",
"=""377.04043""","=""0.00011""","=""377.04054""","=""0.00003""","=""2400""","=""2.36e+06""","=""4.58e-04""","=""-2.298""",B,"=""2.43269470""","=""5.72011266""","=""3d6.4s2""","=""a 3H""","=""5""","=""3d6.(3H).4s.4p.(3P*)""","=""z 3I*""","=""5""",,"=""T5720""","=""L11631""",
"=""377.1491""","=""0.0003""","=""377.14910""","=""0.00003""","=""680bl*""","=""7.0e+06""","=""1.2e-03""","=""-1.82""",D,"=""3.23672008""","=""6.52319179""","=""3d7.(2H).4s""","=""b 3H""","=""6""","=""3d7.(2H).4p""","=""w 3H*""","=""5""",,"=""T2578n""","=""L11631""",
"=""377.33583""","=""0.00011""","=""377.33586""","=""0.00003""","=""1170""","=""3.4e+06""","=""8.2e-04""","=""-2.13""",D,"=""3.04686890""","=""6.33171407""","=""3d7.(2G).4s""","=""a 1G""","=""4""","=""3d6.(3G).4s.4p.(3P*)""","=""x 3H*""","=""5""",,"=""T2578n""","=""L11631""",
"=""377.36913""","=""0.00011""","=""377.369117""","=""0.000020""","=""1350""","=""2.20e+07""","=""9.42e-03""","=""-1.327""",C+,"=""3.03847046""","=""6.32302612""","=""3d6.(5D).4s.4p.(3P*)""","=""z 7P*""","=""2""","=""3d6.(5D).4s (6D).4d""","=""f 7D""","=""2""",,"=""T5720""","=""L11631""",
"=""377.48240""","=""0.00004""","=""377.482400""","=""0.000020""","=""5900""","=""1.67e+07""","=""1.19e-02""","=""-1.447""",C+,"=""2.22271209""","=""5.50628207""","=""3d7.(4P).4s""","=""a 5P""","=""1""","=""3d6.(3P2).4s.4p.(3P*)""","=""w 5D*""","=""1""",,"=""T5720""","=""L11631""",
"=""377.58539""","=""0.00011""","=""377.58537""","=""0.00003""","=""1150""","=""2.37e+06""","=""5.62e-04""","=""-2.296""",C+,"=""2.72754450""","=""6.01021907""","=""3d7.(2G).4s""","=""a 3G""","=""4""","=""3d6.(3G).4s.4p.(3P*)""","=""y 5H*""","=""3""",,"=""T5720""","=""L11631""",
"=""377.64545""","=""0.00004""","=""377.645447""","=""0.000020""","=""21400""","=""1.50e+07""","=""4.59e-03""","=""-1.493""",C+,"=""2.17594512""","=""5.45809748""","=""3d7.(4P).4s""","=""a 5P""","=""3""","=""3d6.(3F2).4s.4p.(3P*)""","=""v 5D*""","=""4""",,"=""T5720""","=""L11631""",
"=""377.70663""","=""0.00011""","=""377.70659""","=""0.00003""","=""1740""","=""6.60e+06""","=""1.57e-03""","=""-1.850""",C+,"=""2.99035244""","=""6.27197352""","=""3d6.4s2""","=""b 3G""","=""4""","=""3d7.(2G).4p""","=""z 1F*""","=""3""",,"=""T5720""","=""L11631""",
"=""377.74492""","=""0.00004""","=""377.744907""","=""0.000020""","=""4790""","=""7.72e+06""","=""1.84e-03""","=""-1.782""",B,"=""2.55917148""","=""5.84045966""","=""3d6.4s2""","=""b 3F2""","=""4""","=""3d6.(3H).4s.4p.(3P*)""","=""z 3H*""","=""4""",,"=""T4293""","=""L11631""",
"=""377.83144""","=""0.00011""","=""377.83145""","=""0.00003""","=""1660""","=""6.63e+06""","=""2.84e-03""","=""-1.848""",C+,"=""2.83159117""","=""6.11212776""","=""3d7.(4P).4s""","=""b 3P""","=""2""","=""3d6.(3F2).4s.4p.(3P*)""","=""v 3D*""","=""1""",,"=""T5720""","=""L11631""",
"=""377.85088""","=""0.00004""","=""377.850889""","=""0.000020""","=""3800""","=""5.85e+07""","=""1.79e-02""","=""-0.902""",C+,"=""3.25148176""","=""6.53184961""","=""3d7.(2D2).4s""","=""a 3D""","=""3""","=""3d7.(2D2).4p""","=""t 3D*""","=""2""",,"=""T5720""","=""L11631""",
"=""377.86966""","=""0.00011""","=""377.869613""","=""0.000020""","=""1320""","=""4.55e+06""","=""1.95e-03""","=""-2.011""",C,"=""2.19786640""","=""5.47807170""","=""3d7.(4P).4s""","=""a 5P""","=""2""","=""3d6.(3P2).4s.4p.(3P*)""","=""w 5D*""","=""2""",,"=""T5720""","=""L11631""",
"=""377.94157""","=""0.00011""","=""377.941584""","=""0.000020""","=""1950""","=""4.73e+06""","=""1.13e-03""","=""-1.994""",C+,"=""2.55917148""","=""5.83875215""","=""3d6.4s2""","=""b 3F2""","=""4""","=""3d6.(3F2).4s.4p.(3P*)""","=""x 3F*""","=""3""",,"=""T5720""","=""L11631""",
"=""377.94535""","=""0.00011""","=""377.94534""","=""0.00003""","=""1620""","=""3.15e+07""","=""2.25e-02""","=""-1.171""",C+,"=""3.27398440""","=""6.55353246""","=""3d7.(2D2).4s""","=""a 3D""","=""1""","=""3d7.(2D2).4p""","=""t 3D*""","=""1""",,"=""T5720""","=""L11631""",
"=""377.95079""","=""0.00011""","=""377.95076""","=""0.00003""","=""1510""","=""2.55e+06""","=""1.82e-03""","=""-2.262""",C,"=""2.22271209""","=""5.50221316""","=""3d7.(4P).4s""","=""a 5P""","=""1""","=""3d6.(3F2).4s.4p.(3P*)""","=""w 5F*""","=""1""",,"=""T5720""","=""L11631""",
"=""378.11860""","=""0.00004""","=""378.118615""","=""0.000020""","=""6200""","=""5.36e+06""","=""2.30e-03""","=""-1.940""",C,"=""2.19786640""","=""5.47591165""","=""3d7.(4P).4s""","=""a 5P""","=""2""","=""3d6.(3F2).4s.4p.(3P*)""","=""v 5D*""","=""3""",,"=""T5720""","=""L11631""",
"=""378.19396""","=""0.00011""","=""378.19394""","=""0.00003""","=""1350""","=""2.7e+07""","=""1.1e-02""","=""-1.24""",E,"=""3.63977237""","=""6.91716472""","=""3d6.4s2""","=""b 3D""","=""2""","=""3d6.(1G2).4s.4p.(3P*)""","=""s 3G*""","=""3""",,"=""T2578n""","=""L11631""",
"=""378.24487""","=""0.00011""","=""378.244784""","=""0.000020""","=""1170""","=""8.26e+06""","=""2.53e-03""","=""-1.752""",C,"=""2.99804479""","=""6.27499663""","=""3d6.(5D).4s.4p.(3P*)""","=""z 7P*""","=""3""","=""3d6.(5D).4s (6D).4d""","=""e 7P""","=""3""",,"=""T5720""","=""L11631""",
"=""378.57061""","=""0.00011""","=""378.57060""","=""0.00003""","=""1580""","=""1.96e+07""","=""3.24e-03""","=""-1.375""",C+,"=""3.23672008""","=""6.51085164""","=""3d7.(2H).4s""","=""b 3H""","=""6""","=""3d7.(2H).4p""","=""y 3I*""","=""6""",,"=""T5720""","=""L11631""",
"=""378.59481""","=""0.00004""","=""378.59479""","=""0.00003""","=""79000""","=""5.38e+07""","=""1.05e-02""","=""-0.937""",B+,"=""2.43269470""","=""5.70661711""","=""3d6.4s2""","=""a 3H""","=""5""","=""3d6.(3H).4s.4p.(3P*)""","=""z 3I*""","=""6""",,"=""T5720""","=""L11631""",
"=""378.61491""","=""0.00004""","=""378.614893""","=""0.000020""","=""5100""","=""2.24e+07""","=""9.64e-03""","=""-1.317""",B,"=""2.83159117""","=""6.10533975""","=""3d7.(4P).4s""","=""b 3P""","=""2""","=""3d7.(2G).4p""","=""w 3F*""","=""3""",,"=""T5720""","=""L11631""",
"=""378.61867""","=""0.00004""","=""378.618693""","=""0.000020""","=""9800""","=""6.5e+07""","=""2.8e-02""","=""-0.86""",D,"=""2.83159117""","=""6.10530689""","=""3d7.(4P).4s""","=""b 3P""","=""2""","=""3d6.(3F2).4s.4p.(3P*)""","=""v 3D*""","=""2""",,"=""T2578n""","=""L11631""",
"=""378.66766""","=""0.00004""","=""378.667669""","=""0.000020""","=""41700""","=""2.77e+06""","=""1.99e-03""","=""-2.225""",A,"=""1.01105568""","=""4.28434800""","=""3d7.(4F).4s""","=""a 5F""","=""1""","=""3d6.(5D).4s.4p.(3P*)""","=""z 3P*""","=""0""",,"=""T3548""","=""L11631""",
"=""378.71630""","=""0.00011""","=""378.71636""","=""0.00005""","=""1580""","=""5.0e+07""","=""2.1e-02""","=""-0.97""",D,"=""3.63977237""","=""6.9126439""","=""3d6.4s2""","=""b 3D""","=""2""","=""3d7.(2D2).4p""","=""w 1D*""","=""2""",,"=""T2491n""","=""L11631""",
"=""378.78799""","=""0.00004""","=""378.787991""","=""0.000020""","=""224000""","=""6.45e+07""","=""4.61e-02""","=""-0.859""",A,"=""1.01105568""","=""4.28330826""","=""3d7.(4F).4s""","=""a 5F""","=""1""","=""3d7.(4F).4p""","=""y 5F*""","=""2""",,"=""T3548""","=""L11631""",
"=""378.91758""","=""0.00004""","=""378.917552""","=""0.000020""","=""7400""","=""2.38e+07""","=""5.69e-03""","=""-1.291""",B,"=""2.72754450""","=""5.99867825""","=""3d7.(2G).4s""","=""a 3G""","=""4""","=""3d7.(2G).4p""","=""z 1H*""","=""5""",,"=""T5720""","=""L11631""",
"=""378.98189""","=""0.00011""","=""378.981618""","=""0.000020""","=""1230""","=""2.9e+07""","=""6.9e-03""","=""-1.20""",E,"=""3.36825640""","=""6.63883718""","=""3d6.(5D).4s.4p.(3P*)""","=""z 5F*""","=""4""","=""3d7.(4F).4d""","=""h 5D""","=""3""",,"=""T2578n""","=""L11631""",
"=""379.00927""","=""0.00004""","=""379.009277""","=""0.000020""","=""120000""","=""8.04e+06""","=""3.47e-03""","=""-1.761""",A,"=""0.99011115""","=""4.26045326""","=""3d7.(4F).4s""","=""a 5F""","=""2""","=""3d6.(5D).4s.4p.(3P*)""","=""z 3P*""","=""1""",,"=""T3548""","=""L11631""",
"=""379.06544""","=""0.00012""","=""379.065368""","=""0.000020""","=""930""","=""1.32e+07""","=""5.70e-03""","=""-1.545""",C,"=""3.03847046""","=""6.30832866""","=""3d6.(5D).4s.4p.(3P*)""","=""z 7P*""","=""2""","=""3d6.(5D).4s (6D).4d""","=""f 5D""","=""1""",,"=""T5720""","=""L11631""",
"=""379.07538""","=""0.00012""","=""379.075401""","=""0.000020""","=""1950""","=""6.76e+06""","=""2.08e-03""","=""-1.837""",D+,"=""2.17594512""","=""5.44571679""","=""3d7.(4P).4s""","=""a 5P""","=""3""","=""3d6.(3P2).4s.4p.(3P*)""","=""w 5D*""","=""3""",,"=""T5720""","=""L11631""",
"=""379.15055""","=""0.00004""","=""379.150536""","=""0.000020""","=""2140""","=""4.91e+06""","=""1.17e-03""","=""-1.976""",C+,"=""2.55917148""","=""5.82829520""","=""3d6.4s2""","=""b 3F2""","=""4""","=""3d6.(3H).4s.4p.(3P*)""","=""z 3H*""","=""5""",,"=""T5720""","=""L11631""",
"=""379.17421""","=""0.00022""","=""379.174178""","=""0.000020""","=""680""","=""2.0e+07""","=""8.6e-03""","=""-1.37""",E,"=""3.41695281""","=""6.68587270""","=""3d6.(5D).4s.4p.(3P*)""","=""z 5F*""","=""2""","=""3d7.(4F).4d""","=""f 5P""","=""1""",,"=""T2578n""","=""L11631""",
"=""379.21542""","=""0.00004""","=""379.215386""","=""0.000020""","=""11200""","=""1.74e+07""","=""4.16e-03""","=""-1.427""",B,"=""2.72754450""","=""5.99610917""","=""3d7.(2G).4s""","=""a 3G""","=""4""","=""3d6.(3G).4s.4p.(3P*)""","=""y 5H*""","=""4""",,"=""T5720""","=""L11631""",
"=""379.28264""","=""0.00012""","=""379.28272""","=""0.00003""","=""1660""","=""1.48e+06""","=""1.06e-03""","=""-2.496""",C,"=""2.22271209""","=""5.49069652""","=""3d7.(4P).4s""","=""a 5P""","=""1""","=""3d6.(3F2).4s.4p.(3P*)""","=""w 5F*""","=""2""",,"=""T5720""","=""L11631""",
"=""379.34804""","=""0.00004""","=""379.348018""","=""0.000020""","=""3240""","=""5.54e+07""","=""1.71e-02""","=""-0.922""",B,"=""2.99804479""","=""6.26546671""","=""3d6.(5D).4s.4p.(3P*)""","=""z 7P*""","=""3""","=""3d6.(5D).4s (6D).4d""","=""f 5D""","=""3""",,"=""T5720""","=""L11631""",
"=""379.38714""","=""0.00004""","=""379.38712""","=""0.00003""","=""4680""","=""1.84e+07""","=""1.32e-02""","=""-1.401""",B,"=""2.84504259""","=""6.11212776""","=""3d7.(4P).4s""","=""b 3P""","=""1""","=""3d6.(3F2).4s.4p.(3P*)""","=""v 3D*""","=""1""",,"=""T5720""","=""L11631""",
"=""379.43395""","=""0.00004""","=""379.43392""","=""0.00003""","=""60000""","=""4.56e+07""","=""1.10e-02""","=""-1.006""",B+,"=""2.45343044""","=""5.72011266""","=""3d6.4s2""","=""a 3H""","=""4""","=""3d6.(3H).4s.4p.(3P*)""","=""z 3I*""","=""5""",,"=""T5720""","=""L11631""",
"=""379.50019""","=""0.00004""","=""379.500205""","=""0.000020""","=""309000""","=""8.05e+07""","=""3.47e-02""","=""-0.761""",A,"=""0.99011115""","=""4.25622280""","=""3d7.(4F).4s""","=""a 5F""","=""2""","=""3d7.(4F).4p""","=""y 5F*""","=""3""",,"=""T3548""","=""L11631""",
"=""379.75146""","=""0.00004""","=""379.75145""","=""0.00003""","=""42700""","=""5.94e+08""","=""9.89e-02""","=""0.109""",B+,"=""3.23672008""","=""6.50067093""","=""3d7.(2H).4s""","=""b 3H""","=""6""","=""3d7.(2H).4p""","=""w 3H*""","=""6""",,"=""T5720""","=""L11631""",
"=""379.79489""","=""0.00012""","=""379.794887""","=""0.000020""","=""2040""","=""4.68e+06""","=""1.45e-03""","=""-1.994""",C+,"=""2.58810592""","=""5.85168345""","=""3d6.4s2""","=""b 3F2""","=""3""","=""3d6.(3F2).4s.4p.(3P*)""","=""x 3F*""","=""2""",,"=""T5720""","=""L11631""",
"=""379.85111""","=""0.00004""","=""379.851096""","=""0.000020""","=""251000""","=""3.55e+07""","=""8.55e-03""","=""-1.114""",A,"=""0.91460217""","=""4.17769679""","=""3d7.(4F).4s""","=""a 5F""","=""4""","=""3d7.(4F).4p""","=""y 5F*""","=""5""",,"=""T3548""","=""L11631""",
"=""379.95473""","=""0.00004""","=""379.954711""","=""0.000020""","=""316000""","=""6.58e+07""","=""2.04e-02""","=""-0.846""",A,"=""0.95815732""","=""4.22036211""","=""3d7.(4F).4s""","=""a 5F""","=""3""","=""3d7.(4F).4p""","=""y 5F*""","=""4""",,"=""T3548""","=""L11631""",
"=""380.16791""","=""0.00004""","=""380.167922""","=""0.000020""","=""10700""","=""4.38e+07""","=""1.90e-02""","=""-1.022""",C+,"=""2.83159117""","=""6.09196644""","=""3d7.(4P).4s""","=""b 3P""","=""2""","=""3d6.(3F2).4s.4p.(3P*)""","=""v 3D*""","=""3""",,"=""T5720""","=""L11631""",
"=""380.19837""","=""0.00004""","=""380.198342""","=""0.000021""","=""1910""","=""4.8e+07""","=""9.5e-03""","=""-0.98""",E,"=""3.33201954""","=""6.59213395""","=""3d6.(5D).4s.4p.(3P*)""","=""z 5F*""","=""5""","=""3d7.(4F).4d""","=""f 5G""","=""6""",,"=""T2578n""","=""L11631""",
"=""380.22786""","=""0.00012""","=""380.22778""","=""0.00003""","=""1380""","=""2.82e+07""","=""1.22e-02""","=""-1.214""",C+,"=""3.30092244""","=""6.56078442""","=""3d7.(2D2).4s""","=""a 3D""","=""2""","=""3d7.(2D2).4p""","=""v 3P*""","=""2""",,"=""T5720""","=""L11631""",
"=""380.40092""","=""0.00012""","=""380.400898""","=""0.000021""","=""1780""","=""4.1e+07""","=""8.2e-03""","=""-1.04""",D,"=""3.33201954""","=""6.59039805""","=""3d6.(5D).4s.4p.(3P*)""","=""z 5F*""","=""5""","=""3d7.(4F).4d""","=""h 5D""","=""4""",,"=""T2491n""","=""L11631""",
"=""380.5342""","=""0.0003""","=""380.53420""","=""0.00005""","=""74000bl*""","=""9.46e+08""","=""2.28e-01""","=""0.313""",B+,"=""3.30140276""","=""6.5586399""","=""3d7.(2H).4s""","=""b 3H""","=""4""","=""3d7.(2H).4p""","=""y 3I*""","=""5""",,"=""T5720""","=""L11631""",
"=""380.62164""","=""0.00004""","=""380.62165""","=""0.00003""","=""3390""","=""7.5e+07""","=""5.5e-02""","=""-0.78""",D+,"=""3.41489715""","=""6.67138589""","=""3d7.(2P).4s""","=""a 1P""","=""1""","=""3d7.(2P).4p""","=""x 3S*""","=""1""",,"=""T2491n""","=""L11631""",
"=""380.66954""","=""0.00004""","=""380.66953""","=""0.00003""","=""32400""","=""4.78e+08""","=""9.45e-02""","=""0.017""",B+,"=""3.26711257""","=""6.52319179""","=""3d7.(2H).4s""","=""b 3H""","=""5""","=""3d7.(2H).4p""","=""w 3H*""","=""5""",,"=""T5720""","=""L11631""",
"=""380.75366""","=""0.00004""","=""380.753675""","=""0.000021""","=""17000""","=""4.68e+07""","=""3.40e-02""","=""-0.992""",C+,"=""2.22271209""","=""5.47807170""","=""3d7.(4P).4s""","=""a 5P""","=""1""","=""3d6.(3P2).4s.4p.(3P*)""","=""w 5D*""","=""2""",,"=""T5720""","=""L11631""",
"=""380.82807""","=""0.00012""","=""380.82814""","=""0.00003""","=""890""","=""5.31e+06""","=""2.31e-03""","=""-1.937""",C+,"=""3.01725044""","=""6.27197352""","=""3d7.(2P).4s""","=""c 3P""","=""2""","=""3d7.(2G).4p""","=""z 1F*""","=""3""",,"=""T5720""","=""L11631""",
"=""380.87283""","=""0.00004""","=""380.872830""","=""0.000021""","=""9500""","=""3.19e+07""","=""7.70e-03""","=""-1.159""",B,"=""2.55917148""","=""5.81351269""","=""3d6.4s2""","=""b 3F2""","=""4""","=""3d6.(3F2).4s.4p.(3P*)""","=""x 3F*""","=""4""",,"=""T4293""","=""L11631""",
"=""380.90396""","=""0.00012""","=""380.90399""","=""0.00003""","=""1020""","=""5.1e+06""","=""1.1e-02""","=""-1.95""",E,"=""2.85805275""","=""6.11212776""","=""3d7.(4P).4s""","=""b 3P""","=""0""","=""3d6.(3F2).4s.4p.(3P*)""","=""v 3D*""","=""1""",,"=""T2578n""","=""L11631""",
"=""380.95641""","=""0.00012""","=""380.956388""","=""0.000021""","=""1620""","=""1.29e+07""","=""4.00e-03""","=""-1.553""",C+,"=""2.99804479""","=""6.25167222""","=""3d6.(5D).4s.4p.(3P*)""","=""z 7P*""","=""3""","=""3d6.(5D).4s (6D).4d""","=""f 5D""","=""4""",,"=""T5720""","=""L11631""",
"=""381.07554""","=""0.00004""","=""381.07555""","=""0.00003""","=""3020""","=""5.82e+07""","=""2.54e-02""","=""-0.897""",C+,"=""3.30092244""","=""6.55353246""","=""3d7.(2D2).4s""","=""a 3D""","=""2""","=""3d7.(2D2).4p""","=""t 3D*""","=""1""",,"=""T5720""","=""L11631""",
"=""381.10348""","=""0.00012""","=""381.103432""","=""0.000021""","=""1700""","=""2.27e+06""","=""5.48e-04""","=""-2.307""",C+,"=""2.72754450""","=""5.97991659""","=""3d7.(2G).4s""","=""a 3G""","=""4""","=""3d6.(3G).4s.4p.(3P*)""","=""y 5H*""","=""5""",,"=""T5720""","=""L11631""",
"=""381.18907""","=""0.00004""","=""381.18907""","=""0.00003""","=""11000""","=""1.76e+07""","=""5.49e-03""","=""-1.415""",B+,"=""2.75857762""","=""6.01021907""","=""3d7.(2G).4s""","=""a 3G""","=""3""","=""3d6.(3G).4s.4p.(3P*)""","=""y 5H*""","=""3""",,"=""T5720""","=""L11631""",
"=""""","=""""","=""381.207789""","=""0.000015""","=""""","=""9.8e-02""","=""2.4e-11""","=""-9.7""",E,"=""0.0000000""","=""3.25148176""","=""3d6.4s2""","=""a 5D""","=""4""","=""3d7.(2D2).4s""","=""a 3D""","=""3""",M1,"=""T6409""","=""""",
"=""""","=""""","=""381.207789""","=""0.000015""","=""""","=""4.9e-02""","=""1.2e-11""","=""-10.0""",E,"=""0.0000000""","=""3.25148176""","=""3d6.4s2""","=""a 5D""","=""4""","=""3d7.(2D2).4s""","=""a 3D""","=""3""",E2,"=""T6409""","=""""",
"=""381.29643""","=""0.00004""","=""381.296424""","=""0.000021""","=""398000""","=""3.96e+07""","=""1.23e-02""","=""-1.064""",A,"=""0.95815732""","=""4.20888328""","=""3d7.(4F).4s""","=""a 5F""","=""3""","=""3d6.(5D).4s.4p.(3P*)""","=""z 3P*""","=""2""",,"=""T3548""","=""L11631""",
"=""381.30578""","=""0.00004""","=""381.305775""","=""0.000021""","=""17000""","=""3.86e+07""","=""1.20e-02""","=""-1.074""",B,"=""2.58810592""","=""5.83875215""","=""3d6.4s2""","=""b 3F2""","=""3""","=""3d6.(3F2).4s.4p.(3P*)""","=""x 3F*""","=""3""",,"=""T5720""","=""L11631""",
"=""381.36347""","=""0.00004""","=""381.363450""","=""0.000021""","=""3390""","=""1.86e+07""","=""3.69e-03""","=""-1.391""",C+,"=""2.69240763""","=""5.94256226""","=""3d7.(2G).4s""","=""a 3G""","=""5""","=""3d6.(3G).4s.4p.(3P*)""","=""v 5F*""","=""4""",,"=""T5720""","=""L11631""",
"=""381.38842""","=""0.00004""","=""381.38834""","=""0.00003""","=""2950""","=""7.28e+07""","=""1.22e-02""","=""-0.799""",B,"=""3.63434980""","=""6.88429230""","=""3d6.4s2""","=""a 1I""","=""6""","=""3d6.(1G2).4s.4p.(3P*)""","=""v 3H*""","=""5""",,"=""T5720""","=""L11631""",
"=""381.39331""","=""0.00022""","=""381.39325""","=""0.00003""","=""331""","=""2.62e+06""","=""5.20e-04""","=""-2.243""",C,"=""2.43269470""","=""5.68259542""","=""3d6.4s2""","=""a 3H""","=""5""","=""3d6.(3F2).4s.4p.(3P*)""","=""x 5G*""","=""4""",,"=""T5720""","=""L11631""",
"=""381.45229""","=""0.00004""","=""381.452303""","=""0.000021""","=""28200""","=""1.87e+06""","=""1.36e-03""","=""-2.389""",A,"=""1.01105568""","=""4.26045326""","=""3d7.(4F).4s""","=""a 5F""","=""1""","=""3d6.(5D).4s.4p.(3P*)""","=""z 3P*""","=""1""",,"=""T4187""","=""L11631""",
"=""381.58400""","=""0.00004""","=""381.583970""","=""0.000021""","=""760000""","=""7.84e+08""","=""1.90e-01""","=""0.232""",A,"=""1.48486439""","=""4.73314079""","=""3d7.(4F).4s""","=""a 3F""","=""4""","=""3d7.(4F).4p""","=""y 3D*""","=""3""",,"=""T6573""","=""L11631""",
"=""381.63400""","=""0.00004""","=""381.634022""","=""0.000021""","=""8300""","=""2.91e+07""","=""1.27e-02""","=""-1.196""",D+,"=""2.19786640""","=""5.44571679""","=""3d7.(4P).4s""","=""a 5P""","=""2""","=""3d6.(3P2).4s.4p.(3P*)""","=""w 5D*""","=""3""",,"=""T5720""","=""L11631""",
"=""381.76392""","=""0.00004""","=""381.763905""","=""0.000021""","=""3550""","=""8.5e+07""","=""1.7e-02""","=""-0.73""",E,"=""3.33201954""","=""6.57876498""","=""3d6.(5D).4s.4p.(3P*)""","=""z 5F*""","=""5""","=""3d7.(4F).4d""","=""g 5F""","=""5""",,"=""T2578n""","=""L11631""",
"=""381.94930""","=""0.00012""","=""381.949263""","=""0.000021""","=""1100""","=""2.4e+07""","=""7.6e-03""","=""-1.27""",E,"=""3.39650880""","=""6.64167865""","=""3d6.(5D).4s.4p.(3P*)""","=""z 5F*""","=""3""","=""3d7.(4F).4d""","=""f 5P""","=""2""",,"=""T2578n""","=""L11631""",
"=""382.04249""","=""0.00004""","=""382.042491""","=""0.000021""","=""r""","=""6.00e+08""","=""1.20e-01""","=""0.119""",A,"=""0.85899575""","=""4.10337372""","=""3d7.(4F).4s""","=""a 5F""","=""5""","=""3d7.(4F).4p""","=""y 5D*""","=""4""",,"=""T3548""","=""L11631""",
"=""382.11776""","=""0.00004""","=""382.11774""","=""0.00003""","=""65000""","=""7.20e+08""","=""1.43e-01""","=""0.198""",B+,"=""3.26711257""","=""6.51085164""","=""3d7.(2H).4s""","=""b 3H""","=""5""","=""3d7.(2H).4p""","=""y 3I*""","=""6""",,"=""T5720""","=""L11631""",
"=""382.18342""","=""0.00004""","=""382.183434""","=""0.000021""","=""12300""","=""3.65e+07""","=""1.60e-02""","=""-1.097""",B,"=""2.60850194""","=""5.85168345""","=""3d6.4s2""","=""b 3F2""","=""2""","=""3d6.(3F2).4s.4p.(3P*)""","=""x 3F*""","=""2""",,"=""T5720""","=""L11631""",
"=""382.44435""","=""0.00004""","=""382.444329""","=""0.000015""","=""1000000""","=""1.98e+07""","=""4.83e-03""","=""-1.362""",A,"=""0.0000000""","=""3.24096914""","=""3d6.4s2""","=""a 5D""","=""4""","=""3d6.(5D).4s.4p.(3P*)""","=""z 5D*""","=""3""",,"=""T3547""","=""L11631""",
"=""382.54025""","=""0.00012""","=""382.540229""","=""0.000021""","=""1150""","=""3.24e+06""","=""1.42e-03""","=""-2.149""",C,"=""2.27860466""","=""5.51876133""","=""3d6.4s2""","=""a 3P2""","=""2""","=""3d7.(4P).4p""","=""y 5S*""","=""2""",,"=""T5720""","=""L11631""",
"=""382.58809""","=""0.00004""","=""382.588058""","=""0.000021""","=""760000""","=""4.18e+08""","=""1.02e-01""","=""-0.037""",A,"=""0.91460217""","=""4.15435379""","=""3d7.(4F).4s""","=""a 5F""","=""4""","=""3d7.(4F).4p""","=""y 5D*""","=""3""",,"=""T3548""","=""L11631""",
"=""382.68412""","=""0.00012""","=""382.684148""","=""0.000021""","=""1780""","=""1.60e+07""","=""3.91e-03""","=""-1.454""",C+,"=""2.72754450""","=""5.96648265""","=""3d7.(2G).4s""","=""a 3G""","=""4""","=""3d6.(3G).4s.4p.(3P*)""","=""v 5F*""","=""3""",,"=""T5720""","=""L11631""",
"=""382.75713""","=""0.00004""","=""382.757115""","=""0.000021""","=""7600""","=""1.72e+07""","=""3.42e-03""","=""-1.424""",B,"=""2.69240763""","=""5.93072834""","=""3d7.(2G).4s""","=""a 3G""","=""5""","=""3d6.(3F2).4s.4p.(3P*)""","=""x 3G*""","=""5""",,"=""T5720""","=""L11631""",
"=""382.78224""","=""0.00004""","=""382.782220""","=""0.000021""","=""590000""","=""5.25e+08""","=""1.65e-01""","=""0.062""",A,"=""1.55735733""","=""4.79546566""","=""3d7.(4F).4s""","=""a 3F""","=""3""","=""3d7.(4F).4p""","=""y 3D*""","=""2""",,"=""T3831""","=""L11631""",
"=""382.85037""","=""0.00012""","=""382.850415""","=""0.000021""","=""1820""","=""2.90e+06""","=""9.10e-04""","=""-2.196""",B,"=""2.75857762""","=""5.99610917""","=""3d7.(2G).4s""","=""a 3G""","=""3""","=""3d6.(3G).4s.4p.(3P*)""","=""y 5H*""","=""4""",,"=""T5720""","=""L11631""",
"=""382.94516""","=""0.00012""","=""382.94517""","=""0.00003""","=""2340""","=""3.96e+07""","=""2.90e-02""","=""-1.060""",C,"=""3.27398440""","=""6.51071489""","=""3d7.(2D2).4s""","=""a 3D""","=""1""","=""3d7.(2P).4p""","=""u 3D*""","=""1""",,"=""T5720""","=""L11631""",
"=""382.9764""","=""0.0003""","=""382.976109""","=""0.000021""","=""660""","=""5.2e+06""","=""1.3e-03""","=""-1.94""",E,"=""2.55917148""","=""5.79564049""","=""3d6.4s2""","=""b 3F2""","=""4""","=""3d7.(4P).4p""","=""u 5D*""","=""3""",,"=""T2578n""","=""L11631""",
"=""383.07572""","=""0.00012""","=""383.075697""","=""0.000021""","=""1740""","=""5.20e+06""","=""2.29e-03""","=""-1.942""",C+,"=""2.60850194""","=""5.84412959""","=""3d6.4s2""","=""b 3F2""","=""2""","=""3d7.(4P).4p""","=""w 3D*""","=""2""",,"=""T5720""","=""L11631""",
"=""383.08617""","=""0.00004""","=""383.086134""","=""0.000021""","=""4370""","=""9.63e+06""","=""1.93e-03""","=""-1.674""",B,"=""2.69240763""","=""5.92794713""","=""3d7.(2G).4s""","=""a 3G""","=""5""","=""3d6.(3F2).4s.4p.(3P*)""","=""x 3G*""","=""4""",,"=""T5720""","=""L11631""",
"=""383.33079""","=""0.00004""","=""383.330771""","=""0.000021""","=""14100""","=""4.21e+07""","=""1.03e-02""","=""-1.032""",B,"=""2.55917148""","=""5.79264615""","=""3d6.4s2""","=""b 3F2""","=""4""","=""3d7.(4P).4p""","=""u 5D*""","=""4""",,"=""T4293""","=""L11631""",
"=""383.42222""","=""0.00004""","=""383.422219""","=""0.000021""","=""590000""","=""2.26e+08""","=""7.13e-02""","=""-0.302""",A,"=""0.95815732""","=""4.19086081""","=""3d7.(4F).4s""","=""a 5F""","=""3""","=""3d7.(4F).4p""","=""y 5D*""","=""2""",,"=""T3548""","=""L11631""",
"=""383.63301""","=""0.00004""","=""383.633025""","=""0.000021""","=""11500""","=""1.64e+08""","=""7.26e-02""","=""-0.440""",C+,"=""3.30092244""","=""6.53184961""","=""3d7.(2D2).4s""","=""a 3D""","=""2""","=""3d7.(2D2).4p""","=""t 3D*""","=""2""",,"=""T5720""","=""L11631""",
"=""383.71347""","=""0.00004""","=""383.713423""","=""0.000021""","=""2750""","=""7.56e+06""","=""3.33e-03""","=""-1.778""",C,"=""2.60850194""","=""5.83875215""","=""3d6.4s2""","=""b 3F2""","=""2""","=""3d6.(3F2).4s.4p.(3P*)""","=""x 3F*""","=""3""",,"=""T5720""","=""L11631""",
"=""383.92556""","=""0.00004""","=""383.92558""","=""0.00003""","=""47900""","=""2.12e+08""","=""5.20e-02""","=""-0.330""",B,"=""3.04686890""","=""6.27533411""","=""3d7.(2G).4s""","=""a 1G""","=""4""","=""3d6.(3F2).4s.4p.(3P*)""","=""x 1G*""","=""4""",,"=""T5720""","=""L11631""",
"=""384.04372""","=""0.00004""","=""384.043720""","=""0.000021""","=""380000""","=""1.41e+08""","=""6.24e-02""","=""-0.506""",A,"=""0.99011115""","=""4.21758325""","=""3d7.(4F).4s""","=""a 5F""","=""2""","=""3d7.(4F).4p""","=""y 5D*""","=""1""",,"=""T3548""","=""L11631""",
"=""384.10477""","=""0.00004""","=""384.104750""","=""0.000021""","=""457000""","=""4.08e+08""","=""1.80e-01""","=""-0.045""",B+,"=""1.60789577""","=""4.83485507""","=""3d7.(4F).4s""","=""a 3F""","=""2""","=""3d7.(4F).4p""","=""y 3D*""","=""1""",,"=""T5720""","=""L11631""",
"=""384.28960""","=""0.00012""","=""384.289641""","=""0.000021""","=""1120""","=""4.38e+06""","=""1.39e-03""","=""-2.013""",C,"=""2.58810592""","=""5.81351269""","=""3d6.4s2""","=""b 3F2""","=""3""","=""3d6.(3F2).4s.4p.(3P*)""","=""x 3F*""","=""4""",,"=""T5720""","=""L11631""",
"=""384.29885""","=""0.00022""","=""384.298874""","=""0.000021""","=""690""","=""1.96e+06""","=""6.19e-04""","=""-2.363""",C,"=""2.58810592""","=""5.81343520""","=""3d6.4s2""","=""b 3F2""","=""3""","=""3d7.(4P).4p""","=""u 5D*""","=""2""",,"=""T5720""","=""L11631""",
"=""384.32565""","=""0.00004""","=""384.32565""","=""0.00003""","=""50000""","=""2.59e+08""","=""6.38e-02""","=""-0.241""",B,"=""3.04686890""","=""6.27197352""","=""3d7.(2G).4s""","=""a 1G""","=""4""","=""3d7.(2G).4p""","=""z 1F*""","=""3""",,"=""T5720""","=""L11631""",
"=""384.51686""","=""0.00004""","=""384.516842""","=""0.000021""","=""7900""","=""1.82e+07""","=""1.35e-02""","=""-1.394""",B+,"=""2.42419831""","=""5.64769932""","=""3d6.4s2""","=""a 3P2""","=""1""","=""3d6.(3P2).4s.4p.(3P*)""","=""x 3D*""","=""1""",,"=""T5720""","=""L11631""",
"=""384.56948""","=""0.00012""","=""384.569383""","=""0.000021""","=""1260""","=""4.12e+07""","=""1.83e-02""","=""-1.039""",B,"=""3.54652001""","=""6.76958063""","=""3d7.(2D2).4s""","=""a 1D""","=""2""","=""3d6.(3G).4s.4p.(3P*)""","=""t 3G*""","=""3""",,"=""T5720""","=""L11631""",
"=""384.59849""","=""0.00012""","=""384.598440""","=""0.000021""","=""980""","=""3.2e+07""","=""7.8e-03""","=""-1.15""",D,"=""3.36825640""","=""6.59107351""","=""3d6.(5D).4s.4p.(3P*)""","=""z 5F*""","=""4""","=""3d7.(4F).4d""","=""f 5P""","=""3""",,"=""T2578n""","=""L11631""",
"=""384.64091""","=""0.00004""","=""384.64092""","=""0.00005""","=""6000""","=""1.51e+08""","=""3.05e-02""","=""-0.474""",C+,"=""3.57321890""","=""6.7956800""","=""3d7.(2H).4s""","=""a 1H""","=""5""","=""3d6.(3G).4s.4p.(3P*)""","=""w 1G*""","=""4""",,"=""T5720""","=""L11631""",
"=""384.6800""","=""0.0003""","=""384.68001""","=""0.00003""","=""24500bl*""","=""4.34e+08""","=""1.38e-01""","=""-0.016""",B,"=""3.25148176""","=""6.47361547""","=""3d7.(2D2).4s""","=""a 3D""","=""3""","=""3d7.(2D2).4p""","=""t 3D*""","=""3""",,"=""T5720""","=""L11631""",
"=""384.69333""","=""0.00012""","=""384.69343""","=""0.00003""","=""1200""","=""4.47e+06""","=""9.03e-04""","=""-2.003""",C+,"=""2.43269470""","=""5.65471608""","=""3d6.4s2""","=""a 3H""","=""5""","=""3d6.(3F2).4s.4p.(3P*)""","=""x 5G*""","=""6""",,"=""T5720""","=""L11631""",
"=""384.82885""","=""0.00012""","=""384.828984""","=""0.000021""","=""780""","=""3.4e+06""","=""1.5e-03""","=""-2.13""",D,"=""2.60850194""","=""5.82938837""","=""3d6.4s2""","=""b 3F2""","=""2""","=""3d7.(4P).4p""","=""w 3D*""","=""3""",,"=""T2491n""","=""L11631""",
"=""384.99664""","=""0.00004""","=""384.996631""","=""0.000021""","=""204000""","=""6.05e+07""","=""4.49e-02""","=""-0.871""",A,"=""1.01105568""","=""4.23053960""","=""3d7.(4F).4s""","=""a 5F""","=""1""","=""3d7.(4F).4p""","=""y 5D*""","=""0""",,"=""T3548""","=""L11631""",
"=""385.08176""","=""0.00004""","=""385.081771""","=""0.000021""","=""91000""","=""8.30e+06""","=""3.69e-03""","=""-1.734""",A,"=""0.99011115""","=""4.20888328""","=""3d7.(4F).4s""","=""a 5F""","=""2""","=""3d6.(5D).4s.4p.(3P*)""","=""z 3P*""","=""2""",,"=""T3548""","=""L11631""",
"=""385.25724""","=""0.00004""","=""385.257240""","=""0.000021""","=""12900""","=""2.93e+07""","=""9.33e-03""","=""-1.185""",C,"=""2.17594512""","=""5.39325126""","=""3d7.(4P).4s""","=""a 5P""","=""3""","=""3d6.(3P2).4s.4p.(3P*)""","=""w 5D*""","=""4""",,"=""T5720""","=""L11631""",
"=""385.34565""","=""0.00022""","=""385.34564""","=""0.00003""","=""680""","=""5.2e+06""","=""1.0e-03""","=""-1.94""",D,"=""2.94879294""","=""6.16536100""","=""3d6.4s2""","=""b 3G""","=""5""","=""3d7.(2G).4p""","=""y 3H*""","=""4""",,"=""T2491n""","=""L11631""",
"=""385.43663""","=""0.00012""","=""385.436600""","=""0.000021""","=""2240""","=""3.55e+07""","=""8.79e-03""","=""-1.102""",C+,"=""3.21118938""","=""6.42699840""","=""3d6.(5D).4s.4p.(3P*)""","=""z 5D*""","=""4""","=""3d6.(5D).4s (6D).4d""","=""e 5P""","=""3""",,"=""T5720""","=""L11631""",
"=""385.63713""","=""0.00004""","=""385.637115""","=""0.000021""","=""1100000""","=""2.32e+07""","=""7.39e-03""","=""-1.286""",A,"=""0.05156912""","=""3.26570610""","=""3d6.4s2""","=""a 5D""","=""3""","=""3d6.(5D).4s.4p.(3P*)""","=""z 5D*""","=""2""",,"=""T3547""","=""L11631""",
"=""""","=""""","=""385.697150""","=""0.000021""","=""""","=""5.5e-02""","=""2.5e-11""","=""-9.9""",E,"=""0.08728574""","=""3.30092244""","=""3d6.4s2""","=""a 5D""","=""2""","=""3d7.(2D2).4s""","=""a 3D""","=""2""",M1,"=""T6409""","=""""",
"=""385.92123""","=""0.00004""","=""385.921236""","=""0.000021""","=""81000""","=""7.98e+07""","=""1.37e-02""","=""-0.749""",B+,"=""2.40407444""","=""5.61584517""","=""3d6.4s2""","=""a 3H""","=""6""","=""3d6.(3H).4s.4p.(3P*)""","=""y 3G*""","=""5""",,"=""T5720""","=""L11631""",
"=""385.99111""","=""0.00004""","=""385.991106""","=""0.000015""","=""r""","=""8.72e+07""","=""2.17e-02""","=""-0.710""",A,"=""0.0000000""","=""3.21118938""","=""3d6.4s2""","=""a 5D""","=""4""","=""3d6.(5D).4s.4p.(3P*)""","=""z 5D*""","=""4""",,"=""T3547""","=""L11631""",
"=""386.36903""","=""0.00022""","=""386.369130""","=""0.000021""","=""620""","=""1.31e+07""","=""5.88e-03""","=""-1.532""",B,"=""3.26570610""","=""6.47375371""","=""3d6.(5D).4s.4p.(3P*)""","=""z 5D*""","=""2""","=""3d6.(5D).4s (4D).5s""","=""g 5D""","=""1""",,"=""T6110""","=""L11631""",
"=""386.37411""","=""0.00004""","=""386.374103""","=""0.000021""","=""5800""","=""1.66e+07""","=""3.37e-03""","=""-1.431""",C+,"=""2.69240763""","=""5.90041395""","=""3d7.(2G).4s""","=""a 3G""","=""5""","=""3d6.(3G).4s.4p.(3P*)""","=""w 5G*""","=""4""",,"=""T5720""","=""L11631""",
"=""386.55228""","=""0.00004""","=""386.552292""","=""0.000021""","=""178000""","=""4.65e+07""","=""3.47e-02""","=""-0.982""",A,"=""1.01105568""","=""4.21758325""","=""3d7.(4F).4s""","=""a 5F""","=""1""","=""3d7.(4F).4p""","=""y 5D*""","=""1""",,"=""T3548""","=""L11631""",
"=""386.72157""","=""0.00004""","=""386.721579""","=""0.000021""","=""21400""","=""1.58e+08""","=""7.08e-02""","=""-0.451""",B,"=""3.01725044""","=""6.22237439""","=""3d7.(2P).4s""","=""c 3P""","=""2""","=""3d7.(2P).4p""","=""w 3P*""","=""2""",,"=""T5720""","=""L11631""",
"=""386.79203""","=""0.00012""","=""386.792023""","=""0.000021""","=""1660""","=""6.35e+06""","=""2.04e-03""","=""-1.846""",C+,"=""2.58810592""","=""5.79264615""","=""3d6.4s2""","=""b 3F2""","=""3""","=""3d7.(4P).4p""","=""u 5D*""","=""4""",,"=""T5720""","=""L11631""",
"=""386.95580""","=""0.00004""","=""386.955814""","=""0.000021""","=""8100""","=""1.75e+07""","=""4.36e-03""","=""-1.406""",B,"=""2.72754450""","=""5.93072834""","=""3d7.(2G).4s""","=""a 3G""","=""4""","=""3d6.(3F2).4s.4p.(3P*)""","=""x 3G*""","=""5""",,"=""T5720""","=""L11631""",
"=""386.96078""","=""0.00004""","=""386.96074""","=""0.00003""","=""4270""","=""6.88e+06""","=""1.72e-03""","=""-1.811""",B,"=""2.72754450""","=""5.93068755""","=""3d7.(2G).4s""","=""a 3G""","=""4""","=""3d6.(3F2).4s.4p.(3P*)""","=""x 3G*""","=""3""",,"=""T5720""","=""L11631""",
"=""387.17477""","=""0.00004""","=""387.17480""","=""0.00003""","=""10200""","=""6.41e+07""","=""1.31e-02""","=""-0.841""",B,"=""2.94879294""","=""6.15016512""","=""3d6.4s2""","=""b 3G""","=""5""","=""3d7.(2G).4p""","=""y 3H*""","=""5""",,"=""T5720""","=""L11631""",
"=""387.25009""","=""0.00005""","=""387.250102""","=""0.000021""","=""234000""","=""5.25e+07""","=""2.36e-02""","=""-0.928""",A,"=""0.99011115""","=""4.19086081""","=""3d7.(4F).4s""","=""a 5F""","=""2""","=""3d7.(4F).4p""","=""y 5D*""","=""2""",,"=""T3548""","=""L11631""",
"=""387.29210""","=""0.00005""","=""387.292094""","=""0.000021""","=""3240""","=""7.97e+06""","=""1.99e-03""","=""-1.746""",B,"=""2.72754450""","=""5.92794713""","=""3d7.(2G).4s""","=""a 3G""","=""4""","=""3d6.(3F2).4s.4p.(3P*)""","=""x 3G*""","=""4""",,"=""T5720""","=""L11631""",
"=""387.37603""","=""0.00005""","=""387.376015""","=""0.000021""","=""63000""","=""5.91e+07""","=""1.21e-02""","=""-0.876""",B+,"=""2.43269470""","=""5.63240401""","=""3d6.4s2""","=""a 3H""","=""5""","=""3d6.(3H).4s.4p.(3P*)""","=""y 3G*""","=""4""",,"=""T5720""","=""L11631""",
"=""387.60397""","=""0.00005""","=""387.603965""","=""0.000021""","=""7200""","=""5.75e+05""","=""4.31e-04""","=""-2.888""",C+,"=""1.01105568""","=""4.20888328""","=""3d7.(4F).4s""","=""a 5F""","=""1""","=""3d6.(5D).4s.4p.(3P*)""","=""z 3P*""","=""2""",,"=""T5720""","=""L11631""",
"=""387.80180""","=""0.00005""","=""387.801779""","=""0.000021""","=""275000""","=""5.40e+07""","=""1.74e-02""","=""-0.914""",A,"=""0.95815732""","=""4.15435379""","=""3d7.(4F).4s""","=""a 5F""","=""3""","=""3d7.(4F).4p""","=""y 5D*""","=""3""",,"=""T3548""","=""L11631""",
"=""387.85730""","=""0.00005""","=""387.857282""","=""0.000021""","=""1290000""","=""1.85e+07""","=""8.36e-03""","=""-1.379""",B+,"=""0.08728574""","=""3.28302483""","=""3d6.4s2""","=""a 5D""","=""2""","=""3d6.(5D).4s.4p.(3P*)""","=""z 5D*""","=""1""",,"=""T5720""","=""L11631""",
"=""387.86707""","=""0.00005""","=""387.867079""","=""0.000021""","=""49000""","=""4.91e+07""","=""1.23e-02""","=""-0.955""",B+,"=""2.45343044""","=""5.64908881""","=""3d6.4s2""","=""a 3H""","=""4""","=""3d6.(3H).4s.4p.(3P*)""","=""y 3G*""","=""3""",,"=""T5720""","=""L11631""",
"=""387.87256""","=""0.00005""","=""387.87262""","=""0.00003""","=""10500""","=""1.60e+08""","=""1.20e-01""","=""-0.442""",C+,"=""3.27398440""","=""6.46959714""","=""3d7.(2D2).4s""","=""a 3D""","=""1""","=""3d7.(2P).4p""","=""1P*""","=""1""",,"=""T5720""","=""L11631""",
"=""388.32797""","=""0.00005""","=""388.327981""","=""0.000021""","=""6500""","=""8.96e+07""","=""2.90e-02""","=""-0.693""",C+,"=""3.25148176""","=""6.44334733""","=""3d7.(2D2).4s""","=""a 3D""","=""3""","=""3d7.(2P).4p""","=""u 3D*""","=""3""",,"=""T5720""","=""L11631""",
"=""388.43584""","=""0.00005""","=""388.435819""","=""0.000021""","=""17400""","=""3.59e+07""","=""7.39e-03""","=""-1.090""",B,"=""2.69240763""","=""5.88338708""","=""3d7.(2G).4s""","=""a 3G""","=""5""","=""3d7.(2G).4p""","=""z 1G*""","=""4""",,"=""T5720""","=""L11631""",
"=""388.51453""","=""0.00012""","=""388.514529""","=""0.000021""","=""1320""","=""5.85e+06""","=""1.47e-03""","=""-1.878""",C,"=""2.99035244""","=""6.18068544""","=""3d6.4s2""","=""b 3G""","=""4""","=""3d7.(2G).4p""","=""v 3G*""","=""3""",,"=""T5720""","=""L11631""",
"=""388.55103""","=""0.00005""","=""388.551012""","=""0.000021""","=""16600""","=""3.63e+07""","=""2.74e-02""","=""-1.085""",B+,"=""2.42419831""","=""5.61423177""","=""3d6.4s2""","=""a 3P2""","=""1""","=""3d6.(3P2).4s.4p.(3P*)""","=""x 3D*""","=""2""",,"=""T5720""","=""L11631""",
"=""388.62820""","=""0.00005""","=""388.628183""","=""0.000021""","=""550000""","=""3.70e+07""","=""1.20e-02""","=""-1.076""",A,"=""0.05156912""","=""3.24096914""","=""3d6.4s2""","=""a 5D""","=""3""","=""3d6.(5D).4s.4p.(3P*)""","=""z 5D*""","=""3""",,"=""T3547""","=""L11631""",
"=""388.70480""","=""0.00005""","=""388.704779""","=""0.000021""","=""251000""","=""3.17e+07""","=""7.98e-03""","=""-1.144""",A,"=""0.91460217""","=""4.10337372""","=""3d7.(4F).4s""","=""a 5F""","=""4""","=""3d7.(4F).4p""","=""y 5D*""","=""4""",,"=""T3548""","=""L11631""",
"=""388.85132""","=""0.00005""","=""388.851317""","=""0.000021""","=""200000""","=""1.25e+08""","=""5.66e-02""","=""-0.548""",B+,"=""1.60789577""","=""4.79546566""","=""3d7.(4F).4s""","=""a 3F""","=""2""","=""3d7.(4F).4p""","=""y 3D*""","=""2""",,"=""T5720""","=""L11631""",
"=""388.88213""","=""0.00005""","=""388.882145""","=""0.000021""","=""10200""","=""5.85e+07""","=""2.65e-02""","=""-0.877""",C+,"=""3.01725044""","=""6.20456765""","=""3d7.(2P).4s""","=""c 3P""","=""2""","=""3d7.(2P).4p""","=""w 3P*""","=""1""",,"=""T5720""","=""L11631""",
"=""389.03955""","=""0.00012""","=""389.039353""","=""0.000021""","=""710""","=""1.17e+07""","=""3.79e-03""","=""-1.576""",C,"=""3.24096914""","=""6.42699840""","=""3d6.(5D).4s.4p.(3P*)""","=""z 5D*""","=""3""","=""3d6.(5D).4s (6D).4d""","=""e 5P""","=""3""",,"=""T5720""","=""L11631""",
"=""389.08402""","=""0.00005""","=""389.084021""","=""0.000021""","=""7900""","=""2.14e+07""","=""5.40e-03""","=""-1.313""",C+,"=""2.72754450""","=""5.91320801""","=""3d7.(2G).4s""","=""a 3G""","=""4""","=""3d6.(3G).4s.4p.(3P*)""","=""w 5G*""","=""3""",,"=""T5720""","=""L11631""",
"=""389.19262""","=""0.00005""","=""389.19264""","=""0.00003""","=""4790""","=""8.13e+07""","=""6.15e-02""","=""-0.734""",C+,"=""3.41489715""","=""6.59967157""","=""3d7.(2P).4s""","=""a 1P""","=""1""","=""3d7.(2D2).4p""","=""v 3P*""","=""1""",,"=""T5720""","=""L11631""",
"=""389.33091""","=""0.00005""","=""389.330922""","=""0.000021""","=""3160""","=""1.36e+07""","=""6.17e-03""","=""-1.511""",B,"=""2.83159117""","=""6.01523448""","=""3d7.(4P).4s""","=""b 3P""","=""2""","=""3d7.(4P).4p""","=""x 3P*""","=""1""",,"=""T5720""","=""L11631""",
"=""389.33901""","=""0.00005""","=""389.338988""","=""0.000021""","=""18600""","=""1.10e+08""","=""2.27e-02""","=""-0.602""",B+,"=""2.94879294""","=""6.13237029""","=""3d6.4s2""","=""b 3G""","=""5""","=""3d7.(2G).4p""","=""v 3G*""","=""5""",,"=""T5720""","=""L11631""",
"=""389.39122""","=""0.00005""","=""389.391202""","=""0.000021""","=""7100""","=""6.00e+06""","=""1.24e-03""","=""-1.865""",B+,"=""2.43269470""","=""5.61584517""","=""3d6.4s2""","=""a 3H""","=""5""","=""3d6.(3H).4s.4p.(3P*)""","=""y 3G*""","=""5""",,"=""T5720""","=""L11631""",
"=""389.40117""","=""0.00005""","=""389.40114""","=""0.00003""","=""2750""","=""5.15e+07""","=""2.34e-02""","=""-0.932""",B,"=""3.30092244""","=""6.48399171""","=""3d7.(2D2).4s""","=""a 3D""","=""2""","=""3d7.(2P).4p""","=""u 3D*""","=""2""",,"=""T5720""","=""L11631""",
"=""""","=""""","=""389.542538""","=""0.000021""","=""""","=""1.01e+07""","=""2.31e-02""","=""-1.637""",C+,"=""3.29183986""","=""6.47375371""","=""3d6.(5D).4s.4p.(3P*)""","=""z 5D*""","=""0""","=""3d6.(5D).4s (4D).5s""","=""g 5D""","=""1""",,"=""T6110""","=""""",
"=""389.56562""","=""0.00005""","=""389.565597""","=""0.000021""","=""740000""","=""9.39e+06""","=""7.13e-03""","=""-1.670""",A,"=""0.11011433""","=""3.29183986""","=""3d6.4s2""","=""a 5D""","=""1""","=""3d6.(5D).4s.4p.(3P*)""","=""z 5D*""","=""0""",,"=""T3547""","=""L11631""",
"=""389.74485""","=""0.00005""","=""389.74486""","=""0.00003""","=""4270""","=""2.31e+07""","=""4.79e-03""","=""-1.278""",D+,"=""2.94879294""","=""6.12905507""","=""3d6.4s2""","=""b 3G""","=""5""","=""3d7.(2G).4p""","=""y 3H*""","=""6""",,"=""T5720""","=""L11631""",
"=""389.78896""","=""0.00005""","=""389.78893""","=""0.00003""","=""45700""","=""8.06e+07""","=""1.67e-02""","=""-0.736""",B,"=""2.69240763""","=""5.87231021""","=""3d7.(2G).4s""","=""a 3G""","=""5""","=""3d6.(3G).4s.4p.(3P*)""","=""w 5G*""","=""6""",,"=""T5720""","=""L11631""",
"=""389.80086""","=""0.00005""","=""389.800874""","=""0.000021""","=""19500""","=""4.00e+06""","=""3.04e-03""","=""-2.040""",C+,"=""1.01105568""","=""4.19086081""","=""3d7.(4F).4s""","=""a 5F""","=""1""","=""3d7.(4F).4p""","=""y 5D*""","=""2""",,"=""T5720""","=""L11631""",
"=""389.90286""","=""0.00005""","=""389.902841""","=""0.000021""","=""7200""","=""6.84e+06""","=""1.73e-03""","=""-1.807""",B+,"=""2.45343044""","=""5.63240401""","=""3d6.4s2""","=""a 3H""","=""4""","=""3d6.(3H).4s.4p.(3P*)""","=""y 3G*""","=""4""",,"=""T5720""","=""L11631""",
"=""389.97071""","=""0.00005""","=""389.970707""","=""0.000021""","=""1070000""","=""1.29e+07""","=""5.89e-03""","=""-1.531""",A,"=""0.08728574""","=""3.26570610""","=""3d6.4s2""","=""a 5D""","=""2""","=""3d6.(5D).4s.4p.(3P*)""","=""z 5D*""","=""2""",,"=""T3547""","=""L11631""",
"=""390.0515""","=""0.0003""","=""390.051516""","=""0.000021""","=""3090bl""","=""5.5e+07""","=""1.8e-02""","=""-0.90""",D,"=""3.24096914""","=""6.41873101""","=""3d6.(5D).4s.4p.(3P*)""","=""z 5D*""","=""3""","=""3d6.(5D).4s (4D).5s""","=""g 5D""","=""3""",,"=""T2491n""","=""L11631""",
"=""390.29455""","=""0.00005""","=""390.294512""","=""0.000021""","=""302000""","=""1.50e+08""","=""4.89e-02""","=""-0.466""",A,"=""1.55735733""","=""4.73314079""","=""3d7.(4F).4s""","=""a 3F""","=""3""","=""3d7.(4F).4p""","=""y 3D*""","=""3""",,"=""T3831""","=""L11631""",
"=""390.38976""","=""0.00005""","=""390.38977""","=""0.00003""","=""11200""","=""6.85e+07""","=""1.74e-02""","=""-0.805""",B,"=""2.99035244""","=""6.16536100""","=""3d6.4s2""","=""b 3G""","=""4""","=""3d7.(2G).4p""","=""y 3H*""","=""4""",,"=""T5720""","=""L11631""",
"=""390.64795""","=""0.00005""","=""390.647918""","=""0.000022""","=""234000""","=""2.50e+06""","=""1.90e-03""","=""-2.243""",A,"=""0.11011433""","=""3.28302483""","=""3d6.4s2""","=""a 5D""","=""1""","=""3d6.(5D).4s.4p.(3P*)""","=""z 5D*""","=""1""",,"=""T3547""","=""L11631""",
"=""390.67468""","=""0.00005""","=""390.67470""","=""0.00003""","=""3160""","=""4.94e+07""","=""2.26e-02""","=""-0.947""",B,"=""3.30092244""","=""6.47361547""","=""3d7.(2D2).4s""","=""a 3D""","=""2""","=""3d7.(2D2).4p""","=""t 3D*""","=""3""",,"=""T5720""","=""L11631""",
"=""390.74650""","=""0.00005""","=""390.74651""","=""0.00003""","=""3090""","=""5.70e+06""","=""1.87e-03""","=""-1.884""",B,"=""2.75857762""","=""5.93068755""","=""3d7.(2G).4s""","=""a 3G""","=""3""","=""3d6.(3F2).4s.4p.(3P*)""","=""x 3G*""","=""3""",,"=""T5720""","=""L11631""",
"=""390.79338""","=""0.00005""","=""390.793374""","=""0.000022""","=""12300""","=""3.34e+07""","=""1.09e-02""","=""-1.117""",C,"=""2.75857762""","=""5.93030716""","=""3d7.(2G).4s""","=""a 3G""","=""3""","=""3d6.(3G).4s.4p.(3P*)""","=""w 5G*""","=""2""",,"=""T5720""","=""L11631""",
"=""390.96573""","=""0.00012""","=""390.965801""","=""0.000022""","=""1910""","=""2.8e+07""","=""2.2e-02""","=""-1.19""",E,"=""3.28302483""","=""6.45335558""","=""3d6.(5D).4s.4p.(3P*)""","=""z 5D*""","=""1""","=""3d6.(5D).4s (4D).5s""","=""g 5D""","=""2""",,"=""T2578n""","=""L11631""",
"=""390.98293""","=""0.00005""","=""390.982927""","=""0.000022""","=""3630""","=""2.10e+07""","=""1.60e-02""","=""-1.318""",B,"=""2.84504259""","=""6.01523448""","=""3d7.(4P).4s""","=""b 3P""","=""1""","=""3d7.(4P).4p""","=""x 3P*""","=""1""",,"=""T5720""","=""L11631""",
"=""391.08434""","=""0.00005""","=""391.084381""","=""0.000022""","=""5100""","=""1.23e+07""","=""4.04e-03""","=""-1.549""",C+,"=""2.75857762""","=""5.92794713""","=""3d7.(2G).4s""","=""a 3G""","=""3""","=""3d6.(3F2).4s.4p.(3P*)""","=""x 3G*""","=""4""",,"=""T5720""","=""L11631""",
"=""391.09988""","=""0.00023""","=""391.099803""","=""0.000022""","=""680""","=""2.41e+07""","=""6.15e-03""","=""-1.257""",C+,"=""3.21118938""","=""6.38043390""","=""3d6.(5D).4s.4p.(3P*)""","=""z 5D*""","=""4""","=""3d6.(5D).4s (6D).4d""","=""f 5F""","=""4""",,"=""T5720""","=""L11631""",
"=""391.36316""","=""0.00005""","=""391.363135""","=""0.000022""","=""4570""","=""9.45e+06""","=""4.35e-03""","=""-1.663""",B,"=""2.27860466""","=""5.44571679""","=""3d6.4s2""","=""a 3P2""","=""2""","=""3d6.(3P2).4s.4p.(3P*)""","=""w 5D*""","=""3""",,"=""T4187""","=""L11631""",
"=""391.42727""","=""0.00012""","=""391.427403""","=""0.000022""","=""1660""","=""1.7e+07""","=""1.3e-02""","=""-1.40""",D,"=""3.28302483""","=""6.44961696""","=""3d6.(5D).4s.4p.(3P*)""","=""z 5D*""","=""1""","=""3d6.(5D).4s (6D).4d""","=""e 5P""","=""1""",,"=""T2578n""","=""L11631""",
"=""391.67307""","=""0.00005""","=""391.67305""","=""0.00003""","=""17000""","=""1.08e+08""","=""1.91e-02""","=""-0.604""",B,"=""3.23672008""","=""6.40132623""","=""3d7.(2H).4s""","=""b 3H""","=""6""","=""3d6.(3H).4s.4p.(3P*)""","=""1H*""","=""5""",,"=""T5720""","=""L11631""",
"=""391.71807""","=""0.00005""","=""391.718051""","=""0.000022""","=""19100""","=""3.04e+06""","=""1.40e-03""","=""-2.155""",A,"=""0.99011115""","=""4.15435379""","=""3d7.(4F).4s""","=""a 5F""","=""2""","=""3d7.(4F).4p""","=""y 5D*""","=""3""",,"=""T3548""","=""L11631""",
"=""""","=""""","=""391.764180""","=""0.000022""","=""""","=""3.6e-02""","=""2.8e-11""","=""-10.1""",E,"=""0.11011433""","=""3.27398440""","=""3d6.4s2""","=""a 5D""","=""1""","=""3d7.(2D2).4s""","=""a 3D""","=""1""",M1,"=""T6409""","=""""",
"=""""","=""""","=""391.764180""","=""0.000022""","=""""","=""1.2e-02""","=""9.2e-12""","=""-10.6""",E,"=""0.11011433""","=""3.27398440""","=""3d6.4s2""","=""a 5D""","=""1""","=""3d7.(2D2).4s""","=""a 3D""","=""1""",E2,"=""T6409""","=""""",
"=""391.83150""","=""0.00005""","=""391.83147""","=""0.00003""","=""7900""","=""1.81e+07""","=""4.17e-02""","=""-1.380""",B+,"=""2.48437256""","=""5.64769932""","=""3d6.4s2""","=""a 3P2""","=""0""","=""3d6.(3P2).4s.4p.(3P*)""","=""x 3D*""","=""1""",,"=""T5720""","=""L11631""",
"=""391.84152""","=""0.00005""","=""391.84151""","=""0.00003""","=""7900""","=""4.22e+07""","=""3.24e-02""","=""-1.012""",C+,"=""2.84504259""","=""6.00828827""","=""3d7.(4P).4s""","=""b 3P""","=""1""","=""3d7.(4P).4p""","=""x 3P*""","=""0""",,"=""T5720""","=""L11631""",
"=""391.86414""","=""0.00005""","=""391.864151""","=""0.000022""","=""13800""","=""8.19e+07""","=""2.69e-02""","=""-0.725""",C+,"=""3.01762252""","=""6.18068544""","=""3d6.4s2""","=""b 3G""","=""3""","=""3d7.(2G).4p""","=""v 3G*""","=""3""",,"=""T5720""","=""L11631""",
"=""391.90652""","=""0.00005""","=""391.906519""","=""0.000022""","=""5400""","=""3.35e+07""","=""8.57e-03""","=""-1.113""",C+,"=""2.99035244""","=""6.15307342""","=""3d6.4s2""","=""b 3G""","=""4""","=""3d7.(2G).4p""","=""v 3G*""","=""4""",,"=""T5720""","=""L11631""",
"=""392.02578""","=""0.00005""","=""392.025748""","=""0.000022""","=""650000""","=""7.80e+06""","=""1.79e-02""","=""-1.746""",A,"=""0.12126572""","=""3.28302483""","=""3d6.4s2""","=""a 5D""","=""0""","=""3d6.(5D).4s.4p.(3P*)""","=""z 5D*""","=""1""",,"=""T3547""","=""L11631""",
"=""392.0837""","=""0.0003""","=""392.083636""","=""0.000022""","=""1100bl""","=""2.04e+07""","=""9.42e-03""","=""-1.327""",C+,"=""3.26570610""","=""6.42699840""","=""3d6.(5D).4s.4p.(3P*)""","=""z 5D*""","=""2""","=""3d6.(5D).4s (6D).4d""","=""e 5P""","=""3""",,"=""T5720""","=""L11631""",
"=""392.12721""","=""0.00012""","=""392.12719""","=""0.00003""","=""1070""","=""6.09e+05""","=""1.56e-04""","=""-2.852""",C+,"=""2.55917148""","=""5.72011266""","=""3d6.4s2""","=""b 3F2""","=""4""","=""3d6.(3H).4s.4p.(3P*)""","=""z 3I*""","=""5""",,"=""T5720""","=""L11631""",
"=""392.29115""","=""0.00005""","=""392.291129""","=""0.000022""","=""1000000""","=""9.72e+06""","=""3.19e-03""","=""-1.651""",A,"=""0.05156912""","=""3.21118938""","=""3d6.4s2""","=""a 5D""","=""3""","=""3d6.(5D).4s.4p.(3P*)""","=""z 5D*""","=""4""",,"=""T3547""","=""L11631""",
"=""392.52002""","=""0.00012""","=""392.520109""","=""0.000022""","=""1380""","=""1.9e+07""","=""4.3e-02""","=""-1.37""",D,"=""3.29183986""","=""6.44961696""","=""3d6.(5D).4s.4p.(3P*)""","=""z 5D*""","=""0""","=""3d6.(5D).4s (6D).4d""","=""e 5P""","=""1""",,"=""T2578n""","=""L11631""",
"=""392.56435""","=""0.00005""","=""392.564346""","=""0.000022""","=""6900""","=""4.02e+07""","=""1.86e-02""","=""-1.032""",B,"=""2.83159117""","=""5.98901244""","=""3d7.(4P).4s""","=""b 3P""","=""2""","=""3d7.(4P).4p""","=""x 3P*""","=""2""",,"=""T5720""","=""L11631""",
"=""392.59410""","=""0.00005""","=""392.594131""","=""0.000022""","=""9300""","=""5.01e+07""","=""1.16e-01""","=""-0.936""",C+,"=""2.85805275""","=""6.01523448""","=""3d7.(4P).4s""","=""b 3P""","=""0""","=""3d7.(4P).4p""","=""x 3P*""","=""1""",,"=""T5720""","=""L11631""",
"=""392.60129""","=""0.00005""","=""392.601285""","=""0.000022""","=""2450""","=""5.08e+07""","=""1.68e-02""","=""-0.930""",B,"=""3.24096914""","=""6.39809335""","=""3d6.(5D).4s.4p.(3P*)""","=""z 5D*""","=""3""","=""3d6.(5D).4s (6D).4d""","=""f 5F""","=""3""",,"=""T5720""","=""L11631""",
"=""392.7920""","=""0.0003""","=""392.791947""","=""0.000022""","=""219000bl*""","=""1.30e+07""","=""1.00e-02""","=""-1.522""",B+,"=""0.11011433""","=""3.26570610""","=""3d6.4s2""","=""a 5D""","=""1""","=""3d6.(5D).4s.4p.(3P*)""","=""z 5D*""","=""2""",,"=""T5720""","=""L11631""",
"=""392.80827""","=""0.00005""","=""392.808323""","=""0.000022""","=""6200""","=""5.08e+07""","=""1.31e-02""","=""-0.930""",B,"=""3.21118938""","=""6.36664959""","=""3d6.(5D).4s.4p.(3P*)""","=""z 5D*""","=""4""","=""3d6.(5D).4s (4D).5s""","=""g 5D""","=""4""",,"=""T5720""","=""L11631""",
"=""392.91161""","=""0.00005""","=""392.911653""","=""0.000022""","=""2290""","=""5.68e+06""","=""1.88e-03""","=""-1.881""",C+,"=""2.75857762""","=""5.91320801""","=""3d7.(2G).4s""","=""a 3G""","=""3""","=""3d6.(3G).4s.4p.(3P*)""","=""w 5G*""","=""3""",,"=""T5720""","=""L11631""",
"=""392.92080""","=""0.00005""","=""392.92081""","=""0.00003""","=""1910""","=""1.88e+07""","=""6.22e-03""","=""-1.361""",C+,"=""3.25148176""","=""6.40603863""","=""3d7.(2D2).4s""","=""a 3D""","=""3""","=""3d7.(2H).4p""","=""u 3G*""","=""4""",,"=""T5720""","=""L11631""",
"=""393.02964""","=""0.00005""","=""393.029640""","=""0.000022""","=""1150000""","=""1.39e+07""","=""6.46e-03""","=""-1.491""",B+,"=""0.08728574""","=""3.24096914""","=""3d6.4s2""","=""a 5D""","=""2""","=""3d6.(5D).4s.4p.(3P*)""","=""z 5D*""","=""3""",,"=""T5720""","=""L11631""",
"=""393.11170""","=""0.00012""","=""393.111722""","=""0.000022""","=""2090""","=""3.4e+07""","=""1.6e-02""","=""-1.11""",E,"=""3.26570610""","=""6.41873101""","=""3d6.(5D).4s.4p.(3P*)""","=""z 5D*""","=""2""","=""3d6.(5D).4s (4D).5s""","=""g 5D""","=""3""",,"=""T2578n""","=""L11631""",
"=""""","=""""","=""393.149908""","=""0.000022""","=""""","=""3.3e-02""","=""7.7e-11""","=""-10.1""",E,"=""0.12126572""","=""3.27398440""","=""3d6.4s2""","=""a 5D""","=""0""","=""3d7.(2D2).4s""","=""a 3D""","=""1""",M1,"=""T6409""","=""""",
"=""393.26271""","=""0.00005""","=""393.262701""","=""0.000022""","=""8500""","=""2.97e+07""","=""7.65e-03""","=""-1.162""",C+,"=""2.72754450""","=""5.87935896""","=""3d7.(2G).4s""","=""a 3G""","=""4""","=""3d6.(3G).4s.4p.(3P*)""","=""w 5G*""","=""5""",,"=""T5720""","=""L11631""",
"=""393.3599""","=""0.0003""","=""393.359909""","=""0.000022""","=""4270bl*""","=""2.96e+07""","=""2.29e-02""","=""-1.163""",C+,"=""3.07133880""","=""6.22237439""","=""3d7.(2P).4s""","=""c 3P""","=""1""","=""3d7.(2P).4p""","=""w 3P*""","=""2""",,"=""T5720""","=""L11631""",
"=""393.53065""","=""0.00012""","=""393.530643""","=""0.000022""","=""1050""","=""6.6e+06""","=""5.0e-03""","=""-1.82""",D,"=""2.84504259""","=""5.99471113""","=""3d7.(4P).4s""","=""b 3P""","=""1""","=""3d6.(3G).4s.4p.(3P*)""","=""v 5F*""","=""1""",,"=""T2578n""","=""L11631""",
"=""393.58122""","=""0.00005""","=""393.581244""","=""0.000022""","=""9300""","=""5.70e+07""","=""2.65e-02""","=""-0.878""",C+,"=""2.83159117""","=""5.98085478""","=""3d7.(4P).4s""","=""b 3P""","=""2""","=""3d6.(3G).4s.4p.(3P*)""","=""v 5F*""","=""2""",,"=""T5720""","=""L11631""",
"=""393.73276""","=""0.00005""","=""393.732723""","=""0.000022""","=""7800""","=""1.49e+07""","=""3.16e-03""","=""-1.459""",B,"=""2.69240763""","=""5.84045966""","=""3d7.(2G).4s""","=""a 3G""","=""5""","=""3d6.(3H).4s.4p.(3P*)""","=""z 3H*""","=""4""",,"=""T5720""","=""L11631""",
"=""394.08773""","=""0.00005""","=""394.087710""","=""0.000022""","=""10000""","=""1.08e+06""","=""3.59e-04""","=""-2.600""",A,"=""0.95815732""","=""4.10337372""","=""3d7.(4F).4s""","=""a 5F""","=""3""","=""3d7.(4F).4p""","=""y 5D*""","=""4""",,"=""T3548""","=""L11631""",
"=""394.12750""","=""0.00005""","=""394.127530""","=""0.000022""","=""2570""","=""4.6e+07""","=""2.1e-02""","=""-0.98""",D,"=""3.26570610""","=""6.41060472""","=""3d6.(5D).4s.4p.(3P*)""","=""z 5D*""","=""2""","=""3d6.(5D).4s (6D).4d""","=""f 5F""","=""2""",,"=""T2578n""","=""L11631""",
"=""394.23638""","=""0.00012""","=""394.236485""","=""0.000022""","=""1100""","=""3.62e+06""","=""9.37e-04""","=""-2.074""",C+,"=""2.99035244""","=""6.13438193""","=""3d6.4s2""","=""b 3G""","=""4""","=""3d6.(3F2).4s.4p.(3P*)""","=""1F*""","=""3""",,"=""T5720""","=""L11631""",
"=""394.24397""","=""0.00005""","=""394.243963""","=""0.000022""","=""8300""","=""4.81e+07""","=""3.74e-02""","=""-0.950""",C+,"=""2.84504259""","=""5.98901244""","=""3d7.(4P).4s""","=""b 3P""","=""1""","=""3d7.(4P).4p""","=""x 3P*""","=""2""",,"=""T5720""","=""L11631""",
"=""394.33404""","=""0.00005""","=""394.33404""","=""0.00003""","=""3630""","=""1.94e+06""","=""9.04e-04""","=""-2.345""",C+,"=""2.19786640""","=""5.34111814""","=""3d7.(4P).4s""","=""a 5P""","=""2""","=""3d6.(3P2).4s.4p.(3P*)""","=""x 5P*""","=""1""",,"=""T5720""","=""L11631""",
"=""394.47385""","=""0.00023""","=""394.473766""","=""0.000022""","=""437""","=""3.9e+06""","=""3.0e-03""","=""-2.04""",E,"=""2.84504259""","=""5.98718095""","=""3d7.(4P).4s""","=""b 3P""","=""1""","=""3d5.(6S).4s2.4p""","=""v 5P*""","=""1""",,"=""T2578n""","=""L11631""",
"=""394.48890""","=""0.00005""","=""394.488896""","=""0.000022""","=""2820""","=""1.54e+07""","=""3.99e-03""","=""-1.445""",B,"=""2.99035244""","=""6.13237029""","=""3d6.4s2""","=""b 3G""","=""4""","=""3d7.(2G).4p""","=""v 3G*""","=""5""",,"=""T5720""","=""L11631""",
"=""""","=""""","=""394.498096""","=""0.000022""","=""""","=""3.99e+06""","=""1.03e-03""","=""-2.031""",D+,"=""3.30140276""","=""6.44334733""","=""3d7.(2H).4s""","=""b 3H""","=""4""","=""3d7.(2P).4p""","=""u 3D*""","=""3""",,"=""T6110""","=""""",
"=""394.51169""","=""0.00005""","=""394.511687""","=""0.000022""","=""5500""","=""1.48e+07""","=""4.95e-03""","=""-1.460""",C+,"=""2.75857762""","=""5.90041395""","=""3d7.(2G).4s""","=""a 3G""","=""3""","=""3d6.(3G).4s.4p.(3P*)""","=""w 5G*""","=""4""",,"=""T5720""","=""L11631""",
"=""394.69946""","=""0.00005""","=""394.699457""","=""0.000022""","=""3470""","=""4.30e+07""","=""1.12e-02""","=""-0.998""",C+,"=""3.21118938""","=""6.35153108""","=""3d6.(5D).4s.4p.(3P*)""","=""z 5D*""","=""4""","=""3d6.(5D).4s (6D).4d""","=""e 7G""","=""5""",,"=""T5720""","=""L11631""",
"=""394.75306""","=""0.00005""","=""394.753087""","=""0.000022""","=""4270""","=""2.56e+07""","=""1.20e-02""","=""-1.223""",B,"=""2.83159117""","=""5.97150625""","=""3d7.(4P).4s""","=""b 3P""","=""2""","=""3d5.(6S).4s2.4p""","=""v 5P*""","=""2""",,"=""T5720""","=""L11631""",
"=""394.80970""","=""0.00005""","=""394.809710""","=""0.000022""","=""8300""","=""1.18e+08""","=""3.93e-02""","=""-0.560""",B,"=""3.24096914""","=""6.38043390""","=""3d6.(5D).4s.4p.(3P*)""","=""z 5D*""","=""3""","=""3d6.(5D).4s (6D).4d""","=""f 5F""","=""4""",,"=""T5720""","=""L11631""",
"=""394.87746""","=""0.00005""","=""394.87747""","=""0.00003""","=""20400""","=""1.87e+08""","=""3.98e-02""","=""-0.359""",B,"=""3.26711257""","=""6.40603863""","=""3d7.(2H).4s""","=""b 3H""","=""5""","=""3d7.(2H).4p""","=""u 3G*""","=""4""",,"=""T5720""","=""L11631""",
"=""394.91412""","=""0.00023""","=""394.91405""","=""0.00003""","=""560""","=""1.3e+07""","=""9.8e-03""","=""-1.53""",E,"=""3.41489715""","=""6.55353246""","=""3d7.(2P).4s""","=""a 1P""","=""1""","=""3d7.(2D2).4p""","=""t 3D*""","=""1""",,"=""T2578n""","=""L11631""",
"=""394.99527""","=""0.00005""","=""394.99525""","=""0.00003""","=""29500""","=""2.40e+07""","=""8.01e-03""","=""-1.251""",B,"=""2.17594512""","=""5.31393522""","=""3d7.(4P).4s""","=""a 5P""","=""3""","=""3d6.(3P2).4s.4p.(3P*)""","=""x 5P*""","=""2""",,"=""T5720""","=""L11631""",
"=""395.11629""","=""0.00005""","=""395.116320""","=""0.000022""","=""15100""","=""2.14e+08""","=""1.67e-01""","=""-0.299""",B,"=""3.27398440""","=""6.41101300""","=""3d7.(2D2).4s""","=""a 3D""","=""1""","=""3d7.(2P).4p""","=""y 1D*""","=""2""",,"=""T5720""","=""L11631""",
"=""395.2601""","=""0.0003""","=""395.260090""","=""0.000022""","=""18200bl""","=""3.27e+07""","=""6.96e-03""","=""-1.116""",B+,"=""2.69240763""","=""5.82829520""","=""3d7.(2G).4s""","=""a 3G""","=""5""","=""3d6.(3H).4s.4p.(3P*)""","=""z 3H*""","=""5""",,"=""T5720""","=""L11631""",
"=""395.26955""","=""0.00013""","=""395.269592""","=""0.000022""","=""2040""","=""1.74e+07""","=""1.36e-02""","=""-1.390""",D+,"=""2.84504259""","=""5.98085478""","=""3d7.(4P).4s""","=""b 3P""","=""1""","=""3d6.(3G).4s.4p.(3P*)""","=""v 5F*""","=""2""",,"=""T5720""","=""L11631""",
"=""395.31511""","=""0.00005""","=""395.315139""","=""0.000022""","=""4680""","=""2.67e+07""","=""8.95e-03""","=""-1.203""",C+,"=""3.01762252""","=""6.15307342""","=""3d6.4s2""","=""b 3G""","=""3""","=""3d7.(2G).4p""","=""v 3G*""","=""4""",,"=""T5720""","=""L11631""",
"=""395.38574""","=""0.00013""","=""395.385684""","=""0.000022""","=""910""","=""4.5e+06""","=""2.1e-03""","=""-1.98""",D,"=""2.83159117""","=""5.96648265""","=""3d7.(4P).4s""","=""b 3P""","=""2""","=""3d6.(3G).4s.4p.(3P*)""","=""v 5F*""","=""3""",,"=""T2578n""","=""L11631""",
"=""395.53410""","=""0.00005""","=""395.534127""","=""0.000022""","=""2400""","=""4.5e+07""","=""3.5e-02""","=""-0.98""",D,"=""3.28302483""","=""6.41673983""","=""3d6.(5D).4s.4p.(3P*)""","=""z 5D*""","=""1""","=""3d6.(5D).4s (6D).4d""","=""f 5F""","=""1""",,"=""T2578n""","=""L11631""",
"=""395.59552""","=""0.00005""","=""395.595498""","=""0.000022""","=""2570""","=""1.26e+07""","=""9.84e-03""","=""-1.530""",B,"=""3.07133880""","=""6.20456765""","=""3d7.(2P).4s""","=""c 3P""","=""1""","=""3d7.(2P).4p""","=""w 3P*""","=""1""",,"=""T5720""","=""L11631""",
"=""395.64551""","=""0.00005""","=""395.645488""","=""0.000022""","=""23400""","=""1.94e+08""","=""3.49e-02""","=""-0.343""",B,"=""3.23672008""","=""6.36955305""","=""3d7.(2H).4s""","=""b 3H""","=""6""","=""3d7.(2H).4p""","=""u 3G*""","=""5""",,"=""T5720""","=""L11631""",
"=""395.6677""","=""0.0003""","=""395.66763""","=""0.00004""","=""100000bl""","=""1.59e+08""","=""3.39e-02""","=""-0.429""",B+,"=""2.69240763""","=""5.82506529""","=""3d7.(2G).4s""","=""a 3G""","=""5""","=""3d6.(3H).4s.4p.(3P*)""","=""z 3H*""","=""6""",,"=""T5720""","=""L11631""",
"=""395.70181""","=""0.00005""","=""395.701788""","=""0.000022""","=""6800""","=""1.17e+08""","=""5.48e-02""","=""-0.562""",B+,"=""3.26570610""","=""6.39809335""","=""3d6.(5D).4s.4p.(3P*)""","=""z 5D*""","=""2""","=""3d6.(5D).4s (6D).4d""","=""f 5F""","=""3""",,"=""T5720""","=""L11631""",
"=""396.02789""","=""0.00013""","=""396.027858""","=""0.000022""","=""1000""","=""2.87e+07""","=""1.35e-02""","=""-1.171""",C+,"=""3.63977237""","=""6.76958063""","=""3d6.4s2""","=""b 3D""","=""2""","=""3d6.(3G).4s.4p.(3P*)""","=""t 3G*""","=""3""",,"=""T5720""","=""L11631""",
"=""396.11400""","=""0.00013""","=""396.113928""","=""0.000022""","=""1050""","=""7.8e+06""","=""1.8e-02""","=""-1.74""",E,"=""2.85805275""","=""5.98718095""","=""3d7.(4P).4s""","=""b 3P""","=""0""","=""3d5.(6S).4s2.4p""","=""v 5P*""","=""1""",,"=""T2578n""","=""L11631""",
"=""396.23517""","=""0.00024""","=""396.235134""","=""0.000022""","=""407""","=""8.4e+06""","=""4.0e-03""","=""-1.70""",E,"=""3.26570610""","=""6.39387714""","=""3d6.(5D).4s.4p.(3P*)""","=""z 5D*""","=""2""","=""3d6.(5D).4s (6D).4d""","=""e 7S""","=""3""",,"=""T2578n""","=""L11631""",
"=""396.31002""","=""0.00005""","=""396.310030""","=""0.000022""","=""5500""","=""7.5e+07""","=""5.8e-02""","=""-0.76""",D+,"=""3.28302483""","=""6.41060472""","=""3d6.(5D).4s.4p.(3P*)""","=""z 5D*""","=""1""","=""3d6.(5D).4s (6D).4d""","=""f 5F""","=""2""",,"=""T2491n""","=""L11631""",
"=""396.45150""","=""0.00013""","=""396.451526""","=""0.000022""","=""1660""","=""1.08e+07""","=""8.53e-03""","=""-1.592""",C+,"=""2.84504259""","=""5.97150625""","=""3d7.(4P).4s""","=""b 3P""","=""1""","=""3d5.(6S).4s2.4p""","=""v 5P*""","=""2""",,"=""T5720""","=""L11631""",
"=""396.55086""","=""0.00013""","=""396.550868""","=""0.000022""","=""1150""","=""7.06e+06""","=""2.38e-03""","=""-1.778""",C,"=""3.24096914""","=""6.36664959""","=""3d6.(5D).4s.4p.(3P*)""","=""z 5D*""","=""3""","=""3d6.(5D).4s (4D).5s""","=""g 5D""","=""4""",,"=""T5720""","=""L11631""",
"=""396.60614""","=""0.00005""","=""396.606119""","=""0.000022""","=""19500""","=""9.24e+06""","=""4.36e-03""","=""-1.662""",B+,"=""1.60789577""","=""4.73314079""","=""3d7.(4F).4s""","=""a 3F""","=""2""","=""3d7.(4F).4p""","=""y 3D*""","=""3""",,"=""T5720""","=""L11631""",
"=""396.68097""","=""0.00013""","=""396.681077""","=""0.000022""","=""930""","=""4.77e+06""","=""2.25e-03""","=""-1.949""",C,"=""3.30092244""","=""6.42557692""","=""3d7.(2D2).4s""","=""a 3D""","=""2""","=""3d7.(2H).4p""","=""u 3G*""","=""3""",,"=""T5720""","=""L11631""",
"=""396.74204""","=""0.00005""","=""396.742064""","=""0.000022""","=""14800""","=""1.06e+08""","=""2.79e-02""","=""-0.600""",B,"=""3.30140276""","=""6.42557692""","=""3d7.(2H).4s""","=""b 3H""","=""4""","=""3d7.(2H).4p""","=""u 3G*""","=""3""",,"=""T5720""","=""L11631""",
"=""396.79611""","=""0.00005""","=""396.796109""","=""0.000022""","=""3720""","=""5.48e+07""","=""1.85e-02""","=""-0.888""",B+,"=""3.24096914""","=""6.36471779""","=""3d6.(5D).4s.4p.(3P*)""","=""z 5D*""","=""3""","=""3d6.(5D).4s (6D).4d""","=""e 7G""","=""4""",,"=""T5720""","=""L11631""",
"=""396.92570""","=""0.00005""","=""396.925691""","=""0.000022""","=""427000""","=""1.58e+08""","=""4.15e-02""","=""-0.428""",B+,"=""1.48486439""","=""4.60759327""","=""3d7.(4F).4s""","=""a 3F""","=""4""","=""3d7.(4F).4p""","=""y 3F*""","=""3""",,"=""T5720""","=""L11631""",
"=""397.03888""","=""0.00005""","=""397.03889""","=""0.00004""","=""5400""","=""3.9e+07""","=""3.0e-02""","=""-1.04""",E,"=""3.07133880""","=""6.19317735""","=""3d7.(2P).4s""","=""c 3P""","=""1""","=""3d7.(2P).4p""","=""w 3P*""","=""0""",,"=""T2578n""","=""L11631""",
"=""397.13224""","=""0.00005""","=""397.132205""","=""0.000022""","=""13500""","=""4.47e+07""","=""9.63e-03""","=""-0.975""",B,"=""2.69240763""","=""5.81351269""","=""3d7.(2G).4s""","=""a 3G""","=""5""","=""3d6.(3F2).4s.4p.(3P*)""","=""x 3F*""","=""4""",,"=""T5720""","=""L11631""",
"=""397.36490""","=""0.00005""","=""397.36493""","=""0.00004""","=""2400""","=""4.07e+07""","=""1.93e-02""","=""-1.016""",B,"=""3.54652001""","=""6.66579718""","=""3d7.(2D2).4s""","=""a 1D""","=""2""","=""3d7.(2D2).4p""","=""x 1F*""","=""3""",,"=""T5720""","=""L11631""",
"=""397.43805""","=""0.00024""","=""397.438009""","=""0.000022""","=""500""","=""5.7e+06""","=""2.0e-03""","=""-1.86""",E,"=""3.24096914""","=""6.35967275""","=""3d6.(5D).4s.4p.(3P*)""","=""z 5D*""","=""3""","=""3d6.(5D).4s (4D).5s""","=""e 3D""","=""3""",,"=""T2578n""","=""L11631""",
"=""397.47573""","=""0.00024""","=""397.47593""","=""0.00004""","=""720""","=""1.03e+06""","=""8.16e-04""","=""-2.611""",C+,"=""2.22271209""","=""5.34111814""","=""3d7.(4P).4s""","=""a 5P""","=""1""","=""3d6.(3P2).4s.4p.(3P*)""","=""x 5P*""","=""1""",,"=""T5720""","=""L11631""",
"=""397.52053""","=""0.00024""","=""397.520300""","=""0.000022""","=""490""","=""8.4e+05""","=""4.0e-04""","=""-2.70""",D,"=""2.46883473""","=""5.58689276""","=""3d6.(5D).4s.4p.(3P*)""","=""z 7D*""","=""2""","=""3d6.(5D).4s (6D).5s""","=""e 5D""","=""3""",,"=""T2578n""","=""L11631""",
"=""397.6385""","=""0.0003""","=""397.638461""","=""0.000022""","=""1100bl""","=""2.79e+06""","=""1.32e-03""","=""-2.180""",C,"=""3.01725044""","=""6.13438193""","=""3d7.(2P).4s""","=""c 3P""","=""2""","=""3d6.(3F2).4s.4p.(3P*)""","=""1F*""","=""3""",,"=""T5720""","=""L11631""",
"=""397.6613""","=""0.0003""","=""397.661301""","=""0.000022""","=""3800bl""","=""6.00e+07""","=""4.74e-02""","=""-0.847""",C+,"=""3.41489715""","=""6.53184961""","=""3d7.(2P).4s""","=""a 1P""","=""1""","=""3d7.(2D2).4p""","=""t 3D*""","=""2""",,"=""T5720""","=""L11631""",
"=""397.77407""","=""0.00005""","=""397.77407""","=""0.00004""","=""38000""","=""3.20e+07""","=""1.52e-02""","=""-1.119""",B,"=""2.19786640""","=""5.31393522""","=""3d7.(4P).4s""","=""a 5P""","=""2""","=""3d6.(3P2).4s.4p.(3P*)""","=""x 5P*""","=""2""",,"=""T5720""","=""L11631""",
"=""398.17708""","=""0.00005""","=""398.177060""","=""0.000022""","=""17400""","=""3.21e+07""","=""8.49e-03""","=""-1.117""",B,"=""2.72754450""","=""5.84045966""","=""3d7.(2G).4s""","=""a 3G""","=""4""","=""3d6.(3H).4s.4p.(3P*)""","=""z 3H*""","=""4""",,"=""T5720""","=""L11631""",
"=""398.39561""","=""0.00005""","=""398.395594""","=""0.000022""","=""18200""","=""4.00e+07""","=""1.06e-02""","=""-1.021""",B,"=""2.72754450""","=""5.83875215""","=""3d7.(2G).4s""","=""a 3G""","=""4""","=""3d6.(3F2).4s.4p.(3P*)""","=""x 3F*""","=""3""",,"=""T5720""","=""L11631""",
"=""398.53870""","=""0.00005""","=""398.538695""","=""0.000022""","=""2630""","=""4.26e+07""","=""2.03e-02""","=""-0.993""",B,"=""3.30092244""","=""6.41101300""","=""3d7.(2D2).4s""","=""a 3D""","=""2""","=""3d7.(2P).4p""","=""y 1D*""","=""2""",,"=""T5720""","=""L11631""",
"=""398.98569""","=""0.00013""","=""398.985748""","=""0.000022""","=""1350""","=""3.7e+07""","=""1.8e-02""","=""-1.05""",D,"=""3.54652001""","=""6.65312587""","=""3d7.(2D2).4s""","=""a 1D""","=""2""","=""3d7.(4F).5p""","=""5F*""","=""3""",,"=""T2578n""","=""L11631""",
"=""399.03731""","=""0.00005""","=""399.037300""","=""0.000022""","=""2340""","=""1.29e+07""","=""3.41e-03""","=""-1.513""",B,"=""3.04686890""","=""6.15307342""","=""3d7.(2G).4s""","=""a 1G""","=""4""","=""3d7.(2G).4p""","=""v 3G*""","=""4""",,"=""T5720""","=""L11631""",
"=""399.41129""","=""0.00005""","=""399.41127""","=""0.00004""","=""2140""","=""1.01e+07""","=""2.70e-03""","=""-1.615""",C+,"=""3.04686890""","=""6.15016512""","=""3d7.(2G).4s""","=""a 1G""","=""4""","=""3d7.(2G).4p""","=""y 3H*""","=""5""",,"=""T5720""","=""L11631""",
"=""399.59833""","=""0.00005""","=""399.598289""","=""0.000023""","=""3630""","=""1.12e+07""","=""2.98e-03""","=""-1.572""",B,"=""2.72754450""","=""5.82938837""","=""3d7.(2G).4s""","=""a 3G""","=""4""","=""3d7.(4P).4p""","=""w 3D*""","=""3""",,"=""T5720""","=""L11631""",
"=""399.69636""","=""0.00005""","=""399.69635""","=""0.00005""","=""2240""","=""7.16e+07""","=""1.90e-02""","=""-0.766""",C+,"=""3.69459719""","=""6.7956800""","=""3d6.4s2""","=""b 1G2""","=""4""","=""3d6.(3G).4s.4p.(3P*)""","=""w 1G*""","=""4""",,"=""T5720""","=""L11631""",
"=""399.73919""","=""0.00005""","=""399.739170""","=""0.000023""","=""76000""","=""1.39e+08""","=""3.69e-02""","=""-0.479""",B+,"=""2.72754450""","=""5.82829520""","=""3d7.(2G).4s""","=""a 3G""","=""4""","=""3d6.(3H).4s.4p.(3P*)""","=""z 3H*""","=""5""",,"=""T5720""","=""L11631""",
"=""399.80525""","=""0.00005""","=""399.805211""","=""0.000023""","=""17400""","=""5.13e+07""","=""1.12e-02""","=""-0.910""",B,"=""2.69240763""","=""5.79264615""","=""3d7.(2G).4s""","=""a 3G""","=""5""","=""3d7.(4P).4p""","=""u 5D*""","=""4""",,"=""T5720""","=""L11631""",
"=""400.0252""","=""0.0003""","=""400.025248""","=""0.000023""","=""457bl""","=""1.1e+07""","=""5.2e-03""","=""-1.58""",E,"=""3.26570610""","=""6.36423934""","=""3d6.(5D).4s.4p.(3P*)""","=""z 5D*""","=""2""","=""3d6.(5D).4s (6D).4d""","=""e 7F""","=""2""",,"=""T2578n""","=""L11631""",
"=""400.04570""","=""0.00005""","=""400.045722""","=""0.000023""","=""1480""","=""9.09e+06""","=""2.43e-03""","=""-1.661""",C+,"=""2.99035244""","=""6.08872711""","=""3d6.4s2""","=""b 3G""","=""4""","=""3d7.(2G).4p""","=""w 3F*""","=""4""",,"=""T5720""","=""L11631""",
"=""400.16615""","=""0.00005""","=""400.166094""","=""0.000023""","=""4470""","=""5.23e+06""","=""1.79e-03""","=""-1.901""",C+,"=""2.17594512""","=""5.27338780""","=""3d7.(4P).4s""","=""a 5P""","=""3""","=""3d6.(3P2).4s.4p.(3P*)""","=""x 5P*""","=""3""",,"=""T5720""","=""L11631""",
"=""400.37616""","=""0.00013""","=""400.37614""","=""0.00004""","=""760""","=""2.03e+07""","=""1.63e-02""","=""-1.312""",C,"=""3.41489715""","=""6.51071489""","=""3d7.(2P).4s""","=""a 1P""","=""1""","=""3d7.(2P).4p""","=""u 3D*""","=""1""",,"=""T5720""","=""L11631""",
"=""400.52417""","=""0.00005""","=""400.524148""","=""0.000023""","=""209000""","=""1.02e+08""","=""3.51e-02""","=""-0.610""",A,"=""1.55735733""","=""4.65203107""","=""3d7.(4F).4s""","=""a 3F""","=""3""","=""3d7.(4F).4p""","=""y 3F*""","=""2""",,"=""T3831""","=""L11631""",
"=""400.63105""","=""0.00005""","=""400.631097""","=""0.000023""","=""4790""","=""4.6e+07""","=""1.0e-02""","=""-0.95""",D,"=""3.26711257""","=""6.36096020""","=""3d7.(2H).4s""","=""b 3H""","=""5""","=""3d7.(2D2).4p""","=""v 3F*""","=""4""",,"=""T2578n""","=""L11631""",
"=""400.66240""","=""0.00005""","=""400.66241""","=""0.00004""","=""2820""","=""1.77e+07""","=""4.26e-02""","=""-1.371""",B,"=""3.11096179""","=""6.20456765""","=""3d7.(2P).4s""","=""c 3P""","=""0""","=""3d7.(2P).4p""","=""w 3P*""","=""1""",,"=""T5720""","=""L11631""",
"=""400.72718""","=""0.00005""","=""400.727179""","=""0.000023""","=""6600""","=""2.20e+07""","=""7.57e-03""","=""-1.276""",B,"=""2.75857762""","=""5.85168345""","=""3d7.(2G).4s""","=""a 3G""","=""3""","=""3d6.(3F2).4s.4p.(3P*)""","=""x 3F*""","=""2""",,"=""T5720""","=""L11631""",
"=""400.97125""","=""0.00005""","=""400.97125""","=""0.00004""","=""20900""","=""2.32e+07""","=""1.87e-02""","=""-1.252""",B,"=""2.22271209""","=""5.31393522""","=""3d7.(4P).4s""","=""a 5P""","=""1""","=""3d6.(3P2).4s.4p.(3P*)""","=""x 5P*""","=""2""",,"=""T5720""","=""L11631""",
"=""401.01761""","=""0.00024""","=""401.017377""","=""0.000023""","=""120""","=""7.1e+06""","=""2.4e-03""","=""-1.77""",E,"=""3.64164057""","=""6.73250811""","=""3d6.4s2""","=""b 3D""","=""3""","=""3d6.(3D).4s.4p.(3P*)""","=""5D*""","=""4""",,"=""T2578n""","=""L11631""",
"=""401.14072""","=""0.00005""","=""401.140701""","=""0.000023""","=""1000""","=""1.58e+06""","=""4.24e-04""","=""-2.418""",B,"=""2.55917148""","=""5.64908881""","=""3d6.4s2""","=""b 3F2""","=""4""","=""3d6.(3H).4s.4p.(3P*)""","=""y 3G*""","=""3""",,"=""T5720""","=""L11631""",
"=""401.17110""","=""0.00013""","=""401.171125""","=""0.000023""","=""257""","=""9.9e+05""","=""3.4e-04""","=""-2.63""",D,"=""2.44955978""","=""5.53924278""","=""3d6.(5D).4s.4p.(3P*)""","=""z 7D*""","=""3""","=""3d6.(5D).4s (6D).5s""","=""e 5D""","=""4""",,"=""T2578n""","=""L11631""",
"=""401.37815""","=""0.00005""","=""401.378165""","=""0.000023""","=""810""","=""2.93e+06""","=""1.42e-03""","=""-2.149""",C,"=""3.01725044""","=""6.10533975""","=""3d7.(2P).4s""","=""c 3P""","=""2""","=""3d7.(2G).4p""","=""w 3F*""","=""3""",,"=""T5720""","=""L11631""",
"=""401.45306""","=""0.00005""","=""401.453083""","=""0.000023""","=""29500""","=""1.07e+08""","=""2.88e-02""","=""-0.587""",C+,"=""3.04686890""","=""6.13438193""","=""3d7.(2G).4s""","=""a 1G""","=""4""","=""3d6.(3F2).4s.4p.(3P*)""","=""1F*""","=""3""",,"=""T5720""","=""L11631""",
"=""401.70832""","=""0.00013""","=""401.708236""","=""0.000023""","=""680""","=""4.21e+06""","=""1.46e-03""","=""-1.992""",C,"=""2.75857762""","=""5.84412959""","=""3d7.(2G).4s""","=""a 3G""","=""3""","=""3d7.(4P).4p""","=""w 3D*""","=""2""",,"=""T5720""","=""L11631""",
"=""401.71483""","=""0.00005""","=""401.714822""","=""0.000023""","=""3800""","=""3.58e+07""","=""9.61e-03""","=""-1.063""",B+,"=""3.04686890""","=""6.13237029""","=""3d7.(2G).4s""","=""a 1G""","=""4""","=""3d7.(2G).4p""","=""v 3G*""","=""5""",,"=""T5720""","=""L11631""",
"=""401.82673""","=""0.00005""","=""401.826688""","=""0.000023""","=""1410""","=""2.41e+07""","=""1.17e-02""","=""-1.234""",B,"=""3.26570610""","=""6.35034852""","=""3d6.(5D).4s.4p.(3P*)""","=""z 5D*""","=""2""","=""3d6.(5D).4s (6D).4d""","=""e 5G""","=""3""",,"=""T5720""","=""L11631""",
"=""401.90417""","=""0.00024""","=""401.90437""","=""0.00005""","=""204""","=""7.7e+05""","=""3.8e-04""","=""-2.72""",E,"=""2.60850194""","=""5.6925481""","=""3d6.4s2""","=""b 3F2""","=""2""","=""3d6.(3F2).4s.4p.(3P*)""","=""x 5G*""","=""3""",,"=""T2578n""","=""L11631""",
"=""402.0483""","=""0.0003""","=""402.048342""","=""0.000023""","=""363""","=""7.4e+06""","=""2.6e-03""","=""-1.75""",E,"=""3.64164057""","=""6.72458242""","=""3d6.4s2""","=""b 3D""","=""3""","=""3d6.(3G).4s.4p.(3P*)""","=""t 3G*""","=""4""",,"=""T2578n""","=""L11631""",
"=""402.1866""","=""0.0003""","=""402.186604""","=""0.000023""","=""37200bl""","=""7.70e+07""","=""2.67e-02""","=""-0.729""",B,"=""2.75857762""","=""5.84045966""","=""3d7.(2G).4s""","=""a 3G""","=""3""","=""3d6.(3H).4s.4p.(3P*)""","=""z 3H*""","=""4""",,"=""T5720""","=""L11631""",
"=""402.40960""","=""0.00013""","=""402.409563""","=""0.000023""","=""780""","=""7.49e+05""","=""2.60e-04""","=""-2.740""",C,"=""2.75857762""","=""5.83875215""","=""3d7.(2G).4s""","=""a 3G""","=""3""","=""3d6.(3F2).4s.4p.(3P*)""","=""x 3F*""","=""3""",,"=""T5720""","=""L11631""",
"=""402.47248""","=""0.00005""","=""402.472471""","=""0.000023""","=""5100""","=""7.28e+07""","=""2.53e-02""","=""-0.752""",B,"=""3.24096914""","=""6.32066224""","=""3d6.(5D).4s.4p.(3P*)""","=""z 5D*""","=""3""","=""3d6.(5D).4s (6D).4d""","=""e 5G""","=""4""",,"=""T5720""","=""L11631""",
"=""403.01846""","=""0.00005""","=""403.018404""","=""0.000023""","=""1200""","=""2.00e+06""","=""9.71e-04""","=""-2.314""",C+,"=""2.19786640""","=""5.27338780""","=""3d7.(4P).4s""","=""a 5P""","=""2""","=""3d6.(3P2).4s.4p.(3P*)""","=""x 5P*""","=""3""",,"=""T5720""","=""L11631""",
"=""403.04883""","=""0.00005""","=""403.048821""","=""0.000023""","=""7900""","=""1.14e+08""","=""3.10e-02""","=""-0.555""",B,"=""3.21118938""","=""6.28647868""","=""3d6.(5D).4s.4p.(3P*)""","=""z 5D*""","=""4""","=""3d6.(5D).4s (6D).4d""","=""e 5G""","=""5""",,"=""T5720""","=""L11631""",
"=""403.08902""","=""0.00013""","=""403.088913""","=""0.000023""","=""479""","=""3.51e+07""","=""9.52e-03""","=""-1.067""",C+,"=""3.69459719""","=""6.76958063""","=""3d6.4s2""","=""b 1G2""","=""4""","=""3d6.(3G).4s.4p.(3P*)""","=""t 3G*""","=""3""",,"=""T5720""","=""L11631""",
"=""403.19604""","=""0.00005""","=""403.19605""","=""0.00004""","=""5800""","=""3.8e+07""","=""3.1e-02""","=""-1.03""",D+,"=""3.27398440""","=""6.34815078""","=""3d7.(2D2).4s""","=""a 3D""","=""1""","=""3d7.(2D2).4p""","=""v 3F*""","=""2""",,"=""T2491n""","=""L11631""",
"=""403.26272""","=""0.00005""","=""403.262684""","=""0.000023""","=""2000""","=""1.72e+06""","=""4.66e-04""","=""-2.377""",D+,"=""1.48486439""","=""4.55852281""","=""3d7.(4F).4s""","=""a 3F""","=""4""","=""3d6.(5D).4s.4p.(1P*)""","=""y 5P*""","=""3""",,"=""T5720""","=""L11631""",
"=""403.31861""","=""0.00013""","=""403.318569""","=""0.000023""","=""660""","=""7.56e+05""","=""2.05e-04""","=""-2.734""",C+,"=""2.55917148""","=""5.63240401""","=""3d6.4s2""","=""b 3F2""","=""4""","=""3d6.(3H).4s.4p.(3P*)""","=""y 3G*""","=""4""",,"=""T5720""","=""L11631""",
"=""403.6366""","=""0.0003""","=""403.636651""","=""0.000023""","=""219""","=""6.7e+05""","=""2.3e-04""","=""-2.79""",E,"=""2.75857762""","=""5.82938837""","=""3d7.(2G).4s""","=""a 3G""","=""3""","=""3d7.(4P).4p""","=""w 3D*""","=""3""",,"=""T2578n""","=""L11631""",
"=""404.06379""","=""0.00005""","=""404.063812""","=""0.000023""","=""2880""","=""3.4e+07""","=""1.6e-02""","=""-1.08""",D+,"=""3.30092244""","=""6.36848691""","=""3d7.(2D2).4s""","=""a 3D""","=""2""","=""3d7.(2D2).4p""","=""v 3F*""","=""3""",,"=""T2491n""","=""L11631""",
"=""404.38964""","=""0.00005""","=""404.389713""","=""0.000023""","=""2690""","=""6.08e+07""","=""2.13e-02""","=""-0.826""",D+,"=""3.24096914""","=""6.30606149""","=""3d6.(5D).4s.4p.(3P*)""","=""z 5D*""","=""3""","=""3d6.(5D).4s (6D).4d""","=""f 7D""","=""3""",,"=""T5720""","=""L11631""",
"=""404.46089""","=""0.00005""","=""404.460883""","=""0.000023""","=""6800""","=""2.45e+07""","=""1.20e-02""","=""-1.221""",B,"=""2.83159117""","=""5.89614419""","=""3d7.(4P).4s""","=""b 3P""","=""2""","=""3d7.(4P).4p""","=""y 3S*""","=""1""",,"=""T5720""","=""L11631""",
"=""404.55936""","=""0.00005""","=""404.559336""","=""0.000023""","=""3470""","=""5.17e+07""","=""1.41e-02""","=""-0.896""",C,"=""3.21118938""","=""6.27499663""","=""3d6.(5D).4s.4p.(3P*)""","=""z 5D*""","=""4""","=""3d6.(5D).4s (6D).4d""","=""e 7P""","=""3""",,"=""T5720""","=""L11631""",
"=""404.58122""","=""0.00005""","=""404.581193""","=""0.000023""","=""1000000""","=""7.76e+08""","=""2.12e-01""","=""0.280""",A,"=""1.48486439""","=""4.54850612""","=""3d7.(4F).4s""","=""a 3F""","=""4""","=""3d7.(4F).4p""","=""y 3F*""","=""4""",,"=""T3831""","=""L11631""",
"=""404.60620""","=""0.00005""","=""404.606181""","=""0.000023""","=""1620""","=""2.06e+07""","=""1.01e-02""","=""-1.297""",C+,"=""3.26570610""","=""6.32915863""","=""3d6.(5D).4s.4p.(3P*)""","=""z 5D*""","=""2""","=""3d6.(5D).4s (6D).4d""","=""f 7D""","=""1""",,"=""T5720""","=""L11631""",
"=""404.73037""","=""0.00025""","=""404.73025""","=""0.00004""","=""288""","=""6.45e+05""","=""3.17e-04""","=""-2.800""",C,"=""2.27860466""","=""5.34111814""","=""3d6.4s2""","=""a 3P2""","=""2""","=""3d6.(3P2).4s.4p.(3P*)""","=""x 5P*""","=""1""",,"=""T5720""","=""L11631""",
"=""404.93267""","=""0.00005""","=""404.932629""","=""0.000023""","=""1410""","=""1.48e+06""","=""5.19e-04""","=""-2.440""",B,"=""2.58810592""","=""5.64908881""","=""3d6.4s2""","=""b 3F2""","=""3""","=""3d6.(3H).4s.4p.(3P*)""","=""y 3G*""","=""3""",,"=""T5720""","=""L11631""",
"=""405.19051""","=""0.00013""","=""405.190535""","=""0.000023""","=""870""","=""1.6e+07""","=""5.7e-03""","=""-1.40""",D,"=""3.39650880""","=""6.45554341""","=""3d6.(5D).4s.4p.(3P*)""","=""z 5F*""","=""3""","=""3d6.(5D).4s (6D).4d""","=""e 5P""","=""2""",,"=""T2578n""","=""L11631""",
"=""405.41768""","=""0.00025""","=""405.417774""","=""0.000023""","=""257""","=""3.8e+06""","=""1.9e-03""","=""-2.02""",D,"=""3.26570610""","=""6.32302612""","=""3d6.(5D).4s.4p.(3P*)""","=""z 5D*""","=""2""","=""3d6.(5D).4s (6D).4d""","=""f 7D""","=""2""",,"=""T2578n""","=""L11631""",
"=""405.48666""","=""0.00005""","=""405.486626""","=""0.000023""","=""1320""","=""2.88e+07""","=""1.42e-02""","=""-1.148""",B,"=""3.41695281""","=""6.47375371""","=""3d6.(5D).4s.4p.(3P*)""","=""z 5F*""","=""2""","=""3d6.(5D).4s (4D).5s""","=""g 5D""","=""1""",,"=""T6110""","=""L11631""",
"=""405.50352""","=""0.00005""","=""405.503501""","=""0.000023""","=""4790""","=""4.87e+06""","=""1.34e-03""","=""-1.920""",B+,"=""2.55917148""","=""5.61584517""","=""3d6.4s2""","=""b 3F2""","=""4""","=""3d6.(3H).4s.4p.(3P*)""","=""y 3G*""","=""5""",,"=""T5720""","=""L11631""",
"=""405.73433""","=""0.00005""","=""405.734287""","=""0.000023""","=""1050""","=""4.46e+06""","=""1.57e-03""","=""-1.959""",C,"=""2.75857762""","=""5.81351269""","=""3d7.(2G).4s""","=""a 3G""","=""3""","=""3d6.(3F2).4s.4p.(3P*)""","=""x 3F*""","=""4""",,"=""T5720""","=""L11631""",
"=""405.8217""","=""0.0003""","=""405.821663""","=""0.000023""","=""2240bl""","=""3.13e+07""","=""8.59e-03""","=""-1.112""",C+,"=""3.21118938""","=""6.26546671""","=""3d6.(5D).4s.4p.(3P*)""","=""z 5D*""","=""4""","=""3d6.(5D).4s (6D).4d""","=""f 5D""","=""3""",,"=""T5720""","=""L11631""",
"=""405.87537""","=""0.00005""","=""405.875343""","=""0.000023""","=""1230""","=""3.26e+06""","=""2.68e-03""","=""-2.094""",C,"=""2.42419831""","=""5.47807170""","=""3d6.4s2""","=""a 3P2""","=""1""","=""3d6.(3P2).4s.4p.(3P*)""","=""w 5D*""","=""2""",,"=""T5720""","=""L11631""",
"=""405.97133""","=""0.00005""","=""405.97130""","=""0.00004""","=""980""","=""1.71e+07""","=""8.47e-03""","=""-1.373""",C+,"=""3.54652001""","=""6.59967157""","=""3d7.(2D2).4s""","=""a 1D""","=""2""","=""3d7.(2D2).4p""","=""v 3P*""","=""1""",,"=""T5720""","=""L11631""",
"=""406.24406""","=""0.00005""","=""406.244071""","=""0.000023""","=""15100""","=""5.55e+07""","=""4.58e-02""","=""-0.862""",C+,"=""2.84504259""","=""5.89614419""","=""3d7.(4P).4s""","=""b 3P""","=""1""","=""3d7.(4P).4p""","=""y 3S*""","=""1""",,"=""T5720""","=""L11631""",
"=""406.35939""","=""0.00005""","=""406.359365""","=""0.000023""","=""830000""","=""4.66e+08""","=""1.65e-01""","=""0.062""",B+,"=""1.55735733""","=""4.60759327""","=""3d7.(4F).4s""","=""a 3F""","=""3""","=""3d7.(4F).4p""","=""y 3F*""","=""3""",,"=""T5720""","=""L11631""",
"=""406.53809""","=""0.00013""","=""406.538067""","=""0.000023""","=""930""","=""1.7e+07""","=""1.4e-02""","=""-1.37""",D+,"=""3.43018998""","=""6.47908516""","=""3d6.(5D).4s.4p.(3P*)""","=""z 5F*""","=""1""","=""3d6.(5D).4s (4D).5s""","=""g 5D""","=""0""",,"=""T2491n""","=""L11631""",
"=""406.65850""","=""0.00005""","=""406.658491""","=""0.000023""","=""2450""","=""1.05e+07""","=""2.90e-03""","=""-1.583""",B,"=""2.99035244""","=""6.03834476""","=""3d6.4s2""","=""b 3G""","=""4""","=""3d6.(3H).4s.4p.(3P*)""","=""y 1G*""","=""4""",,"=""T5720""","=""L11631""",
"=""406.72709""","=""0.00005""","=""406.727070""","=""0.000023""","=""8300""","=""1.53e+07""","=""4.23e-03""","=""-1.419""",B,"=""2.55917148""","=""5.60664989""","=""3d6.4s2""","=""b 3F2""","=""4""","=""3d6.(3P2).4s.4p.(3P*)""","=""x 3D*""","=""3""",,"=""T4293""","=""L11631""",
"=""406.79775""","=""0.00005""","=""406.797774""","=""0.000023""","=""10500""","=""1.36e+08""","=""3.75e-02""","=""-0.472""",B,"=""3.21118938""","=""6.25813812""","=""3d6.(5D).4s.4p.(3P*)""","=""z 5D*""","=""4""","=""3d6.(5D).4s (6D).4d""","=""e 7P""","=""4""",,"=""T5720""","=""L11631""",
"=""406.9067""","=""0.0003""","=""406.906609""","=""0.000023""","=""195""","=""5.7e+06""","=""4.7e-03""","=""-1.85""",D,"=""3.28302483""","=""6.32915863""","=""3d6.(5D).4s.4p.(3P*)""","=""z 5D*""","=""1""","=""3d6.(5D).4s (6D).4d""","=""f 7D""","=""1""",,"=""T2578n""","=""L11631""",
"=""407.07705""","=""0.00005""","=""407.077024""","=""0.000023""","=""5000""","=""5.5e+07""","=""2.0e-02""","=""-0.85""",D+,"=""3.24096914""","=""6.28582776""","=""3d6.(5D).4s.4p.(3P*)""","=""z 5D*""","=""3""","=""3d6.(5D).4s (6D).4d""","=""f 5D""","=""2""",,"=""T2491n""","=""L11631""",
"=""407.15198""","=""0.00005""","=""407.151979""","=""0.000023""","=""3470""","=""3.85e+06""","=""1.37e-03""","=""-2.019""",B+,"=""2.58810592""","=""5.63240401""","=""3d6.4s2""","=""b 3F2""","=""3""","=""3d6.(3H).4s.4p.(3P*)""","=""y 3G*""","=""4""",,"=""T5720""","=""L11631""",
"=""407.17377""","=""0.00005""","=""407.173752""","=""0.000023""","=""710000""","=""3.82e+08""","=""1.90e-01""","=""-0.022""",A,"=""1.60789577""","=""4.65203107""","=""3d7.(4F).4s""","=""a 3F""","=""2""","=""3d7.(4F).4p""","=""y 3F*""","=""2""",,"=""T3831""","=""L11631""",
"=""407.25021""","=""0.00013""","=""407.250219""","=""0.000023""","=""780""","=""1.46e+07""","=""1.21e-02""","=""-1.439""",B,"=""3.43018998""","=""6.47375371""","=""3d6.(5D).4s.4p.(3P*)""","=""z 5F*""","=""1""","=""3d6.(5D).4s (4D).5s""","=""g 5D""","=""1""",,"=""T6110""","=""L11631""",
"=""407.37620""","=""0.00005""","=""407.376195""","=""0.000023""","=""3550""","=""5.04e+07""","=""2.51e-02""","=""-0.902""",B,"=""3.26570610""","=""6.30832866""","=""3d6.(5D).4s.4p.(3P*)""","=""z 5D*""","=""2""","=""3d6.(5D).4s (6D).4d""","=""f 5D""","=""1""",,"=""T5720""","=""L11631""",
"=""407.4786""","=""0.0003""","=""407.478563""","=""0.000023""","=""7200bl""","=""3.09e+07""","=""8.55e-03""","=""-1.114""",C+,"=""3.04686890""","=""6.08872711""","=""3d7.(2G).4s""","=""a 1G""","=""4""","=""3d7.(2G).4p""","=""w 3F*""","=""4""",,"=""T5720""","=""L11631""",
"=""407.62177""","=""0.00013""","=""407.62185""","=""0.00004""","=""890""","=""4.2e+06""","=""3.4e-03""","=""-1.99""",E,"=""3.07133880""","=""6.11212776""","=""3d7.(2P).4s""","=""c 3P""","=""1""","=""3d6.(3F2).4s.4p.(3P*)""","=""v 3D*""","=""1""",,"=""T2578n""","=""L11631""",
"=""407.64895""","=""0.00005""","=""407.648942""","=""0.000023""","=""2950""","=""3.10e+06""","=""1.55e-03""","=""-2.112""",B,"=""2.60850194""","=""5.64908881""","=""3d6.4s2""","=""b 3F2""","=""2""","=""3d6.(3H).4s.4p.(3P*)""","=""y 3G*""","=""3""",,"=""T5720""","=""L11631""",
"=""407.66288""","=""0.00005""","=""407.662889""","=""0.000023""","=""11200""","=""1.19e+08""","=""3.29e-02""","=""-0.529""",B,"=""3.21118938""","=""6.25167222""","=""3d6.(5D).4s.4p.(3P*)""","=""z 5D*""","=""4""","=""3d6.(5D).4s (6D).4d""","=""f 5D""","=""4""",,"=""T5720""","=""L11631""",
"=""407.67997""","=""0.00005""","=""407.679979""","=""0.000023""","=""1260""","=""2.67e+07""","=""1.33e-02""","=""-1.177""",D+,"=""3.26570610""","=""6.30606149""","=""3d6.(5D).4s.4p.(3P*)""","=""z 5D*""","=""2""","=""3d6.(5D).4s (6D).4d""","=""f 7D""","=""3""",,"=""T5720""","=""L11631""",
"=""407.83536""","=""0.00005""","=""407.835319""","=""0.000023""","=""5400""","=""1.36e+07""","=""6.81e-03""","=""-1.468""",B+,"=""2.60850194""","=""5.64769932""","=""3d6.4s2""","=""b 3F2""","=""2""","=""3d6.(3P2).4s.4p.(3P*)""","=""x 3D*""","=""1""",,"=""T5720""","=""L11631""",
"=""407.91678""","=""0.00013""","=""407.916762""","=""0.000023""","=""540""","=""2.7e+07""","=""1.4e-02""","=""-1.17""",E,"=""3.41695281""","=""6.45554341""","=""3d6.(5D).4s.4p.(3P*)""","=""z 5F*""","=""2""","=""3d6.(5D).4s (6D).4d""","=""e 5P""","=""2""",,"=""T2578n""","=""L11631""",
"=""407.98377""","=""0.00005""","=""407.983784""","=""0.000023""","=""4570""","=""1.75e+07""","=""4.37e-02""","=""-1.360""",B,"=""2.85805275""","=""5.89614419""","=""3d7.(4P).4s""","=""b 3P""","=""0""","=""3d7.(4P).4p""","=""y 3S*""","=""1""",,"=""T5720""","=""L11631""",
"=""408.02089""","=""0.00005""","=""408.02090""","=""0.00004""","=""1820""","=""2.3e+07""","=""1.9e-02""","=""-1.23""",D,"=""3.28302483""","=""6.32083991""","=""3d6.(5D).4s.4p.(3P*)""","=""z 5D*""","=""1""","=""3d6.(5D).4s (6D).4d""","=""f 5D""","=""0""",,"=""T2491n""","=""L11631""",
"=""408.08766""","=""0.00013""","=""408.087574""","=""0.000023""","=""398""","=""6.9e+06""","=""1.7e-02""","=""-1.76""",D,"=""3.29183986""","=""6.32915863""","=""3d6.(5D).4s.4p.(3P*)""","=""z 5D*""","=""0""","=""3d6.(5D).4s (6D).4d""","=""f 7D""","=""1""",,"=""T2578n""","=""L11631""",
"=""408.21076""","=""0.00013""","=""408.210685""","=""0.000024""","=""720""","=""1.2e+07""","=""6.2e-03""","=""-1.51""",D,"=""3.41695281""","=""6.45335558""","=""3d6.(5D).4s.4p.(3P*)""","=""z 5F*""","=""2""","=""3d6.(5D).4s (4D).5s""","=""g 5D""","=""2""",,"=""T2578n""","=""L11631""",
"=""408.24243""","=""0.00013""","=""408.24252""","=""0.00004""","=""347""","=""1.2e+07""","=""1.0e-02""","=""-1.52""",E,"=""3.63521992""","=""6.67138589""","=""3d6.4s2""","=""b 3D""","=""1""","=""3d7.(2P).4p""","=""x 3S*""","=""1""",,"=""T2578n""","=""L11631""",
"=""408.35489""","=""0.00005""","=""408.35489""","=""0.00004""","=""1020""","=""9.20e+05""","=""4.60e-04""","=""-2.638""",C,"=""2.27860466""","=""5.31393522""","=""3d6.4s2""","=""a 3P2""","=""2""","=""3d6.(3P2).4s.4p.(3P*)""","=""x 5P*""","=""2""",,"=""T5720""","=""L11631""",
"=""408.44913""","=""0.00005""","=""408.449152""","=""0.000024""","=""7100""","=""7.79e+07""","=""1.77e-02""","=""-0.710""",C+,"=""3.33201954""","=""6.36664959""","=""3d6.(5D).4s.4p.(3P*)""","=""z 5F*""","=""5""","=""3d6.(5D).4s (4D).5s""","=""g 5D""","=""4""",,"=""T5720""","=""L11631""",
"=""408.50038""","=""0.00005""","=""408.500408""","=""0.000024""","=""7800""","=""2.4e+07""","=""2.0e-02""","=""-1.23""",D,"=""2.84504259""","=""5.87929188""","=""3d7.(4P).4s""","=""b 3P""","=""1""","=""3d6.(3P2).4s.4p.(3P*)""","=""1D*""","=""2""",,"=""T2578n""","=""L11631""",
"=""408.53028""","=""0.00005""","=""408.530273""","=""0.000024""","=""5000""","=""6.24e+07""","=""2.23e-02""","=""-0.806""",C+,"=""3.24096914""","=""6.27499663""","=""3d6.(5D).4s.4p.(3P*)""","=""z 5D*""","=""3""","=""3d6.(5D).4s (6D).4d""","=""e 7P""","=""3""",,"=""T5720""","=""L11631""",
"=""408.5984""","=""0.0003""","=""408.59820""","=""0.00005""","=""331""","=""2.6e+07""","=""9.2e-03""","=""-1.19""",E,"=""4.15435379""","=""7.1878769""","=""3d7.(4F).4p""","=""y 5D*""","=""3""","=""3d6.(5D).4s (4D).4d""","=""i 5D""","=""2""",,"=""T2578n""","=""L11631""",
"=""408.70936""","=""0.00005""","=""408.709336""","=""0.000024""","=""1050""","=""1.7e+07""","=""3.8e-03""","=""-1.37""",D,"=""3.33201954""","=""6.36471779""","=""3d6.(5D).4s.4p.(3P*)""","=""z 5F*""","=""5""","=""3d6.(5D).4s (6D).4d""","=""e 7G""","=""4""",,"=""T2491n""","=""L11631""",
"=""408.85565""","=""0.00013""","=""408.85558""","=""0.00004""","=""560""","=""1.3e+07""","=""6.3e-03""","=""-1.50""",D,"=""3.63977237""","=""6.67138589""","=""3d6.4s2""","=""b 3D""","=""2""","=""3d7.(2P).4p""","=""x 3S*""","=""1""",,"=""T2578n""","=""L11631""",
"=""408.92166""","=""0.00005""","=""408.921655""","=""0.000024""","=""2290""","=""3.80e+06""","=""8.64e-04""","=""-2.022""",C+,"=""2.94879294""","=""5.97991659""","=""3d6.4s2""","=""b 3G""","=""5""","=""3d6.(3G).4s.4p.(3P*)""","=""y 5H*""","=""5""",,"=""T5720""","=""L11631""",
"=""409.00724""","=""0.00013""","=""409.007214""","=""0.000024""","=""398""","=""7.0e+06""","=""2.6e-03""","=""-1.75""",D,"=""3.39650880""","=""6.42699840""","=""3d6.(5D).4s.4p.(3P*)""","=""z 5F*""","=""3""","=""3d6.(5D).4s (6D).4d""","=""e 5P""","=""3""",,"=""T2578n""","=""L11631""",
"=""409.09533""","=""0.00013""","=""409.095319""","=""0.000024""","=""468""","=""7.7e+06""","=""2.1e-03""","=""-1.73""",D,"=""3.36825640""","=""6.39809335""","=""3d6.(5D).4s.4p.(3P*)""","=""z 5F*""","=""4""","=""3d6.(5D).4s (6D).4d""","=""f 5F""","=""3""",,"=""T2578n""","=""L11631""",
"=""409.15528""","=""0.00013""","=""409.155244""","=""0.000024""","=""690""","=""3.42e+06""","=""1.71e-03""","=""-2.068""",B,"=""2.83159117""","=""5.86098438""","=""3d7.(4P).4s""","=""b 3P""","=""2""","=""3d7.(4P).4p""","=""w 3D*""","=""1""",,"=""T6110""","=""L11631""",
"=""409.59705""","=""0.00005""","=""409.597024""","=""0.000024""","=""5600""","=""1.32e+07""","=""4.76e-03""","=""-1.477""",B+,"=""2.58810592""","=""5.61423177""","=""3d6.4s2""","=""b 3F2""","=""3""","=""3d6.(3P2).4s.4p.(3P*)""","=""x 3D*""","=""2""",,"=""T5720""","=""L11631""",
"=""409.70831""","=""0.00013""","=""409.708319""","=""0.000024""","=""500""","=""8.7e+06""","=""7.4e-03""","=""-1.65""",E,"=""3.28302483""","=""6.30832866""","=""3d6.(5D).4s.4p.(3P*)""","=""z 5D*""","=""1""","=""3d6.(5D).4s (6D).4d""","=""f 5D""","=""1""",,"=""T2578n""","=""L11631""",
"=""409.81755""","=""0.00005""","=""409.817542""","=""0.000024""","=""3800""","=""5.24e+07""","=""1.89e-02""","=""-0.879""",B,"=""3.24096914""","=""6.26546671""","=""3d6.(5D).4s.4p.(3P*)""","=""z 5D*""","=""3""","=""3d6.(5D).4s (6D).4d""","=""f 5D""","=""3""",,"=""T5720""","=""L11631""",
"=""410.07376""","=""0.00005""","=""410.073752""","=""0.000024""","=""10000""","=""2.63e+05""","=""6.02e-05""","=""-3.179""",A,"=""0.85899575""","=""3.88160368""","=""3d7.(4F).4s""","=""a 5F""","=""5""","=""3d6.(5D).4s.4p.(3P*)""","=""z 3F*""","=""4""",,"=""T3548""","=""L11631""",
"=""410.12608""","=""0.00005""","=""410.126090""","=""0.000024""","=""1150""","=""1.8e+07""","=""6.4e-03""","=""-1.35""",D,"=""3.39650880""","=""6.41873101""","=""3d6.(5D).4s.4p.(3P*)""","=""z 5F*""","=""3""","=""3d6.(5D).4s (4D).5s""","=""g 5D""","=""3""",,"=""T2491n""","=""L11631""",
"=""410.1685""","=""0.0003""","=""410.16853""","=""0.00004""","=""214""","=""1.2e+06""","=""3.0e-03""","=""-2.53""",E,"=""2.48437256""","=""5.50628207""","=""3d6.4s2""","=""a 3P2""","=""0""","=""3d6.(3P2).4s.4p.(3P*)""","=""w 5D*""","=""1""",,"=""T2578n""","=""L11631""",
"=""410.4940""","=""0.0003""","=""410.494274""","=""0.000024""","=""158""","=""2.9e+06""","=""6.5e-04""","=""-2.14""",D,"=""3.33201954""","=""6.35153108""","=""3d6.(5D).4s.4p.(3P*)""","=""z 5F*""","=""5""","=""3d6.(5D).4s (6D).4d""","=""e 7G""","=""5""",,"=""T2578n""","=""L11631""",
"=""410.62585""","=""0.00013""","=""410.625858""","=""0.000024""","=""930""","=""2.3e+06""","=""8.2e-04""","=""-2.24""",E,"=""2.58810592""","=""5.60664989""","=""3d6.4s2""","=""b 3F2""","=""3""","=""3d6.(3P2).4s.4p.(3P*)""","=""x 3D*""","=""3""",,"=""T2578n""","=""L11631""",
"=""410.64226""","=""0.00005""","=""410.642219""","=""0.000024""","=""930""","=""1.26e+07""","=""4.55e-03""","=""-1.497""",C+,"=""3.39650880""","=""6.41493251""","=""3d6.(5D).4s.4p.(3P*)""","=""z 5F*""","=""3""","=""3d6.(5D).4s (4D).5s""","=""e 3D""","=""2""",,"=""T5720""","=""L11631""",
"=""410.74881""","=""0.00005""","=""410.748817""","=""0.000024""","=""14500""","=""5.22e+07""","=""2.64e-02""","=""-0.879""",B,"=""2.83159117""","=""5.84923154""","=""3d7.(4P).4s""","=""b 3P""","=""2""","=""3d7.(4P).4p""","=""u 5D*""","=""1""",,"=""T5720""","=""L11631""",
"=""410.8133""","=""0.0003""","=""410.812992""","=""0.000024""","=""158""","=""3.2e+06""","=""1.1e-03""","=""-2.10""",E,"=""3.24096914""","=""6.25813812""","=""3d6.(5D).4s.4p.(3P*)""","=""z 5D*""","=""3""","=""3d6.(5D).4s (6D).4d""","=""e 7P""","=""4""",,"=""T2578n""","=""L11631""",
"=""410.90558""","=""0.00005""","=""410.905627""","=""0.000024""","=""950""","=""1.09e+07""","=""2.75e-02""","=""-1.560""",C,"=""3.29183986""","=""6.30832866""","=""3d6.(5D).4s.4p.(3P*)""","=""z 5D*""","=""0""","=""3d6.(5D).4s (6D).4d""","=""f 5D""","=""1""",,"=""T5720""","=""L11631""",
"=""410.98015""","=""0.00005""","=""410.980156""","=""0.000024""","=""11500""","=""4.53e+07""","=""3.83e-02""","=""-0.940""",B,"=""2.84504259""","=""5.86098438""","=""3d7.(4P).4s""","=""b 3P""","=""1""","=""3d7.(4P).4p""","=""w 3D*""","=""1""",,"=""T5720""","=""L11631""",
"=""411.23182""","=""0.00014""","=""411.231852""","=""0.000024""","=""580""","=""7.5e+06""","=""2.7e-03""","=""-1.72""",D,"=""3.39650880""","=""6.41060472""","=""3d6.(5D).4s.4p.(3P*)""","=""z 5F*""","=""3""","=""3d6.(5D).4s (6D).4d""","=""f 5F""","=""2""",,"=""T2578n""","=""L11631""",
"=""411.29586""","=""0.00005""","=""411.29584""","=""0.00004""","=""1120""","=""1.4e+08""","=""3.4e-02""","=""-0.43""",D,"=""4.17769679""","=""7.19132379""","=""3d7.(4F).4p""","=""y 5F*""","=""5""","=""3d6.(5D).4s (4D).4d""","=""g 5G""","=""6""",,"=""T2491n""","=""L11631""",
"=""411.44447""","=""0.00005""","=""411.444464""","=""0.000024""","=""5200""","=""1.96e+07""","=""9.95e-03""","=""-1.303""",C+,"=""2.83159117""","=""5.84412959""","=""3d7.(4P).4s""","=""b 3P""","=""2""","=""3d7.(4P).4p""","=""w 3D*""","=""2""",,"=""T5720""","=""L11631""",
"=""411.49374""","=""0.00014""","=""411.493764""","=""0.000024""","=""740""","=""1.41e+07""","=""3.99e-03""","=""-1.445""",C+,"=""3.36825640""","=""6.38043390""","=""3d6.(5D).4s.4p.(3P*)""","=""z 5F*""","=""4""","=""3d6.(5D).4s (6D).4d""","=""f 5F""","=""4""",,"=""T5720""","=""L11631""",
"=""411.85447""","=""0.00005""","=""411.85443""","=""0.00004""","=""47900""","=""6.45e+08""","=""1.49e-01""","=""0.215""",B,"=""3.57321890""","=""6.58275864""","=""3d7.(2H).4s""","=""a 1H""","=""5""","=""3d7.(2H).4p""","=""1I*""","=""6""",,"=""T5720""","=""L11631""",
"=""411.88865""","=""0.00014""","=""411.888540""","=""0.000024""","=""282""","=""1.3e+07""","=""6.8e-03""","=""-1.47""",E,"=""3.26570610""","=""6.27499663""","=""3d6.(5D).4s.4p.(3P*)""","=""z 5D*""","=""2""","=""3d6.(5D).4s (6D).4d""","=""e 7P""","=""3""",,"=""T2578n""","=""L11631""",
"=""412.02062""","=""0.00005""","=""412.020628""","=""0.000024""","=""6500""","=""2.12e+07""","=""6.01e-03""","=""-1.267""",B,"=""2.99035244""","=""5.99867825""","=""3d6.4s2""","=""b 3G""","=""4""","=""3d7.(2G).4p""","=""z 1H*""","=""5""",,"=""T5720""","=""L11631""",
"=""412.18024""","=""0.00005""","=""412.180229""","=""0.000024""","=""5900""","=""1.39e+07""","=""7.10e-03""","=""-1.450""",B,"=""2.83159117""","=""5.83875215""","=""3d7.(4P).4s""","=""b 3P""","=""2""","=""3d6.(3F2).4s.4p.(3P*)""","=""x 3F*""","=""3""",,"=""T5720""","=""L11631""",
"=""412.25152""","=""0.00005""","=""412.251533""","=""0.000024""","=""4790""","=""1.62e+07""","=""1.37e-02""","=""-1.386""",B,"=""2.84504259""","=""5.85168345""","=""3d7.(4P).4s""","=""b 3P""","=""1""","=""3d6.(3F2).4s.4p.(3P*)""","=""x 3F*""","=""2""",,"=""T5720""","=""L11631""",
"=""412.37280""","=""0.00005""","=""412.372797""","=""0.000024""","=""3390""","=""5.44e+06""","=""1.54e-03""","=""-1.858""",B,"=""2.99035244""","=""5.99610917""","=""3d6.4s2""","=""b 3G""","=""4""","=""3d6.(3G).4s.4p.(3P*)""","=""y 5H*""","=""4""",,"=""T5720""","=""L11631""",
"=""412.5617""","=""0.0003""","=""412.56199""","=""0.00005""","=""363bl""","=""1.1e+08""","=""3.1e-02""","=""-0.55""",E,"=""4.22036211""","=""7.2247405""","=""3d7.(4F).4p""","=""y 5F*""","=""4""","=""3d6.(5D).4s (4D).4d""","=""g 5G""","=""5""",,"=""T2578n""","=""L11631""",
"=""412.58801""","=""0.00005""","=""412.588004""","=""0.000024""","=""910""","=""2.39e+06""","=""2.03e-03""","=""-2.215""",C,"=""2.84504259""","=""5.84923154""","=""3d7.(4P).4s""","=""b 3P""","=""1""","=""3d7.(4P).4p""","=""u 5D*""","=""1""",,"=""T5720""","=""L11631""",
"=""412.61824""","=""0.00005""","=""412.618265""","=""0.000024""","=""2880""","=""4.6e+07""","=""1.1e-02""","=""-0.92""",D,"=""3.33201954""","=""6.33598817""","=""3d6.(5D).4s.4p.(3P*)""","=""z 5F*""","=""5""","=""3d6.(5D).4s (6D).4d""","=""f 5F""","=""5""",,"=""T2578n""","=""L11631""",
"=""412.6854""","=""0.0003""","=""412.68514""","=""0.00004""","=""240""","=""1.3e+06""","=""1.1e-03""","=""-2.49""",D,"=""2.84504259""","=""5.84852446""","=""3d7.(4P).4s""","=""b 3P""","=""1""","=""3d7.(4P).4p""","=""u 5D*""","=""0""",,"=""T2578n""","=""L11631""",
"=""412.76075""","=""0.00005""","=""412.760758""","=""0.000024""","=""11000""","=""4.29e+07""","=""1.10e-01""","=""-0.960""",B,"=""2.85805275""","=""5.86098438""","=""3d7.(4P).4s""","=""b 3P""","=""0""","=""3d7.(4P).4p""","=""w 3D*""","=""1""",,"=""T5720""","=""L11631""",
"=""412.9461""","=""0.0003""","=""412.946006""","=""0.000024""","=""234""","=""4.6e+06""","=""1.7e-03""","=""-1.94""",E,"=""3.39650880""","=""6.39809335""","=""3d6.(5D).4s.4p.(3P*)""","=""z 5F*""","=""3""","=""3d6.(5D).4s (6D).4d""","=""f 5F""","=""3""",,"=""T2578n""","=""L11631""",
"=""413.20579""","=""0.00005""","=""413.205785""","=""0.000024""","=""224000""","=""8.26e+07""","=""4.23e-02""","=""-0.675""",B+,"=""1.60789577""","=""4.60759327""","=""3d7.(4F).4s""","=""a 3F""","=""2""","=""3d7.(4F).4p""","=""y 3F*""","=""3""",,"=""T5720""","=""L11631""",
"=""413.28989""","=""0.00005""","=""413.289900""","=""0.000024""","=""11700""","=""3.85e+07""","=""3.29e-02""","=""-1.006""",B,"=""2.84504259""","=""5.84412959""","=""3d7.(4P).4s""","=""b 3P""","=""1""","=""3d7.(4P).4p""","=""w 3D*""","=""2""",,"=""T5720""","=""L11631""",
"=""413.38554""","=""0.00005""","=""413.385535""","=""0.000024""","=""1620""","=""1.91e+07""","=""5.43e-03""","=""-1.311""",C+,"=""3.36825640""","=""6.36664959""","=""3d6.(5D).4s.4p.(3P*)""","=""z 5F*""","=""4""","=""3d6.(5D).4s (4D).5s""","=""g 5D""","=""4""",,"=""T5720""","=""L11631""",
"=""413.43360""","=""0.00005""","=""413.433575""","=""0.000017""","=""1170""","=""7.42e+03""","=""2.11e-06""","=""-4.721""",C+,"=""0.0000000""","=""2.99804479""","=""3d6.4s2""","=""a 5D""","=""4""","=""3d6.(5D).4s.4p.(3P*)""","=""z 7P*""","=""3""",,"=""T5720""","=""L11631""",
"=""413.4420""","=""0.0003""","=""413.441953""","=""0.000024""","=""1410bl*""","=""7.86e+06""","=""4.03e-03""","=""-1.696""",C+,"=""3.01725044""","=""6.01523448""","=""3d7.(2P).4s""","=""c 3P""","=""2""","=""3d7.(4P).4p""","=""x 3P*""","=""1""",,"=""T5720""","=""L11631""",
"=""413.46773""","=""0.00005""","=""413.467722""","=""0.000024""","=""26900""","=""8.75e+07""","=""4.49e-02""","=""-0.649""",C+,"=""2.83159117""","=""5.82938837""","=""3d7.(4P).4s""","=""b 3P""","=""2""","=""3d7.(4P).4p""","=""w 3D*""","=""3""",,"=""T5720""","=""L11631""",
"=""413.65211""","=""0.00014""","=""413.652047""","=""0.000024""","=""620""","=""1.19e+07""","=""3.39e-03""","=""-1.516""",C,"=""3.36825640""","=""6.36471779""","=""3d6.(5D).4s.4p.(3P*)""","=""z 5F*""","=""4""","=""3d6.(5D).4s (6D).4d""","=""e 7G""","=""4""",,"=""T5720""","=""L11631""",
"=""413.69974""","=""0.00005""","=""413.699755""","=""0.000024""","=""9300""","=""1.38e+08""","=""1.18e-01""","=""-0.452""",B,"=""3.41489715""","=""6.41101300""","=""3d7.(2P).4s""","=""a 1P""","=""1""","=""3d7.(2P).4p""","=""y 1D*""","=""2""",,"=""T5720""","=""L11631""",
"=""413.99270""","=""0.00005""","=""413.992679""","=""0.000024""","=""2950""","=""9.15e+04""","=""4.70e-05""","=""-3.629""",A,"=""0.99011115""","=""3.98410712""","=""3d7.(4F).4s""","=""a 5F""","=""2""","=""3d6.(5D).4s.4p.(3P*)""","=""z 3F*""","=""2""",,"=""T3548""","=""L11631""",
"=""414.18630""","=""0.00005""","=""414.18628""","=""0.00004""","=""2400""","=""4.60e+06""","=""1.69e-03""","=""-1.927""",B,"=""3.01762252""","=""6.01021907""","=""3d6.4s2""","=""b 3G""","=""3""","=""3d6.(3G).4s.4p.(3P*)""","=""y 5H*""","=""3""",,"=""T5720""","=""L11631""",
"=""414.2589""","=""0.0003""","=""414.25874""","=""0.00005""","=""282""","=""3.8e+07""","=""3.2e-02""","=""-1.02""",E,"=""4.30127816""","=""7.2933513""","=""3d7.(4F).4p""","=""y 5F*""","=""1""","=""3d6.(5D).4s (4D).4d""","=""g 5G""","=""2""",,"=""T2578n""","=""L11631""",
"=""414.34143""","=""0.00005""","=""414.341445""","=""0.000024""","=""63000""","=""2.43e+08""","=""6.95e-02""","=""-0.204""",B,"=""3.04686890""","=""6.03834476""","=""3d7.(2G).4s""","=""a 1G""","=""4""","=""3d6.(3H).4s.4p.(3P*)""","=""y 1G*""","=""4""",,"=""T5720""","=""L11631""",
"=""414.38678""","=""0.00005""","=""414.386752""","=""0.000024""","=""363000""","=""1.20e+08""","=""4.40e-02""","=""-0.511""",B+,"=""1.55735733""","=""4.54850612""","=""3d7.(4F).4s""","=""a 3F""","=""3""","=""3d7.(4F).4p""","=""y 3F*""","=""4""",,"=""T5720""","=""L11631""",
"=""414.5199""","=""0.0003""","=""414.51993""","=""0.00004""","=""240""","=""7.0e+05""","=""1.6e-04""","=""-2.74""",E,"=""2.69240763""","=""5.68259542""","=""3d7.(2G).4s""","=""a 3G""","=""5""","=""3d6.(3F2).4s.4p.(3P*)""","=""x 5G*""","=""4""",,"=""T2578n""","=""L11631""",
"=""414.60639""","=""0.00005""","=""414.606405""","=""0.000024""","=""3240""","=""4.16e+06""","=""1.19e-03""","=""-1.970""",C+,"=""2.99035244""","=""5.97991659""","=""3d6.4s2""","=""b 3G""","=""4""","=""3d6.(3G).4s.4p.(3P*)""","=""y 5H*""","=""5""",,"=""T5720""","=""L11631""",
"=""414.76687""","=""0.00005""","=""414.766863""","=""0.000024""","=""6900""","=""3.05e+06""","=""8.74e-04""","=""-2.104""",A,"=""1.48486439""","=""4.47327202""","=""3d7.(4F).4s""","=""a 3F""","=""4""","=""3d7.(4F).4p""","=""z 3G*""","=""3""",,"=""T3831""","=""L11631""",
"=""414.93648""","=""0.00005""","=""414.936469""","=""0.000024""","=""3720""","=""5.50e+07""","=""1.29e-02""","=""-0.848""",C,"=""3.33201954""","=""6.31920567""","=""3d6.(5D).4s.4p.(3P*)""","=""z 5F*""","=""5""","=""3d6.(5D).4s (6D).4d""","=""e 7G""","=""6""",,"=""T5720""","=""L11631""",
"=""415.02488""","=""0.00005""","=""415.024873""","=""0.000024""","=""1410""","=""2.3e+07""","=""2.0e-02""","=""-1.23""",D,"=""3.43018998""","=""6.41673983""","=""3d6.(5D).4s.4p.(3P*)""","=""z 5F*""","=""1""","=""3d6.(5D).4s (6D).4d""","=""f 5F""","=""1""",,"=""T2578n""","=""L11631""",
"=""415.21689""","=""0.00005""","=""415.216867""","=""0.000024""","=""7800""","=""2.27e+05""","=""8.37e-05""","=""-3.232""",A,"=""0.95815732""","=""3.94332623""","=""3d7.(4F).4s""","=""a 5F""","=""3""","=""3d6.(5D).4s.4p.(3P*)""","=""z 3F*""","=""3""",,"=""T3548""","=""L11631""",
"=""""","=""""","=""415.372136""","=""0.000024""","=""""","=""4.8e-02""","=""2.5e-11""","=""-9.9""",E,"=""0.08728574""","=""3.07133880""","=""3d6.4s2""","=""a 5D""","=""2""","=""3d7.(2P).4s""","=""c 3P""","=""1""",M1,"=""T6409""","=""""",
"=""415.38994""","=""0.00005""","=""415.389948""","=""0.000024""","=""12300""","=""1.84e+08""","=""6.82e-02""","=""-0.321""",B+,"=""3.39650880""","=""6.38043390""","=""3d6.(5D).4s.4p.(3P*)""","=""z 5F*""","=""3""","=""3d6.(5D).4s (6D).4d""","=""f 5F""","=""4""",,"=""T5720""","=""L11631""",
"=""415.44984""","=""0.00005""","=""415.449849""","=""0.000024""","=""18600""","=""7.92e+07""","=""4.10e-02""","=""-0.688""",B,"=""2.83159117""","=""5.81508605""","=""3d7.(4P).4s""","=""b 3P""","=""2""","=""3d6.(3P2).4s.4p.(3P*)""","=""y 3P*""","=""1""",,"=""T5720""","=""L11631""",
"=""415.48052""","=""0.00005""","=""415.480514""","=""0.000024""","=""10500""","=""1.54e+08""","=""4.42e-02""","=""-0.400""",B,"=""3.36825640""","=""6.35153108""","=""3d6.(5D).4s.4p.(3P*)""","=""z 5F*""","=""4""","=""3d6.(5D).4s (6D).4d""","=""e 7G""","=""5""",,"=""T5720""","=""L11631""",
"=""415.66711""","=""0.00005""","=""415.667123""","=""0.000024""","=""2450""","=""5.80e+06""","=""1.37e-03""","=""-1.823""",B,"=""2.94879294""","=""5.93072834""","=""3d6.4s2""","=""b 3G""","=""5""","=""3d6.(3F2).4s.4p.(3P*)""","=""x 3G*""","=""5""",,"=""T5720""","=""L11631""",
"=""415.67985""","=""0.00005""","=""415.679861""","=""0.000024""","=""19100""","=""6.00e+07""","=""3.11e-02""","=""-0.808""",B,"=""2.83159117""","=""5.81343520""","=""3d7.(4P).4s""","=""b 3P""","=""2""","=""3d7.(4P).4p""","=""u 5D*""","=""2""",,"=""T5720""","=""L11631""",
"=""415.77798""","=""0.00005""","=""415.777954""","=""0.000024""","=""8300""","=""1.53e+08""","=""7.91e-02""","=""-0.403""",B+,"=""3.41695281""","=""6.39809335""","=""3d6.(5D).4s.4p.(3P*)""","=""z 5F*""","=""2""","=""3d6.(5D).4s (6D).4d""","=""f 5F""","=""3""",,"=""T5720""","=""L11631""",
"=""415.87922""","=""0.00005""","=""415.879208""","=""0.000024""","=""4170""","=""8.0e+07""","=""6.7e-02""","=""-0.70""",D,"=""3.43018998""","=""6.41060472""","=""3d6.(5D).4s.4p.(3P*)""","=""z 5F*""","=""1""","=""3d6.(5D).4s (6D).4d""","=""f 5F""","=""2""",,"=""T2578n""","=""L11631""",
"=""416.10766""","=""0.00014""","=""416.107929""","=""0.000024""","=""123""","=""8.6e+06""","=""2.5e-03""","=""-1.65""",D,"=""3.36825640""","=""6.34703293""","=""3d6.(5D).4s.4p.(3P*)""","=""z 5F*""","=""4""","=""3d6.(5D).4s (6D).4d""","=""e 7F""","=""4""",,"=""T2578n""","=""L11631""",
"=""416.14842""","=""0.00005""","=""416.148427""","=""0.000024""","=""1100""","=""2.71e+06""","=""1.00e-03""","=""-2.153""",B,"=""3.01762252""","=""5.99610917""","=""3d6.4s2""","=""b 3G""","=""3""","=""3d6.(3G).4s.4p.(3P*)""","=""y 5H*""","=""4""",,"=""T5720""","=""L11631""",
"=""416.78584""","=""0.00005""","=""416.78587""","=""0.00004""","=""1050""","=""5.26e+06""","=""1.52e-03""","=""-1.863""",C,"=""3.30140276""","=""6.27533411""","=""3d7.(2H).4s""","=""b 3H""","=""4""","=""3d6.(3F2).4s.4p.(3P*)""","=""x 1G*""","=""4""",,"=""T5720""","=""L11631""",
"=""416.86145""","=""0.00014""","=""416.861404""","=""0.000025""","=""282""","=""4.8e+06""","=""1.4e-03""","=""-1.90""",D,"=""3.36825640""","=""6.34164892""","=""3d6.(5D).4s.4p.(3P*)""","=""z 5F*""","=""4""","=""3d6.(5D).4s (6D).4d""","=""e 7F""","=""3""",,"=""T2578n""","=""L11631""",
"=""416.89413""","=""0.00014""","=""416.894277""","=""0.000025""","=""417""","=""9.5e+06""","=""4.8e-03""","=""-1.62""",D,"=""3.41695281""","=""6.39011087""","=""3d6.(5D).4s.4p.(3P*)""","=""z 5F*""","=""2""","=""3d6.(5D).4s (6D).4d""","=""e 7G""","=""2""",,"=""T2578n""","=""L11631""",
"=""416.9756""","=""0.0003""","=""416.975708""","=""0.000025""","=""263""","=""5.0e+06""","=""1.9e-03""","=""-1.87""",D,"=""3.39650880""","=""6.36908625""","=""3d6.(5D).4s.4p.(3P*)""","=""z 5F*""","=""3""","=""3d6.(5D).4s (6D).4d""","=""e 5G""","=""2""",,"=""T2578n""","=""L11631""",
"=""417.09015""","=""0.00005""","=""417.090127""","=""0.000025""","=""5100""","=""3.14e+07""","=""1.64e-02""","=""-1.086""",C+,"=""3.01725044""","=""5.98901244""","=""3d7.(2P).4s""","=""c 3P""","=""2""","=""3d7.(4P).4p""","=""x 3P*""","=""2""",,"=""T5720""","=""L11631""",
"=""417.16905""","=""0.00005""","=""417.16902""","=""0.00004""","=""930""","=""1.41e+07""","=""4.08e-03""","=""-1.435""",C,"=""3.69459719""","=""6.66579718""","=""3d6.4s2""","=""b 1G2""","=""4""","=""3d7.(2D2).4p""","=""x 1F*""","=""3""",,"=""T5720""","=""L11631""",
"=""417.18990""","=""0.00005""","=""417.18993""","=""0.00004""","=""1350""","=""7.63e+06""","=""3.98e-03""","=""-1.701""",C+,"=""3.30092244""","=""6.27197352""","=""3d7.(2D2).4s""","=""a 3D""","=""2""","=""3d7.(2G).4p""","=""z 1F*""","=""3""",,"=""T5720""","=""L11631""",
"=""417.21219""","=""0.00005""","=""417.212183""","=""0.000025""","=""6600""","=""4.90e+07""","=""1.83e-02""","=""-0.893""",C+,"=""3.25148176""","=""6.22237439""","=""3d7.(2D2).4s""","=""a 3D""","=""3""","=""3d7.(2P).4p""","=""w 3P*""","=""2""",,"=""T5720""","=""L11631""",
"=""417.26405""","=""0.00005""","=""417.264025""","=""0.000025""","=""1290""","=""2.46e+07""","=""5.84e-03""","=""-1.192""",B,"=""3.33201954""","=""6.30254306""","=""3d6.(5D).4s.4p.(3P*)""","=""z 5F*""","=""5""","=""3d6.(5D).4s (6D).4d""","=""e 7F""","=""5""",,"=""T5720""","=""L11631""",
"=""417.27445""","=""0.00005""","=""417.274423""","=""0.000025""","=""11500""","=""3.23e+05""","=""1.20e-04""","=""-3.074""",A,"=""0.95815732""","=""3.92860683""","=""3d7.(4F).4s""","=""a 5F""","=""3""","=""3d6.(5D).4s.4p.(3P*)""","=""z 3D*""","=""2""",,"=""T3548""","=""L11631""",
"=""417.33148""","=""0.00005""","=""417.331471""","=""0.000025""","=""1580""","=""7.89e+06""","=""6.87e-03""","=""-1.686""",C+,"=""2.84504259""","=""5.81508605""","=""3d7.(4P).4s""","=""b 3P""","=""1""","=""3d6.(3P2).4s.4p.(3P*)""","=""y 3P*""","=""1""",,"=""T5720""","=""L11631""",
"=""417.39205""","=""0.00005""","=""417.392038""","=""0.000025""","=""4470""","=""1.95e+05""","=""1.02e-04""","=""-3.293""",B,"=""0.99011115""","=""3.95972364""","=""3d7.(4F).4s""","=""a 5F""","=""2""","=""3d6.(5D).4s.4p.(3P*)""","=""z 3D*""","=""1""",,"=""T5720""","=""L11631""",
"=""417.49128""","=""0.00005""","=""417.491238""","=""0.000025""","=""13500""","=""4.11e+05""","=""1.19e-04""","=""-2.969""",A,"=""0.91460217""","=""3.88350907""","=""3d7.(4F).4s""","=""a 5F""","=""4""","=""3d6.(5D).4s.4p.(3P*)""","=""z 3D*""","=""3""",,"=""T3548""","=""L11631""",
"=""417.56358""","=""0.00005""","=""417.563572""","=""0.000025""","=""15800""","=""5.70e+07""","=""4.96e-02""","=""-0.827""",B,"=""2.84504259""","=""5.81343520""","=""3d7.(4P).4s""","=""b 3P""","=""1""","=""3d7.(4P).4p""","=""u 5D*""","=""2""",,"=""T5720""","=""L11631""",
"=""417.75936""","=""0.00005""","=""417.759354""","=""0.000025""","=""12900""","=""3.34e+05""","=""9.72e-05""","=""-3.058""",A,"=""0.91460217""","=""3.88160368""","=""3d7.(4F).4s""","=""a 5F""","=""4""","=""3d6.(5D).4s.4p.(3P*)""","=""z 3F*""","=""4""",,"=""T3548""","=""L11631""",
"=""418.17544""","=""0.00005""","=""418.175449""","=""0.000025""","=""49000""","=""1.62e+08""","=""8.51e-02""","=""-0.371""",B,"=""2.83159117""","=""5.79564049""","=""3d7.(4P).4s""","=""b 3P""","=""2""","=""3d7.(4P).4p""","=""u 5D*""","=""3""",,"=""T5720""","=""L11631""",
"=""418.23823""","=""0.00005""","=""418.238239""","=""0.000025""","=""3980""","=""2.52e+07""","=""1.32e-02""","=""-1.180""",D+,"=""3.01725044""","=""5.98085478""","=""3d7.(2P).4s""","=""c 3P""","=""2""","=""3d6.(3G).4s.4p.(3P*)""","=""v 5F*""","=""2""",,"=""T5720""","=""L11631""",
"=""418.27575""","=""0.00014""","=""418.275792""","=""0.000025""","=""417""","=""9.1e+06""","=""4.7e-03""","=""-1.63""",D,"=""3.41695281""","=""6.38029108""","=""3d6.(5D).4s.4p.(3P*)""","=""z 5F*""","=""2""","=""3d6.(5D).4s (6D).4d""","=""e 7G""","=""3""",,"=""T2578n""","=""L11631""",
"=""418.3006""","=""0.0003""","=""418.300399""","=""0.000025""","=""129""","=""2.8e+06""","=""1.0e-03""","=""-2.14""",E,"=""3.39650880""","=""6.35967275""","=""3d6.(5D).4s.4p.(3P*)""","=""z 5F*""","=""3""","=""3d6.(5D).4s (4D).5s""","=""e 3D""","=""3""",,"=""T2578n""","=""L11631""",
"=""418.48915""","=""0.00005""","=""418.489130""","=""0.000025""","=""16600""","=""5.15e+07""","=""2.70e-02""","=""-0.869""",B,"=""2.83159117""","=""5.79341882""","=""3d7.(4P).4s""","=""b 3P""","=""2""","=""3d6.(3P2).4s.4p.(3P*)""","=""y 3P*""","=""2""",,"=""T5720""","=""L11631""",
"=""418.70387""","=""0.00005""","=""418.703842""","=""0.000025""","=""49000""","=""1.08e+08""","=""4.04e-02""","=""-0.548""",B,"=""2.44955978""","=""5.40986861""","=""3d6.(5D).4s.4p.(3P*)""","=""z 7D*""","=""3""","=""3d6.(5D).4s (6D).5s""","=""e 7D""","=""2""",,"=""T4187""","=""L11631""",
"=""418.75868""","=""0.00005""","=""418.758722""","=""0.000025""","=""1000""","=""2.24e+07""","=""1.96e-02""","=""-1.230""",C+,"=""3.43018998""","=""6.39011087""","=""3d6.(5D).4s.4p.(3P*)""","=""z 5F*""","=""1""","=""3d6.(5D).4s (6D).4d""","=""e 7G""","=""2""",,"=""T5720""","=""L11631""",
"=""418.77952""","=""0.00005""","=""418.779491""","=""0.000025""","=""52000""","=""1.06e+08""","=""3.10e-02""","=""-0.554""",B,"=""2.42543332""","=""5.38520741""","=""3d6.(5D).4s.4p.(3P*)""","=""z 7D*""","=""4""","=""3d6.(5D).4s (6D).5s""","=""e 7D""","=""3""",,"=""T4187""","=""L11631""",
"=""418.95563""","=""0.00014""","=""418.955784""","=""0.000025""","=""479""","=""1.9e+07""","=""5.5e-03""","=""-1.30""",D,"=""3.69459719""","=""6.65312587""","=""3d6.4s2""","=""b 1G2""","=""4""","=""3d7.(4F).5p""","=""5F*""","=""3""",,"=""T2578n""","=""L11631""",
"=""419.14304""","=""0.00005""","=""419.142997""","=""0.000025""","=""33900""","=""8.19e+07""","=""4.32e-02""","=""-0.666""",B,"=""2.46883473""","=""5.42604198""","=""3d6.(5D).4s.4p.(3P*)""","=""z 7D*""","=""2""","=""3d6.(5D).4s (6D).5s""","=""e 7D""","=""1""",,"=""T5720""","=""L11631""",
"=""419.16763""","=""0.00005""","=""419.167654""","=""0.000025""","=""2690""","=""1.22e+07""","=""3.21e-02""","=""-1.493""",B,"=""2.85805275""","=""5.81508605""","=""3d7.(4P).4s""","=""b 3P""","=""0""","=""3d6.(3P2).4s.4p.(3P*)""","=""y 3P*""","=""1""",,"=""T5720""","=""L11631""",
"=""419.53288""","=""0.00005""","=""419.532874""","=""0.000025""","=""9100""","=""1.22e+08""","=""2.93e-02""","=""-0.492""",B,"=""3.33201954""","=""6.28647868""","=""3d6.(5D).4s.4p.(3P*)""","=""z 5F*""","=""5""","=""3d6.(5D).4s (6D).4d""","=""e 5G""","=""5""",,"=""T5720""","=""L11631""",
"=""419.56176""","=""0.00005""","=""419.561750""","=""0.000025""","=""1150""","=""6.05e+06""","=""3.19e-03""","=""-1.797""",C+,"=""3.01725044""","=""5.97150625""","=""3d7.(2P).4s""","=""c 3P""","=""2""","=""3d5.(6S).4s2.4p""","=""v 5P*""","=""2""",,"=""T5720""","=""L11631""",
"=""419.62081""","=""0.00005""","=""419.620852""","=""0.000025""","=""4790""","=""7.63e+07""","=""2.88e-02""","=""-0.696""",B+,"=""3.39650880""","=""6.35034852""","=""3d6.(5D).4s.4p.(3P*)""","=""z 5F*""","=""3""","=""3d6.(5D).4s (6D).4d""","=""e 5G""","=""3""",,"=""T5720""","=""L11631""",
"=""419.65308""","=""0.00005""","=""419.653070""","=""0.000025""","=""1020""","=""3.3e+06""","=""7.9e-04""","=""-2.06""",E,"=""2.94879294""","=""5.90240588""","=""3d6.4s2""","=""b 3G""","=""5""","=""3d6.(3G).4s.4p.(3P*)""","=""v 5F*""","=""5""",,"=""T2578n""","=""L11631""",
"=""419.82466""","=""0.00005""","=""419.824651""","=""0.000025""","=""9100""","=""1.32e+08""","=""3.89e-02""","=""-0.456""",B+,"=""3.36825640""","=""6.32066224""","=""3d6.(5D).4s.4p.(3P*)""","=""z 5F*""","=""4""","=""3d6.(5D).4s (6D).4d""","=""e 5G""","=""4""",,"=""T5720""","=""L11631""",
"=""419.83041""","=""0.00005""","=""419.830363""","=""0.000025""","=""29500""","=""7.23e+07""","=""1.74e-02""","=""-0.719""",B,"=""2.39920471""","=""5.35157038""","=""3d6.(5D).4s.4p.(3P*)""","=""z 7D*""","=""5""","=""3d6.(5D).4s (6D).5s""","=""e 7D""","=""4""",,"=""T4187""","=""L11631""",
"=""419.86338""","=""0.00005""","=""419.863389""","=""0.000025""","=""3390""","=""6.25e+07""","=""3.30e-02""","=""-0.782""",B,"=""3.41695281""","=""6.36908625""","=""3d6.(5D).4s.4p.(3P*)""","=""z 5F*""","=""2""","=""3d6.(5D).4s (6D).4d""","=""e 5G""","=""2""",,"=""T5720""","=""L11631""",
"=""419.9095""","=""0.0004""","=""419.909489""","=""0.000025""","=""145000bl""","=""5.41e+08""","=""1.59e-01""","=""0.156""",B,"=""3.04686890""","=""5.99867825""","=""3d7.(2G).4s""","=""a 1G""","=""4""","=""3d7.(2G).4p""","=""z 1H*""","=""5""",,"=""T5720""","=""L11631""",
"=""420.09239""","=""0.00005""","=""420.092401""","=""0.000025""","=""2340""","=""5.62e+07""","=""2.13e-02""","=""-0.827""",C+,"=""3.39650880""","=""6.34703293""","=""3d6.(5D).4s.4p.(3P*)""","=""z 5F*""","=""3""","=""3d6.(5D).4s (6D).4d""","=""e 7F""","=""4""",,"=""T5720""","=""L11631""",
"=""420.20289""","=""0.00005""","=""420.202885""","=""0.000025""","=""148000""","=""7.40e+07""","=""2.18e-02""","=""-0.708""",A,"=""1.48486439""","=""4.43461275""","=""3d7.(4F).4s""","=""a 3F""","=""4""","=""3d7.(4F).4p""","=""z 3G*""","=""4""",,"=""T3831""","=""L11631""",
"=""420.27527""","=""0.00005""","=""420.275278""","=""0.000025""","=""1910""","=""2.28e+06""","=""6.70e-04""","=""-2.220""",C+,"=""3.04686890""","=""5.99610917""","=""3d7.(2G).4s""","=""a 1G""","=""4""","=""3d6.(3G).4s.4p.(3P*)""","=""y 5H*""","=""4""",,"=""T5720""","=""L11631""",
"=""420.35675""","=""0.00005""","=""420.356851""","=""0.000025""","=""1050""","=""5.10e+04""","=""4.51e-05""","=""-3.869""",C,"=""1.01105568""","=""3.95972364""","=""3d7.(4F).4s""","=""a 5F""","=""1""","=""3d6.(5D).4s.4p.(3P*)""","=""z 3D*""","=""1""",,"=""T5720""","=""L11631""",
"=""420.39380""","=""0.00005""","=""420.39380""","=""0.00004""","=""2750""","=""3.86e+07""","=""7.87e-03""","=""-0.990""",B,"=""3.63434980""","=""6.58275864""","=""3d6.4s2""","=""a 1I""","=""6""","=""3d7.(2H).4p""","=""1I*""","=""6""",,"=""T5720""","=""L11631""",
"=""420.39845""","=""0.00005""","=""420.398445""","=""0.000025""","=""12300""","=""3.68e+07""","=""3.26e-02""","=""-1.010""",B,"=""2.84504259""","=""5.79341882""","=""3d7.(4P).4s""","=""b 3P""","=""1""","=""3d6.(3P2).4s.4p.(3P*)""","=""y 3P*""","=""2""",,"=""T5720""","=""L11631""",
"=""420.55382""","=""0.00005""","=""420.553882""","=""0.000025""","=""980""","=""1.38e+07""","=""7.35e-03""","=""-1.435""",D+,"=""3.41695281""","=""6.36423934""","=""3d6.(5D).4s.4p.(3P*)""","=""z 5F*""","=""2""","=""3d6.(5D).4s (6D).4d""","=""e 7F""","=""2""",,"=""T5720""","=""L11631""",
"=""420.66964""","=""0.00005""","=""420.669619""","=""0.000025""","=""11500""","=""4.13e+04""","=""1.57e-05""","=""-3.960""",D+,"=""0.05156912""","=""2.99804479""","=""3d6.4s2""","=""a 5D""","=""3""","=""3d6.(5D).4s.4p.(3P*)""","=""z 7P*""","=""3""",,"=""T5720""","=""L11631""",
"=""420.71268""","=""0.00005""","=""420.712709""","=""0.000025""","=""3550""","=""1.4e+07""","=""7.7e-03""","=""-1.41""",D+,"=""2.83159117""","=""5.77776507""","=""3d7.(4P).4s""","=""b 3P""","=""2""","=""3d6.(3P2).4s.4p.(3P*)""","=""z 3S*""","=""1""",,"=""T2491n""","=""L11631""",
"=""421.03433""","=""0.00005""","=""421.03430""","=""0.00003""","=""18200""","=""4.44e+07""","=""3.93e-02""","=""-0.928""",B,"=""2.48211840""","=""5.42604198""","=""3d6.(5D).4s.4p.(3P*)""","=""z 7D*""","=""1""","=""3d6.(5D).4s (6D).5s""","=""e 7D""","=""1""",,"=""T5720""","=""L11631""",
"=""421.03830""","=""0.00005""","=""421.03829""","=""0.00003""","=""3720""","=""2.15e+07""","=""1.91e-02""","=""-1.242""",B,"=""3.07133880""","=""6.01523448""","=""3d7.(2P).4s""","=""c 3P""","=""1""","=""3d7.(4P).4p""","=""x 3P*""","=""1""",,"=""T5720""","=""L11631""",
"=""421.36471""","=""0.00005""","=""421.36476""","=""0.00006""","=""6600""","=""2.1e+07""","=""1.9e-02""","=""-1.25""",D+,"=""2.84504259""","=""5.7866575""","=""3d7.(4P).4s""","=""b 3P""","=""1""","=""3d6.(3P2).4s.4p.(3P*)""","=""y 3P*""","=""0""",,"=""T2491n""","=""L11631""",
"=""421.54230""","=""0.00005""","=""421.54231""","=""0.00003""","=""3020""","=""6.58e+06""","=""1.95e-03""","=""-1.756""",B,"=""2.99035244""","=""5.93072834""","=""3d6.4s2""","=""b 3G""","=""4""","=""3d6.(3F2).4s.4p.(3P*)""","=""x 3G*""","=""5""",,"=""T5720""","=""L11631""",
"=""421.61835""","=""0.00005""","=""421.618312""","=""0.000018""","=""54000""","=""1.66e+05""","=""4.90e-05""","=""-3.356""",A,"=""0.0000000""","=""2.93984587""","=""3d6.4s2""","=""a 5D""","=""4""","=""3d6.(5D).4s.4p.(3P*)""","=""z 7P*""","=""4""",,"=""T3547""","=""L11631""",
"=""421.75453""","=""0.00005""","=""421.75454""","=""0.00003""","=""6900""","=""1.23e+08""","=""1.09e-01""","=""-0.484""",B+,"=""3.43018998""","=""6.36908625""","=""3d6.(5D).4s.4p.(3P*)""","=""z 5F*""","=""1""","=""3d6.(5D).4s (6D).4d""","=""e 5G""","=""2""",,"=""T5720""","=""L11631""",
"=""421.93601""","=""0.00005""","=""421.93595""","=""0.00004""","=""32400""","=""3.74e+08""","=""9.09e-02""","=""-0.000""",B+,"=""3.57321890""","=""6.51085164""","=""3d7.(2H).4s""","=""a 1H""","=""5""","=""3d7.(2H).4p""","=""y 3I*""","=""6""",,"=""T5720""","=""L11631""",
"=""421.94141""","=""0.00005""","=""421.94142""","=""0.00003""","=""1740""","=""4.76e+06""","=""1.41e-03""","=""-1.896""",B,"=""2.99035244""","=""5.92794713""","=""3d6.4s2""","=""b 3G""","=""4""","=""3d6.(3F2).4s.4p.(3P*)""","=""x 3G*""","=""4""",,"=""T5720""","=""L11631""",
"=""422.0049""","=""0.0003""","=""422.00483""","=""0.00004""","=""174""","=""8.4e+06""","=""4.6e-03""","=""-1.64""",E,"=""3.92860683""","=""6.86576013""","=""3d6.(5D).4s.4p.(3P*)""","=""z 3D*""","=""2""","=""3d7.(4F).4d""","=""e 3P""","=""1""",,"=""T2578n""","=""L11631""",
"=""422.03414""","=""0.00005""","=""422.03412""","=""0.00004""","=""3310""","=""1.83e+07""","=""1.63e-02""","=""-1.311""",C+,"=""3.07133880""","=""6.00828827""","=""3d7.(2P).4s""","=""c 3P""","=""1""","=""3d7.(4P).4p""","=""x 3P*""","=""0""",,"=""T5720""","=""L11631""",
"=""422.22128""","=""0.00005""","=""422.22127""","=""0.00003""","=""20400""","=""4.03e+07""","=""1.54e-02""","=""-0.967""",B,"=""2.44955978""","=""5.38520741""","=""3d6.(5D).4s.4p.(3P*)""","=""z 7D*""","=""3""","=""3d6.(5D).4s (6D).5s""","=""e 7D""","=""3""",,"=""T4187""","=""L11631""",
"=""422.41714""","=""0.00005""","=""422.41711""","=""0.00003""","=""8100""","=""1.17e+08""","=""3.47e-02""","=""-0.506""",B+,"=""3.36825640""","=""6.30254306""","=""3d6.(5D).4s.4p.(3P*)""","=""z 5F*""","=""4""","=""3d6.(5D).4s (6D).4d""","=""e 7F""","=""5""",,"=""T5720""","=""L11631""",
"=""422.45125""","=""0.00005""","=""422.45128""","=""0.00003""","=""1950""","=""3.40e+07""","=""3.04e-02""","=""-1.040""",C,"=""3.43018998""","=""6.36423934""","=""3d6.(5D).4s.4p.(3P*)""","=""z 5F*""","=""1""","=""3d6.(5D).4s (6D).4d""","=""e 7F""","=""2""",,"=""T5720""","=""L11631""",
"=""422.54540""","=""0.00005""","=""422.54541""","=""0.00003""","=""7900""","=""1.16e+08""","=""6.18e-02""","=""-0.510""",B+,"=""3.41695281""","=""6.35034852""","=""3d6.(5D).4s.4p.(3P*)""","=""z 5F*""","=""2""","=""3d6.(5D).4s (6D).4d""","=""e 5G""","=""3""",,"=""T5720""","=""L11631""",
"=""422.59554""","=""0.00005""","=""422.59555""","=""0.00003""","=""10500""","=""1.45e+07""","=""4.32e-03""","=""-1.410""",B+,"=""3.04686890""","=""5.97991659""","=""3d7.(2G).4s""","=""a 1G""","=""4""","=""3d6.(3G).4s.4p.(3P*)""","=""y 5H*""","=""5""",,"=""T5720""","=""L11631""",
"=""422.64237""","=""0.00005""","=""422.64241""","=""0.00003""","=""3160""","=""1.3e+07""","=""1.1e-02""","=""-1.46""",D+,"=""2.84504259""","=""5.77776507""","=""3d7.(4P).4s""","=""b 3P""","=""1""","=""3d6.(3P2).4s.4p.(3P*)""","=""z 3S*""","=""1""",,"=""T2491n""","=""L11631""",
"=""422.74263""","=""0.00005""","=""422.74264""","=""0.00003""","=""54000""","=""6.88e+08""","=""1.68e-01""","=""0.266""",B,"=""3.33201954""","=""6.26404671""","=""3d6.(5D).4s.4p.(3P*)""","=""z 5F*""","=""5""","=""3d6.(5D).4s (6D).4d""","=""e 5G""","=""6""",,"=""T5720""","=""L11631""",
"=""422.95100""","=""0.00005""","=""422.95093""","=""0.00003""","=""1120""","=""8.79e+06""","=""7.85e-03""","=""-1.628""",C+,"=""3.27398440""","=""6.20456765""","=""3d7.(2D2).4s""","=""a 3D""","=""1""","=""3d7.(2P).4p""","=""w 3P*""","=""1""",,"=""T5720""","=""L11631""",
"=""422.97514""","=""0.00005""","=""422.97531""","=""0.00003""","=""780""","=""1.39e+05""","=""4.16e-05""","=""-3.427""",A,"=""1.48486439""","=""4.41527878""","=""3d7.(4F).4s""","=""a 3F""","=""4""","=""3d7.(4F).4p""","=""z 5G*""","=""3""",,"=""T3831""","=""L11631""",
"=""423.27260""","=""0.00005""","=""423.27261""","=""0.00003""","=""1200""","=""4.39e+03""","=""3.93e-06""","=""-4.928""",A,"=""0.11011433""","=""3.03847046""","=""3d6.4s2""","=""a 5D""","=""1""","=""3d6.(5D).4s.4p.(3P*)""","=""z 7P*""","=""2""",,"=""T3547""","=""L11631""",
"=""423.36025""","=""0.00005""","=""423.36021""","=""0.00003""","=""42700""","=""9.25e+07""","=""8.30e-02""","=""-0.604""",B,"=""2.48211840""","=""5.40986861""","=""3d6.(5D).4s.4p.(3P*)""","=""z 7D*""","=""1""","=""3d6.(5D).4s (6D).5s""","=""e 7D""","=""2""",,"=""T4187""","=""L11631""",
"=""423.53870""","=""0.00014""","=""423.53857""","=""0.00003""","=""427""","=""7.85e+06""","=""3.02e-03""","=""-1.675""",D+,"=""3.39650880""","=""6.32302612""","=""3d6.(5D).4s.4p.(3P*)""","=""z 5F*""","=""3""","=""3d6.(5D).4s (6D).4d""","=""f 7D""","=""2""",,"=""T5720""","=""L11631""",
"=""423.59367""","=""0.00005""","=""423.59361""","=""0.00003""","=""89000""","=""1.69e+08""","=""5.07e-02""","=""-0.341""",B,"=""2.42543332""","=""5.35157038""","=""3d6.(5D).4s.4p.(3P*)""","=""z 7D*""","=""4""","=""3d6.(5D).4s (6D).5s""","=""e 7D""","=""4""",,"=""T4187""","=""L11631""",
"=""423.70739""","=""0.00014""","=""423.70733""","=""0.00003""","=""540""","=""1.55e+04""","=""5.97e-06""","=""-4.379""",B+,"=""0.95815732""","=""3.88350907""","=""3d7.(4F).4s""","=""a 5F""","=""3""","=""3d6.(5D).4s.4p.(3P*)""","=""z 3D*""","=""3""",,"=""T4920""","=""L11631""",
"=""423.88097""","=""0.00005""","=""423.88096""","=""0.00003""","=""15100""","=""2.17e+08""","=""8.35e-02""","=""-0.233""",B+,"=""3.39650880""","=""6.32066224""","=""3d6.(5D).4s.4p.(3P*)""","=""z 5F*""","=""3""","=""3d6.(5D).4s (6D).4d""","=""e 5G""","=""4""",,"=""T5720""","=""L11631""",
"=""423.93610""","=""0.00014""","=""423.93617""","=""0.00003""","=""510""","=""1.2e+07""","=""4.6e-03""","=""-1.49""",E,"=""3.64164057""","=""6.56541325""","=""3d6.4s2""","=""b 3D""","=""3""","=""3d6.(3G).4s.4p.(3P*)""","=""3F*""","=""4""",,"=""T2578n""","=""L11631""",
"=""423.97321""","=""0.00005""","=""423.97320""","=""0.00004""","=""6300""","=""1.10e+07""","=""2.70e-03""","=""-1.528""",B,"=""2.94879294""","=""5.87231021""","=""3d6.4s2""","=""b 3G""","=""5""","=""3d6.(3G).4s.4p.(3P*)""","=""w 5G*""","=""6""",,"=""T5720""","=""L11631""",
"=""423.98474""","=""0.00005""","=""423.98477""","=""0.00003""","=""8500""","=""8.44e+06""","=""2.07e-03""","=""-1.643""",B+,"=""2.69240763""","=""5.61584517""","=""3d7.(2G).4s""","=""a 3G""","=""5""","=""3d6.(3H).4s.4p.(3P*)""","=""y 3G*""","=""5""",,"=""T5720""","=""L11631""",
"=""424.03705""","=""0.00005""","=""424.03704""","=""0.00004""","=""1000""","=""2.01e+07""","=""1.08e-02""","=""-1.266""",C+,"=""3.54652001""","=""6.46959714""","=""3d7.(2D2).4s""","=""a 1D""","=""2""","=""3d7.(2P).4p""","=""1P*""","=""1""",,"=""T5720""","=""L11631""",
"=""424.1114""","=""0.0003""","=""424.11168""","=""0.00004""","=""195""","=""1.3e+06""","=""7.0e-04""","=""-2.45""",D,"=""2.83159117""","=""5.75415389""","=""3d7.(4P).4s""","=""b 3P""","=""2""","=""3d7.(4P).4p""","=""w 5P*""","=""1""",,"=""T2578n""","=""L11631""",
"=""424.25957""","=""0.00014""","=""424.25952""","=""0.00003""","=""540""","=""8.33e+05""","=""2.50e-04""","=""-2.648""",C+,"=""2.72754450""","=""5.64908881""","=""3d7.(2G).4s""","=""a 3G""","=""4""","=""3d6.(3H).4s.4p.(3P*)""","=""y 3G*""","=""3""",,"=""T5720""","=""L11631""",
"=""424.27291""","=""0.00005""","=""424.27294""","=""0.00003""","=""1200""","=""6.60e+06""","=""3.56e-03""","=""-1.749""",C+,"=""3.30092244""","=""6.22237439""","=""3d7.(2D2).4s""","=""a 3D""","=""2""","=""3d7.(2P).4p""","=""w 3P*""","=""2""",,"=""T5720""","=""L11631""",
"=""424.38159""","=""0.00014""","=""424.38152""","=""0.00003""","=""389""","=""1.2e+07""","=""4.7e-03""","=""-1.48""",D,"=""3.88350907""","=""6.80421351""","=""3d6.(5D).4s.4p.(3P*)""","=""z 3D*""","=""3""","=""3d7.(4F).4d""","=""e 3P""","=""2""",,"=""T2578n""","=""L11631""",
"=""424.52569""","=""0.00005""","=""424.52573""","=""0.00003""","=""5600""","=""2.7e+07""","=""7.3e-02""","=""-1.13""",D+,"=""2.85805275""","=""5.77776507""","=""3d7.(4P).4s""","=""b 3P""","=""0""","=""3d6.(3P2).4s.4p.(3P*)""","=""z 3S*""","=""1""",,"=""T2491n""","=""L11631""",
"=""424.53441""","=""0.00005""","=""424.53440""","=""0.00003""","=""1170""","=""9.09e+06""","=""2.23e-03""","=""-1.610""",C+,"=""3.33201954""","=""6.25167222""","=""3d6.(5D).4s.4p.(3P*)""","=""z 5F*""","=""5""","=""3d6.(5D).4s (6D).4d""","=""f 5D""","=""4""",,"=""T5720""","=""L11631""",
"=""424.60847""","=""0.00005""","=""424.60841""","=""0.00004""","=""1260""","=""2.92e+07""","=""1.13e-02""","=""-1.102""",C+,"=""3.64164057""","=""6.56078442""","=""3d6.4s2""","=""b 3D""","=""3""","=""3d7.(2D2).4p""","=""v 3P*""","=""2""",,"=""T5720""","=""L11631""",
"=""424.73058""","=""0.00005""","=""424.73054""","=""0.00004""","=""1450""","=""7.14e+05""","=""2.15e-04""","=""-2.714""",C+,"=""2.45343044""","=""5.37173492""","=""3d6.4s2""","=""a 3H""","=""4""","=""3d6.(3H).4s.4p.(3P*)""","=""z 5H*""","=""3""",,"=""T5720""","=""L11631""",
"=""424.74253""","=""0.00005""","=""424.74250""","=""0.00003""","=""15800""","=""2.13e+08""","=""6.41e-02""","=""-0.239""",B,"=""3.36825640""","=""6.28647868""","=""3d6.(5D).4s.4p.(3P*)""","=""z 5F*""","=""4""","=""3d6.(5D).4s (6D).4d""","=""e 5G""","=""5""",,"=""T5720""","=""L11631""",
"=""424.82238""","=""0.00005""","=""424.82237""","=""0.00003""","=""2820""","=""1.91e+07""","=""1.73e-02""","=""-1.286""",C+,"=""3.07133880""","=""5.98901244""","=""3d7.(2P).4s""","=""c 3P""","=""1""","=""3d7.(4P).4p""","=""x 3P*""","=""2""",,"=""T5720""","=""L11631""",
"=""425.01192""","=""0.00005""","=""425.01188""","=""0.00003""","=""71000""","=""1.45e+08""","=""7.87e-02""","=""-0.405""",B,"=""2.46883473""","=""5.38520741""","=""3d6.(5D).4s.4p.(3P*)""","=""z 7D*""","=""2""","=""3d6.(5D).4s (6D).5s""","=""e 7D""","=""3""",,"=""T4187""","=""L11631""",
"=""425.07866""","=""0.00005""","=""425.07864""","=""0.00003""","=""214000""","=""7.14e+07""","=""2.76e-02""","=""-0.714""",B+,"=""1.55735733""","=""4.47327202""","=""3d7.(4F).4s""","=""a 3F""","=""3""","=""3d7.(4F).4p""","=""z 3G*""","=""3""",,"=""T5720""","=""L11631""",
"=""425.49450""","=""0.00014""","=""425.49447""","=""0.00004""","=""690""","=""1.00e+06""","=""3.88e-04""","=""-2.566""",C+,"=""3.01762252""","=""5.93068755""","=""3d6.4s2""","=""b 3G""","=""3""","=""3d6.(3F2).4s.4p.(3P*)""","=""x 3G*""","=""3""",,"=""T5720""","=""L11631""",
"=""425.55001""","=""0.00014""","=""425.55004""","=""0.00003""","=""890""","=""3.56e+06""","=""1.38e-03""","=""-2.014""",D+,"=""3.01762252""","=""5.93030716""","=""3d6.4s2""","=""b 3G""","=""3""","=""3d6.(3G).4s.4p.(3P*)""","=""w 5G*""","=""2""",,"=""T5720""","=""L11631""",
"=""425.83156""","=""0.00005""","=""425.83157""","=""0.00003""","=""3240""","=""1.78e+04""","=""9.66e-06""","=""-4.316""",A,"=""0.08728574""","=""2.99804479""","=""3d6.4s2""","=""a 5D""","=""2""","=""3d6.(5D).4s.4p.(3P*)""","=""z 7P*""","=""3""",,"=""T3547""","=""L11631""",
"=""425.86109""","=""0.00015""","=""425.86133""","=""0.00003""","=""331""","=""4.0e+06""","=""2.2e-03""","=""-1.96""",D,"=""2.83159117""","=""5.74214676""","=""3d7.(4P).4s""","=""b 3P""","=""2""","=""3d7.(4P).4p""","=""w 5P*""","=""2""",,"=""T2578n""","=""L11631""",
"=""425.89514""","=""0.00005""","=""425.89513""","=""0.00003""","=""980""","=""2.11e+06""","=""8.18e-04""","=""-2.242""",C+,"=""3.01762252""","=""5.92794713""","=""3d6.4s2""","=""b 3G""","=""3""","=""3d6.(3F2).4s.4p.(3P*)""","=""x 3G*""","=""4""",,"=""T5720""","=""L11631""",
"=""425.9336""","=""0.0003""","=""425.93364""","=""0.00003""","=""151""","=""3.77e+05""","=""1.14e-04""","=""-2.989""",D+,"=""2.99035244""","=""5.90041395""","=""3d6.4s2""","=""b 3G""","=""4""","=""3d6.(3G).4s.4p.(3P*)""","=""w 5G*""","=""4""",,"=""T6110""","=""L11631""",
"=""425.99989""","=""0.00005""","=""425.99989""","=""0.00003""","=""1200""","=""2.04e+07""","=""5.05e-03""","=""-1.255""",D,"=""3.33201954""","=""6.24162851""","=""3d6.(5D).4s.4p.(3P*)""","=""z 5F*""","=""5""","=""3d6.(5D).4s (6D).4d""","=""e 7F""","=""6""",,"=""T5720""","=""L11631""",
"=""426.01349""","=""0.00005""","=""426.01350""","=""0.00003""","=""1410""","=""1.10e+07""","=""9.97e-03""","=""-1.524""",C+,"=""3.07133880""","=""5.98085478""","=""3d7.(2P).4s""","=""c 3P""","=""1""","=""3d6.(3G).4s.4p.(3P*)""","=""v 5F*""","=""2""",,"=""T5720""","=""L11631""",
"=""426.04741""","=""0.00005""","=""426.04736""","=""0.00003""","=""224000""","=""4.39e+08""","=""1.09e-01""","=""0.077""",B,"=""2.39920471""","=""5.30848946""","=""3d6.(5D).4s.4p.(3P*)""","=""z 7D*""","=""5""","=""3d6.(5D).4s (6D).5s""","=""e 7D""","=""5""",,"=""T5720""","=""L11631""",
"=""426.42032""","=""0.00005""","=""426.42033""","=""0.00003""","=""870""","=""1.13e+07""","=""3.43e-03""","=""-1.510""",C+,"=""3.36825640""","=""6.27499663""","=""3d6.(5D).4s.4p.(3P*)""","=""z 5F*""","=""4""","=""3d6.(5D).4s (6D).4d""","=""e 7P""","=""3""",,"=""T5720""","=""L11631""",
"=""426.69642""","=""0.00005""","=""426.69641""","=""0.00003""","=""6200""","=""5.64e+06""","=""1.71e-03""","=""-1.812""",B+,"=""2.72754450""","=""5.63240401""","=""3d7.(2G).4s""","=""a 3G""","=""4""","=""3d6.(3H).4s.4p.(3P*)""","=""y 3G*""","=""4""",,"=""T5720""","=""L11631""",
"=""426.78262""","=""0.00005""","=""426.78263""","=""0.00004""","=""4680""","=""2.45e+07""","=""6.70e-02""","=""-1.174""",B,"=""3.11096179""","=""6.01523448""","=""3d7.(2P).4s""","=""c 3P""","=""0""","=""3d7.(4P).4p""","=""x 3P*""","=""1""",,"=""T5720""","=""L11631""",
"=""426.87485""","=""0.00005""","=""426.87486""","=""0.00003""","=""1660""","=""9.90e+06""","=""5.41e-03""","=""-1.568""",C+,"=""3.30092244""","=""6.20456765""","=""3d7.(2D2).4s""","=""a 3D""","=""2""","=""3d7.(2P).4p""","=""w 3P*""","=""1""",,"=""T5720""","=""L11631""",
"=""427.11535""","=""0.00005""","=""427.11531""","=""0.00003""","=""87000""","=""1.64e+08""","=""6.40e-02""","=""-0.349""",B,"=""2.44955978""","=""5.35157038""","=""3d6.(5D).4s.4p.(3P*)""","=""z 7D*""","=""3""","=""3d6.(5D).4s (6D).5s""","=""e 7D""","=""4""",,"=""T4187""","=""L11631""",
"=""427.17602""","=""0.00005""","=""427.17599""","=""0.00003""","=""630000""","=""2.51e+08""","=""7.62e-02""","=""-0.164""",A,"=""1.48486439""","=""4.38646275""","=""3d7.(4F).4s""","=""a 3F""","=""4""","=""3d7.(4F).4p""","=""z 3G*""","=""5""",,"=""T3831""","=""L11631""",
"=""427.5698""","=""0.0003""","=""427.56979""","=""0.00003""","=""288""","=""5.03e+05""","=""1.53e-04""","=""-2.860""",D+,"=""2.55917148""","=""5.45809748""","=""3d6.4s2""","=""b 3F2""","=""4""","=""3d6.(3F2).4s.4p.(3P*)""","=""v 5D*""","=""4""",,"=""T5720""","=""L11631""",
"=""427.66758""","=""0.00015""","=""427.66743""","=""0.00003""","=""479""","=""2.3e+07""","=""7.2e-03""","=""-1.19""",D,"=""3.88160368""","=""6.77986785""","=""3d6.(5D).4s.4p.(3P*)""","=""z 3F*""","=""4""","=""3d7.(4F).4d""","=""f 3F""","=""4""",,"=""T2578n""","=""L11631""",
"=""427.82311""","=""0.00015""","=""427.82300""","=""0.00003""","=""580""","=""7.0e+06""","=""2.2e-03""","=""-1.70""",D,"=""3.36825640""","=""6.26546671""","=""3d6.(5D).4s.4p.(3P*)""","=""z 5F*""","=""4""","=""3d6.(5D).4s (6D).4d""","=""f 5D""","=""3""",,"=""T2578n""","=""L11631""",
"=""427.9488""","=""0.0003""","=""427.94878""","=""0.00003""","=""398""","=""1.4e+07""","=""5.2e-03""","=""-1.44""",D,"=""3.88350907""","=""6.77986785""","=""3d6.(5D).4s.4p.(3P*)""","=""z 3D*""","=""3""","=""3d7.(4F).4d""","=""f 3F""","=""4""",,"=""T2578n""","=""L11631""",
"=""427.9870""","=""0.0003""","=""427.98685""","=""0.00004""","=""115""","=""2.0e+06""","=""5.3e-03""","=""-2.27""",D,"=""2.85805275""","=""5.75415389""","=""3d7.(4P).4s""","=""b 3P""","=""0""","=""3d7.(4P).4p""","=""w 5P*""","=""1""",,"=""T2578n""","=""L11631""",
"=""428.0539""","=""0.0004""","=""428.05350""","=""0.00003""","=""437bl""","=""3.4e+06""","=""7.2e-04""","=""-2.03""",E,"=""3.23672008""","=""6.13237029""","=""3d7.(2H).4s""","=""b 3H""","=""6""","=""3d7.(2G).4p""","=""v 3G*""","=""5""",,"=""T2578n""","=""L11631""",
"=""428.24026""","=""0.00006""","=""428.24026""","=""0.00003""","=""89000""","=""6.05e+07""","=""2.38e-02""","=""-0.779""",B+,"=""2.17594512""","=""5.07033256""","=""3d7.(4P).4s""","=""a 5P""","=""3""","=""3d6.(3P2).4s.4p.(3P*)""","=""z 5S*""","=""2""",,"=""T5720""","=""L11631""",
"=""428.4405""","=""0.0004""","=""428.44051""","=""0.00003""","=""540bl*""","=""9.9e+05""","=""3.1e-04""","=""-2.55""",E,"=""2.99035244""","=""5.88338708""","=""3d6.4s2""","=""b 3G""","=""4""","=""3d7.(2G).4p""","=""z 1G*""","=""4""",,"=""T2578n""","=""L11631""",
"=""428.54417""","=""0.00006""","=""428.54415""","=""0.00004""","=""4170""","=""2.31e+07""","=""4.90e-03""","=""-1.196""",D+,"=""3.23672008""","=""6.12905507""","=""3d7.(2H).4s""","=""b 3H""","=""6""","=""3d7.(2G).4p""","=""y 3H*""","=""6""",,"=""T5720""","=""L11631""",
"=""428.5822""","=""0.0003""","=""428.58234""","=""0.00003""","=""324""","=""6.5e+06""","=""3.6e-03""","=""-1.75""",D,"=""3.63977237""","=""6.53184961""","=""3d6.4s2""","=""b 3D""","=""2""","=""3d7.(2D2).4p""","=""t 3D*""","=""2""",,"=""T2578n""","=""L11631""",
"=""428.64340""","=""0.00015""","=""428.64319""","=""0.00003""","=""520""","=""1.5e+06""","=""3.7e-04""","=""-2.39""",D,"=""2.94879294""","=""5.84045966""","=""3d6.4s2""","=""b 3G""","=""5""","=""3d6.(3H).4s.4p.(3P*)""","=""z 3H*""","=""4""",,"=""T2578n""","=""L11631""",
"=""428.81455""","=""0.00006""","=""428.81455""","=""0.00003""","=""3470""","=""3.14e+06""","=""1.24e-03""","=""-2.062""",B+,"=""2.75857762""","=""5.64908881""","=""3d7.(2G).4s""","=""a 3G""","=""3""","=""3d6.(3H).4s.4p.(3P*)""","=""y 3G*""","=""3""",,"=""T5720""","=""L11631""",
"=""428.8956""","=""0.0003""","=""428.89548""","=""0.00003""","=""339""","=""1.46e+06""","=""5.75e-04""","=""-2.395""",C,"=""2.58810592""","=""5.47807170""","=""3d6.4s2""","=""b 3F2""","=""3""","=""3d6.(3P2).4s.4p.(3P*)""","=""w 5D*""","=""2""",,"=""T5720""","=""L11631""",
"=""429.03786""","=""0.00006""","=""429.03789""","=""0.00003""","=""1780""","=""6.92e+06""","=""2.12e-03""","=""-1.719""",C+,"=""2.99035244""","=""5.87935896""","=""3d6.4s2""","=""b 3G""","=""4""","=""3d6.(3G).4s.4p.(3P*)""","=""w 5G*""","=""5""",,"=""T5720""","=""L11631""",
"=""429.08644""","=""0.00015""","=""429.08641""","=""0.00003""","=""269""","=""2.68e+06""","=""1.48e-03""","=""-2.131""",C+,"=""2.83159117""","=""5.72027099""","=""3d7.(4P).4s""","=""b 3P""","=""2""","=""3d7.(4P).4p""","=""w 5P*""","=""3""",,"=""T5720""","=""L11631""",
"=""429.14634""","=""0.00006""","=""429.14629""","=""0.00003""","=""9800""","=""3.02e+04""","=""1.19e-05""","=""-4.080""",B,"=""0.05156912""","=""2.93984587""","=""3d6.4s2""","=""a 5D""","=""3""","=""3d6.(5D).4s.4p.(3P*)""","=""z 7P*""","=""4""",,"=""T5720""","=""L11631""",
"=""429.41245""","=""0.00006""","=""429.41244""","=""0.00003""","=""58000""","=""2.81e+07""","=""8.62e-03""","=""-1.110""",B+,"=""1.48486439""","=""4.37135106""","=""3d7.(4F).4s""","=""a 3F""","=""4""","=""3d7.(4F).4p""","=""z 5G*""","=""4""",,"=""T5720""","=""L11631""",
"=""429.80362""","=""0.00006""","=""429.80364""","=""0.00003""","=""6300""","=""1.35e+07""","=""4.17e-03""","=""-1.426""",B,"=""3.04686890""","=""5.93072834""","=""3d7.(2G).4s""","=""a 1G""","=""4""","=""3d6.(3F2).4s.4p.(3P*)""","=""x 3G*""","=""5""",,"=""T5720""","=""L11631""",
"=""429.9235""","=""0.0004""","=""429.92340""","=""0.00003""","=""63000bl*""","=""1.42e+08""","=""4.37e-02""","=""-0.405""",B+,"=""2.42543332""","=""5.30848946""","=""3d6.(5D).4s.4p.(3P*)""","=""z 7D*""","=""4""","=""3d6.(5D).4s (6D).5s""","=""e 7D""","=""5""",,"=""T5720""","=""L11631""",
"=""429.96283""","=""0.00015""","=""429.96288""","=""0.00003""","=""500""","=""2.38e+06""","=""9.44e-04""","=""-2.180""",B,"=""3.01762252""","=""5.90041395""","=""3d6.4s2""","=""b 3G""","=""3""","=""3d6.(3G).4s.4p.(3P*)""","=""w 5G*""","=""4""",,"=""T6110""","=""L11631""",
"=""430.0206""","=""0.0004""","=""430.02036""","=""0.00003""","=""115""","=""5.8e+06""","=""1.8e-03""","=""-1.79""",E,"=""3.88160368""","=""6.76400977""","=""3d6.(5D).4s.4p.(3P*)""","=""z 3F*""","=""4""","=""3d7.(4F).4d""","=""e 3H""","=""4""",,"=""T2578n""","=""L11631""",
"=""430.21855""","=""0.00006""","=""430.21856""","=""0.00003""","=""2750""","=""6.93e+06""","=""2.14e-03""","=""-1.716""",B,"=""3.04686890""","=""5.92794713""","=""3d7.(2G).4s""","=""a 1G""","=""4""","=""3d6.(3F2).4s.4p.(3P*)""","=""x 3G*""","=""4""",,"=""T5720""","=""L11631""",
"=""430.45405""","=""0.00006""","=""430.45402""","=""0.00003""","=""1550""","=""3.37e+06""","=""8.50e-04""","=""-2.029""",B,"=""2.94879294""","=""5.82829520""","=""3d6.4s2""","=""b 3G""","=""5""","=""3d6.(3H).4s.4p.(3P*)""","=""z 3H*""","=""5""",,"=""T5720""","=""L11631""",
"=""430.52067""","=""0.00015""","=""430.52061""","=""0.00003""","=""347""","=""3.3e+06""","=""1.8e-03""","=""-2.04""",E,"=""3.54652001""","=""6.42557692""","=""3d7.(2D2).4s""","=""a 1D""","=""2""","=""3d7.(2H).4p""","=""u 3G*""","=""3""",,"=""T2578n""","=""L11631""",
"=""430.54502""","=""0.00006""","=""430.54501""","=""0.00003""","=""3890""","=""1.66e+07""","=""9.25e-03""","=""-1.335""",C+,"=""3.01725044""","=""5.89614419""","=""3d7.(2P).4s""","=""c 3P""","=""2""","=""3d7.(4P).4p""","=""y 3S*""","=""1""",,"=""T5720""","=""L11631""",
"=""430.79020""","=""0.00006""","=""430.79017""","=""0.00003""","=""630000""","=""3.04e+08""","=""1.21e-01""","=""-0.072""",B+,"=""1.55735733""","=""4.43461275""","=""3d7.(4F).4s""","=""a 3F""","=""3""","=""3d7.(4F).4p""","=""z 3G*""","=""4""",,"=""T5720""","=""L11631""",
"=""430.90304""","=""0.00006""","=""430.90303""","=""0.00004""","=""2290""","=""2.55e+07""","=""5.46e-03""","=""-1.149""",B,"=""3.63434980""","=""6.51085164""","=""3d6.4s2""","=""a 1I""","=""6""","=""3d7.(2H).4p""","=""y 3I*""","=""6""",,"=""T5720""","=""L11631""",
"=""430.93742""","=""0.00006""","=""430.93741""","=""0.00004""","=""10500""","=""2.31e+07""","=""5.86e-03""","=""-1.191""",C+,"=""2.94879294""","=""5.82506529""","=""3d6.4s2""","=""b 3G""","=""5""","=""3d6.(3H).4s.4p.(3P*)""","=""z 3H*""","=""6""",,"=""T5720""","=""L11631""",
"=""431.0374""","=""0.0003""","=""431.03717""","=""0.00003""","=""324""","=""1.2e+07""","=""6.6e-03""","=""-1.48""",E,"=""3.92860683""","=""6.80421351""","=""3d6.(5D).4s.4p.(3P*)""","=""z 3D*""","=""2""","=""3d7.(4F).4d""","=""e 3P""","=""2""",,"=""T2578n""","=""L11631""",
"=""431.50843""","=""0.00006""","=""431.50844""","=""0.00003""","=""62000""","=""3.88e+07""","=""2.17e-02""","=""-0.965""",B+,"=""2.19786640""","=""5.07033256""","=""3d7.(4P).4s""","=""a 5P""","=""2""","=""3d6.(3P2).4s.4p.(3P*)""","=""z 5S*""","=""2""",,"=""T5720""","=""L11631""",
"=""431.7047""","=""0.0003""","=""431.70482""","=""0.00003""","=""129""","=""2.6e+06""","=""1.5e-03""","=""-2.14""",E,"=""3.54652001""","=""6.41767950""","=""3d7.(2D2).4s""","=""a 1D""","=""2""","=""3d6.(3H).4s.4p.(3P*)""","=""x 1D*""","=""2""",,"=""T2578n""","=""L11631""",
"=""432.57616""","=""0.00006""","=""432.57616""","=""0.00003""","=""830000""","=""3.61e+08""","=""2.03e-01""","=""0.006""",B+,"=""1.60789577""","=""4.47327202""","=""3d7.(4F).4s""","=""a 3F""","=""2""","=""3d7.(4F).4p""","=""z 3G*""","=""3""",,"=""T5720""","=""L11631""",
"=""432.59397""","=""0.00006""","=""432.59405""","=""0.00003""","=""720""","=""5.29e+06""","=""1.35e-03""","=""-1.828""",D+,"=""3.26711257""","=""6.13237029""","=""3d7.(2H).4s""","=""b 3H""","=""5""","=""3d7.(2G).4p""","=""v 3G*""","=""5""",,"=""T5720""","=""L11631""",
"=""432.67530""","=""0.00006""","=""432.67529""","=""0.00003""","=""1200""","=""4.17e+06""","=""1.06e-03""","=""-1.932""",C,"=""2.94879294""","=""5.81351269""","=""3d6.4s2""","=""b 3G""","=""5""","=""3d6.(3F2).4s.4p.(3P*)""","=""x 3F*""","=""4""",,"=""T5720""","=""L11631""",
"=""432.70953""","=""0.00006""","=""432.70954""","=""0.00003""","=""3630""","=""5.60e+07""","=""3.14e-02""","=""-0.804""",B,"=""3.54652001""","=""6.41101300""","=""3d7.(2D2).4s""","=""a 1D""","=""2""","=""3d7.(2P).4p""","=""y 1D*""","=""2""",,"=""T5720""","=""L11631""",
"=""432.79031""","=""0.00006""","=""432.79034""","=""0.00004""","=""790""","=""6.44e+06""","=""2.01e-03""","=""-1.742""",C+,"=""3.30140276""","=""6.16536100""","=""3d7.(2H).4s""","=""b 3H""","=""4""","=""3d7.(2G).4p""","=""y 3H*""","=""4""",,"=""T5720""","=""L11631""",
"=""433.70460""","=""0.00006""","=""433.70454""","=""0.00003""","=""22900""","=""7.14e+06""","=""2.88e-03""","=""-1.695""",A,"=""1.55735733""","=""4.41527878""","=""3d7.(4F).4s""","=""a 3F""","=""3""","=""3d7.(4F).4p""","=""z 5G*""","=""3""",,"=""T3831""","=""L11631""",
"=""433.82475""","=""0.00015""","=""433.82574""","=""0.00003""","=""295""","=""7.1e+05""","=""2.9e-04""","=""-2.70""",D,"=""2.17594512""","=""5.03306811""","=""3d7.(4P).4s""","=""a 5P""","=""3""","=""3d6.(5D).4s.4p.(1P*)""","=""x 5F*""","=""4""",,"=""T2578n""","=""L11631""",
"=""434.3271""","=""0.0004""","=""434.32708""","=""0.00003""","=""1020bl""","=""8.0e+06""","=""3.2e-03""","=""-1.66""",D,"=""3.25148176""","=""6.10530689""","=""3d7.(2D2).4s""","=""a 3D""","=""3""","=""3d6.(3F2).4s.4p.(3P*)""","=""v 3D*""","=""2""",,"=""T2578n""","=""L11631""",
"=""434.36972""","=""0.00006""","=""434.36971""","=""0.00003""","=""1260""","=""5.59e+06""","=""1.76e-03""","=""-1.801""",B,"=""3.04686890""","=""5.90041395""","=""3d7.(2G).4s""","=""a 1G""","=""4""","=""3d6.(3G).4s.4p.(3P*)""","=""w 5G*""","=""4""",,"=""T6110""","=""L11631""",
"=""434.65523""","=""0.00006""","=""434.65522""","=""0.00003""","=""1450""","=""6.77e+06""","=""2.13e-03""","=""-1.717""",B,"=""3.30140276""","=""6.15307342""","=""3d7.(2H).4s""","=""b 3H""","=""4""","=""3d7.(2G).4p""","=""v 3G*""","=""4""",,"=""T5720""","=""L11631""",
"=""434.72333""","=""0.00015""","=""434.723287""","=""0.000019""","=""398""","=""1.11e+03""","=""3.49e-07""","=""-5.503""",A,"=""0.0000000""","=""2.85122419""","=""3d6.4s2""","=""a 5D""","=""4""","=""3d6.(5D).4s.4p.(3P*)""","=""z 7F*""","=""4""",,"=""T3547""","=""L11631""",
"=""434.78323""","=""0.00015""","=""434.78332""","=""0.00003""","=""407""","=""8.5e+06""","=""3.4e-03""","=""-1.63""",D,"=""3.60252504""","=""6.45335558""","=""3d6.(5D).4s.4p.(3P*)""","=""z 5P*""","=""3""","=""3d6.(5D).4s (4D).5s""","=""g 5D""","=""2""",,"=""T2578n""","=""L11631""",
"=""434.89363""","=""0.00006""","=""434.89366""","=""0.00003""","=""1070""","=""2.54e+06""","=""7.99e-04""","=""-2.143""",D+,"=""2.99035244""","=""5.84045966""","=""3d6.4s2""","=""b 3G""","=""4""","=""3d6.(3H).4s.4p.(3P*)""","=""z 3H*""","=""4""",,"=""T5720""","=""L11631""",
"=""435.15436""","=""0.00006""","=""435.15437""","=""0.00003""","=""2340""","=""6.57e+06""","=""2.07e-03""","=""-1.729""",B,"=""2.99035244""","=""5.83875215""","=""3d6.4s2""","=""b 3G""","=""4""","=""3d6.(3F2).4s.4p.(3P*)""","=""x 3F*""","=""3""",,"=""T5720""","=""L11631""",
"=""435.27344""","=""0.00006""","=""435.27345""","=""0.00003""","=""36300""","=""1.82e+07""","=""1.72e-02""","=""-1.287""",B+,"=""2.22271209""","=""5.07033256""","=""3d7.(4P).4s""","=""a 5P""","=""1""","=""3d6.(3P2).4s.4p.(3P*)""","=""z 5S*""","=""2""",,"=""T5720""","=""L11631""",
"=""435.84989""","=""0.00006""","=""435.85007""","=""0.00003""","=""1860""","=""7.28e+06""","=""1.89e-03""","=""-1.683""",C+,"=""2.94879294""","=""5.79264615""","=""3d6.4s2""","=""b 3G""","=""5""","=""3d7.(4P).4p""","=""u 5D*""","=""4""",,"=""T5720""","=""L11631""",
"=""436.08029""","=""0.00015""","=""436.08040""","=""0.00004""","=""166""","=""5.0e+06""","=""2.1e-03""","=""-1.84""",D,"=""3.64164057""","=""6.48399171""","=""3d6.4s2""","=""b 3D""","=""3""","=""3d7.(2P).4p""","=""u 3D*""","=""2""",,"=""T2578n""","=""L11631""",
"=""436.58964""","=""0.00015""","=""436.58963""","=""0.00003""","=""520""","=""1.97e+06""","=""6.25e-04""","=""-2.250""",C,"=""2.99035244""","=""5.82938837""","=""3d6.4s2""","=""b 3G""","=""4""","=""3d7.(4P).4p""","=""w 3D*""","=""3""",,"=""T5720""","=""L11631""",
"=""436.75782""","=""0.00006""","=""436.75781""","=""0.00003""","=""9100""","=""1.72e+07""","=""5.45e-03""","=""-1.309""",B,"=""2.99035244""","=""5.82829520""","=""3d6.4s2""","=""b 3G""","=""4""","=""3d6.(3H).4s.4p.(3P*)""","=""z 3H*""","=""5""",,"=""T5720""","=""L11631""",
"=""436.79033""","=""0.00006""","=""436.79032""","=""0.00003""","=""1860""","=""4.54e+05""","=""2.60e-04""","=""-2.886""",C+,"=""1.60789577""","=""4.44562726""","=""3d7.(4F).4s""","=""a 3F""","=""2""","=""3d7.(4F).4p""","=""z 5G*""","=""2""",,"=""T5720""","=""L11631""",
"=""436.97715""","=""0.00006""","=""436.97716""","=""0.00003""","=""27500""","=""5.48e+07""","=""1.74e-02""","=""-0.804""",C+,"=""3.04686890""","=""5.88338708""","=""3d7.(2G).4s""","=""a 1G""","=""4""","=""3d7.(2G).4p""","=""z 1G*""","=""4""",,"=""T5720""","=""L11631""",
"=""437.29814""","=""0.00015""","=""437.29863""","=""0.00003""","=""347""","=""9.0e+05""","=""5.3e-04""","=""-2.58""",D,"=""3.01725044""","=""5.85168345""","=""3d7.(2P).4s""","=""c 3P""","=""2""","=""3d6.(3F2).4s.4p.(3P*)""","=""x 3F*""","=""2""",,"=""T2578n""","=""L11631""",
"=""437.35604""","=""0.00006""","=""437.35605""","=""0.00003""","=""1510""","=""5.20e+06""","=""2.13e-03""","=""-1.826""",C,"=""3.01762252""","=""5.85168345""","=""3d6.4s2""","=""b 3G""","=""3""","=""3d6.(3F2).4s.4p.(3P*)""","=""x 3F*""","=""2""",,"=""T5720""","=""L11631""",
"=""437.44889""","=""0.00006""","=""437.44888""","=""0.00003""","=""620""","=""1.18e+06""","=""6.75e-04""","=""-2.472""",C,"=""3.30092244""","=""6.13438193""","=""3d7.(2D2).4s""","=""a 3D""","=""2""","=""3d6.(3F2).4s.4p.(3P*)""","=""1F*""","=""3""",,"=""T5720""","=""L11631""",
"=""437.5476""","=""0.0004""","=""437.54768""","=""0.00004""","=""141""","=""1.38e+06""","=""3.60e-04""","=""-2.402""",D+,"=""3.57321890""","=""6.40603863""","=""3d7.(2H).4s""","=""a 1H""","=""5""","=""3d7.(2H).4p""","=""u 3G*""","=""4""",,"=""T6110""","=""L11631""",
"=""437.59298""","=""0.00006""","=""437.592935""","=""0.000019""","=""138000""","=""3.24e+05""","=""1.03e-04""","=""-3.031""",A,"=""0.0000000""","=""2.83252676""","=""3d6.4s2""","=""a 5D""","=""4""","=""3d6.(5D).4s.4p.(3P*)""","=""z 7F*""","=""5""",,"=""T3547""","=""L11631""",
"=""437.6774""","=""0.0004""","=""437.67725""","=""0.00003""","=""490bl*""","=""1.60e+06""","=""9.23e-04""","=""-2.336""",D+,"=""3.01725044""","=""5.84923154""","=""3d7.(2P).4s""","=""c 3P""","=""2""","=""3d7.(4P).4p""","=""u 5D*""","=""1""",,"=""T5720""","=""L11631""",
"=""437.77913""","=""0.00015""","=""437.77906""","=""0.00003""","=""372""","=""1.9e+06""","=""1.8e-03""","=""-2.27""",D,"=""3.27398440""","=""6.10530689""","=""3d7.(2D2).4s""","=""a 3D""","=""1""","=""3d6.(3F2).4s.4p.(3P*)""","=""v 3D*""","=""2""",,"=""T2578n""","=""L11631""",
"=""438.27677""","=""0.00006""","=""438.27676""","=""0.00004""","=""2450""","=""1.69e+07""","=""4.43e-03""","=""-1.312""",C+,"=""3.57321890""","=""6.40132623""","=""3d7.(2H).4s""","=""a 1H""","=""5""","=""3d6.(3H).4s.4p.(3P*)""","=""1H*""","=""5""",,"=""T5720""","=""L11631""",
"=""438.35447""","=""0.00006""","=""438.35444""","=""0.00003""","=""141000""","=""5.50e+08""","=""1.76e-01""","=""0.200""",A,"=""1.48486439""","=""4.31247059""","=""3d7.(4F).4s""","=""a 3F""","=""4""","=""3d7.(4F).4p""","=""z 5G*""","=""5""",,"=""T3831""","=""L11631""",
"=""438.46719""","=""0.00015""","=""438.46718""","=""0.00003""","=""520""","=""2.7e+06""","=""1.6e-03""","=""-2.11""",E,"=""3.01725044""","=""5.84412959""","=""3d7.(2P).4s""","=""c 3P""","=""2""","=""3d7.(4P).4p""","=""w 3D*""","=""2""",,"=""T2578n""","=""L11631""",
"=""438.78909""","=""0.00006""","=""438.78908""","=""0.00003""","=""3240""","=""1.04e+07""","=""1.00e-02""","=""-1.523""",C+,"=""3.07133880""","=""5.89614419""","=""3d7.(2P).4s""","=""c 3P""","=""1""","=""3d7.(4P).4p""","=""y 3S*""","=""1""",,"=""T5720""","=""L11631""",
"=""438.84065""","=""0.00006""","=""438.84066""","=""0.00003""","=""5100""","=""7.21e+07""","=""2.97e-02""","=""-0.682""",B,"=""3.60252504""","=""6.42699840""","=""3d6.(5D).4s.4p.(3P*)""","=""z 5P*""","=""3""","=""3d6.(5D).4s (6D).4d""","=""e 5P""","=""3""",,"=""T5720""","=""L11631""",
"=""438.9245""","=""0.0004""","=""438.92442""","=""0.00003""","=""3240bl""","=""9.05e+03""","=""3.73e-06""","=""-4.583""",A,"=""0.05156912""","=""2.87550352""","=""3d6.4s2""","=""a 5D""","=""3""","=""3d6.(5D).4s.4p.(3P*)""","=""z 7F*""","=""2""",,"=""T3547""","=""L11631""",
"=""439.04477""","=""0.00015""","=""439.04478""","=""0.00003""","=""251""","=""1.3e+06""","=""4.0e-04""","=""-2.45""",D,"=""2.99035244""","=""5.81351269""","=""3d6.4s2""","=""b 3G""","=""4""","=""3d6.(3F2).4s.4p.(3P*)""","=""x 3F*""","=""4""",,"=""T2578n""","=""L11631""",
"=""439.09502""","=""0.00006""","=""439.09503""","=""0.00003""","=""5500""","=""1.04e+07""","=""4.31e-03""","=""-1.520""",C+,"=""3.01762252""","=""5.84045966""","=""3d6.4s2""","=""b 3G""","=""3""","=""3d6.(3H).4s.4p.(3P*)""","=""z 3H*""","=""4""",,"=""T5720""","=""L11631""",
"=""439.1863""","=""0.0004""","=""439.18610""","=""0.00003""","=""363""","=""3.3e+06""","=""1.9e-03""","=""-2.02""",E,"=""3.92860683""","=""6.75085864""","=""3d6.(5D).4s.4p.(3P*)""","=""z 3D*""","=""2""","=""3d7.(4F).4d""","=""f 3D""","=""1""",,"=""T2578n""","=""L11631""",
"=""439.2579""","=""0.0003""","=""439.25795""","=""0.00003""","=""166""","=""3.7e+06""","=""1.2e-03""","=""-1.98""",E,"=""3.88160368""","=""6.70339390""","=""3d6.(5D).4s.4p.(3P*)""","=""z 3F*""","=""4""","=""3d7.(4F).4d""","=""e 3G""","=""4""",,"=""T2578n""","=""L11631""",
"=""439.52738""","=""0.00015""","=""439.52739""","=""0.00003""","=""251""","=""5.10e+06""","=""2.96e-03""","=""-1.830""",B,"=""3.65369332""","=""6.47375371""","=""3d6.(5D).4s.4p.(3P*)""","=""z 5P*""","=""2""","=""3d6.(5D).4s (4D).5s""","=""g 5D""","=""1""",,"=""T6110""","=""L11631""",
"=""440.12896""","=""0.00006""","=""440.12897""","=""0.00003""","=""2190""","=""4.5e+07""","=""1.9e-02""","=""-0.89""",D,"=""3.60252504""","=""6.41873101""","=""3d6.(5D).4s.4p.(3P*)""","=""z 5P*""","=""3""","=""3d6.(5D).4s (4D).5s""","=""g 5D""","=""3""",,"=""T2491n""","=""L11631""",
"=""440.14426""","=""0.00006""","=""440.14425""","=""0.00003""","=""950""","=""2.45e+06""","=""1.43e-03""","=""-2.147""",C+,"=""2.83159117""","=""5.64769932""","=""3d7.(4P).4s""","=""b 3P""","=""2""","=""3d6.(3P2).4s.4p.(3P*)""","=""x 3D*""","=""1""",,"=""T5720""","=""L11631""",
"=""440.47501""","=""0.00006""","=""440.47498""","=""0.00003""","=""810000""","=""2.48e+08""","=""1.03e-01""","=""-0.142""",A,"=""1.55735733""","=""4.37135106""","=""3d7.(4F).4s""","=""a 3F""","=""3""","=""3d7.(4F).4p""","=""z 5G*""","=""4""",,"=""T3831""","=""L11631""",
"=""440.50187""","=""0.00006""","=""440.50185""","=""0.00003""","=""1070""","=""2.06e+03""","=""8.59e-07""","=""-5.221""",C+,"=""0.05156912""","=""2.86539125""","=""3d6.4s2""","=""a 5D""","=""3""","=""3d6.(5D).4s.4p.(3P*)""","=""z 7F*""","=""3""",,"=""T5720""","=""L11631""",
"=""440.77089""","=""0.00006""","=""440.77086""","=""0.00003""","=""2690""","=""3.65e+06""","=""1.52e-03""","=""-1.973""",D+,"=""2.17594512""","=""4.98804995""","=""3d7.(4P).4s""","=""a 5P""","=""3""","=""3d6.(5D).4s.4p.(1P*)""","=""x 5D*""","=""2""",,"=""T5720""","=""L11631""",
"=""440.84132""","=""0.00006""","=""440.84132""","=""0.00003""","=""3890""","=""5.76e+06""","=""3.36e-03""","=""-1.775""",D+,"=""2.19786640""","=""5.00952178""","=""3d7.(4P).4s""","=""a 5P""","=""2""","=""3d6.(5D).4s.4p.(1P*)""","=""x 5D*""","=""1""",,"=""T5720""","=""L11631""",
"=""440.91192""","=""0.00016""","=""440.91189""","=""0.00004""","=""468""","=""2.2e+06""","=""1.3e-03""","=""-2.19""",D,"=""3.30092244""","=""6.11212776""","=""3d7.(2D2).4s""","=""a 3D""","=""2""","=""3d6.(3F2).4s.4p.(3P*)""","=""v 3D*""","=""1""",,"=""T2578n""","=""L11631""",
"=""441.51222""","=""0.00006""","=""441.51221""","=""0.00003""","=""288000""","=""8.33e+07""","=""4.85e-02""","=""-0.615""",A,"=""1.60789577""","=""4.41527878""","=""3d7.(4F).4s""","=""a 3F""","=""2""","=""3d7.(4F).4p""","=""z 5G*""","=""3""",,"=""T3831""","=""L11631""",
"=""442.25678""","=""0.00006""","=""442.25677""","=""0.00003""","=""12300""","=""2.62e+07""","=""2.56e-02""","=""-1.115""",B+,"=""2.84504259""","=""5.64769932""","=""3d7.(4P).4s""","=""b 3P""","=""1""","=""3d6.(3P2).4s.4p.(3P*)""","=""x 3D*""","=""1""",,"=""T5720""","=""L11631""",
"=""442.31412""","=""0.00016""","=""442.31407""","=""0.00003""","=""295""","=""1.2e+06""","=""3.9e-04""","=""-2.46""",E,"=""2.99035244""","=""5.79264615""","=""3d6.4s2""","=""b 3G""","=""4""","=""3d7.(4P).4p""","=""u 5D*""","=""4""",,"=""T2578n""","=""L11631""",
"=""442.38405""","=""0.00016""","=""442.38410""","=""0.00003""","=""427""","=""9.0e+06""","=""5.3e-03""","=""-1.58""",D,"=""3.65369332""","=""6.45554341""","=""3d6.(5D).4s.4p.(3P*)""","=""z 5P*""","=""2""","=""3d6.(5D).4s (6D).4d""","=""e 5P""","=""2""",,"=""T2578n""","=""L11631""",
"=""442.4068""","=""0.0004""","=""442.40673""","=""0.00003""","=""120""","=""1.66e+06""","=""6.96e-04""","=""-2.312""",C,"=""3.64164057""","=""6.44334733""","=""3d6.4s2""","=""b 3D""","=""3""","=""3d7.(2P).4p""","=""u 3D*""","=""3""",,"=""T6110""","=""L11631""",
"=""442.73096""","=""0.00006""","=""442.73095""","=""0.00003""","=""117000""","=""3.07e+05""","=""1.29e-04""","=""-3.044""",A,"=""0.05156912""","=""2.85122419""","=""3d6.4s2""","=""a 5D""","=""3""","=""3d6.(5D).4s.4p.(3P*)""","=""z 7F*""","=""4""",,"=""T3547""","=""L11631""",
"=""443.01888""","=""0.00006""","=""443.01887""","=""0.00003""","=""1120""","=""6.00e+06""","=""3.53e-03""","=""-1.753""",E,"=""3.01725044""","=""5.81508605""","=""3d7.(2P).4s""","=""c 3P""","=""2""","=""3d6.(3P2).4s.4p.(3P*)""","=""y 3P*""","=""1""",,"=""T5720""","=""L11631""",
"=""443.06137""","=""0.00006""","=""443.06136""","=""0.00003""","=""4170""","=""7.45e+06""","=""7.31e-03""","=""-1.659""",B,"=""2.22271209""","=""5.02027939""","=""3d7.(4P).4s""","=""a 5P""","=""1""","=""3d6.(5D).4s.4p.(1P*)""","=""x 5D*""","=""0""",,"=""T4187""","=""L11631""",
"=""443.25675""","=""0.00006""","=""443.25674""","=""0.00003""","=""810""","=""9.2e+06""","=""2.5e-03""","=""-1.56""",D,"=""3.57321890""","=""6.36955305""","=""3d7.(2H).4s""","=""a 1H""","=""5""","=""3d7.(2H).4p""","=""u 3G*""","=""5""",,"=""T2578n""","=""L11631""",
"=""443.32184""","=""0.00006""","=""443.32183""","=""0.00003""","=""3720""","=""6.3e+07""","=""3.7e-02""","=""-0.73""",D,"=""3.65369332""","=""6.44961696""","=""3d6.(5D).4s.4p.(3P*)""","=""z 5P*""","=""2""","=""3d6.(5D).4s (6D).4d""","=""e 5P""","=""1""",,"=""T2578n""","=""L11631""",
"=""443.37821""","=""0.00006""","=""443.37818""","=""0.00003""","=""1230""","=""1.83e+07""","=""7.73e-03""","=""-1.267""",B,"=""3.60252504""","=""6.39809335""","=""3d6.(5D).4s.4p.(3P*)""","=""z 5P*""","=""3""","=""3d6.(5D).4s (6D).4d""","=""f 5F""","=""3""",,"=""T5720""","=""L11631""",
"=""443.51486""","=""0.00006""","=""443.51485""","=""0.00003""","=""4900""","=""1.42e+04""","=""8.36e-06""","=""-4.379""",A,"=""0.08728574""","=""2.88199261""","=""3d6.4s2""","=""a 5D""","=""2""","=""3d6.(5D).4s.4p.(3P*)""","=""z 7F*""","=""1""",,"=""T3547""","=""L11631""",
"=""443.69203""","=""0.00006""","=""443.69204""","=""0.00003""","=""1100""","=""2.54e+06""","=""8.33e-04""","=""-2.125""",C,"=""3.04686890""","=""5.84045966""","=""3d7.(2G).4s""","=""a 1G""","=""4""","=""3d6.(3H).4s.4p.(3P*)""","=""z 3H*""","=""4""",,"=""T5720""","=""L11631""",
"=""443.83430""","=""0.00006""","=""443.83425""","=""0.00003""","=""417""","=""8.5e+06""","=""8.4e-03""","=""-1.60""",D,"=""3.68638944""","=""6.47908516""","=""3d6.(5D).4s.4p.(3P*)""","=""z 5P*""","=""1""","=""3d6.(5D).4s (4D).5s""","=""g 5D""","=""0""",,"=""T2578n""","=""L11631""",
"=""443.9634""","=""0.0004""","=""443.96341""","=""0.00003""","=""219bl*""","=""5.5e+05""","=""1.8e-04""","=""-2.79""",E,"=""3.04686890""","=""5.83875215""","=""3d7.(2G).4s""","=""a 1G""","=""4""","=""3d6.(3F2).4s.4p.(3P*)""","=""x 3F*""","=""3""",,"=""T2578n""","=""L11631""",
"=""443.98805""","=""0.00016""","=""443.98812""","=""0.00003""","=""680""","=""3.36e+05""","=""1.99e-04""","=""-3.002""",B,"=""2.27860466""","=""5.07033256""","=""3d6.4s2""","=""a 3P2""","=""2""","=""3d6.(3P2).4s.4p.(3P*)""","=""z 5S*""","=""2""",,"=""T4187""","=""L11631""",
"=""444.0479""","=""0.0003""","=""444.04789""","=""0.00003""","=""145""","=""3.2e+06""","=""1.3e-03""","=""-2.04""",E,"=""3.60252504""","=""6.39387714""","=""3d6.(5D).4s.4p.(3P*)""","=""z 5P*""","=""3""","=""3d6.(5D).4s (6D).4d""","=""e 7S""","=""3""",,"=""T2578n""","=""L11631""",
"=""444.08236""","=""0.00016""","=""444.08243""","=""0.00003""","=""102""","=""9.0e+06""","=""8.8e-03""","=""-1.58""",E,"=""3.95972364""","=""6.75085864""","=""3d6.(5D).4s.4p.(3P*)""","=""z 3D*""","=""1""","=""3d7.(4F).4d""","=""f 3D""","=""1""",,"=""T2578n""","=""L11631""",
"=""444.23387""","=""0.00006""","=""444.23386""","=""0.00003""","=""13500""","=""1.88e+07""","=""1.11e-02""","=""-1.255""",B,"=""2.19786640""","=""4.98804995""","=""3d7.(4P).4s""","=""a 5P""","=""2""","=""3d6.(5D).4s.4p.(1P*)""","=""x 5D*""","=""2""",,"=""T4187""","=""L11631""",
"=""444.28313""","=""0.00006""","=""444.28310""","=""0.00003""","=""1910""","=""5.45e+05""","=""2.31e-04""","=""-2.792""",B,"=""2.17594512""","=""4.96581946""","=""3d7.(4P).4s""","=""a 5P""","=""3""","=""3d5.(6S).4s2.4p""","=""y 7P*""","=""2""",,"=""T4187""","=""L11631""",
"=""444.3194""","=""0.0004""","=""444.31938""","=""0.00003""","=""14100bl*""","=""3.06e+07""","=""9.06e-02""","=""-1.043""",B+,"=""2.85805275""","=""5.64769932""","=""3d7.(4P).4s""","=""b 3P""","=""0""","=""3d6.(3P2).4s.4p.(3P*)""","=""x 3D*""","=""1""",,"=""T5720""","=""L11631""",
"=""444.54712""","=""0.00006""","=""444.54707""","=""0.00003""","=""427""","=""1.22e+03""","=""7.24e-07""","=""-5.441""",A,"=""0.08728574""","=""2.87550352""","=""3d6.4s2""","=""a 5D""","=""2""","=""3d6.(5D).4s.4p.(3P*)""","=""z 7F*""","=""2""",,"=""T3547""","=""L11631""",
"=""444.68318""","=""0.00006""","=""444.68319""","=""0.00003""","=""760""","=""1.61e+07""","=""1.60e-02""","=""-1.320""",B,"=""3.68638944""","=""6.47375371""","=""3d6.(5D).4s.4p.(3P*)""","=""z 5P*""","=""1""","=""3d6.(5D).4s (4D).5s""","=""g 5D""","=""1""",,"=""T6110""","=""L11631""",
"=""444.71301""","=""0.00006""","=""444.71298""","=""0.00003""","=""1780""","=""6.24e+05""","=""3.70e-04""","=""-2.733""",C+,"=""2.19786640""","=""4.98504395""","=""3d7.(4P).4s""","=""a 5P""","=""2""","=""3d5.(6S).4s2.4p""","=""y 7P*""","=""3""",,"=""T5720""","=""L11631""",
"=""444.77170""","=""0.00006""","=""444.77169""","=""0.00003""","=""9500""","=""1.53e+07""","=""1.52e-02""","=""-1.342""",B,"=""2.22271209""","=""5.00952178""","=""3d7.(4P).4s""","=""a 5P""","=""1""","=""3d6.(5D).4s.4p.(1P*)""","=""x 5D*""","=""1""",,"=""T4187""","=""L11631""",
"=""445.03153""","=""0.00006""","=""445.03156""","=""0.00004""","=""760""","=""3.45e+06""","=""1.02e-02""","=""-1.990""",C+,"=""3.11096179""","=""5.89614419""","=""3d7.(2P).4s""","=""c 3P""","=""0""","=""3d7.(4P).4p""","=""y 3S*""","=""1""",,"=""T5720""","=""L11631""",
"=""445.0767""","=""0.0004""","=""445.07667""","=""0.00003""","=""71""","=""2.1e+06""","=""6.8e-04""","=""-2.21""",E,"=""3.88160368""","=""6.66650376""","=""3d6.(5D).4s.4p.(3P*)""","=""z 3F*""","=""4""","=""3d7.(4F).4d""","=""f 5G""","=""4""",,"=""T2578n""","=""L11631""",
"=""445.2609""","=""0.0004""","=""445.26109""","=""0.00003""","=""219bl""","=""4.2e+06""","=""1.8e-03""","=""-1.91""",E,"=""3.94332623""","=""6.72707289""","=""3d6.(5D).4s.4p.(3P*)""","=""z 3F*""","=""3""","=""3d7.(4F).4d""","=""g 5F""","=""2""",,"=""T2578n""","=""L11631""",
"=""445.43807""","=""0.00006""","=""445.43808""","=""0.00003""","=""8300""","=""1.69e+07""","=""1.00e-02""","=""-1.299""",B+,"=""2.83159117""","=""5.61423177""","=""3d7.(4P).4s""","=""b 3P""","=""2""","=""3d6.(3P2).4s.4p.(3P*)""","=""x 3D*""","=""2""",,"=""T5720""","=""L11631""",
"=""445.50270""","=""0.00006""","=""445.50269""","=""0.00003""","=""740""","=""2.9e+07""","=""9.6e-03""","=""-1.06""",E,"=""3.88160368""","=""6.66384071""","=""3d6.(5D).4s.4p.(3P*)""","=""z 3F*""","=""4""","=""3d7.(4F).4d""","=""f 3D""","=""3""",,"=""T2578n""","=""L11631""",
"=""445.63254""","=""0.00006""","=""445.63255""","=""0.00003""","=""1150""","=""2.27e+06""","=""7.49e-04""","=""-2.171""",B,"=""3.04686890""","=""5.82829520""","=""3d7.(2G).4s""","=""a 1G""","=""4""","=""3d6.(3H).4s.4p.(3P*)""","=""z 3H*""","=""5""",,"=""T5720""","=""L11631""",
"=""445.66299""","=""0.00016""","=""445.66280""","=""0.00003""","=""219""","=""7.5e+06""","=""2.5e-03""","=""-1.65""",E,"=""3.88160368""","=""6.66284114""","=""3d6.(5D).4s.4p.(3P*)""","=""z 3F*""","=""4""","=""3d7.(4F).4d""","=""e 3G""","=""5""",,"=""T2578n""","=""L11631""",
"=""""","=""""","=""445.85765""","=""0.00003""","=""""","=""1.5e-01""","=""6.4e-11""","=""-9.3""",E,"=""0.05156912""","=""2.83159117""","=""3d6.4s2""","=""a 5D""","=""3""","=""3d7.(4P).4s""","=""b 3P""","=""2""",M1,"=""T6409""","=""""",
"=""""","=""""","=""445.85765""","=""0.00003""","=""""","=""1.5e-02""","=""6.4e-12""","=""-10.3""",E,"=""0.05156912""","=""2.83159117""","=""3d6.4s2""","=""a 5D""","=""3""","=""3d7.(4P).4s""","=""b 3P""","=""2""",E2,"=""T6409""","=""""",
"=""445.91173""","=""0.00006""","=""445.91170""","=""0.00003""","=""9500""","=""1.76e+07""","=""7.51e-03""","=""-1.279""",B,"=""2.17594512""","=""4.95563019""","=""3d7.(4P).4s""","=""a 5P""","=""3""","=""3d6.(5D).4s.4p.(1P*)""","=""x 5D*""","=""3""",,"=""T4187""","=""L11631""",
"=""446.16525""","=""0.00006""","=""446.16524""","=""0.00003""","=""74000""","=""2.06e+05""","=""1.23e-04""","=""-3.210""",A,"=""0.08728574""","=""2.86539125""","=""3d6.4s2""","=""a 5D""","=""2""","=""3d6.(5D).4s.4p.(3P*)""","=""z 7F*""","=""3""",,"=""T3547""","=""L11631""",
"=""446.1970""","=""0.0004""","=""446.19682""","=""0.00003""","=""1450bl*""","=""2.08e+07""","=""8.87e-03""","=""-1.207""",B,"=""3.60252504""","=""6.38043390""","=""3d6.(5D).4s.4p.(3P*)""","=""z 5P*""","=""3""","=""3d6.(5D).4s (6D).4d""","=""f 5F""","=""4""",,"=""T5720""","=""L11631""",
"=""446.47662""","=""0.00006""","=""446.47657""","=""0.00003""","=""890""","=""3.33e+06""","=""1.99e-03""","=""-2.002""",C+,"=""3.01725044""","=""5.79341882""","=""3d7.(2P).4s""","=""c 3P""","=""2""","=""3d6.(3P2).4s.4p.(3P*)""","=""y 3P*""","=""2""",,"=""T5720""","=""L11631""",
"=""446.65515""","=""0.00006""","=""446.65510""","=""0.00003""","=""45700""","=""8.40e+07""","=""5.02e-02""","=""-0.600""",B+,"=""2.83159117""","=""5.60664989""","=""3d7.(4P).4s""","=""b 3P""","=""2""","=""3d6.(3P2).4s.4p.(3P*)""","=""x 3D*""","=""3""",,"=""T5720""","=""L11631""",
"=""446.69383""","=""0.00016""","=""446.69374""","=""0.00003""","=""510""","=""1.6e+07""","=""9.4e-03""","=""-1.33""",E,"=""3.92860683""","=""6.70342551""","=""3d6.(5D).4s.4p.(3P*)""","=""z 3D*""","=""2""","=""3d7.(4F).4d""","=""f 3D""","=""2""",,"=""T2578n""","=""L11631""",
"=""446.93753""","=""0.00006""","=""446.93754""","=""0.00003""","=""8300""","=""1.11e+08""","=""6.67e-02""","=""-0.477""",C+,"=""3.65369332""","=""6.42699840""","=""3d6.(5D).4s.4p.(3P*)""","=""z 5P*""","=""2""","=""3d6.(5D).4s (6D).4d""","=""e 5P""","=""3""",,"=""T5720""","=""L11631""",
"=""447.1677""","=""0.0003""","=""447.16760""","=""0.00003""","=""132""","=""3.36e+02""","=""3.37e-07""","=""-5.995""",A,"=""0.11011433""","=""2.88199261""","=""3d6.4s2""","=""a 5D""","=""1""","=""3d6.(5D).4s.4p.(3P*)""","=""z 7F*""","=""1""",,"=""T3547""","=""L11631""",
"=""447.60183""","=""0.00006""","=""447.60184""","=""0.00003""","=""25100""","=""5.05e+07""","=""5.06e-02""","=""-0.819""",B+,"=""2.84504259""","=""5.61423177""","=""3d7.(4P).4s""","=""b 3P""","=""1""","=""3d6.(3P2).4s.4p.(3P*)""","=""x 3D*""","=""2""",,"=""T5720""","=""L11631""",
"=""447.80179""","=""0.00016""","=""447.80174""","=""0.00003""","=""151""","=""8.0e+04""","=""4.8e-05""","=""-3.62""",E,"=""2.19786640""","=""4.96581946""","=""3d7.(4P).4s""","=""a 5P""","=""2""","=""3d5.(6S).4s2.4p""","=""y 7P*""","=""2""",,"=""T2578n""","=""L11631""",
"=""448.01363""","=""0.00006""","=""448.01366""","=""0.00003""","=""1150""","=""3.88e+06""","=""1.30e-03""","=""-1.933""",C,"=""3.04686890""","=""5.81351269""","=""3d7.(2G).4s""","=""a 1G""","=""4""","=""3d6.(3F2).4s.4p.(3P*)""","=""x 3F*""","=""4""",,"=""T5720""","=""L11631""",
"=""448.16090""","=""0.00006""","=""448.16089""","=""0.00003""","=""540""","=""1.4e+07""","=""1.4e-02""","=""-1.39""",D,"=""3.68638944""","=""6.45212430""","=""3d6.(5D).4s.4p.(3P*)""","=""z 5P*""","=""1""","=""3d6.(5D).4s (4D).5s""","=""e 3D""","=""1""",,"=""T2578n""","=""L11631""",
"=""448.21696""","=""0.00006""","=""448.21691""","=""0.00003""","=""37200""","=""1.04e+05""","=""1.05e-04""","=""-3.501""",A,"=""0.11011433""","=""2.87550352""","=""3d6.4s2""","=""a 5D""","=""1""","=""3d6.(5D).4s.4p.(3P*)""","=""z 7F*""","=""2""",,"=""T3547""","=""L11631""",
"=""448.22524""","=""0.00006""","=""448.22523""","=""0.00003""","=""7800""","=""1.10e+07""","=""1.10e-02""","=""-1.482""",C,"=""2.22271209""","=""4.98804995""","=""3d7.(4P).4s""","=""a 5P""","=""1""","=""3d6.(5D).4s.4p.(1P*)""","=""x 5D*""","=""2""",,"=""T5720""","=""L11631""",
"=""448.27390""","=""0.00006""","=""448.27389""","=""0.00003""","=""850""","=""1.6e+07""","=""9.7e-03""","=""-1.32""",E,"=""3.65369332""","=""6.41873101""","=""3d6.(5D).4s.4p.(3P*)""","=""z 5P*""","=""2""","=""3d6.(5D).4s (4D).5s""","=""g 5D""","=""3""",,"=""T2578n""","=""L11631""",
"=""448.3777""","=""0.0003""","=""448.37762""","=""0.00005""","=""110""","=""1.3e+06""","=""5.2e-04""","=""-2.44""",E,"=""3.64164057""","=""6.40603863""","=""3d6.4s2""","=""b 3D""","=""3""","=""3d7.(2H).4p""","=""u 3G*""","=""4""",,"=""T2578n""","=""L11631""",
"=""448.42195""","=""0.00006""","=""448.42198""","=""0.00003""","=""4570""","=""4.54e+07""","=""1.95e-02""","=""-0.864""",B,"=""3.60252504""","=""6.36664959""","=""3d6.(5D).4s.4p.(3P*)""","=""z 5P*""","=""3""","=""3d6.(5D).4s (4D).5s""","=""g 5D""","=""4""",,"=""T5720""","=""L11631""",
"=""448.56753""","=""0.00006""","=""448.56756""","=""0.00003""","=""1700""","=""3.3e+07""","=""3.4e-02""","=""-0.99""",D,"=""3.68638944""","=""6.44961696""","=""3d6.(5D).4s.4p.(3P*)""","=""z 5P*""","=""1""","=""3d6.(5D).4s (6D).4d""","=""e 5P""","=""1""",,"=""T2578n""","=""L11631""",
"=""448.5972""","=""0.0003""","=""448.59695""","=""0.00003""","=""151""","=""1.6e+06""","=""9.7e-04""","=""-2.32""",E,"=""3.65369332""","=""6.41673983""","=""3d6.(5D).4s.4p.(3P*)""","=""z 5P*""","=""2""","=""3d6.(5D).4s (6D).4d""","=""f 5F""","=""1""",,"=""T2578n""","=""L11631""",
"=""448.7736""","=""0.0003""","=""448.77372""","=""0.00003""","=""110""","=""6.4e+05""","=""1.5e-04""","=""-2.71""",E,"=""3.23672008""","=""5.99867825""","=""3d7.(2H).4s""","=""b 3H""","=""6""","=""3d7.(2G).4p""","=""z 1H*""","=""5""",,"=""T2578n""","=""L11631""",
"=""448.81328""","=""0.00016""","=""448.81335""","=""0.00003""","=""389""","=""7.0e+06""","=""3.0e-03""","=""-1.68""",D,"=""3.60252504""","=""6.36423934""","=""3d6.(5D).4s.4p.(3P*)""","=""z 5P*""","=""3""","=""3d6.(5D).4s (6D).4d""","=""e 7F""","=""2""",,"=""T2578n""","=""L11631""",
"=""448.89066""","=""0.00016""","=""448.89057""","=""0.00003""","=""457""","=""4.88e+06""","=""2.95e-03""","=""-1.831""",C,"=""3.65369332""","=""6.41493251""","=""3d6.(5D).4s.4p.(3P*)""","=""z 5P*""","=""2""","=""3d6.(5D).4s (4D).5s""","=""e 3D""","=""2""",,"=""T5720""","=""L11631""",
"=""448.97388""","=""0.00006""","=""448.97387""","=""0.00003""","=""12900""","=""3.57e+04""","=""1.08e-04""","=""-3.966""",A,"=""0.12126572""","=""2.88199261""","=""3d6.4s2""","=""a 5D""","=""0""","=""3d6.(5D).4s.4p.(3P*)""","=""z 7F*""","=""1""",,"=""T3547""","=""L11631""",
"=""449.00837""","=""0.00006""","=""449.00840""","=""0.00003""","=""2240""","=""9.9e+06""","=""6.0e-03""","=""-1.52""",D,"=""3.01725044""","=""5.77776507""","=""3d7.(2P).4s""","=""c 3P""","=""2""","=""3d6.(3P2).4s.4p.(3P*)""","=""z 3S*""","=""1""",,"=""T2578n""","=""L11631""",
"=""449.26780""","=""0.00016""","=""449.26783""","=""0.00003""","=""107""","=""7.8e+06""","=""4.7e-03""","=""-1.63""",D,"=""3.98410712""","=""6.74302768""","=""3d6.(5D).4s.4p.(3P*)""","=""z 3F*""","=""2""","=""3d7.(4F).4d""","=""g 5F""","=""1""",,"=""T2578n""","=""L11631""",
"=""449.45629""","=""0.00006""","=""449.45628""","=""0.00003""","=""12600""","=""2.42e+07""","=""1.46e-02""","=""-1.136""",B,"=""2.19786640""","=""4.95563019""","=""3d7.(4P).4s""","=""a 5P""","=""2""","=""3d6.(5D).4s.4p.(1P*)""","=""x 5D*""","=""3""",,"=""T4187""","=""L11631""",
"=""""","=""""","=""449.45742""","=""0.00003""","=""""","=""1.3e-01""","=""8.0e-11""","=""-9.4""",E,"=""0.08728574""","=""2.84504259""","=""3d6.4s2""","=""a 5D""","=""2""","=""3d7.(4P).4s""","=""b 3P""","=""1""",M1,"=""T6409""","=""""",
"=""""","=""""","=""449.45742""","=""0.00003""","=""""","=""1.2e-02""","=""7.3e-12""","=""-10.4""",E,"=""0.08728574""","=""2.84504259""","=""3d6.4s2""","=""a 5D""","=""2""","=""3d7.(4P).4s""","=""b 3P""","=""1""",E2,"=""T6409""","=""""",
"=""449.59528""","=""0.00016""","=""449.59525""","=""0.00003""","=""437""","=""7.0e+06""","=""4.1e-03""","=""-1.69""",D,"=""3.65369332""","=""6.41060472""","=""3d6.(5D).4s.4p.(3P*)""","=""z 5P*""","=""2""","=""3d6.(5D).4s (6D).4d""","=""f 5F""","=""2""",,"=""T2578n""","=""L11631""",
"=""450.25906""","=""0.00006""","=""450.25907""","=""0.00005""","=""620""","=""1.6e+06""","=""4.4e-04""","=""-2.31""",E,"=""3.57321890""","=""6.32606584""","=""3d7.(2H).4s""","=""a 1H""","=""5""","=""3d6.(3G).4s.4p.(3P*)""","=""x 3H*""","=""6""",,"=""T2578n""","=""L11631""",
"=""450.48303""","=""0.00016""","=""450.48304""","=""0.00003""","=""427""","=""2.0e+06""","=""1.2e-03""","=""-2.22""",D,"=""3.26570610""","=""6.01718438""","=""3d6.(5D).4s.4p.(3P*)""","=""z 5D*""","=""2""","=""3d7.(4F).5s""","=""e 3F""","=""3""",,"=""T2578n""","=""L11631""",
"=""""","=""""","=""451.06336""","=""0.00003""","=""""","=""1.0e-01""","=""1.0e-10""","=""-9.5""",E,"=""0.11011433""","=""2.85805275""","=""3d6.4s2""","=""a 5D""","=""1""","=""3d7.(4P).4s""","=""b 3P""","=""0""",M1,"=""T6409""","=""""",
"=""451.41836""","=""0.00006""","=""451.41839""","=""0.00003""","=""830""","=""4.0e+06""","=""1.4e-03""","=""-1.92""",D+,"=""3.04686890""","=""5.79264615""","=""3d7.(2G).4s""","=""a 1G""","=""4""","=""3d7.(4P).4p""","=""u 5D*""","=""4""",,"=""T2491n""","=""L11631""",
"=""451.5166""","=""0.0003""","=""451.51650""","=""0.00003""","=""89""","=""2.2e+05""","=""1.4e-04""","=""-3.17""",E,"=""2.87550352""","=""5.62068415""","=""3d6.(5D).4s.4p.(3P*)""","=""z 7F*""","=""2""","=""3d6.(5D).4s (6D).5s""","=""e 5D""","=""2""",,"=""T2578n""","=""L11631""",
"=""451.75242""","=""0.00006""","=""451.75239""","=""0.00003""","=""1120""","=""4.53e+06""","=""4.62e-03""","=""-1.858""",C+,"=""3.07133880""","=""5.81508605""","=""3d7.(2P).4s""","=""c 3P""","=""1""","=""3d6.(3P2).4s.4p.(3P*)""","=""y 3P*""","=""1""",,"=""T5720""","=""L11631""",
"=""451.84318""","=""0.00016""","=""451.84308""","=""0.00003""","=""170""","=""2.3e+05""","=""5.4e-05""","=""-3.15""",E,"=""3.23672008""","=""5.97991659""","=""3d7.(2H).4s""","=""b 3H""","=""6""","=""3d6.(3G).4s.4p.(3P*)""","=""y 5H*""","=""5""",,"=""T2578n""","=""L11631""",
"=""451.85768""","=""0.00016""","=""451.85777""","=""0.00003""","=""195""","=""4.6e+04""","=""4.6e-05""","=""-3.86""",E,"=""2.22271209""","=""4.96581946""","=""3d7.(4P).4s""","=""a 5P""","=""1""","=""3d5.(6S).4s2.4p""","=""y 7P*""","=""2""",,"=""T2578n""","=""L11631""",
"=""452.33984""","=""0.00016""","=""452.33987""","=""0.00003""","=""245""","=""3.6e+06""","=""2.2e-03""","=""-1.96""",D,"=""3.65369332""","=""6.39387714""","=""3d6.(5D).4s.4p.(3P*)""","=""z 5P*""","=""2""","=""3d6.(5D).4s (6D).4d""","=""e 7S""","=""3""",,"=""T2578n""","=""L11631""",
"=""452.5863""","=""0.0003""","=""452.58635""","=""0.00003""","=""60""","=""2.4e+05""","=""2.4e-04""","=""-3.14""",E,"=""2.88199261""","=""5.62068415""","=""3d6.(5D).4s.4p.(3P*)""","=""z 7F*""","=""1""","=""3d6.(5D).4s (6D).5s""","=""e 5D""","=""2""",,"=""T2578n""","=""L11631""",
"=""452.77824""","=""0.00016""","=""452.77827""","=""0.00003""","=""209""","=""6.5e+05""","=""2.9e-04""","=""-2.69""",E,"=""3.25148176""","=""5.98901244""","=""3d7.(2D2).4s""","=""a 3D""","=""3""","=""3d7.(4P).4p""","=""x 3P*""","=""2""",,"=""T2578n""","=""L11631""",
"=""452.86139""","=""0.00006""","=""452.86136""","=""0.00003""","=""65000""","=""4.90e+07""","=""2.15e-02""","=""-0.822""",B,"=""2.17594512""","=""4.91297355""","=""3d7.(4P).4s""","=""a 5P""","=""3""","=""3d6.(5D).4s.4p.(1P*)""","=""x 5D*""","=""4""",,"=""u25""","=""L11631""",
"=""452.87567""","=""0.00006""","=""452.87566""","=""0.00003""","=""710""","=""3.32e+06""","=""1.13e-03""","=""-1.991""",C,"=""3.30140276""","=""6.03834476""","=""3d7.(2H).4s""","=""b 3H""","=""4""","=""3d6.(3H).4s.4p.(3P*)""","=""y 1G*""","=""4""",,"=""T5720""","=""L11631""",
"=""453.11478""","=""0.00006""","=""453.11477""","=""0.00003""","=""13800""","=""2.27e+06""","=""7.78e-04""","=""-2.155""",A,"=""1.48486439""","=""4.22036211""","=""3d7.(4F).4s""","=""a 3F""","=""4""","=""3d7.(4F).4p""","=""y 5F*""","=""4""",,"=""T3831""","=""L11631""",
"=""453.7673""","=""0.0004""","=""453.76703""","=""0.00003""","=""251bl""","=""3.4e+05""","=""9.5e-05""","=""-2.98""",E,"=""3.26711257""","=""5.99867825""","=""3d7.(2H).4s""","=""b 3H""","=""5""","=""3d7.(2G).4p""","=""z 1H*""","=""5""",,"=""T2578n""","=""L11631""",
"=""454.19413""","=""0.00017""","=""454.19422""","=""0.00003""","=""120""","=""2.7e+05""","=""7.5e-05""","=""-3.08""",E,"=""3.26711257""","=""5.99610917""","=""3d7.(2H).4s""","=""b 3H""","=""5""","=""3d6.(3G).4s.4p.(3P*)""","=""y 5H*""","=""4""",,"=""T2578n""","=""L11631""",
"=""454.24118""","=""0.00017""","=""454.24117""","=""0.00003""","=""295""","=""3.2e+06""","=""1.9e-03""","=""-2.01""",D,"=""3.63977237""","=""6.36848691""","=""3d6.4s2""","=""b 3D""","=""2""","=""3d7.(2D2).4p""","=""v 3F*""","=""3""",,"=""T2578n""","=""L11631""",
"=""454.70166""","=""0.00006""","=""454.70169""","=""0.00003""","=""148""","=""7.5e+04""","=""3.3e-05""","=""-3.63""",E,"=""1.55735733""","=""4.28330826""","=""3d7.(4F).4s""","=""a 3F""","=""3""","=""3d7.(4F).4p""","=""y 5F*""","=""2""",,"=""T2578n""","=""L11631""",
"=""454.78471""","=""0.00006""","=""454.78468""","=""0.00005""","=""7800""","=""3.14e+07""","=""1.95e-02""","=""-1.012""",D+,"=""3.54652001""","=""6.27197352""","=""3d7.(2D2).4s""","=""a 1D""","=""2""","=""3d7.(2G).4p""","=""z 1F*""","=""3""",,"=""T5720""","=""L11631""",
"=""455.16467""","=""0.00017""","=""455.16479""","=""0.00003""","=""204""","=""3.0e+06""","=""1.3e-03""","=""-2.03""",E,"=""3.94332623""","=""6.66650376""","=""3d6.(5D).4s.4p.(3P*)""","=""z 3F*""","=""3""","=""3d7.(4F).4d""","=""f 5G""","=""4""",,"=""T2578n""","=""L11631""",
"=""455.44509""","=""0.00017""","=""455.44510""","=""0.00003""","=""186""","=""3.3e+05""","=""1.5e-04""","=""-2.99""",D,"=""2.86539125""","=""5.58689276""","=""3d6.(5D).4s.4p.(3P*)""","=""z 7F*""","=""3""","=""3d6.(5D).4s (6D).5s""","=""e 5D""","=""3""",,"=""T2578n""","=""L11631""",
"=""455.61256""","=""0.00006""","=""455.61259""","=""0.00003""","=""4070""","=""5.25e+07""","=""2.33e-02""","=""-0.787""",B,"=""3.60252504""","=""6.32302612""","=""3d6.(5D).4s.4p.(3P*)""","=""z 5P*""","=""3""","=""3d6.(5D).4s (6D).4d""","=""f 7D""","=""2""",,"=""T5720""","=""L11631""",
"=""455.69247""","=""0.00017""","=""455.69242""","=""0.00003""","=""71""","=""7.0e+05""","=""3.1e-04""","=""-2.66""",D,"=""3.25148176""","=""5.97150625""","=""3d7.(2D2).4s""","=""a 3D""","=""3""","=""3d5.(6S).4s2.4p""","=""v 5P*""","=""2""",,"=""T2578n""","=""L11631""",
"=""456.00878""","=""0.00006""","=""456.00883""","=""0.00003""","=""380""","=""4.2e+06""","=""1.9e-03""","=""-1.88""",D,"=""3.60252504""","=""6.32066224""","=""3d6.(5D).4s.4p.(3P*)""","=""z 5P*""","=""3""","=""3d6.(5D).4s (6D).4d""","=""e 5G""","=""4""",,"=""T2578n""","=""L11631""",
"=""456.53099""","=""0.00017""","=""456.53104""","=""0.00003""","=""178""","=""1.1e+06""","=""1.2e-03""","=""-2.46""",E,"=""3.27398440""","=""5.98901244""","=""3d7.(2D2).4s""","=""a 3D""","=""1""","=""3d7.(4P).4p""","=""x 3P*""","=""2""",,"=""T2578n""","=""L11631""",
"=""456.56616""","=""0.00006""","=""456.56615""","=""0.00003""","=""427""","=""2.0e+06""","=""9.0e-04""","=""-2.20""",E,"=""3.24096914""","=""5.95578840""","=""3d6.(5D).4s.4p.(3P*)""","=""z 5D*""","=""3""","=""3d7.(4F).5s""","=""e 5F""","=""2""",,"=""T2578n""","=""L11631""",
"=""456.65142""","=""0.00017""","=""456.65147""","=""0.00003""","=""398""","=""1.34e+06""","=""8.41e-04""","=""-2.376""",D+,"=""3.30092244""","=""6.01523448""","=""3d7.(2D2).4s""","=""a 3D""","=""2""","=""3d7.(4P).4p""","=""x 3P*""","=""1""",,"=""T5720""","=""L11631""",
"=""456.69882""","=""0.00017""","=""456.69893""","=""0.00005""","=""71""","=""3.0e+06""","=""3.1e-03""","=""-2.04""",D,"=""3.41489715""","=""6.12892712""","=""3d7.(2P).4s""","=""a 1P""","=""1""","=""3d7.(2G).4p""","=""w 3F*""","=""2""",,"=""T2578n""","=""L11631""",
"=""457.14375""","=""0.00017""","=""457.14374""","=""0.00003""","=""76""","=""2.0e+05""","=""1.2e-04""","=""-3.21""",E,"=""2.87550352""","=""5.58689276""","=""3d6.(5D).4s.4p.(3P*)""","=""z 7F*""","=""2""","=""3d6.(5D).4s (6D).5s""","=""e 5D""","=""3""",,"=""T2578n""","=""L11631""",
"=""457.42159""","=""0.00017""","=""457.42153""","=""0.00003""","=""309""","=""1.1e+06""","=""3.9e-04""","=""-2.45""",E,"=""3.21118938""","=""5.92093198""","=""3d6.(5D).4s.4p.(3P*)""","=""z 5D*""","=""4""","=""3d7.(4F).5s""","=""e 5F""","=""3""",,"=""T2578n""","=""L11631""",
"=""457.47176""","=""0.00006""","=""457.47173""","=""0.00003""","=""295""","=""4.1e+05""","=""2.6e-04""","=""-2.89""",D,"=""2.27860466""","=""4.98804995""","=""3d6.4s2""","=""a 3P2""","=""2""","=""3d6.(5D).4s.4p.(1P*)""","=""x 5D*""","=""2""",,"=""T2578n""","=""L11631""",
"=""458.05771""","=""0.00017""","=""458.05767""","=""0.00003""","=""245""","=""2.8e+06""","=""1.8e-03""","=""-2.05""",D,"=""3.65369332""","=""6.35967275""","=""3d6.(5D).4s.4p.(3P*)""","=""z 5P*""","=""2""","=""3d6.(5D).4s (4D).5s""","=""e 3D""","=""3""",,"=""T2578n""","=""L11631""",
"=""458.1508""","=""0.0004""","=""458.15077""","=""0.00003""","=""1550bl""","=""5.3e+06""","=""2.4e-03""","=""-1.78""",D,"=""3.24096914""","=""5.94639870""","=""3d6.(5D).4s.4p.(3P*)""","=""z 5D*""","=""3""","=""3d7.(4F).5s""","=""e 3F""","=""4""",,"=""T2578n""","=""L11631""",
"=""458.71273""","=""0.00006""","=""458.71274""","=""0.00005""","=""1510""","=""5.80e+06""","=""1.67e-03""","=""-1.737""",C,"=""3.57321890""","=""6.27533411""","=""3d7.(2H).4s""","=""a 1H""","=""5""","=""3d6.(3F2).4s.4p.(3P*)""","=""x 1G*""","=""4""",,"=""T5720""","=""L11631""",
"=""458.7720""","=""0.0003""","=""458.77210""","=""0.00003""","=""89""","=""2.4e+06""","=""1.5e-03""","=""-2.13""",E,"=""3.98410712""","=""6.68587270""","=""3d6.(5D).4s.4p.(3P*)""","=""z 3F*""","=""2""","=""3d7.(4F).4d""","=""f 5P""","=""1""",,"=""T2578n""","=""L11631""",
"=""459.26508""","=""0.00006""","=""459.26509""","=""0.00003""","=""4570""","=""1.13e+06""","=""5.08e-04""","=""-2.449""",A,"=""1.55735733""","=""4.25622280""","=""3d7.(4F).4s""","=""a 3F""","=""3""","=""3d7.(4F).4p""","=""y 5F*""","=""3""",,"=""T3831""","=""L11631""",
"=""459.3525""","=""0.0004""","=""459.35242""","=""0.00003""","=""120bl""","=""2.9e+06""","=""1.3e-03""","=""-2.03""",E,"=""3.94332623""","=""6.64167865""","=""3d6.(5D).4s.4p.(3P*)""","=""z 3F*""","=""3""","=""3d7.(4F).4d""","=""f 5P""","=""2""",,"=""T2578n""","=""L11631""",
"=""459.5358""","=""0.0004""","=""459.53582""","=""0.00003""","=""1860bl""","=""5.51e+06""","=""1.94e-03""","=""-1.758""",B,"=""3.30140276""","=""5.99867825""","=""3d7.(2H).4s""","=""b 3H""","=""4""","=""3d7.(2G).4p""","=""z 1H*""","=""5""",,"=""T5720""","=""L11631""",
"=""459.60602""","=""0.00006""","=""459.60598""","=""0.00003""","=""680""","=""1.35e+07""","=""6.11e-03""","=""-1.369""",C+,"=""3.60252504""","=""6.29938878""","=""3d6.(5D).4s.4p.(3P*)""","=""z 5P*""","=""3""","=""3d6.(5D).4s (6D).4d""","=""f 7D""","=""4""",,"=""T5720""","=""L11631""",
"=""459.64152""","=""0.00017""","=""459.64153""","=""0.00003""","=""117""","=""1.6e+06""","=""1.0e-03""","=""-2.28""",E,"=""3.65369332""","=""6.35034852""","=""3d6.(5D).4s.4p.(3P*)""","=""z 5P*""","=""2""","=""3d6.(5D).4s (6D).4d""","=""e 5G""","=""3""",,"=""T2578n""","=""L11631""",
"=""460.09337""","=""0.00017""","=""460.09314""","=""0.00003""","=""372""","=""8.57e+05""","=""2.09e-04""","=""-2.565""",C,"=""3.23672008""","=""5.93072834""","=""3d7.(2H).4s""","=""b 3H""","=""6""","=""3d6.(3F2).4s.4p.(3P*)""","=""x 3G*""","=""5""",,"=""T5720""","=""L11631""",
"=""460.20007""","=""0.00006""","=""460.20006""","=""0.00003""","=""760""","=""2.21e+05""","=""1.40e-04""","=""-3.154""",A,"=""1.60789577""","=""4.30127816""","=""3d7.(4F).4s""","=""a 3F""","=""2""","=""3d7.(4F).4p""","=""y 5F*""","=""1""",,"=""T3831""","=""L11631""",
"=""460.29407""","=""0.00006""","=""460.29405""","=""0.00003""","=""12900""","=""1.89e+06""","=""6.70e-04""","=""-2.220""",A,"=""1.48486439""","=""4.17769679""","=""3d7.(4F).4s""","=""a 3F""","=""4""","=""3d7.(4F).4p""","=""y 5F*""","=""5""",,"=""T3831""","=""L11631""",
"=""460.33421""","=""0.00017""","=""460.33430""","=""0.00003""","=""95""","=""2.6e+05""","=""2.8e-04""","=""-3.08""",E,"=""2.84504259""","=""5.53763954""","=""3d7.(4P).4s""","=""b 3P""","=""1""","=""3d6.(3F2).4s.4p.(3P*)""","=""v 5D*""","=""2""",,"=""T2578n""","=""L11631""",
"=""460.39486""","=""0.00017""","=""460.39483""","=""0.00005""","=""100""","=""5.2e+05""","=""1.8e-04""","=""-2.78""",E,"=""2.99035244""","=""5.68259542""","=""3d6.4s2""","=""b 3G""","=""4""","=""3d6.(3F2).4s.4p.(3P*)""","=""x 5G*""","=""4""",,"=""T2578n""","=""L11631""",
"=""461.11846""","=""0.00006""","=""461.11838""","=""0.00003""","=""145""","=""5.98e+05""","=""2.12e-04""","=""-2.720""",D+,"=""2.85122419""","=""5.53924278""","=""3d6.(5D).4s.4p.(3P*)""","=""z 7F*""","=""4""","=""3d6.(5D).4s (6D).5s""","=""e 5D""","=""4""",,"=""T5783""","=""L11631""",
"=""461.32024""","=""0.00006""","=""461.32025""","=""0.00003""","=""1450""","=""7.5e+06""","=""2.4e-02""","=""-1.62""",D,"=""3.29183986""","=""5.97868220""","=""3d6.(5D).4s.4p.(3P*)""","=""z 5D*""","=""0""","=""3d7.(4F).5s""","=""e 5F""","=""1""",,"=""T2578n""","=""L11631""",
"=""461.42051""","=""0.00017""","=""461.42052""","=""0.00003""","=""145""","=""8.4e+05""","=""5.4e-04""","=""-2.57""",E,"=""3.30092244""","=""5.98718095""","=""3d7.(2D2).4s""","=""a 3D""","=""2""","=""3d5.(6S).4s2.4p""","=""v 5P*""","=""1""",,"=""T2578n""","=""L11631""",
"=""461.87574""","=""0.00006""","=""461.87572""","=""0.00003""","=""1660""","=""1.22e+06""","=""3.56e-04""","=""-2.407""",B,"=""2.94879294""","=""5.63240401""","=""3d6.4s2""","=""b 3G""","=""5""","=""3d6.(3H).4s.4p.(3P*)""","=""y 3G*""","=""4""",,"=""T5720""","=""L11631""",
"=""461.92877""","=""0.00006""","=""461.92880""","=""0.00003""","=""2450""","=""2.6e+07""","=""1.2e-02""","=""-1.08""",D,"=""3.60252504""","=""6.28582776""","=""3d6.(5D).4s.4p.(3P*)""","=""z 5P*""","=""3""","=""3d6.(5D).4s (6D).4d""","=""f 5D""","=""2""",,"=""T2578n""","=""L11631""",
"=""463.01200""","=""0.00006""","=""463.01197""","=""0.00003""","=""830""","=""8.05e+05""","=""5.18e-04""","=""-2.587""",D+,"=""2.27860466""","=""4.95563019""","=""3d6.4s2""","=""a 3P2""","=""2""","=""3d6.(5D).4s.4p.(1P*)""","=""x 5D*""","=""3""",,"=""T5720""","=""L11631""",
"=""463.29114""","=""0.00006""","=""463.29113""","=""0.00003""","=""1510""","=""3.80e+05""","=""2.44e-04""","=""-2.913""",A,"=""1.60789577""","=""4.28330826""","=""3d7.(4F).4s""","=""a 3F""","=""2""","=""3d7.(4F).4p""","=""y 5F*""","=""2""",,"=""T3831""","=""L11631""",
"=""463.3756""","=""0.0004""","=""463.37546""","=""0.00007""","=""89bl""","=""3.3e+05""","=""1.5e-04""","=""-2.97""",E,"=""3.01762252""","=""5.6925481""","=""3d6.4s2""","=""b 3G""","=""3""","=""3d6.(3F2).4s.4p.(3P*)""","=""x 5G*""","=""3""",,"=""T2578n""","=""L11631""",
"=""463.5617""","=""0.0003""","=""463.56159""","=""0.00003""","=""89""","=""9.0e+04""","=""4.2e-05""","=""-3.53""",E,"=""2.86539125""","=""5.53924278""","=""3d6.(5D).4s.4p.(3P*)""","=""z 7F*""","=""3""","=""3d6.(5D).4s (6D).5s""","=""e 5D""","=""4""",,"=""T2578n""","=""L11631""",
"=""463.58459""","=""0.00006""","=""463.58462""","=""0.00003""","=""870""","=""1.36e+06""","=""1.46e-03""","=""-2.358""",C+,"=""2.84504259""","=""5.51876133""","=""3d7.(4P).4s""","=""b 3P""","=""1""","=""3d7.(4P).4p""","=""y 5S*""","=""2""",,"=""T5720""","=""L11631""",
"=""463.75030""","=""0.00006""","=""463.75029""","=""0.00003""","=""2950""","=""1.4e+07""","=""1.5e-02""","=""-1.34""",D,"=""3.28302483""","=""5.95578840""","=""3d6.(5D).4s.4p.(3P*)""","=""z 5D*""","=""1""","=""3d7.(4F).5s""","=""e 5F""","=""2""",,"=""T2578n""","=""L11631""",
"=""463.8010""","=""0.0004""","=""463.80096""","=""0.00003""","=""2450bl""","=""2.36e+07""","=""1.09e-02""","=""-1.119""",C+,"=""3.60252504""","=""6.27499663""","=""3d6.(5D).4s.4p.(3P*)""","=""z 5P*""","=""3""","=""3d6.(5D).4s (6D).4d""","=""e 7P""","=""3""",,"=""T5720""","=""L11631""",
"=""464.34631""","=""0.00006""","=""464.34634""","=""0.00003""","=""1410""","=""2.20e+07""","=""1.43e-02""","=""-1.147""",B,"=""3.65369332""","=""6.32302612""","=""3d6.(5D).4s.4p.(3P*)""","=""z 5P*""","=""2""","=""3d6.(5D).4s (6D).4d""","=""f 7D""","=""2""",,"=""T5720""","=""L11631""",
"=""464.74339""","=""0.00006""","=""464.74340""","=""0.00003""","=""16200""","=""1.38e+07""","=""4.05e-03""","=""-1.351""",B,"=""2.94879294""","=""5.61584517""","=""3d6.4s2""","=""b 3G""","=""5""","=""3d6.(3H).4s.4p.(3P*)""","=""y 3G*""","=""5""",,"=""T5720""","=""L11631""",
"=""464.98162""","=""0.00017""","=""464.98163""","=""0.00003""","=""219""","=""7.0e+05""","=""1.8e-04""","=""-2.64""",E,"=""3.23672008""","=""5.90240588""","=""3d7.(2H).4s""","=""b 3H""","=""6""","=""3d6.(3G).4s.4p.(3P*)""","=""v 5F*""","=""5""",,"=""T2578n""","=""L11631""",
"=""465.44980""","=""0.00007""","=""465.44977""","=""0.00003""","=""3020""","=""5.08e+05""","=""2.35e-04""","=""-2.783""",A,"=""1.55735733""","=""4.22036211""","=""3d7.(4F).4s""","=""a 3F""","=""3""","=""3d7.(4F).4p""","=""y 5F*""","=""4""",,"=""T3831""","=""L11631""",
"=""465.4605""","=""0.0004""","=""465.46080""","=""0.00003""","=""1740bl""","=""2.58e+07""","=""1.20e-02""","=""-1.077""",B,"=""3.60252504""","=""6.26546671""","=""3d6.(5D).4s.4p.(3P*)""","=""z 5P*""","=""3""","=""3d6.(5D).4s (6D).4d""","=""f 5D""","=""3""",,"=""T5720""","=""L11631""",
"=""465.75845""","=""0.00017""","=""465.75852""","=""0.00003""","=""170""","=""4.5e+05""","=""4.9e-04""","=""-2.84""",D,"=""2.84504259""","=""5.50628207""","=""3d7.(4P).4s""","=""b 3P""","=""1""","=""3d6.(3P2).4s.4p.(3P*)""","=""w 5D*""","=""1""",,"=""T2578n""","=""L11631""",
"=""465.82944""","=""0.00017""","=""465.82940""","=""0.00003""","=""123""","=""3.2e+05""","=""9.3e-05""","=""-2.99""",E,"=""3.26711257""","=""5.92794713""","=""3d7.(2H).4s""","=""b 3H""","=""5""","=""3d6.(3F2).4s.4p.(3P*)""","=""x 3G*""","=""4""",,"=""T2578n""","=""L11631""",
"=""466.15341""","=""0.00017""","=""466.15348""","=""0.00005""","=""158""","=""1.6e+07""","=""7.8e-03""","=""-1.26""",E,"=""4.55852281""","=""7.21750752""","=""3d6.(5D).4s.4p.(1P*)""","=""y 5P*""","=""3""","=""3d6.4s.(4D).4d""","=""5P""","=""2""",,"=""T2578n""","=""L11631""",
"=""466.19699""","=""0.00007""","=""466.19703""","=""0.00003""","=""1100""","=""9.66e+05""","=""3.50e-04""","=""-2.502""",B,"=""2.99035244""","=""5.64908881""","=""3d6.4s2""","=""b 3G""","=""4""","=""3d6.(3H).4s.4p.(3P*)""","=""y 3G*""","=""3""",,"=""T5720""","=""L11631""",
"=""466.31779""","=""0.00017""","=""466.31782""","=""0.00003""","=""195""","=""1.3e+06""","=""8.4e-04""","=""-2.38""",E,"=""3.54652001""","=""6.20456765""","=""3d7.(2D2).4s""","=""a 1D""","=""2""","=""3d7.(2P).4p""","=""w 3P*""","=""1""",,"=""T2578n""","=""L11631""",
"=""466.74528""","=""0.00007""","=""466.74533""","=""0.00003""","=""5400""","=""5.43e+07""","=""2.53e-02""","=""-0.751""",B,"=""3.60252504""","=""6.25813812""","=""3d6.(5D).4s.4p.(3P*)""","=""z 5P*""","=""3""","=""3d6.(5D).4s (6D).4d""","=""e 7P""","=""4""",,"=""T5720""","=""L11631""",
"=""466.91708""","=""0.00007""","=""466.91724""","=""0.00003""","=""1230""","=""1.88e+07""","=""1.23e-02""","=""-1.211""",C+,"=""3.65369332""","=""6.30832866""","=""3d6.(5D).4s.4p.(3P*)""","=""z 5P*""","=""2""","=""3d6.(5D).4s (6D).4d""","=""f 5D""","=""1""",,"=""T5720""","=""L11631""",
"=""467.31633""","=""0.00007""","=""467.31636""","=""0.00003""","=""1380""","=""2.67e+07""","=""1.75e-02""","=""-1.059""",D+,"=""3.65369332""","=""6.30606149""","=""3d6.(5D).4s.4p.(3P*)""","=""z 5P*""","=""2""","=""3d6.(5D).4s (6D).4d""","=""f 7D""","=""3""",,"=""T5720""","=""L11631""",
"=""467.46474""","=""0.00017""","=""467.46480""","=""0.00003""","=""120""","=""6.0e+03""","=""2.9e-06""","=""-4.69""",E,"=""1.55735733""","=""4.20888328""","=""3d7.(4F).4s""","=""a 3F""","=""3""","=""3d6.(5D).4s.4p.(3P*)""","=""z 3P*""","=""2""",,"=""T2578n""","=""L11631""",
"=""467.88455""","=""0.00007""","=""467.88456""","=""0.00003""","=""6200""","=""4.47e+07""","=""2.10e-02""","=""-0.833""",B,"=""3.60252504""","=""6.25167222""","=""3d6.(5D).4s.4p.(3P*)""","=""z 5P*""","=""3""","=""3d6.(5D).4s (6D).4d""","=""f 5D""","=""4""",,"=""T5720""","=""L11631""",
"=""467.9224""","=""0.0004""","=""467.92253""","=""0.00003""","=""302bl*""","=""1.16e+06""","=""5.46e-04""","=""-2.418""",C+,"=""3.25148176""","=""5.90041395""","=""3d7.(2D2).4s""","=""a 3D""","=""3""","=""3d6.(3G).4s.4p.(3P*)""","=""w 5G*""","=""4""",,"=""T6110""","=""L11631""",
"=""468.02945""","=""0.00007""","=""468.02946""","=""0.00003""","=""269""","=""5.12e+04""","=""3.37e-05""","=""-3.774""",A,"=""1.60789577""","=""4.25622280""","=""3d7.(4F).4s""","=""a 3F""","=""2""","=""3d7.(4F).4p""","=""y 5F*""","=""3""",,"=""T3831""","=""L11631""",
"=""468.04669""","=""0.00018""","=""468.04672""","=""0.00003""","=""170""","=""5.70e+05""","=""1.87e-03""","=""-2.728""",D,"=""2.85805275""","=""5.50628207""","=""3d7.(4P).4s""","=""b 3P""","=""0""","=""3d6.(3P2).4s.4p.(3P*)""","=""w 5D*""","=""1""",,"=""T5720""","=""L11631""",
"=""468.25601""","=""0.00018""","=""468.25580""","=""0.00003""","=""129""","=""2.6e+05""","=""9.5e-05""","=""-3.07""",E,"=""2.93984587""","=""5.58689276""","=""3d6.(5D).4s.4p.(3P*)""","=""z 7P*""","=""4""","=""3d6.(5D).4s (6D).5s""","=""e 5D""","=""3""",,"=""T2578n""","=""L11631""",
"=""468.35594""","=""0.00007""","=""468.35601""","=""0.00003""","=""468""","=""1.46e+06""","=""9.59e-04""","=""-2.319""",C,"=""2.83159117""","=""5.47807170""","=""3d7.(4P).4s""","=""b 3P""","=""2""","=""3d6.(3P2).4s.4p.(3P*)""","=""w 5D*""","=""2""",,"=""T5720""","=""L11631""",
"=""468.50243""","=""0.00018""","=""468.50235""","=""0.00005""","=""155""","=""1.6e+05""","=""1.8e-04""","=""-3.27""",E,"=""2.84504259""","=""5.49069652""","=""3d7.(4P).4s""","=""b 3P""","=""1""","=""3d6.(3F2).4s.4p.(3P*)""","=""w 5F*""","=""2""",,"=""T2578n""","=""L11631""",
"=""468.73862""","=""0.00007""","=""468.73860""","=""0.00003""","=""560""","=""5.25e+05""","=""3.46e-04""","=""-2.762""",C,"=""2.83159117""","=""5.47591165""","=""3d7.(4P).4s""","=""b 3P""","=""2""","=""3d6.(3F2).4s.4p.(3P*)""","=""v 5D*""","=""3""",,"=""T5720""","=""L11631""",
"=""469.0138""","=""0.0004""","=""469.01375""","=""0.00003""","=""620bl""","=""6.87e+06""","=""7.55e-03""","=""-1.645""",C+,"=""3.68638944""","=""6.32915863""","=""3d6.(5D).4s.4p.(3P*)""","=""z 5P*""","=""1""","=""3d6.(5D).4s (6D).4d""","=""f 7D""","=""1""",,"=""T5720""","=""L11631""",
"=""469.14114""","=""0.00007""","=""469.14115""","=""0.00003""","=""11200""","=""9.09e+06""","=""3.33e-03""","=""-1.523""",B+,"=""2.99035244""","=""5.63240401""","=""3d6.4s2""","=""b 3G""","=""4""","=""3d6.(3H).4s.4p.(3P*)""","=""y 3G*""","=""4""",,"=""T5720""","=""L11631""",
"=""470.1044""","=""0.0004""","=""470.10447""","=""0.00003""","=""407bl*""","=""2.52e+06""","=""1.67e-03""","=""-2.078""",D+,"=""2.46883473""","=""5.10547240""","=""3d6.(5D).4s.4p.(3P*)""","=""z 7D*""","=""2""","=""3d8""","=""3P""","=""1""",,"=""T5720""","=""L11631""",
"=""470.1044""","=""0.0004""","=""470.10464""","=""0.00003""","=""407bl*""","=""3.6e+06""","=""4.0e-03""","=""-1.92""",E,"=""3.68638944""","=""6.32302612""","=""3d6.(5D).4s.4p.(3P*)""","=""z 5P*""","=""1""","=""3d6.(5D).4s (6D).4d""","=""f 7D""","=""2""",,"=""T2578n""","=""L11631""",
"=""470.49478""","=""0.00007""","=""470.49477""","=""0.00005""","=""950""","=""8.8e+06""","=""9.8e-03""","=""-1.53""",D,"=""3.68638944""","=""6.32083991""","=""3d6.(5D).4s.4p.(3P*)""","=""z 5P*""","=""1""","=""3d6.(5D).4s (6D).4d""","=""f 5D""","=""0""",,"=""T2578n""","=""L11631""",
"=""470.54567""","=""0.00018""","=""470.54568""","=""0.00003""","=""295""","=""1.6e+06""","=""1.1e-03""","=""-2.27""",E,"=""3.54652001""","=""6.18068544""","=""3d7.(2D2).4s""","=""a 1D""","=""2""","=""3d7.(2G).4p""","=""v 3G*""","=""3""",,"=""T2578n""","=""L11631""",
"=""470.74874""","=""0.00007""","=""470.74875""","=""0.00003""","=""780""","=""1.46e+06""","=""1.62e-03""","=""-2.314""",C,"=""2.84504259""","=""5.47807170""","=""3d7.(4P).4s""","=""b 3P""","=""1""","=""3d6.(3P2).4s.4p.(3P*)""","=""w 5D*""","=""2""",,"=""T5720""","=""L11631""",
"=""470.89682""","=""0.00007""","=""470.89683""","=""0.00005""","=""780""","=""2.79e+06""","=""1.85e-03""","=""-2.033""",C,"=""3.63977237""","=""6.27197352""","=""3d6.4s2""","=""b 3D""","=""2""","=""3d7.(2G).4p""","=""z 1F*""","=""3""",,"=""T5720""","=""L11631""",
"=""471.02830""","=""0.00007""","=""471.02833""","=""0.00003""","=""8900""","=""7.35e+06""","=""3.49e-03""","=""-1.612""",B+,"=""3.01762252""","=""5.64908881""","=""3d6.4s2""","=""b 3G""","=""3""","=""3d6.(3H).4s.4p.(3P*)""","=""y 3G*""","=""3""",,"=""T5720""","=""L11631""",
"=""471.21053""","=""0.00018""","=""471.21052""","=""0.00003""","=""138""","=""2.6e+05""","=""1.7e-04""","=""-3.07""",E,"=""3.01725044""","=""5.64769932""","=""3d7.(2P).4s""","=""c 3P""","=""2""","=""3d6.(3P2).4s.4p.(3P*)""","=""x 3D*""","=""1""",,"=""T2578n""","=""L11631""",
"=""471.4070""","=""0.0003""","=""471.40672""","=""0.00007""","=""45""","=""9.0e+06""","=""4.2e-03""","=""-1.53""",E,"=""4.55852281""","=""7.1878769""","=""3d6.(5D).4s.4p.(1P*)""","=""y 5P*""","=""3""","=""3d6.(5D).4s (4D).4d""","=""i 5D""","=""2""",,"=""T2578n""","=""L11631""",
"=""471.4118""","=""0.0003""","=""471.41183""","=""0.00003""","=""20""","=""7.2e+05""","=""2.7e-04""","=""-2.62""",E,"=""3.30140276""","=""5.93072834""","=""3d7.(2H).4s""","=""b 3H""","=""4""","=""3d6.(3F2).4s.4p.(3P*)""","=""x 3G*""","=""5""",,"=""T2578n""","=""L11631""",
"=""472.10003""","=""0.00007""","=""472.10004""","=""0.00003""","=""790""","=""4.73e+05""","=""1.76e-04""","=""-2.801""",C+,"=""2.99035244""","=""5.61584517""","=""3d6.4s2""","=""b 3G""","=""4""","=""3d6.(3H).4s.4p.(3P*)""","=""y 3G*""","=""5""",,"=""T5720""","=""L11631""",
"=""472.61367""","=""0.00018""","=""472.61368""","=""0.00003""","=""89""","=""2.0e+05""","=""9.2e-05""","=""-3.19""",E,"=""2.99804479""","=""5.62068415""","=""3d6.(5D).4s.4p.(3P*)""","=""z 7P*""","=""3""","=""3d6.(5D).4s (6D).5s""","=""e 5D""","=""2""",,"=""T2578n""","=""L11631""",
"=""472.73943""","=""0.00007""","=""472.73989""","=""0.00003""","=""2090""","=""2.06e+07""","=""2.30e-02""","=""-1.162""",C+,"=""3.68638944""","=""6.30832866""","=""3d6.(5D).4s.4p.(3P*)""","=""z 5P*""","=""1""","=""3d6.(5D).4s (6D).4d""","=""f 5D""","=""1""",,"=""T5720""","=""L11631""",
"=""472.85454""","=""0.00007""","=""472.85457""","=""0.00003""","=""2090""","=""2.01e+07""","=""1.35e-02""","=""-1.172""",C,"=""3.65369332""","=""6.27499663""","=""3d6.(5D).4s.4p.(3P*)""","=""z 5P*""","=""2""","=""3d6.(5D).4s (6D).4d""","=""e 7P""","=""3""",,"=""T5720""","=""L11631""",
"=""472.90189""","=""0.00007""","=""472.90192""","=""0.00005""","=""780""","=""7.25e+06""","=""2.70e-03""","=""-1.614""",C+,"=""4.07581091""","=""6.69685175""","=""3d8""","=""c 3F""","=""4""","=""3d6.(3D).4s.4p.(3P*)""","=""5F*""","=""5""",,"=""T5720""","=""L11631""",
"=""472.96763""","=""0.00018""","=""472.96784""","=""0.00003""","=""174""","=""1.1e+06""","=""5.4e-04""","=""-2.42""",E,"=""3.39650880""","=""6.01718438""","=""3d6.(5D).4s.4p.(3P*)""","=""z 5F*""","=""3""","=""3d7.(4F).5s""","=""e 3F""","=""3""",,"=""T2578n""","=""L11631""",
"=""473.35913""","=""0.00007""","=""473.35912""","=""0.00003""","=""2690""","=""3.07e+05""","=""1.14e-04""","=""-2.987""",A,"=""1.48486439""","=""4.10337372""","=""3d7.(4F).4s""","=""a 3F""","=""4""","=""3d7.(4F).4p""","=""y 5D*""","=""4""",,"=""T3831""","=""L11631""",
"=""473.40977""","=""0.00018""","=""473.40980""","=""0.00007""","=""302""","=""8.0e+06""","=""5.5e-03""","=""-1.56""",E,"=""4.29441489""","=""6.9126439""","=""3d6.4s2""","=""b 1D2""","=""2""","=""3d7.(2D2).4p""","=""w 1D*""","=""2""",,"=""T2578n""","=""L11631""",
"=""473.58436""","=""0.00007""","=""473.58428""","=""0.00007""","=""63""","=""1.41e+07""","=""5.26e-03""","=""-1.325""",D+,"=""4.07581091""","=""6.6930753""","=""3d8""","=""c 3F""","=""4""","=""3d6.(3G).4s.4p.(3P*)""","=""t 3G*""","=""5""",,"=""T5720""","=""L11631""",
"=""473.67731""","=""0.00007""","=""473.67727""","=""0.00003""","=""18200""","=""5.26e+07""","=""1.97e-02""","=""-0.752""",B,"=""3.21118938""","=""5.82793998""","=""3d6.(5D).4s.4p.(3P*)""","=""z 5D*""","=""4""","=""3d7.(4F).5s""","=""e 5F""","=""5""",,"=""T5720""","=""L11631""",
"=""473.76350""","=""0.00007""","=""473.76347""","=""0.00003""","=""510""","=""1.68e+06""","=""5.15e-04""","=""-2.247""",C+,"=""3.26711257""","=""5.88338708""","=""3d7.(2H).4s""","=""b 3H""","=""5""","=""3d7.(2G).4p""","=""z 1G*""","=""4""",,"=""T5720""","=""L11631""",
"=""474.03398""","=""0.00007""","=""474.03399""","=""0.00003""","=""710""","=""6.92e+05""","=""3.33e-04""","=""-2.632""",C+,"=""3.01762252""","=""5.63240401""","=""3d6.4s2""","=""b 3G""","=""3""","=""3d6.(3H).4s.4p.(3P*)""","=""y 3G*""","=""4""",,"=""T5720""","=""L11631""",
"=""474.15294""","=""0.00007""","=""474.15292""","=""0.00003""","=""1510""","=""5.10e+06""","=""3.44e-03""","=""-1.764""",D+,"=""2.83159117""","=""5.44571679""","=""3d7.(4P).4s""","=""b 3P""","=""2""","=""3d6.(3P2).4s.4p.(3P*)""","=""w 5D*""","=""3""",,"=""T5720""","=""L11631""",
"=""474.5128""","=""0.0003""","=""474.51281""","=""0.00003""","=""40""","=""2.5e+04""","=""2.8e-05""","=""-4.08""",E,"=""2.22271209""","=""4.83485507""","=""3d7.(4P).4s""","=""a 5P""","=""1""","=""3d7.(4F).4p""","=""y 3D*""","=""1""",,"=""T2578n""","=""L11631""",
"=""474.57998""","=""0.00007""","=""474.57996""","=""0.00003""","=""1550""","=""1.59e+07""","=""1.07e-02""","=""-1.270""",C+,"=""3.65369332""","=""6.26546671""","=""3d6.(5D).4s.4p.(3P*)""","=""z 5P*""","=""2""","=""3d6.(5D).4s (6D).4d""","=""f 5D""","=""3""",,"=""T5720""","=""L11631""",
"=""474.99474""","=""0.00018""","=""474.99480""","=""0.00005""","=""166""","=""1.4e+07""","=""6.7e-03""","=""-1.33""",E,"=""4.55852281""","=""7.16801526""","=""3d6.(5D).4s.4p.(1P*)""","=""y 5P*""","=""3""","=""3d6.(5D).4s (4D).4d""","=""i 5D""","=""3""",,"=""T2578n""","=""L11631""",
"=""476.68656""","=""0.00018""","=""476.68654""","=""0.00003""","=""158""","=""1.6e+06""","=""1.1e-03""","=""-2.26""",E,"=""3.41695281""","=""6.01718438""","=""3d6.(5D).4s.4p.(3P*)""","=""z 5F*""","=""2""","=""3d7.(4F).5s""","=""e 3F""","=""3""",,"=""T2578n""","=""L11631""",
"=""476.83962""","=""0.00007""","=""476.83961""","=""0.00003""","=""690""","=""1.02e+06""","=""3.84e-04""","=""-2.461""",C,"=""2.93984587""","=""5.53924278""","=""3d6.(5D).4s.4p.(3P*)""","=""z 7P*""","=""4""","=""3d6.(5D).4s (6D).5s""","=""e 5D""","=""4""",,"=""T5783""","=""L11631""",
"=""477.16962""","=""0.00018""","=""477.16961""","=""0.00003""","=""229""","=""1.71e+05""","=""1.17e-04""","=""-3.234""",D+,"=""2.19786640""","=""4.79546566""","=""3d7.(4P).4s""","=""a 5P""","=""2""","=""3d7.(4F).4p""","=""y 3D*""","=""2""",,"=""T6110""","=""L11631""",
"=""477.28027""","=""0.00007""","=""477.28037""","=""0.00003""","=""620""","=""3.71e+05""","=""1.81e-04""","=""-2.897""",D+,"=""1.55735733""","=""4.15435379""","=""3d7.(4F).4s""","=""a 3F""","=""3""","=""3d7.(4F).4p""","=""y 5D*""","=""3""",,"=""T5720""","=""L11631""",
"=""477.28300""","=""0.00007""","=""477.28315""","=""0.00003""","=""950""","=""1.88e+06""","=""1.29e-03""","=""-2.192""",C+,"=""3.01725044""","=""5.61423177""","=""3d7.(2P).4s""","=""c 3P""","=""2""","=""3d6.(3P2).4s.4p.(3P*)""","=""x 3D*""","=""2""",,"=""T5720""","=""L11631""",
"=""477.60670""","=""0.00018""","=""477.60675""","=""0.00003""","=""229""","=""6.6e+05""","=""4.5e-04""","=""-2.65""",E,"=""3.30092244""","=""5.89614419""","=""3d7.(2D2).4s""","=""a 3D""","=""2""","=""3d7.(4P).4p""","=""y 3S*""","=""1""",,"=""T2578n""","=""L11631""",
"=""477.94391""","=""0.00007""","=""477.94389""","=""0.00005""","=""510""","=""2.79e+06""","=""3.18e-03""","=""-2.020""",C,"=""3.41489715""","=""6.00828827""","=""3d7.(2P).4s""","=""a 1P""","=""1""","=""3d7.(4P).4p""","=""x 3P*""","=""0""",,"=""T5720""","=""L11631""",
"=""478.59562""","=""0.00018""","=""478.59570""","=""0.00003""","=""263""","=""3.6e+06""","=""1.8e-03""","=""-1.91""",E,"=""4.14264893""","=""6.73250811""","=""3d8""","=""c 3F""","=""3""","=""3d6.(3D).4s.4p.(3P*)""","=""5D*""","=""4""",,"=""T2578n""","=""L11631""",
"=""478.68067""","=""0.00007""","=""478.68067""","=""0.00003""","=""4170""","=""7.21e+06""","=""4.95e-03""","=""-1.606""",B+,"=""3.01725044""","=""5.60664989""","=""3d7.(2P).4s""","=""c 3P""","=""2""","=""3d6.(3P2).4s.4p.(3P*)""","=""x 3D*""","=""3""",,"=""T5720""","=""L11631""",
"=""478.78266""","=""0.00007""","=""478.78265""","=""0.00003""","=""372""","=""7.35e+05""","=""3.60e-04""","=""-2.598""",D+,"=""2.99804479""","=""5.58689276""","=""3d6.(5D).4s.4p.(3P*)""","=""z 7P*""","=""3""","=""3d6.(5D).4s (6D).5s""","=""e 5D""","=""3""",,"=""T5720""","=""L11631""",
"=""478.87566""","=""0.00007""","=""478.87565""","=""0.00005""","=""3470""","=""5.02e+06""","=""1.33e-03""","=""-1.763""",C+,"=""3.23672008""","=""5.82506529""","=""3d7.(2H).4s""","=""b 3H""","=""6""","=""3d6.(3H).4s.4p.(3P*)""","=""z 3H*""","=""6""",,"=""T5720""","=""L11631""",
"=""""","=""""","=""478.919921""","=""0.000023""","=""""","=""2.7e-01""","=""1.0e-10""","=""-9.0""",E,"=""0.0000000""","=""2.58810592""","=""3d6.4s2""","=""a 5D""","=""4""","=""3d6.4s2""","=""b 3F2""","=""3""",M1,"=""T6409""","=""""",
"=""478.96505""","=""0.00007""","=""478.96508""","=""0.00003""","=""11500""","=""3.20e+07""","=""2.20e-02""","=""-0.958""",B,"=""3.54652001""","=""6.13438193""","=""3d7.(2D2).4s""","=""a 1D""","=""2""","=""3d6.(3F2).4s.4p.(3P*)""","=""1F*""","=""3""",,"=""T5720""","=""L11631""",
"=""479.0743""","=""0.0005""","=""479.07459""","=""0.00003""","=""79""","=""1.9e+05""","=""9.3e-05""","=""-3.19""",E,"=""3.25148176""","=""5.83875215""","=""3d7.(2D2).4s""","=""a 3D""","=""3""","=""3d6.(3F2).4s.4p.(3P*)""","=""x 3F*""","=""3""",,"=""T2578n""","=""L11631""",
"=""479.12458""","=""0.00007""","=""479.12466""","=""0.00003""","=""324""","=""1.07e+06""","=""1.22e-03""","=""-2.435""",C+,"=""3.27398440""","=""5.86098438""","=""3d7.(2D2).4s""","=""a 3D""","=""1""","=""3d7.(4P).4p""","=""w 3D*""","=""1""",,"=""T6110""","=""L11631""",
"=""479.39616""","=""0.00018""","=""479.39612""","=""0.00003""","=""141""","=""9.9e+04""","=""3.8e-05""","=""-3.47""",E,"=""3.04686890""","=""5.63240401""","=""3d7.(2G).4s""","=""a 1G""","=""4""","=""3d6.(3H).4s.4p.(3P*)""","=""y 3G*""","=""4""",,"=""T2578n""","=""L11631""",
"=""479.82646""","=""0.00007""","=""479.82647""","=""0.00003""","=""479""","=""1.94e+07""","=""1.34e-02""","=""-1.174""",C+,"=""4.18636440""","=""6.76958063""","=""3d8""","=""c 3F""","=""2""","=""3d6.(3G).4s.4p.(3P*)""","=""t 3G*""","=""3""",,"=""T5720""","=""L11631""",
"=""479.87310""","=""0.00018""","=""479.87313""","=""0.00003""","=""174""","=""2.0e+04""","=""1.4e-05""","=""-4.15""",E,"=""1.60789577""","=""4.19086081""","=""3d7.(4F).4s""","=""a 3F""","=""2""","=""3d7.(4F).4p""","=""y 5D*""","=""2""",,"=""T2578n""","=""L11631""",
"=""479.94058""","=""0.00007""","=""479.94059""","=""0.00003""","=""380""","=""1.8e+06""","=""1.3e-03""","=""-2.19""",E,"=""3.63977237""","=""6.22237439""","=""3d6.4s2""","=""b 3D""","=""2""","=""3d7.(2P).4p""","=""w 3P*""","=""2""",,"=""T2578n""","=""L11631""",
"=""480.0128""","=""0.0005""","=""480.01276""","=""0.00003""","=""100bl""","=""6.0e+05""","=""4.2e-04""","=""-2.68""",E,"=""3.03847046""","=""5.62068415""","=""3d6.(5D).4s.4p.(3P*)""","=""z 7P*""","=""2""","=""3d6.(5D).4s (6D).5s""","=""e 5D""","=""2""",,"=""T2578n""","=""L11631""",
"=""480.06487""","=""0.00007""","=""480.06485""","=""0.00003""","=""980""","=""2.71e+07""","=""1.34e-02""","=""-1.029""",B,"=""4.14264893""","=""6.72458242""","=""3d8""","=""c 3F""","=""3""","=""3d6.(3G).4s.4p.(3P*)""","=""t 3G*""","=""4""",,"=""T5720""","=""L11631""",
"=""480.28794""","=""0.00018""","=""480.28802""","=""0.00003""","=""1580*""","=""8.85e+06""","=""4.37e-03""","=""-1.514""",C+,"=""3.64164057""","=""6.22237439""","=""3d6.4s2""","=""b 3D""","=""3""","=""3d7.(2P).4p""","=""w 3P*""","=""2""",,"=""T5720""","=""L11631""",
"=""480.77084""","=""0.00007""","=""480.77081""","=""0.00003""","=""720""","=""2.1e+06""","=""7.9e-04""","=""-2.15""",D,"=""3.36825640""","=""5.94639870""","=""3d6.(5D).4s.4p.(3P*)""","=""z 5F*""","=""4""","=""3d7.(4F).5s""","=""e 3F""","=""4""",,"=""T2578n""","=""L11631""",
"=""480.81480""","=""0.00019""","=""480.81476""","=""0.00003""","=""229""","=""5.3e+05""","=""2.6e-04""","=""-2.74""",D,"=""3.25148176""","=""5.82938837""","=""3d7.(2D2).4s""","=""a 3D""","=""3""","=""3d7.(4P).4p""","=""w 3D*""","=""3""",,"=""T2578n""","=""L11631""",
"=""480.99381""","=""0.00019""","=""480.99396""","=""0.00005""","=""148""","=""6.0e+05""","=""1.9e-04""","=""-2.68""",E,"=""3.57321890""","=""6.15016512""","=""3d7.(2H).4s""","=""a 1H""","=""5""","=""3d7.(2G).4p""","=""y 3H*""","=""5""",,"=""T2578n""","=""L11631""",
"=""481.31125""","=""0.00019""","=""481.31131""","=""0.00003""","=""129""","=""4.2e+05""","=""4.9e-04""","=""-2.84""",E,"=""3.27398440""","=""5.84923154""","=""3d7.(2D2).4s""","=""a 3D""","=""1""","=""3d7.(4P).4p""","=""u 5D*""","=""1""",,"=""T2578n""","=""L11631""",
"=""481.77778""","=""0.00019""","=""481.77781""","=""0.00003""","=""170""","=""1.0e+05""","=""1.2e-04""","=""-3.44""",D,"=""2.22271209""","=""4.79546566""","=""3d7.(4P).4s""","=""a 5P""","=""1""","=""3d7.(4F).4p""","=""y 3D*""","=""2""",,"=""T2578n""","=""L11631""",
"=""483.27273""","=""0.00007""","=""483.27274""","=""0.00003""","=""740""","=""5.28e+06""","=""3.70e-03""","=""-1.733""",C+,"=""3.63977237""","=""6.20456765""","=""3d6.4s2""","=""b 3D""","=""2""","=""3d7.(2P).4p""","=""w 3P*""","=""1""",,"=""T5720""","=""L11631""",
"=""483.45065""","=""0.00019""","=""483.45062""","=""0.00003""","=""158""","=""1.4e+05""","=""1.6e-04""","=""-3.33""",E,"=""2.42419831""","=""4.98804995""","=""3d6.4s2""","=""a 3P2""","=""1""","=""3d6.(5D).4s.4p.(1P*)""","=""x 5D*""","=""2""",,"=""T2578n""","=""L11631""",
"=""483.58676""","=""0.00007""","=""483.58672""","=""0.00003""","=""550""","=""9.9e+06""","=""3.7e-03""","=""-1.47""",D,"=""4.10337372""","=""6.66650376""","=""3d7.(4F).4p""","=""y 5D*""","=""4""","=""3d7.(4F).4d""","=""f 5G""","=""4""",,"=""T2578n""","=""L11631""",
"=""483.85115""","=""0.00007""","=""483.85113""","=""0.00003""","=""710""","=""3.6e+06""","=""2.5e-03""","=""-1.90""",D,"=""3.41695281""","=""5.97868220""","=""3d6.(5D).4s.4p.(3P*)""","=""z 5F*""","=""2""","=""3d7.(4F).5s""","=""e 5F""","=""1""",,"=""T2578n""","=""L11631""",
"=""483.95442""","=""0.00007""","=""483.95443""","=""0.00003""","=""3090""","=""4.29e+06""","=""1.37e-03""","=""-1.822""",C+,"=""3.26711257""","=""5.82829520""","=""3d7.(2H).4s""","=""b 3H""","=""5""","=""3d6.(3H).4s.4p.(3P*)""","=""z 3H*""","=""5""",,"=""T5720""","=""L11631""",
"=""484.03214""","=""0.00007""","=""484.03210""","=""0.00003""","=""457""","=""1.2e+07""","=""6.1e-03""","=""-1.37""",D,"=""4.15435379""","=""6.71512541""","=""3d7.(4F).4p""","=""y 5D*""","=""3""","=""3d7.(4F).4d""","=""f 5G""","=""3""",,"=""T2578n""","=""L11631""",
"=""484.27881""","=""0.00019""","=""484.27875""","=""0.00003""","=""380""","=""8.2e+06""","=""3.2e-03""","=""-1.53""",E,"=""4.10337372""","=""6.66284114""","=""3d7.(4F).4p""","=""y 5D*""","=""4""","=""3d7.(4F).4d""","=""e 3G""","=""5""",,"=""T2578n""","=""L11631""",
"=""484.31435""","=""0.00007""","=""484.31429""","=""0.00003""","=""1380""","=""4.6e+06""","=""2.3e-03""","=""-1.79""",E,"=""3.39650880""","=""5.95578840""","=""3d6.(5D).4s.4p.(3P*)""","=""z 5F*""","=""3""","=""3d7.(4F).5s""","=""e 5F""","=""2""",,"=""T2578n""","=""L11631""",
"=""""","=""""","=""484.334752""","=""0.000024""","=""""","=""3.8e+00""","=""1.5e-09""","=""-7.9""",E,"=""0.0000000""","=""2.55917148""","=""3d6.4s2""","=""a 5D""","=""4""","=""3d6.4s2""","=""b 3F2""","=""4""",M1,"=""T6409""","=""""",
"=""484.40135""","=""0.00007""","=""484.40133""","=""0.00003""","=""760""","=""2.53e+06""","=""1.78e-03""","=""-2.050""",C,"=""3.54652001""","=""6.10533975""","=""3d7.(2D2).4s""","=""a 1D""","=""2""","=""3d7.(2G).4p""","=""w 3F*""","=""3""",,"=""T5720""","=""L11631""",
"=""""","=""""","=""484.75880""","=""0.00003""","=""""","=""1.2e-01""","=""6.3e-11""","=""-9.4""",E,"=""0.05156912""","=""2.60850194""","=""3d6.4s2""","=""a 5D""","=""3""","=""3d6.4s2""","=""b 3F2""","=""2""",M1,"=""T6409""","=""""",
"=""484.88832""","=""0.00019""","=""484.88822""","=""0.00003""","=""245""","=""2.07e+05""","=""1.46e-04""","=""-3.137""",C,"=""2.27860466""","=""4.83485507""","=""3d6.4s2""","=""a 3P2""","=""2""","=""3d7.(4F).4p""","=""y 3D*""","=""1""",,"=""T5720""","=""L11631""",
"=""485.91215""","=""0.00019""","=""485.91214""","=""0.00003""","=""295""","=""5.5e+06""","=""3.9e-03""","=""-1.71""",E,"=""4.19086081""","=""6.74172473""","=""3d7.(4F).4p""","=""y 5D*""","=""2""","=""3d7.(4F).4d""","=""f 5G""","=""2""",,"=""T2578n""","=""L11631""",
"=""485.97411""","=""0.00007""","=""485.97414""","=""0.00003""","=""24500""","=""4.86e+07""","=""3.44e-02""","=""-0.764""",B+,"=""2.87550352""","=""5.42604198""","=""3d6.(5D).4s.4p.(3P*)""","=""z 7F*""","=""2""","=""3d6.(5D).4s (6D).5s""","=""e 7D""","=""1""",,"=""T5720""","=""L11631""",
"=""486.09781""","=""0.00007""","=""486.09775""","=""0.00003""","=""457""","=""1.2e+06""","=""6.0e-04""","=""-2.38""",E,"=""3.39650880""","=""5.94639870""","=""3d6.(5D).4s.4p.(3P*)""","=""z 5F*""","=""3""","=""3d7.(4F).5s""","=""e 3F""","=""4""",,"=""T2578n""","=""L11631""",
"=""486.94636""","=""0.00019""","=""486.94632""","=""0.00003""","=""245""","=""9.1e+05""","=""6.7e-04""","=""-2.48""",E,"=""3.54652001""","=""6.09196644""","=""3d7.(2D2).4s""","=""a 1D""","=""2""","=""3d6.(3F2).4s.4p.(3P*)""","=""v 3D*""","=""3""",,"=""T2578n""","=""L11631""",
"=""487.0036""","=""0.0004""","=""487.00363""","=""0.00003""","=""98""","=""1.16e+06""","=""8.28e-04""","=""-2.383""",C+,"=""3.92860683""","=""6.47375371""","=""3d6.(5D).4s.4p.(3P*)""","=""z 3D*""","=""2""","=""3d6.(5D).4s (4D).5s""","=""g 5D""","=""1""",,"=""T6110""","=""L11631""",
"=""487.13179""","=""0.00007""","=""487.13178""","=""0.00003""","=""63000""","=""1.22e+08""","=""6.21e-02""","=""-0.362""",B+,"=""2.86539125""","=""5.40986861""","=""3d6.(5D).4s.4p.(3P*)""","=""z 7F*""","=""3""","=""3d6.(5D).4s (6D).5s""","=""e 7D""","=""2""",,"=""T5720""","=""L11631""",
"=""487.19278""","=""0.00007""","=""487.19279""","=""0.00003""","=""540""","=""1.99e+06""","=""1.01e-03""","=""-2.150""",C+,"=""3.25148176""","=""5.79564049""","=""3d7.(2D2).4s""","=""a 3D""","=""3""","=""3d7.(4P).4p""","=""u 5D*""","=""3""",,"=""T5720""","=""L11631""",
"=""487.21375""","=""0.00007""","=""487.21373""","=""0.00003""","=""38000""","=""7.62e+07""","=""9.03e-02""","=""-0.567""",B+,"=""2.88199261""","=""5.42604198""","=""3d6.(5D).4s.4p.(3P*)""","=""z 7F*""","=""1""","=""3d6.(5D).4s (6D).5s""","=""e 7D""","=""1""",,"=""T5720""","=""L11631""",
"=""487.37510""","=""0.00019""","=""487.37508""","=""0.00003""","=""112""","=""2.8e+05""","=""2.0e-04""","=""-3.01""",E,"=""3.30092244""","=""5.84412959""","=""3d7.(2D2).4s""","=""a 3D""","=""2""","=""3d7.(4P).4p""","=""w 3D*""","=""2""",,"=""T2578n""","=""L11631""",
"=""487.58773""","=""0.00007""","=""487.58769""","=""0.00003""","=""1120""","=""3.1e+06""","=""9.8e-04""","=""-1.97""",E,"=""3.33201954""","=""5.87411777""","=""3d6.(5D).4s.4p.(3P*)""","=""z 5F*""","=""5""","=""3d7.(4F).5s""","=""e 5F""","=""4""",,"=""T2578n""","=""L11631""",
"=""487.6188""","=""0.0004""","=""487.61860""","=""0.00003""","=""71""","=""1.4e+05""","=""6.8e-05""","=""-3.33""",E,"=""3.25148176""","=""5.79341882""","=""3d7.(2D2).4s""","=""a 3D""","=""3""","=""3d6.(3P2).4s.4p.(3P*)""","=""y 3P*""","=""2""",,"=""T2578n""","=""L11631""",
"=""487.76060""","=""0.00019""","=""487.76042""","=""0.00003""","=""151""","=""2.3e+05""","=""1.2e-04""","=""-3.09""",E,"=""2.99804479""","=""5.53924278""","=""3d6.(5D).4s.4p.(3P*)""","=""z 7P*""","=""3""","=""3d6.(5D).4s (6D).5s""","=""e 5D""","=""4""",,"=""T2578n""","=""L11631""",
"=""487.82108""","=""0.00007""","=""487.82107""","=""0.00005""","=""18200""","=""3.63e+07""","=""1.29e-01""","=""-0.888""",B+,"=""2.88515991""","=""5.42604198""","=""3d6.(5D).4s.4p.(3P*)""","=""z 7F*""","=""0""","=""3d6.(5D).4s (6D).5s""","=""e 7D""","=""1""",,"=""T5720""","=""L11631""",
"=""488.17175""","=""0.00007""","=""488.17174""","=""0.00003""","=""2820""","=""4.64e+06""","=""1.84e-03""","=""-1.781""",C+,"=""3.30140276""","=""5.84045966""","=""3d7.(2H).4s""","=""b 3H""","=""4""","=""3d6.(3H).4s.4p.(3P*)""","=""z 3H*""","=""4""",,"=""T5720""","=""L11631""",
"=""""","=""""","=""488.65675""","=""0.00003""","=""""","=""1.6e+00""","=""8.2e-10""","=""-8.2""",E,"=""0.05156912""","=""2.58810592""","=""3d6.4s2""","=""a 5D""","=""3""","=""3d6.4s2""","=""b 3F2""","=""3""",M1,"=""T6409""","=""""",
"=""488.90012""","=""0.00007""","=""488.90008""","=""0.00003""","=""1170""","=""7.91e+05""","=""5.66e-04""","=""-2.548""",C+,"=""2.19786640""","=""4.73314079""","=""3d7.(4P).4s""","=""a 5P""","=""2""","=""3d7.(4F).4p""","=""y 3D*""","=""3""",,"=""T5720""","=""L11631""",
"=""489.07548""","=""0.00007""","=""489.07549""","=""0.00003""","=""58000""","=""1.12e+08""","=""8.07e-02""","=""-0.394""",B+,"=""2.87550352""","=""5.40986861""","=""3d6.(5D).4s.4p.(3P*)""","=""z 7F*""","=""2""","=""3d6.(5D).4s (6D).5s""","=""e 7D""","=""2""",,"=""T5720""","=""L11631""",
"=""489.14921""","=""0.00007""","=""489.14920""","=""0.00003""","=""117000""","=""2.16e+08""","=""8.59e-02""","=""-0.112""",B+,"=""2.85122419""","=""5.38520741""","=""3d6.(5D).4s.4p.(3P*)""","=""z 7F*""","=""4""","=""3d6.(5D).4s (6D).5s""","=""e 7D""","=""3""",,"=""T5720""","=""L11631""",
"=""489.64382""","=""0.00019""","=""489.64383""","=""0.00003""","=""275""","=""2.7e+06""","=""1.4e-03""","=""-2.02""",E,"=""3.88350907""","=""6.41493251""","=""3d6.(5D).4s.4p.(3P*)""","=""z 3D*""","=""3""","=""3d6.(5D).4s (4D).5s""","=""e 3D""","=""2""",,"=""T2578n""","=""L11631""",
"=""490.33099""","=""0.00007""","=""490.33097""","=""0.00003""","=""17400""","=""3.29e+07""","=""3.95e-02""","=""-0.926""",B+,"=""2.88199261""","=""5.40986861""","=""3d6.(5D).4s.4p.(3P*)""","=""z 7F*""","=""1""","=""3d6.(5D).4s (6D).5s""","=""e 7D""","=""2""",,"=""T5720""","=""L11631""",
"=""490.51325""","=""0.00019""","=""490.51326""","=""0.00003""","=""245""","=""2.6e+06""","=""1.9e-03""","=""-2.02""",E,"=""3.92860683""","=""6.45554341""","=""3d6.(5D).4s.4p.(3P*)""","=""z 3D*""","=""2""","=""3d6.(5D).4s (6D).4d""","=""e 5P""","=""2""",,"=""T2578n""","=""L11631""",
"=""491.15291""","=""0.00019""","=""491.15303""","=""0.00003""","=""107""","=""1.7e+06""","=""8.6e-04""","=""-2.22""",E,"=""4.25622280""","=""6.77986785""","=""3d7.(4F).4p""","=""y 5F*""","=""3""","=""3d7.(4F).4d""","=""f 3F""","=""4""",,"=""T2578n""","=""L11631""",
"=""491.17791""","=""0.00007""","=""491.17787""","=""0.00003""","=""407""","=""4.8e+06""","=""3.5e-03""","=""-1.76""",D,"=""3.92860683""","=""6.45212430""","=""3d6.(5D).4s.4p.(3P*)""","=""z 3D*""","=""2""","=""3d6.(5D).4s (4D).5s""","=""e 3D""","=""1""",,"=""T2578n""","=""L11631""",
"=""""","=""""","=""491.62620""","=""0.00003""","=""""","=""4.6e-01""","=""3.3e-10""","=""-8.8""",E,"=""0.08728574""","=""2.60850194""","=""3d6.4s2""","=""a 5D""","=""2""","=""3d6.4s2""","=""b 3F2""","=""2""",M1,"=""T6409""","=""""",
"=""491.72297""","=""0.00007""","=""491.72295""","=""0.00003""","=""950""","=""1.9e+07""","=""1.4e-02""","=""-1.16""",D,"=""4.19086081""","=""6.71158094""","=""3d7.(4F).4p""","=""y 5D*""","=""2""","=""3d7.(4F).4d""","=""h 5D""","=""1""",,"=""T2578n""","=""L11631""",
"=""491.80122""","=""0.00007""","=""491.80121""","=""0.00003""","=""620""","=""1.3e+07""","=""4.6e-02""","=""-1.34""",E,"=""4.23053960""","=""6.75085864""","=""3d7.(4F).4p""","=""y 5D*""","=""0""","=""3d7.(4F).4d""","=""f 3D""","=""1""",,"=""T2578n""","=""L11631""",
"=""491.89937""","=""0.00007""","=""491.89936""","=""0.00003""","=""69000""","=""1.25e+08""","=""6.50e-02""","=""-0.342""",B,"=""2.86539125""","=""5.38520741""","=""3d6.(5D).4s.4p.(3P*)""","=""z 7F*""","=""3""","=""3d6.(5D).4s (6D).5s""","=""e 7D""","=""3""",,"=""T5720""","=""L11631""",
"=""492.05028""","=""0.00007""","=""492.05021""","=""0.00003""","=""195000""","=""3.22e+08""","=""1.06e-01""","=""0.068""",B+,"=""2.83252676""","=""5.35157038""","=""3d6.(5D).4s.4p.(3P*)""","=""z 7F*""","=""5""","=""3d6.(5D).4s (6D).5s""","=""e 7D""","=""4""",,"=""T5720""","=""L11631""",
"=""492.47692""","=""0.00007""","=""492.47693""","=""0.00003""","=""3890""","=""2.12e+06""","=""1.54e-03""","=""-2.114""",C,"=""2.27860466""","=""4.79546566""","=""3d6.4s2""","=""a 3P2""","=""2""","=""3d7.(4F).4p""","=""y 3D*""","=""2""",,"=""T5720""","=""L11631""",
"=""492.74179""","=""0.00007""","=""492.74177""","=""0.00003""","=""690""","=""2.32e+06""","=""7.68e-04""","=""-2.073""",D+,"=""3.57321890""","=""6.08872711""","=""3d7.(2H).4s""","=""a 1H""","=""5""","=""3d7.(2G).4p""","=""w 3F*""","=""4""",,"=""T5720""","=""L11631""",
"=""493.03150""","=""0.00007""","=""493.03149""","=""0.00003""","=""1050""","=""1.72e+07""","=""2.10e-02""","=""-1.201""",B,"=""3.95972364""","=""6.47375371""","=""3d6.(5D).4s.4p.(3P*)""","=""z 3D*""","=""1""","=""3d6.(5D).4s (4D).5s""","=""g 5D""","=""1""",,"=""T6110""","=""L11631""",
"=""493.88135""","=""0.00007""","=""493.88138""","=""0.00003""","=""13200""","=""2.29e+07""","=""1.68e-02""","=""-1.077""",B+,"=""2.87550352""","=""5.38520741""","=""3d6.(5D).4s.4p.(3P*)""","=""z 7F*""","=""2""","=""3d6.(5D).4s (6D).5s""","=""e 7D""","=""3""",,"=""T5720""","=""L11631""",
"=""493.96864""","=""0.00007""","=""493.96862""","=""0.00003""","=""11700""","=""1.25e+05""","=""4.16e-05""","=""-3.340""",A,"=""0.85899575""","=""3.36825640""","=""3d7.(4F).4s""","=""a 5F""","=""5""","=""3d6.(5D).4s.4p.(3P*)""","=""z 5F*""","=""4""",,"=""T3548""","=""L11631""",
"=""494.24589""","=""0.00007""","=""494.24585""","=""0.00003""","=""630""","=""1.06e+07""","=""4.33e-03""","=""-1.409""",C,"=""4.22036211""","=""6.72821528""","=""3d7.(4F).4p""","=""y 5F*""","=""4""","=""3d7.(4F).4d""","=""e 3H""","=""5""",,"=""T5720""","=""L11631""",
"=""""","=""""","=""494.29529""","=""0.00003""","=""""","=""6.9e-01""","=""3.6e-10""","=""-8.6""",E,"=""0.05156912""","=""2.55917148""","=""3d6.4s2""","=""a 5D""","=""3""","=""3d6.4s2""","=""b 3F2""","=""4""",M1,"=""T6409""","=""""",
"=""494.56370""","=""0.00007""","=""494.56356""","=""0.00003""","=""417""","=""9.1e+06""","=""6.5e-03""","=""-1.49""",E,"=""4.20888328""","=""6.71512541""","=""3d6.(5D).4s.4p.(3P*)""","=""z 3P*""","=""2""","=""3d7.(4F).4d""","=""f 5G""","=""3""",,"=""T2578n""","=""L11631""",
"=""""","=""""","=""495.63583""","=""0.00003""","=""""","=""5.5e-01""","=""4.1e-10""","=""-8.7""",E,"=""0.08728574""","=""2.58810592""","=""3d6.4s2""","=""a 5D""","=""2""","=""3d6.4s2""","=""b 3F2""","=""3""",M1,"=""T6409""","=""""",
"=""495.72983""","=""0.00007""","=""495.72979""","=""0.00003""","=""66000""","=""1.06e+08""","=""4.34e-02""","=""-0.408""",B,"=""2.85122419""","=""5.35157038""","=""3d6.(5D).4s.4p.(3P*)""","=""z 7F*""","=""4""","=""3d6.(5D).4s (6D).5s""","=""e 7D""","=""4""",,"=""T5720""","=""L11631""",
"=""495.75965""","=""0.00007""","=""495.75961""","=""0.00003""","=""295000""","=""4.64e+08""","=""1.32e-01""","=""0.233""",B+,"=""2.80829367""","=""5.30848946""","=""3d6.(5D).4s.4p.(3P*)""","=""z 7F*""","=""6""","=""3d6.(5D).4s (6D).5s""","=""e 7D""","=""5""",,"=""T5720""","=""L11631""",
"=""""","=""""","=""496.11841""","=""0.00003""","=""""","=""2.2e-01""","=""2.8e-10""","=""-9.1""",E,"=""0.11011433""","=""2.60850194""","=""3d6.4s2""","=""a 5D""","=""1""","=""3d6.4s2""","=""b 3F2""","=""2""",M1,"=""T6409""","=""""",
"=""496.19137""","=""0.00020""","=""496.19132""","=""0.00003""","=""234""","=""1.5e+06""","=""4.4e-04""","=""-2.25""",E,"=""3.63434980""","=""6.13237029""","=""3d6.4s2""","=""a 1I""","=""6""","=""3d7.(2G).4p""","=""v 3G*""","=""5""",,"=""T2578n""","=""L11631""",
"=""496.25715""","=""0.00007""","=""496.25711""","=""0.00003""","=""680""","=""1.78e+07""","=""5.98e-03""","=""-1.182""",C+,"=""4.17769679""","=""6.67538611""","=""3d7.(4F).4p""","=""y 5F*""","=""5""","=""3d7.(4F).4d""","=""e 3H""","=""6""",,"=""T5720""","=""L11631""",
"=""496.60886""","=""0.00007""","=""496.60882""","=""0.00003""","=""13200""","=""3.64e+07""","=""1.22e-02""","=""-0.871""",C+,"=""3.33201954""","=""5.82793998""","=""3d6.(5D).4s.4p.(3P*)""","=""z 5F*""","=""5""","=""3d7.(4F).5s""","=""e 5F""","=""5""",,"=""T5720""","=""L11631""",
"=""496.86975""","=""0.00007""","=""496.86979""","=""0.00003""","=""1510""","=""5.0e+06""","=""3.7e-03""","=""-1.74""",E,"=""3.63977237""","=""6.13438193""","=""3d6.4s2""","=""b 3D""","=""2""","=""3d6.(3F2).4s.4p.(3P*)""","=""1F*""","=""3""",,"=""T2578n""","=""L11631""",
"=""497.04955""","=""0.00007""","=""497.04958""","=""0.00006""","=""1100""","=""4.91e+06""","=""6.07e-03""","=""-1.740""",C,"=""3.63521992""","=""6.12892712""","=""3d6.4s2""","=""b 3D""","=""1""","=""3d7.(2G).4p""","=""w 3F*""","=""2""",,"=""T5720""","=""L11631""",
"=""497.31016""","=""0.00007""","=""497.31014""","=""0.00003""","=""3240""","=""3.3e+07""","=""4.0e-02""","=""-0.92""",D+,"=""3.95972364""","=""6.45212430""","=""3d6.(5D).4s.4p.(3P*)""","=""z 3D*""","=""1""","=""3d6.(5D).4s (4D).5s""","=""e 3D""","=""1""",,"=""T2491n""","=""L11631""",
"=""497.86030""","=""0.00007""","=""497.86028""","=""0.00003""","=""2090""","=""3.57e+07""","=""2.65e-02""","=""-0.877""",B,"=""3.98410712""","=""6.47375371""","=""3d6.(5D).4s.4p.(3P*)""","=""z 3F*""","=""2""","=""3d6.(5D).4s (4D).5s""","=""g 5D""","=""1""",,"=""T6110""","=""L11631""",
"=""498.52526""","=""0.00007""","=""498.52527""","=""0.00004""","=""7200""","=""7.40e+07""","=""5.51e-02""","=""-0.560""",B,"=""3.92860683""","=""6.41493251""","=""3d6.(5D).4s.4p.(3P*)""","=""z 3D*""","=""2""","=""3d6.(5D).4s (4D).5s""","=""e 3D""","=""2""",,"=""T5720""","=""L11631""",
"=""498.55469""","=""0.00007""","=""498.55465""","=""0.00004""","=""6900""","=""1.25e+07""","=""6.67e-03""","=""-1.331""",B,"=""2.86539125""","=""5.35157038""","=""3d6.(5D).4s.4p.(3P*)""","=""z 7F*""","=""3""","=""3d6.(5D).4s (6D).5s""","=""e 7D""","=""4""",,"=""T5720""","=""L11631""",
"=""498.62223""","=""0.00007""","=""498.62221""","=""0.00004""","=""500""","=""1.2e+07""","=""1.4e-02""","=""-1.37""",E,"=""4.21758325""","=""6.70342551""","=""3d7.(4F).4p""","=""y 5D*""","=""1""","=""3d7.(4F).4d""","=""f 3D""","=""2""",,"=""T2578n""","=""L11631""",
"=""498.89498""","=""0.00007""","=""498.89494""","=""0.00004""","=""2880""","=""3.6e+07""","=""2.0e-02""","=""-0.86""",D+,"=""4.15435379""","=""6.63883718""","=""3d7.(4F).4p""","=""y 5D*""","=""3""","=""3d7.(4F).4d""","=""h 5D""","=""3""",,"=""T2491n""","=""L11631""",
"=""499.1867""","=""0.0004""","=""499.18660""","=""0.00004""","=""35""","=""3.5e+06""","=""1.4e-03""","=""-1.89""",E,"=""4.22036211""","=""6.70339390""","=""3d7.(4F).4p""","=""y 5F*""","=""4""","=""3d7.(4F).4d""","=""e 3G""","=""4""",,"=""T2578n""","=""L11631""",
"=""499.36802""","=""0.00020""","=""499.36795""","=""0.00004""","=""302""","=""9.5e+06""","=""7.2e-03""","=""-1.45""",E,"=""4.20888328""","=""6.69101333""","=""3d6.(5D).4s.4p.(3P*)""","=""z 3P*""","=""2""","=""3d7.(4F).4d""","=""h 5D""","=""2""",,"=""T2578n""","=""L11631""",
"=""499.41292""","=""0.00007""","=""499.41290""","=""0.00004""","=""18600""","=""2.23e+05""","=""9.24e-05""","=""-3.080""",A,"=""0.91460217""","=""3.39650880""","=""3d7.(4F).4s""","=""a 5F""","=""4""","=""3d6.(5D).4s.4p.(3P*)""","=""z 5F*""","=""3""",,"=""T3548""","=""L11631""",
"=""499.54094""","=""0.00020""","=""499.54075""","=""0.00004""","=""112""","=""3.6e+06""","=""4.5e-03""","=""-1.87""",E,"=""4.26045326""","=""6.74172473""","=""3d6.(5D).4s.4p.(3P*)""","=""z 3P*""","=""1""","=""3d7.(4F).4d""","=""f 5G""","=""2""",,"=""T2578n""","=""L11631""",
"=""499.91122""","=""0.00008""","=""499.91120""","=""0.00006""","=""316""","=""5.1e+06""","=""3.9e-03""","=""-1.71""",E,"=""4.18636440""","=""6.66579718""","=""3d8""","=""c 3F""","=""2""","=""3d7.(2D2).4p""","=""x 1F*""","=""3""",,"=""T2578n""","=""L11631""",
"=""500.18633""","=""0.00008""","=""500.18631""","=""0.00004""","=""20900""","=""2.6e+08""","=""1.1e-01""","=""-0.01""",D+,"=""3.88160368""","=""6.35967275""","=""3d6.(5D).4s.4p.(3P*)""","=""z 3F*""","=""4""","=""3d6.(5D).4s (4D).5s""","=""e 3D""","=""3""",,"=""T2491n""","=""L11631""",
"=""500.27924""","=""0.00008""","=""500.27920""","=""0.00004""","=""2570""","=""7.9e+06""","=""4.2e-03""","=""-1.53""",D,"=""3.39650880""","=""5.87411777""","=""3d6.(5D).4s.4p.(3P*)""","=""z 5F*""","=""3""","=""3d7.(4F).5s""","=""e 5F""","=""4""",,"=""T2578n""","=""L11631""",
"=""500.40440""","=""0.00008""","=""500.40433""","=""0.00004""","=""468""","=""1.1e+07""","=""8.4e-03""","=""-1.38""",E,"=""4.20888328""","=""6.68587270""","=""3d6.(5D).4s.4p.(3P*)""","=""z 3P*""","=""2""","=""3d7.(4F).4d""","=""f 5P""","=""1""",,"=""T2578n""","=""L11631""",
"=""500.61188""","=""0.00008""","=""500.61184""","=""0.00004""","=""41700""","=""6.46e+07""","=""2.21e-02""","=""-0.615""",B+,"=""2.83252676""","=""5.30848946""","=""3d6.(5D).4s.4p.(3P*)""","=""z 7F*""","=""5""","=""3d6.(5D).4s (6D).5s""","=""e 7D""","=""5""",,"=""T5720""","=""L11631""",
"=""501.20681""","=""0.00008""","=""501.20677""","=""0.00004""","=""65000""","=""6.05e+05""","=""2.07e-04""","=""-2.642""",A,"=""0.85899575""","=""3.33201954""","=""3d7.(4F).4s""","=""a 5F""","=""5""","=""3d6.(5D).4s.4p.(3P*)""","=""z 5F*""","=""5""",,"=""T3548""","=""L11631""",
"=""501.26944""","=""0.00020""","=""501.26945""","=""0.00004""","=""275""","=""4.6e+06""","=""3.4e-03""","=""-1.77""",E,"=""4.28330826""","=""6.75602283""","=""3d7.(4F).4p""","=""y 5F*""","=""2""","=""3d7.(4F).4d""","=""e 5H""","=""3""",,"=""T2578n""","=""L11631""",
"=""501.49421""","=""0.00008""","=""501.49422""","=""0.00004""","=""12900""","=""1.32e+08""","=""7.11e-02""","=""-0.303""",C+,"=""3.94332623""","=""6.41493251""","=""3d6.(5D).4s.4p.(3P*)""","=""z 3F*""","=""3""","=""3d6.(5D).4s (4D).5s""","=""e 3D""","=""2""",,"=""T5720""","=""L11631""",
"=""502.1591""","=""0.0005""","=""502.15895""","=""0.00006""","=""1120bl""","=""5.56e+07""","=""3.01e-02""","=""-0.677""",D+,"=""4.25622280""","=""6.72455738""","=""3d7.(4F).4p""","=""y 5F*""","=""3""","=""3d7.(4F).4d""","=""e 5H""","=""4""",,"=""T5720""","=""L11631""",
"=""502.22352""","=""0.00008""","=""502.22353""","=""0.00004""","=""7100""","=""7.2e+07""","=""5.5e-02""","=""-0.56""",D+,"=""3.98410712""","=""6.45212430""","=""3d6.(5D).4s.4p.(3P*)""","=""z 3F*""","=""2""","=""3d6.(5D).4s (4D).5s""","=""e 3D""","=""1""",,"=""T2491n""","=""L11631""",
"=""502.2789""","=""0.0005""","=""502.27891""","=""0.00004""","=""1230bl""","=""1.68e+06""","=""7.08e-04""","=""-2.196""",C,"=""2.99035244""","=""5.45809748""","=""3d6.4s2""","=""b 3G""","=""4""","=""3d6.(3F2).4s.4p.(3P*)""","=""v 5D*""","=""4""",,"=""T5720""","=""L11631""",
"=""502.31863""","=""0.00008""","=""502.31854""","=""0.00004""","=""316""","=""6.9e+06""","=""5.3e-03""","=""-1.58""",E,"=""4.28330826""","=""6.75085864""","=""3d7.(4F).4p""","=""y 5F*""","=""2""","=""3d7.(4F).4d""","=""f 3D""","=""1""",,"=""T2578n""","=""L11631""",
"=""502.34975""","=""0.00020""","=""502.34971""","=""0.00004""","=""234""","=""5.4e+06""","=""1.9e-03""","=""-1.69""",E,"=""4.31247059""","=""6.77986785""","=""3d7.(4F).4p""","=""z 5G*""","=""5""","=""3d7.(4F).4d""","=""f 3F""","=""4""",,"=""T2578n""","=""L11631""",
"=""502.7225""","=""0.0005""","=""502.72255""","=""0.00004""","=""830bl""","=""3.44e+06""","=""2.61e-03""","=""-1.885""",C,"=""3.63977237""","=""6.10533975""","=""3d6.4s2""","=""b 3D""","=""2""","=""3d7.(2G).4p""","=""w 3F*""","=""3""",,"=""T5720""","=""L11631""",
"=""502.77563""","=""0.00008""","=""502.77564""","=""0.00004""","=""690""","=""1.5e+07""","=""1.2e-02""","=""-1.23""",E,"=""4.20888328""","=""6.67419029""","=""3d6.(5D).4s.4p.(3P*)""","=""z 3P*""","=""2""","=""3d7.(4F).4d""","=""g 5F""","=""3""",,"=""T2578n""","=""L11631""",
"=""502.81260""","=""0.00008""","=""502.81259""","=""0.00004""","=""6300""","=""1.99e+07""","=""6.85e-03""","=""-1.123""",B,"=""3.57321890""","=""6.03834476""","=""3d7.(2H).4s""","=""a 1H""","=""5""","=""3d6.(3H).4s.4p.(3P*)""","=""y 1G*""","=""4""",,"=""T5720""","=""L11631""",
"=""502.96173""","=""0.00008""","=""502.96176""","=""0.00004""","=""1200""","=""2.6e+06""","=""3.3e-03""","=""-2.00""",D,"=""3.41489715""","=""5.87929188""","=""3d7.(2P).4s""","=""a 1P""","=""1""","=""3d6.(3P2).4s.4p.(3P*)""","=""1D*""","=""2""",,"=""T2578n""","=""L11631""",
"=""503.07783""","=""0.00008""","=""503.07778""","=""0.00006""","=""620""","=""3.90e+05""","=""1.14e-04""","=""-2.830""",C+,"=""3.23672008""","=""5.70054647""","=""3d7.(2H).4s""","=""b 3H""","=""6""","=""3d6.(3H).4s.4p.(3P*)""","=""z 3I*""","=""7""",,"=""T5720""","=""L11631""",
"=""503.1914""","=""0.0004""","=""503.19138""","=""0.00004""","=""170""","=""5.9e+06""","=""2.5e-03""","=""-1.65""",E,"=""4.37135106""","=""6.83462125""","=""3d7.(4F).4p""","=""z 5G*""","=""4""","=""3d7.(4F).4d""","=""f 3F""","=""3""",,"=""T2578n""","=""L11631""",
"=""503.6922""","=""0.0005""","=""503.69214""","=""0.00004""","=""141bl""","=""2.4e+05""","=""1.8e-04""","=""-3.04""",E,"=""3.01725044""","=""5.47807170""","=""3d7.(2P).4s""","=""c 3P""","=""2""","=""3d6.(3P2).4s.4p.(3P*)""","=""w 5D*""","=""2""",,"=""T2578n""","=""L11631""",
"=""503.92516""","=""0.00008""","=""503.92512""","=""0.00004""","=""2690""","=""7.02e+06""","=""2.97e-03""","=""-1.573""",B,"=""3.36825640""","=""5.82793998""","=""3d6.(5D).4s.4p.(3P*)""","=""z 5F*""","=""4""","=""3d7.(4F).5s""","=""e 5F""","=""5""",,"=""T5720""","=""L11631""",
"=""504.10713""","=""0.00008""","=""504.10714""","=""0.00004""","=""17800""","=""2.14e+05""","=""1.17e-04""","=""-3.087""",B,"=""0.95815732""","=""3.41695281""","=""3d7.(4F).4s""","=""a 5F""","=""3""","=""3d6.(5D).4s.4p.(3P*)""","=""z 5F*""","=""2""",,"=""T5720""","=""L11631""",
"=""504.17557""","=""0.00008""","=""504.17555""","=""0.00004""","=""56000""","=""1.64e+06""","=""6.96e-04""","=""-2.203""",B,"=""1.48486439""","=""3.94332623""","=""3d7.(4F).4s""","=""a 3F""","=""4""","=""3d6.(5D).4s.4p.(3P*)""","=""z 3F*""","=""3""",,"=""T5720""","=""L11631""",
"=""504.42111""","=""0.00008""","=""504.42106""","=""0.00004""","=""1660""","=""2.52e+06""","=""1.07e-03""","=""-2.017""",B,"=""2.85122419""","=""5.30848946""","=""3d6.(5D).4s.4p.(3P*)""","=""z 7F*""","=""4""","=""3d6.(5D).4s (6D).5s""","=""e 7D""","=""5""",,"=""T5720""","=""L11631""",
"=""504.8436""","=""0.0005""","=""504.84356""","=""0.00004""","=""1820bl""","=""2.44e+07""","=""3.11e-02""","=""-1.030""",B,"=""3.95972364""","=""6.41493251""","=""3d6.(5D).4s.4p.(3P*)""","=""z 3D*""","=""1""","=""3d6.(5D).4s (4D).5s""","=""e 3D""","=""2""",,"=""T5720""","=""L11631""",
"=""504.98194""","=""0.00008""","=""504.98193""","=""0.00004""","=""27500""","=""1.16e+07""","=""8.83e-03""","=""-1.355""",B,"=""2.27860466""","=""4.73314079""","=""3d6.4s2""","=""a 3P2""","=""2""","=""3d7.(4F).4p""","=""y 3D*""","=""3""",,"=""T5720""","=""L11631""",
"=""505.16342""","=""0.00008""","=""505.16343""","=""0.00004""","=""38900""","=""4.18e+05""","=""1.78e-04""","=""-2.795""",A,"=""0.91460217""","=""3.36825640""","=""3d7.(4F).4s""","=""a 5F""","=""4""","=""3d6.(5D).4s.4p.(3P*)""","=""z 5F*""","=""4""",,"=""T3548""","=""L11631""",
"=""""","=""""","=""505.20951""","=""0.00003""","=""""","=""7.4e-02""","=""3.1e-11""","=""-9.6""",E,"=""0.0000000""","=""2.45343044""","=""3d6.4s2""","=""a 5D""","=""4""","=""3d6.4s2""","=""a 3H""","=""4""",M1,"=""T6409""","=""""",
"=""505.46423""","=""0.00008""","=""505.46423""","=""0.00004""","=""550""","=""3.13e+06""","=""2.40e-03""","=""-1.921""",C+,"=""3.63977237""","=""6.09196644""","=""3d6.4s2""","=""b 3D""","=""2""","=""3d6.(3F2).4s.4p.(3P*)""","=""v 3D*""","=""3""",,"=""T5720""","=""L11631""",
"=""505.5991""","=""0.0005""","=""505.59926""","=""0.00004""","=""79""","=""2.7e+06""","=""9.3e-04""","=""-1.99""",E,"=""4.31247059""","=""6.76400977""","=""3d7.(4F).4p""","=""z 5G*""","=""5""","=""3d7.(4F).4d""","=""e 3H""","=""4""",,"=""T2578n""","=""L11631""",
"=""505.68408""","=""0.00020""","=""505.68414""","=""0.00004""","=""158""","=""3.0e+06""","=""3.9e-03""","=""-1.94""",E,"=""4.26045326""","=""6.71158094""","=""3d6.(5D).4s.4p.(3P*)""","=""z 3P*""","=""1""","=""3d7.(4F).4d""","=""h 5D""","=""1""",,"=""T2578n""","=""L11631""",
"=""506.00787""","=""0.00008""","=""506.00782""","=""0.00003""","=""930""","=""9.66e+02""","=""4.12e-07""","=""-5.431""",C+,"=""0.0000000""","=""2.44955978""","=""3d6.4s2""","=""a 5D""","=""4""","=""3d6.(5D).4s.4p.(3P*)""","=""z 7D*""","=""3""",,"=""T5720""","=""L11631""",
"=""506.51924""","=""0.00008""","=""506.51925""","=""0.00004""","=""2040""","=""7.97e+06""","=""4.38e-03""","=""-1.513""",D+,"=""3.64164057""","=""6.08872711""","=""3d6.4s2""","=""b 3D""","=""3""","=""3d7.(2G).4p""","=""w 3F*""","=""4""",,"=""T5720""","=""L11631""",
"=""506.87655""","=""0.00008""","=""506.87656""","=""0.00004""","=""12900""","=""2.36e+07""","=""1.01e-02""","=""-1.042""",B+,"=""2.93984587""","=""5.38520741""","=""3d6.(5D).4s.4p.(3P*)""","=""z 7P*""","=""4""","=""3d6.(5D).4s (6D).5s""","=""e 7D""","=""3""",,"=""T5720""","=""L11631""",
"=""507.47480""","=""0.00008""","=""507.47476""","=""0.00004""","=""10200""","=""1.5e+08""","=""6.5e-02""","=""-0.23""",D,"=""4.22036211""","=""6.66284114""","=""3d7.(4F).4p""","=""y 5F*""","=""4""","=""3d7.(4F).4d""","=""e 3G""","=""5""",,"=""T2491n""","=""L11631""",
"=""507.92227""","=""0.00008""","=""507.92223""","=""0.00004""","=""3980""","=""2.21e+06""","=""1.71e-03""","=""-2.067""",B,"=""2.19786640""","=""4.63819369""","=""3d7.(4P).4s""","=""a 5P""","=""2""","=""3d6.(5D).4s.4p.(1P*)""","=""y 5P*""","=""1""",,"=""T4187""","=""L11631""",
"=""507.97396""","=""0.00008""","=""507.97395""","=""0.00004""","=""11200""","=""1.56e+05""","=""1.21e-04""","=""-3.220""",A,"=""0.99011115""","=""3.43018998""","=""3d7.(4F).4s""","=""a 5F""","=""2""","=""3d6.(5D).4s.4p.(3P*)""","=""z 5F*""","=""1""",,"=""T3548""","=""L11631""",
"=""508.09358""","=""0.00008""","=""508.09353""","=""0.00006""","=""316""","=""2.3e+05""","=""8.4e-05""","=""-3.03""",E,"=""3.26711257""","=""5.70661711""","=""3d7.(2H).4s""","=""b 3H""","=""5""","=""3d6.(3H).4s.4p.(3P*)""","=""z 3I*""","=""6""",,"=""T2578n""","=""L11631""",
"=""508.33382""","=""0.00008""","=""508.33380""","=""0.00004""","=""23400""","=""2.84e+05""","=""1.57e-04""","=""-2.958""",A,"=""0.95815732""","=""3.39650880""","=""3d7.(4F).4s""","=""a 5F""","=""3""","=""3d6.(5D).4s.4p.(3P*)""","=""z 5F*""","=""3""",,"=""T3548""","=""L11631""",
"=""508.81528""","=""0.00021""","=""508.81526""","=""0.00004""","=""229""","=""4.6e+06""","=""2.5e-03""","=""-1.75""",D,"=""4.15435379""","=""6.59039805""","=""3d7.(4F).4p""","=""y 5D*""","=""3""","=""3d7.(4F).4d""","=""h 5D""","=""4""",,"=""T2578n""","=""L11631""",
"=""509.07736""","=""0.00008""","=""509.07727""","=""0.00004""","=""3550""","=""9.5e+07""","=""5.2e-02""","=""-0.44""",D,"=""4.25622280""","=""6.69101333""","=""3d7.(4F).4p""","=""y 5F*""","=""3""","=""3d7.(4F).4d""","=""h 5D""","=""2""",,"=""T2491n""","=""L11631""",
"=""509.86978""","=""0.00008""","=""509.86981""","=""0.00004""","=""6800""","=""2.42e+06""","=""1.35e-03""","=""-2.026""",D+,"=""2.17594512""","=""4.60695104""","=""3d7.(4P).4s""","=""a 5P""","=""3""","=""3d6.(5D).4s.4p.(1P*)""","=""y 5P*""","=""2""",,"=""T5720""","=""L11631""",
"=""509.90770""","=""0.00008""","=""509.90768""","=""0.00004""","=""780""","=""1.40e+07""","=""1.09e-02""","=""-1.265""",B,"=""3.98410712""","=""6.41493251""","=""3d6.(5D).4s.4p.(3P*)""","=""z 3F*""","=""2""","=""3d6.(5D).4s (4D).5s""","=""e 3D""","=""2""",,"=""T5720""","=""L11631""",
"=""510.40298""","=""0.00021""","=""510.40302""","=""0.00004""","=""245""","=""4.0e+05""","=""3.1e-04""","=""-2.80""",E,"=""3.01725044""","=""5.44571679""","=""3d7.(2P).4s""","=""c 3P""","=""2""","=""3d6.(3P2).4s.4p.(3P*)""","=""w 5D*""","=""3""",,"=""T2578n""","=""L11631""",
"=""510.41909""","=""0.00021""","=""510.41891""","=""0.00004""","=""224""","=""3.0e+06""","=""1.0e-03""","=""-1.94""",E,"=""4.17769679""","=""6.60608750""","=""3d7.(4F).4p""","=""y 5F*""","=""5""","=""3d7.(4F).4d""","=""f 5G""","=""5""",,"=""T2578n""","=""L11631""",
"=""510.44372""","=""0.00021""","=""510.44372""","=""0.00004""","=""275""","=""5.4e+06""","=""4.3e-03""","=""-1.67""",E,"=""4.28330826""","=""6.71158094""","=""3d7.(4F).4p""","=""y 5F*""","=""2""","=""3d7.(4F).4d""","=""h 5D""","=""1""",,"=""T2578n""","=""L11631""",
"=""510.74471""","=""0.00008""","=""510.74472""","=""0.00004""","=""15800""","=""2.09e+05""","=""1.64e-04""","=""-3.087""",A,"=""0.99011115""","=""3.41695281""","=""3d7.(4F).4s""","=""a 5F""","=""2""","=""3d6.(5D).4s.4p.(3P*)""","=""z 5F*""","=""2""",,"=""T3548""","=""L11631""",
"=""510.76407""","=""0.00008""","=""510.76406""","=""0.00004""","=""34700""","=""9.75e+05""","=""5.46e-04""","=""-2.418""",A,"=""1.55735733""","=""3.98410712""","=""3d7.(4F).4s""","=""a 3F""","=""3""","=""3d6.(5D).4s.4p.(3P*)""","=""z 3F*""","=""2""",,"=""T3831""","=""L11631""",
"=""511.03585""","=""0.00008""","=""511.03580""","=""0.00004""","=""3090""","=""1.10e+07""","=""3.91e-03""","=""-1.366""",B,"=""3.57321890""","=""5.99867825""","=""3d7.(2H).4s""","=""a 1H""","=""5""","=""3d7.(2G).4p""","=""z 1H*""","=""5""",,"=""T5720""","=""L11631""",
"=""511.04128""","=""0.00008""","=""511.04129""","=""0.00003""","=""40700""","=""4.44e+04""","=""1.93e-05""","=""-3.760""",A,"=""0.0000000""","=""2.42543332""","=""3d6.4s2""","=""a 5D""","=""4""","=""3d6.(5D).4s.4p.(3P*)""","=""z 7D*""","=""4""",,"=""T3547""","=""L11631""",
"=""""","=""""","=""511.17772""","=""0.00004""","=""""","=""6.9e-02""","=""5.4e-11""","=""-9.6""",E,"=""0.99011115""","=""3.41489715""","=""3d7.(4F).4s""","=""a 5F""","=""2""","=""3d7.(2P).4s""","=""a 1P""","=""1""",M1,"=""T6409""","=""""",
"=""511.57778""","=""0.00008""","=""511.57768""","=""0.00004""","=""427""","=""5.2e+05""","=""1.8e-04""","=""-2.69""",E,"=""3.57321890""","=""5.99610917""","=""3d7.(2H).4s""","=""a 1H""","=""5""","=""3d6.(3G).4s.4p.(3P*)""","=""y 5H*""","=""4""",,"=""T2578n""","=""L11631""",
"=""512.16388""","=""0.00008""","=""512.16386""","=""0.00004""","=""1700""","=""4.0e+07""","=""3.1e-02""","=""-0.81""",D,"=""4.28330826""","=""6.70342551""","=""3d7.(4F).4p""","=""y 5F*""","=""2""","=""3d7.(4F).4d""","=""f 3D""","=""2""",,"=""T2491n""","=""L11631""",
"=""512.37196""","=""0.00008""","=""512.37197""","=""0.00004""","=""15100""","=""2.17e+05""","=""2.85e-04""","=""-3.068""",A,"=""1.01105568""","=""3.43018998""","=""3d7.(4F).4s""","=""a 5F""","=""1""","=""3d6.(5D).4s.4p.(3P*)""","=""z 5F*""","=""1""",,"=""T3548""","=""L11631""",
"=""512.6193""","=""0.0005""","=""512.61922""","=""0.00004""","=""1290bl""","=""2.2e+07""","=""1.3e-02""","=""-1.06""",E,"=""4.25622280""","=""6.67419029""","=""3d7.(4F).4p""","=""y 5F*""","=""3""","=""3d7.(4F).4d""","=""g 5F""","=""3""",,"=""T2578n""","=""L11631""",
"=""512.73590""","=""0.00008""","=""512.73588""","=""0.00004""","=""13500""","=""1.25e+05""","=""5.48e-05""","=""-3.307""",A,"=""0.91460217""","=""3.33201954""","=""3d7.(4F).4s""","=""a 5F""","=""4""","=""3d6.(5D).4s.4p.(3P*)""","=""z 5F*""","=""5""",,"=""T3548""","=""L11631""",
"=""512.76793""","=""0.00021""","=""512.76807""","=""0.00004""","=""191""","=""1.90e+02""","=""1.07e-07""","=""-6.125""",A,"=""0.05156912""","=""2.46883473""","=""3d6.4s2""","=""a 5D""","=""3""","=""3d6.(5D).4s.4p.(3P*)""","=""z 7D*""","=""2""",,"=""T3547""","=""L11631""",
"=""512.96305""","=""0.00008""","=""512.96311""","=""0.00004""","=""417""","=""3.8e+06""","=""2.2e-03""","=""-1.81""",E,"=""3.94332623""","=""6.35967275""","=""3d6.(5D).4s.4p.(3P*)""","=""z 3F*""","=""3""","=""3d6.(5D).4s (4D).5s""","=""e 3D""","=""3""",,"=""T2578n""","=""L11631""",
"=""513.14684""","=""0.00008""","=""513.14679""","=""0.00004""","=""1380""","=""7.74e+05""","=""1.02e-03""","=""-2.515""",D+,"=""2.22271209""","=""4.63819369""","=""3d7.(4P).4s""","=""a 5P""","=""1""","=""3d6.(5D).4s.4p.(1P*)""","=""y 5P*""","=""1""",,"=""T5720""","=""L11631""",
"=""513.6093""","=""0.0004""","=""513.60915""","=""0.00006""","=""151""","=""2.0e+06""","=""1.6e-03""","=""-2.09""",E,"=""4.18636440""","=""6.59967157""","=""3d8""","=""c 3F""","=""2""","=""3d7.(2D2).4p""","=""v 3P*""","=""1""",,"=""T2578n""","=""L11631""",
"=""513.73818""","=""0.00008""","=""513.73814""","=""0.00004""","=""6900""","=""9.0e+07""","=""3.4e-02""","=""-0.43""",D,"=""4.17769679""","=""6.59039805""","=""3d7.(4F).4p""","=""y 5F*""","=""5""","=""3d7.(4F).4d""","=""h 5D""","=""4""",,"=""T2491n""","=""L11631""",
"=""513.92511""","=""0.00008""","=""513.92504""","=""0.00004""","=""22400""","=""4.58e+07""","=""2.59e-02""","=""-0.741""",B+,"=""2.99804479""","=""5.40986861""","=""3d6.(5D).4s.4p.(3P*)""","=""z 7P*""","=""3""","=""3d6.(5D).4s (6D).5s""","=""e 7D""","=""2""",,"=""T5720""","=""L11631""",
"=""513.94625""","=""0.00008""","=""513.94620""","=""0.00004""","=""45700""","=""7.82e+07""","=""3.44e-02""","=""-0.509""",B+,"=""2.93984587""","=""5.35157038""","=""3d6.(5D).4s.4p.(3P*)""","=""z 7P*""","=""4""","=""3d6.(5D).4s (6D).5s""","=""e 7D""","=""4""",,"=""T5720""","=""L11631""",
"=""514.17387""","=""0.00008""","=""514.17385""","=""0.00004""","=""2820""","=""1.46e+06""","=""1.93e-03""","=""-2.238""",D,"=""2.42419831""","=""4.83485507""","=""3d6.4s2""","=""a 3P2""","=""1""","=""3d7.(4F).4p""","=""y 3D*""","=""1""",,"=""T5720""","=""L11631""",
"=""514.29282""","=""0.00008""","=""514.29283""","=""0.00004""","=""15800""","=""2.16e+05""","=""1.22e-04""","=""-3.067""",D+,"=""0.95815732""","=""3.36825640""","=""3d7.(4F).4s""","=""a 5F""","=""3""","=""3d6.(5D).4s.4p.(3P*)""","=""z 5F*""","=""4""",,"=""T5720""","=""L11631""",
"=""514.37234""","=""0.00021""","=""514.37226""","=""0.00004""","=""102""","=""5.1e+04""","=""4.0e-05""","=""-3.69""",E,"=""2.19786640""","=""4.60759327""","=""3d7.(4P).4s""","=""a 5P""","=""2""","=""3d7.(4F).4p""","=""y 3F*""","=""3""",,"=""T2578n""","=""L11631""",
"=""514.50933""","=""0.00021""","=""514.50939""","=""0.00004""","=""363""","=""3.35e+05""","=""2.66e-04""","=""-2.876""",D+,"=""2.19786640""","=""4.60695104""","=""3d7.(4P).4s""","=""a 5P""","=""2""","=""3d6.(5D).4s.4p.(1P*)""","=""y 5P*""","=""2""",,"=""T5720""","=""L11631""",
"=""514.6306""","=""0.0004""","=""514.63070""","=""0.00004""","=""151""","=""2.4e+06""","=""1.1e-03""","=""-2.01""",E,"=""4.37135106""","=""6.77986785""","=""3d7.(4F).4p""","=""z 5G*""","=""4""","=""3d7.(4F).4d""","=""f 3F""","=""4""",,"=""T2578n""","=""L11631""",
"=""515.08392""","=""0.00008""","=""515.08390""","=""0.00004""","=""13800""","=""2.31e+05""","=""1.84e-04""","=""-3.037""",C,"=""0.99011115""","=""3.39650880""","=""3d7.(4F).4s""","=""a 5F""","=""2""","=""3d6.(5D).4s.4p.(3P*)""","=""z 5F*""","=""3""",,"=""T5720""","=""L11631""",
"=""515.1911""","=""0.0005""","=""515.19106""","=""0.00004""","=""8700bl""","=""1.20e+05""","=""1.59e-04""","=""-3.322""",A,"=""1.01105568""","=""3.41695281""","=""3d7.(4F).4s""","=""a 5F""","=""1""","=""3d6.(5D).4s.4p.(3P*)""","=""z 5F*""","=""2""",,"=""T3548""","=""L11631""",
"=""""","=""""","=""515.41003""","=""0.00004""","=""""","=""4.87e+06""","=""2.16e-03""","=""-1.712""",C+,"=""3.88160368""","=""6.28647868""","=""3d6.(5D).4s.4p.(3P*)""","=""z 3F*""","=""4""","=""3d6.(5D).4s (6D).4d""","=""e 5G""","=""5""",,"=""T5720""","=""""",
"=""""","=""""","=""515.63163""","=""0.00004""","=""""","=""3.3e-02""","=""4.4e-11""","=""-9.9""",E,"=""1.01105568""","=""3.41489715""","=""3d7.(4F).4s""","=""a 5F""","=""1""","=""3d7.(2P).4s""","=""a 1P""","=""1""",M1,"=""T6409""","=""""",
"=""""","=""""","=""516.05674""","=""0.00004""","=""""","=""1.3e-02""","=""7.7e-12""","=""-10.3""",E,"=""0.05156912""","=""2.45343044""","=""3d6.4s2""","=""a 5D""","=""3""","=""3d6.4s2""","=""a 3H""","=""4""",M1,"=""T6409""","=""""",
"=""516.45503""","=""0.00021""","=""516.45514""","=""0.00004""","=""380""","=""1.1e+07""","=""5.1e-03""","=""-1.34""",E,"=""4.43461275""","=""6.83462125""","=""3d7.(4F).4p""","=""z 3G*""","=""4""","=""3d7.(4F).4d""","=""f 3F""","=""3""",,"=""T2578n""","=""L11631""",
"=""516.62819""","=""0.00008""","=""516.62817""","=""0.00003""","=""15500""","=""1.60e+04""","=""7.09e-06""","=""-4.195""",A,"=""0.0000000""","=""2.39920471""","=""3d6.4s2""","=""a 5D""","=""4""","=""3d6.(5D).4s.4p.(3P*)""","=""z 7D*""","=""5""",,"=""T3547""","=""L11631""",
"=""516.74881""","=""0.00008""","=""516.74879""","=""0.00004""","=""760000""","=""1.90e+07""","=""8.47e-03""","=""-1.118""",B+,"=""1.48486439""","=""3.88350907""","=""3d7.(4F).4s""","=""a 3F""","=""4""","=""3d6.(5D).4s.4p.(3P*)""","=""z 3D*""","=""3""",,"=""T5720""","=""L11631""",
"=""516.88978""","=""0.00008""","=""516.88973""","=""0.00004""","=""22400""","=""2.68e+04""","=""1.53e-05""","=""-3.969""",A,"=""0.05156912""","=""2.44955978""","=""3d6.4s2""","=""a 5D""","=""3""","=""3d6.(5D).4s.4p.(3P*)""","=""z 7D*""","=""3""",,"=""T3547""","=""L11631""",
"=""517.15960""","=""0.00008""","=""517.15961""","=""0.00004""","=""162000""","=""4.01e+06""","=""1.79e-03""","=""-1.793""",A,"=""1.48486439""","=""3.88160368""","=""3d7.(4F).4s""","=""a 3F""","=""4""","=""3d6.(5D).4s.4p.(3P*)""","=""z 3F*""","=""4""",,"=""T3831""","=""L11631""",
"=""517.72337""","=""0.00021""","=""517.72327""","=""0.00004""","=""355""","=""1.1e+06""","=""4.7e-04""","=""-2.38""",E,"=""3.69459719""","=""6.08872711""","=""3d6.4s2""","=""b 1G2""","=""4""","=""3d7.(2G).4p""","=""w 3F*""","=""4""",,"=""T2578n""","=""L11631""",
"=""517.88002""","=""0.00021""","=""517.88006""","=""0.00004""","=""234""","=""3.8e+06""","=""1.4e-03""","=""-1.82""",E,"=""4.38646275""","=""6.77986785""","=""3d7.(4F).4p""","=""z 3G*""","=""5""","=""3d7.(4F).4d""","=""f 3F""","=""4""",,"=""T2578n""","=""L11631""",
"=""518.42657""","=""0.00008""","=""518.42658""","=""0.00004""","=""1150""","=""2.7e+07""","=""2.1e-02""","=""-0.98""",D,"=""4.28330826""","=""6.67419029""","=""3d7.(4F).4p""","=""y 5F*""","=""2""","=""3d7.(4F).4d""","=""g 5F""","=""3""",,"=""T2578n""","=""L11631""",
"=""518.79138""","=""0.00008""","=""518.79142""","=""0.00004""","=""910""","=""1.06e+07""","=""6.08e-03""","=""-1.371""",C+,"=""4.14264893""","=""6.53184961""","=""3d8""","=""c 3F""","=""3""","=""3d7.(2D2).4p""","=""t 3D*""","=""2""",,"=""T5720""","=""L11631""",
"=""519.14546""","=""0.00008""","=""519.14542""","=""0.00004""","=""31600""","=""6.96e+07""","=""5.62e-02""","=""-0.551""",B,"=""3.03847046""","=""5.42604198""","=""3d6.(5D).4s.4p.(3P*)""","=""z 7P*""","=""2""","=""3d6.(5D).4s (6D).5s""","=""e 7D""","=""1""",,"=""T5720""","=""L11631""",
"=""519.23439""","=""0.00008""","=""519.23434""","=""0.00004""","=""47900""","=""9.38e+07""","=""5.42e-02""","=""-0.421""",B+,"=""2.99804479""","=""5.38520741""","=""3d6.(5D).4s.4p.(3P*)""","=""z 7P*""","=""3""","=""3d6.(5D).4s (6D).5s""","=""e 7D""","=""3""",,"=""T5720""","=""L11631""",
"=""519.49414""","=""0.00008""","=""519.49412""","=""0.00004""","=""72000""","=""2.01e+06""","=""1.16e-03""","=""-2.090""",A,"=""1.55735733""","=""3.94332623""","=""3d7.(4F).4s""","=""a 3F""","=""3""","=""3d6.(5D).4s.4p.(3P*)""","=""z 3F*""","=""3""",,"=""T3831""","=""L11631""",
"=""519.79369""","=""0.00022""","=""519.79354""","=""0.00004""","=""282""","=""6.0e+06""","=""8.1e-03""","=""-1.62""",E,"=""4.30127816""","=""6.68587270""","=""3d7.(4F).4p""","=""y 5F*""","=""1""","=""3d7.(4F).4d""","=""f 5P""","=""1""",,"=""T2578n""","=""L11631""",
"=""519.87108""","=""0.00008""","=""519.87106""","=""0.00004""","=""2950""","=""1.81e+06""","=""2.44e-03""","=""-2.135""",B,"=""2.22271209""","=""4.60695104""","=""3d7.(4P).4s""","=""a 5P""","=""1""","=""3d6.(5D).4s.4p.(1P*)""","=""y 5P*""","=""2""",,"=""T4187""","=""L11631""",
"=""520.23357""","=""0.00008""","=""520.23355""","=""0.00004""","=""8300""","=""3.58e+06""","=""2.07e-03""","=""-1.838""",B,"=""2.17594512""","=""4.55852281""","=""3d7.(4P).4s""","=""a 5P""","=""3""","=""3d6.(5D).4s.4p.(1P*)""","=""y 5P*""","=""3""",,"=""T4187""","=""L11631""",
"=""520.45823""","=""0.00008""","=""520.45826""","=""0.00004""","=""6600""","=""1.14e+04""","=""9.31e-06""","=""-4.332""",A,"=""0.08728574""","=""2.46883473""","=""3d6.4s2""","=""a 5D""","=""2""","=""3d6.(5D).4s.4p.(3P*)""","=""z 7D*""","=""2""",,"=""T3547""","=""L11631""",
"=""520.79372""","=""0.00022""","=""520.79381""","=""0.00004""","=""209""","=""9.6e+05""","=""1.3e-03""","=""-2.40""",E,"=""3.63521992""","=""6.01523448""","=""3d6.4s2""","=""b 3D""","=""1""","=""3d7.(4P).4p""","=""x 3P*""","=""1""",,"=""T2578n""","=""L11631""",
"=""520.85936""","=""0.00008""","=""520.85937""","=""0.00004""","=""12300""","=""3.12e+07""","=""1.81e-02""","=""-0.897""",B,"=""3.24096914""","=""5.62068415""","=""3d6.(5D).4s.4p.(3P*)""","=""z 5D*""","=""3""","=""3d6.(5D).4s (6D).5s""","=""e 5D""","=""2""",,"=""T5783""","=""L11631""",
"=""521.51803""","=""0.00008""","=""521.51801""","=""0.00004""","=""11500""","=""3.30e+07""","=""2.69e-02""","=""-0.871""",B,"=""3.26570610""","=""5.64241573""","=""3d6.(5D).4s.4p.(3P*)""","=""z 5D*""","=""2""","=""3d6.(5D).4s (6D).5s""","=""e 5D""","=""1""",,"=""T6110""","=""L11631""",
"=""521.62737""","=""0.00008""","=""521.62737""","=""0.00004""","=""58000""","=""1.74e+06""","=""1.42e-03""","=""-2.150""",A,"=""1.60789577""","=""3.98410712""","=""3d7.(4F).4s""","=""a 3F""","=""2""","=""3d6.(5D).4s.4p.(3P*)""","=""z 3F*""","=""2""",,"=""T3831""","=""L11631""",
"=""521.73890""","=""0.00008""","=""521.73891""","=""0.00004""","=""8900""","=""1.69e+07""","=""7.65e-03""","=""-1.162""",B,"=""3.21118938""","=""5.58689276""","=""3d6.(5D).4s.4p.(3P*)""","=""z 5D*""","=""4""","=""3d6.(5D).4s (6D).5s""","=""e 5D""","=""3""",,"=""T5720""","=""L11631""",
"=""521.79189""","=""0.00022""","=""521.79190""","=""0.00004""","=""479""","=""4.68e+06""","=""3.82e-03""","=""-1.719""",C+,"=""3.63977237""","=""6.01523448""","=""3d6.4s2""","=""b 3D""","=""2""","=""3d7.(4P).4p""","=""x 3P*""","=""1""",,"=""T5720""","=""L11631""",
"=""""","=""""","=""522.05648""","=""0.00006""","=""""","=""5.7e-01""","=""7.8e-10""","=""-8.6""",E,"=""0.11011433""","=""2.48437256""","=""3d6.4s2""","=""a 5D""","=""1""","=""3d6.4s2""","=""a 3P2""","=""0""",M1,"=""T6409""","=""""",
"=""522.31851""","=""0.00008""","=""522.31825""","=""0.00006""","=""550""","=""4.03e+06""","=""5.49e-03""","=""-1.783""",C+,"=""3.63521992""","=""6.00828827""","=""3d6.4s2""","=""b 3D""","=""1""","=""3d7.(4P).4p""","=""x 3P*""","=""0""",,"=""T5720""","=""L11631""",
"=""522.4298""","=""0.0004""","=""522.42994""","=""0.00004""","=""191""","=""2.5e+04""","=""1.5e-05""","=""-3.98""",E,"=""2.17594512""","=""4.54850612""","=""3d7.(4P).4s""","=""a 5P""","=""3""","=""3d7.(4F).4p""","=""y 3F*""","=""4""",,"=""T2578n""","=""L11631""",
"=""522.55257""","=""0.00008""","=""522.55261""","=""0.00004""","=""2240""","=""3.96e+03""","=""5.42e-06""","=""-4.789""",A,"=""0.11011433""","=""2.48211840""","=""3d6.4s2""","=""a 5D""","=""1""","=""3d6.(5D).4s.4p.(3P*)""","=""z 7D*""","=""1""",,"=""T3547""","=""L11631""",
"=""522.68620""","=""0.00008""","=""522.68612""","=""0.00004""","=""30900""","=""6.80e+07""","=""5.57e-02""","=""-0.555""",B,"=""3.03847046""","=""5.40986861""","=""3d6.(5D).4s.4p.(3P*)""","=""z 7P*""","=""2""","=""3d6.(5D).4s (6D).5s""","=""e 7D""","=""2""",,"=""T5720""","=""L11631""",
"=""522.71891""","=""0.00008""","=""522.71889""","=""0.00004""","=""437000""","=""1.44e+07""","=""8.45e-03""","=""-1.228""",B+,"=""1.55735733""","=""3.92860683""","=""3d7.(4F).4s""","=""a 3F""","=""3""","=""3d6.(5D).4s.4p.(3P*)""","=""z 3D*""","=""2""",,"=""T5720""","=""L11631""",
"=""522.83764""","=""0.00008""","=""522.83754""","=""0.00004""","=""870""","=""1.3e+07""","=""6.1e-03""","=""-1.26""",E,"=""4.22036211""","=""6.59107351""","=""3d7.(4F).4p""","=""y 5F*""","=""4""","=""3d7.(4F).4d""","=""f 5P""","=""3""",,"=""T2578n""","=""L11631""",
"=""523.29400""","=""0.00008""","=""523.29398""","=""0.00004""","=""123000""","=""2.13e+08""","=""9.74e-02""","=""-0.057""",B+,"=""2.93984587""","=""5.30848946""","=""3d6.(5D).4s.4p.(3P*)""","=""z 7P*""","=""4""","=""3d6.(5D).4s (6D).5s""","=""e 7D""","=""5""",,"=""T5720""","=""L11631""",
"=""523.53864""","=""0.00008""","=""523.53870""","=""0.00004""","=""2290""","=""2.62e+07""","=""1.20e-02""","=""-0.967""",D+,"=""4.07581091""","=""6.44334733""","=""3d8""","=""c 3F""","=""4""","=""3d7.(2P).4p""","=""u 3D*""","=""3""",,"=""T5720""","=""L11631""",
"=""523.62038""","=""0.00022""","=""523.62017""","=""0.00006""","=""389""","=""7.74e+06""","=""6.37e-03""","=""-1.497""",C,"=""4.18636440""","=""6.55353246""","=""3d8""","=""c 3F""","=""2""","=""3d7.(2D2).4p""","=""t 3D*""","=""1""",,"=""T5720""","=""L11631""",
"=""524.24907""","=""0.00008""","=""524.24905""","=""0.00004""","=""8900""","=""2.62e+07""","=""8.30e-03""","=""-0.967""",B,"=""3.63434980""","=""5.99867825""","=""3d6.4s2""","=""a 1I""","=""6""","=""3d7.(2G).4p""","=""z 1H*""","=""5""",,"=""T5720""","=""L11631""",
"=""524.37766""","=""0.00008""","=""524.37758""","=""0.00004""","=""950""","=""1.8e+07""","=""1.1e-02""","=""-1.12""",D,"=""4.25622280""","=""6.61997175""","=""3d7.(4F).4p""","=""y 5F*""","=""3""","=""3d7.(4F).4d""","=""g 5F""","=""4""",,"=""T2578n""","=""L11631""",
"=""524.70501""","=""0.00008""","=""524.70499""","=""0.00004""","=""1580""","=""2.74e+03""","=""2.26e-06""","=""-4.946""",A,"=""0.08728574""","=""2.44955978""","=""3d6.4s2""","=""a 5D""","=""2""","=""3d6.(5D).4s.4p.(3P*)""","=""z 7D*""","=""3""",,"=""T3547""","=""L11631""",
"=""524.91051""","=""0.00022""","=""524.91049""","=""0.00004""","=""263""","=""8.4e+06""","=""4.9e-03""","=""-1.46""",E,"=""4.47327202""","=""6.83462125""","=""3d7.(4F).4p""","=""z 3G*""","=""3""","=""3d7.(4F).4d""","=""f 3F""","=""3""",,"=""T2578n""","=""L11631""",
"=""525.02086""","=""0.00008""","=""525.02089""","=""0.00004""","=""1550""","=""2.79e+03""","=""1.15e-05""","=""-4.938""",A,"=""0.12126572""","=""2.48211840""","=""3d6.4s2""","=""a 5D""","=""0""","=""3d6.(5D).4s.4p.(3P*)""","=""z 7D*""","=""1""",,"=""T3547""","=""L11631""",
"=""525.06456""","=""0.00008""","=""525.06454""","=""0.00004""","=""4470""","=""1.60e+06""","=""1.32e-03""","=""-2.181""",D+,"=""2.19786640""","=""4.55852281""","=""3d7.(4P).4s""","=""a 5P""","=""2""","=""3d6.(5D).4s.4p.(1P*)""","=""y 5P*""","=""3""",,"=""T5720""","=""L11631""",
"=""525.34614""","=""0.00008""","=""525.34617""","=""0.00004""","=""2290""","=""6.45e+06""","=""8.91e-03""","=""-1.573""",B,"=""3.28302483""","=""5.64241573""","=""3d6.(5D).4s.4p.(3P*)""","=""z 5D*""","=""1""","=""3d6.(5D).4s (6D).5s""","=""e 5D""","=""1""",,"=""T6110""","=""L11631""",
"=""525.49551""","=""0.00008""","=""525.49552""","=""0.00004""","=""3310""","=""4.16e+03""","=""5.74e-06""","=""-4.764""",A,"=""0.11011433""","=""2.46883473""","=""3d6.4s2""","=""a 5D""","=""1""","=""3d6.(5D).4s.4p.(3P*)""","=""z 7D*""","=""2""",,"=""T3547""","=""L11631""",
"=""526.28806""","=""0.00022""","=""526.28812""","=""0.00004""","=""100""","=""6.1e+05""","=""3.6e-04""","=""-2.60""",E,"=""3.25148176""","=""5.60664989""","=""3d7.(2D2).4s""","=""a 3D""","=""3""","=""3d6.(3P2).4s.4p.(3P*)""","=""x 3D*""","=""3""",,"=""T2578n""","=""L11631""",
"=""526.33059""","=""0.00008""","=""526.33060""","=""0.00004""","=""11500""","=""3.18e+07""","=""2.64e-02""","=""-0.879""",B,"=""3.26570610""","=""5.62068415""","=""3d6.(5D).4s.4p.(3P*)""","=""z 5D*""","=""2""","=""3d6.(5D).4s (6D).5s""","=""e 5D""","=""2""",,"=""T5783""","=""L11631""",
"=""526.38646""","=""0.00008""","=""526.38644""","=""0.00004""","=""870""","=""1.76e+06""","=""6.66e-04""","=""-2.135""",C,"=""3.57321890""","=""5.92794713""","=""3d7.(2H).4s""","=""a 1H""","=""5""","=""3d6.(3F2).4s.4p.(3P*)""","=""x 3G*""","=""4""",,"=""T5720""","=""L11631""",
"=""526.65550""","=""0.00008""","=""526.65543""","=""0.00004""","=""51000""","=""9.90e+07""","=""5.89e-02""","=""-0.385""",B,"=""2.99804479""","=""5.35157038""","=""3d6.(5D).4s.4p.(3P*)""","=""z 7P*""","=""3""","=""3d6.(5D).4s (6D).5s""","=""e 7D""","=""4""",,"=""T5720""","=""L11631""",
"=""526.7270""","=""0.0004""","=""526.72688""","=""0.00006""","=""209""","=""6.09e+06""","=""2.82e-03""","=""-1.596""",C+,"=""4.37135106""","=""6.72455738""","=""3d7.(4F).4p""","=""z 5G*""","=""4""","=""3d7.(4F).4d""","=""e 5H""","=""4""",,"=""T6110""","=""L11631""",
"=""526.95370""","=""0.00008""","=""526.95366""","=""0.00004""","=""1020000""","=""1.14e+07""","=""4.34e-03""","=""-1.321""",A,"=""0.85899575""","=""3.21118938""","=""3d7.(4F).4s""","=""a 5F""","=""5""","=""3d6.(5D).4s.4p.(3P*)""","=""z 5D*""","=""4""",,"=""T3548""","=""L11631""",
"=""527.03560""","=""0.00008""","=""527.03561""","=""0.00004""","=""288000""","=""1.10e+07""","=""9.16e-03""","=""-1.339""",B+,"=""1.60789577""","=""3.95972364""","=""3d7.(4F).4s""","=""a 3F""","=""2""","=""3d6.(5D).4s.4p.(3P*)""","=""z 3D*""","=""1""",,"=""T5720""","=""L11631""",
"=""527.31632""","=""0.00008""","=""527.31633""","=""0.00004""","=""7800""","=""2.44e+07""","=""1.02e-01""","=""-0.993""",B,"=""3.29183986""","=""5.64241573""","=""3d6.(5D).4s.4p.(3P*)""","=""z 5D*""","=""0""","=""3d6.(5D).4s (6D).5s""","=""e 5D""","=""1""",,"=""T6110""","=""L11631""",
"=""527.33732""","=""0.00008""","=""527.33727""","=""0.00006""","=""3160""","=""1.66e+06""","=""6.95e-03""","=""-2.158""",D,"=""2.48437256""","=""4.83485507""","=""3d6.4s2""","=""a 3P2""","=""0""","=""3d7.(4F).4p""","=""y 3D*""","=""1""",,"=""T5720""","=""L11631""",
"=""528.03616""","=""0.00008""","=""528.03609""","=""0.00004""","=""540""","=""3.64e+06""","=""2.17e-03""","=""-1.818""",C+,"=""3.64164057""","=""5.98901244""","=""3d6.4s2""","=""b 3D""","=""3""","=""3d7.(4P).4p""","=""x 3P*""","=""2""",,"=""T5720""","=""L11631""",
"=""528.17900""","=""0.00008""","=""528.17895""","=""0.00004""","=""15800""","=""3.50e+07""","=""2.93e-02""","=""-0.834""",B,"=""3.03847046""","=""5.38520741""","=""3d6.(5D).4s.4p.(3P*)""","=""z 7P*""","=""2""","=""3d6.(5D).4s (6D).5s""","=""e 7D""","=""3""",,"=""T5720""","=""L11631""",
"=""528.36207""","=""0.00008""","=""528.36207""","=""0.00004""","=""33900""","=""7.14e+07""","=""4.26e-02""","=""-0.525""",B,"=""3.24096914""","=""5.58689276""","=""3d6.(5D).4s.4p.(3P*)""","=""z 5D*""","=""3""","=""3d6.(5D).4s (6D).5s""","=""e 5D""","=""3""",,"=""T5720""","=""L11631""",
"=""528.44245""","=""0.00008""","=""528.44245""","=""0.00004""","=""660""","=""9.12e+05""","=""2.94e-04""","=""-2.418""",C+,"=""3.63434980""","=""5.97991659""","=""3d6.4s2""","=""a 1I""","=""6""","=""3d6.(3G).4s.4p.(3P*)""","=""y 5H*""","=""5""",,"=""T5720""","=""L11631""",
"=""528.51282""","=""0.00022""","=""528.51269""","=""0.00004""","=""214""","=""5.8e+06""","=""2.7e-03""","=""-1.62""",E,"=""4.43461275""","=""6.77986785""","=""3d7.(4F).4p""","=""z 3G*""","=""4""","=""3d7.(4F).4d""","=""f 3F""","=""4""",,"=""T2578n""","=""L11631""",
"=""528.85243""","=""0.00008""","=""528.85264""","=""0.00004""","=""2190""","=""7.40e+06""","=""3.45e-03""","=""-1.508""",B,"=""3.69459719""","=""6.03834476""","=""3d6.4s2""","=""b 1G2""","=""4""","=""3d6.(3H).4s.4p.(3P*)""","=""y 1G*""","=""4""",,"=""T5720""","=""L11631""",
"=""""","=""""","=""529.07442""","=""0.00004""","=""""","=""1.1e+00""","=""6.6e-10""","=""-8.3""",E,"=""0.95815732""","=""3.30092244""","=""3d7.(4F).4s""","=""a 5F""","=""3""","=""3d7.(2D2).4s""","=""a 3D""","=""2""",M1,"=""T6409""","=""""",
"=""529.3029""","=""0.0004""","=""529.30319""","=""0.00004""","=""89""","=""1.1e+06""","=""4.3e-04""","=""-2.33""",E,"=""4.38646275""","=""6.72821528""","=""3d7.(4F).4p""","=""z 3G*""","=""5""","=""3d7.(4F).4d""","=""e 3H""","=""5""",,"=""T2578n""","=""L11631""",
"=""529.39585""","=""0.00022""","=""529.39583""","=""0.00006""","=""245""","=""3.4e+06""","=""2.1e-03""","=""-1.84""",E,"=""4.14264893""","=""6.48399171""","=""3d8""","=""c 3F""","=""3""","=""3d7.(2P).4p""","=""u 3D*""","=""2""",,"=""T2578n""","=""L11631""",
"=""529.45478""","=""0.00022""","=""529.45471""","=""0.00004""","=""89""","=""3.6e+05""","=""3.1e-04""","=""-2.81""",E,"=""3.63977237""","=""5.98085478""","=""3d6.4s2""","=""b 3D""","=""2""","=""3d6.(3G).4s.4p.(3P*)""","=""v 5F*""","=""2""",,"=""T2578n""","=""L11631""",
"=""529.53118""","=""0.00022""","=""529.53124""","=""0.00004""","=""234""","=""5.1e+06""","=""3.1e-03""","=""-1.67""",E,"=""4.41527878""","=""6.75602283""","=""3d7.(4F).4p""","=""z 5G*""","=""3""","=""3d7.(4F).4d""","=""e 5H""","=""3""",,"=""T2578n""","=""L11631""",
"=""529.87755""","=""0.00008""","=""529.87756""","=""0.00004""","=""363""","=""2.29e+06""","=""1.38e-03""","=""-2.016""",C+,"=""3.64164057""","=""5.98085478""","=""3d6.4s2""","=""b 3D""","=""3""","=""3d6.(3G).4s.4p.(3P*)""","=""v 5F*""","=""2""",,"=""T5720""","=""L11631""",
"=""530.2299""","=""""","=""530.23001""","=""0.00004""","=""25""","=""4.52e+07""","=""6.35e-02""","=""-0.720""",B,"=""3.28302483""","=""5.62068415""","=""3d6.(5D).4s.4p.(3P*)""","=""z 5D*""","=""1""","=""3d6.(5D).4s (6D).5s""","=""e 5D""","=""2""",,"=""T5783""","=""L2637""",
"=""""","=""""","=""530.39944""","=""0.00004""","=""""","=""1.4e+00""","=""1.2e-09""","=""-8.2""",E,"=""0.08728574""","=""2.42419831""","=""3d6.4s2""","=""a 5D""","=""2""","=""3d6.4s2""","=""a 3P2""","=""1""",M1,"=""T6409""","=""""",
"=""""","=""""","=""530.40693""","=""0.00004""","=""""","=""1.3e+00""","=""5.9e-10""","=""-8.3""",E,"=""0.91460217""","=""3.25148176""","=""3d7.(4F).4s""","=""a 5F""","=""4""","=""3d7.(2D2).4s""","=""a 3D""","=""3""",M1,"=""T6409""","=""""",
"=""530.73607""","=""0.00008""","=""530.73605""","=""0.00004""","=""7800""","=""2.44e+05""","=""2.06e-04""","=""-2.987""",A,"=""1.60789577""","=""3.94332623""","=""3d7.(4F).4s""","=""a 3F""","=""2""","=""3d6.(5D).4s.4p.(3P*)""","=""z 3F*""","=""3""",,"=""T3831""","=""L11631""",
"=""532.0035""","=""0.0004""","=""532.00370""","=""0.00004""","=""191""","=""7.5e+05""","=""4.6e-04""","=""-2.49""",D,"=""3.64164057""","=""5.97150625""","=""3d6.4s2""","=""b 3D""","=""3""","=""3d5.(6S).4s2.4p""","=""v 5P*""","=""2""",,"=""T2578n""","=""L11631""",
"=""532.11076""","=""0.00023""","=""532.11074""","=""0.00004""","=""355""","=""1.92e+07""","=""9.03e-03""","=""-1.090""",C,"=""4.43461275""","=""6.76400977""","=""3d7.(4F).4p""","=""z 3G*""","=""4""","=""3d7.(4F).4d""","=""e 3H""","=""4""",,"=""T5720""","=""L11631""",
"=""532.20404""","=""0.00009""","=""532.20405""","=""0.00004""","=""830""","=""3.70e+05""","=""3.15e-04""","=""-2.803""",C,"=""2.27860466""","=""4.60759327""","=""3d6.4s2""","=""a 3P2""","=""2""","=""3d7.(4F).4p""","=""y 3F*""","=""3""",,"=""T5720""","=""L11631""",
"=""532.41787""","=""0.00009""","=""532.41785""","=""0.00004""","=""78000""","=""1.85e+08""","=""8.77e-02""","=""-0.103""",B,"=""3.21118938""","=""5.53924278""","=""3d6.(5D).4s.4p.(3P*)""","=""z 5D*""","=""4""","=""3d6.(5D).4s (6D).5s""","=""e 5D""","=""4""",,"=""T5783""","=""L11631""",
"=""532.61424""","=""0.00009""","=""532.61422""","=""0.00004""","=""560""","=""2.00e+06""","=""7.72e-04""","=""-2.071""",B,"=""3.57321890""","=""5.90041395""","=""3d7.(2H).4s""","=""a 1H""","=""5""","=""3d6.(3G).4s.4p.(3P*)""","=""w 5G*""","=""4""",,"=""T6110""","=""L11631""",
"=""532.80383""","=""0.00009""","=""532.80381""","=""0.00004""","=""740000""","=""8.05e+06""","=""3.80e-03""","=""-1.466""",A,"=""0.91460217""","=""3.24096914""","=""3d7.(4F).4s""","=""a 5F""","=""4""","=""3d6.(5D).4s.4p.(3P*)""","=""z 5D*""","=""3""",,"=""T3548""","=""L11631""",
"=""532.85313""","=""0.00009""","=""532.85311""","=""0.00004""","=""105000""","=""3.32e+06""","=""2.02e-03""","=""-1.850""",B,"=""1.55735733""","=""3.88350907""","=""3d7.(4F).4s""","=""a 3F""","=""3""","=""3d6.(5D).4s.4p.(3P*)""","=""z 3D*""","=""3""",,"=""T5720""","=""L11631""",
"=""532.99887""","=""0.00009""","=""532.99894""","=""0.00006""","=""2040""","=""1.42e+07""","=""6.71e-03""","=""-1.219""",C+,"=""4.07581091""","=""6.40132623""","=""3d8""","=""c 3F""","=""4""","=""3d6.(3H).4s.4p.(3P*)""","=""1H*""","=""5""",,"=""T5720""","=""L11631""",
"=""533.26598""","=""0.00023""","=""533.26605""","=""0.00006""","=""427""","=""2.0e+06""","=""1.7e-03""","=""-2.06""",E,"=""4.18636440""","=""6.51071489""","=""3d8""","=""c 3F""","=""2""","=""3d7.(2P).4p""","=""u 3D*""","=""1""",,"=""T2578n""","=""L11631""",
"=""533.28994""","=""0.00009""","=""533.28994""","=""0.00004""","=""11000""","=""3.92e+05""","=""2.39e-04""","=""-2.776""",B,"=""1.55735733""","=""3.88160368""","=""3d7.(4F).4s""","=""a 3F""","=""3""","=""3d6.(5D).4s.4p.(3P*)""","=""z 3F*""","=""4""",,"=""T5720""","=""L11631""",
"=""533.99290""","=""0.00009""","=""533.99291""","=""0.00004""","=""19500""","=""4.45e+07""","=""3.81e-02""","=""-0.720""",C+,"=""3.26570610""","=""5.58689276""","=""3d6.(5D).4s.4p.(3P*)""","=""z 5D*""","=""2""","=""3d6.(5D).4s (6D).5s""","=""e 5D""","=""3""",,"=""T5720""","=""L11631""",
"=""534.10237""","=""0.00009""","=""534.10235""","=""0.00004""","=""81000""","=""2.60e+06""","=""2.23e-03""","=""-1.953""",B,"=""1.60789577""","=""3.92860683""","=""3d7.(4F).4s""","=""a 3F""","=""2""","=""3d6.(5D).4s.4p.(3P*)""","=""z 3D*""","=""2""",,"=""T5720""","=""L11631""",
"=""534.97373""","=""0.00009""","=""534.97371""","=""0.00004""","=""479""","=""1.3e+07""","=""4.8e-03""","=""-1.28""",D,"=""4.38646275""","=""6.70339390""","=""3d7.(4F).4p""","=""z 3G*""","=""5""","=""3d7.(4F).4d""","=""e 3G""","=""4""",,"=""T2578n""","=""L11631""",
"=""""","=""""","=""535.63193""","=""0.00004""","=""""","=""3.0e-03""","=""4.3e-12""","=""-10.9""",E,"=""0.11011433""","=""2.42419831""","=""3d6.4s2""","=""a 5D""","=""1""","=""3d6.4s2""","=""a 3P2""","=""1""",E2,"=""T6409""","=""""",
"=""536.16248""","=""0.00023""","=""536.16249""","=""0.00004""","=""339""","=""9.0e+06""","=""5.6e-03""","=""-1.41""",E,"=""4.41527878""","=""6.72707289""","=""3d7.(4F).4p""","=""z 5G*""","=""3""","=""3d7.(4F).4d""","=""g 5F""","=""2""",,"=""T2578n""","=""L11631""",
"=""""","=""""","=""536.39053""","=""0.00004""","=""""","=""1.0e-01""","=""8.6e-11""","=""-9.4""",E,"=""0.99011115""","=""3.30092244""","=""3d7.(4F).4s""","=""a 5F""","=""2""","=""3d7.(2D2).4s""","=""a 3D""","=""2""",M1,"=""T6409""","=""""",
"=""536.48709""","=""0.00009""","=""536.48704""","=""0.00004""","=""10000""","=""3.91e+08""","=""3.38e-01""","=""0.228""",C+,"=""4.44562726""","=""6.75602283""","=""3d7.(4F).4p""","=""z 5G*""","=""2""","=""3d7.(4F).4d""","=""e 5H""","=""3""",,"=""T5720""","=""L11631""",
"=""536.53987""","=""0.00009""","=""536.53985""","=""0.00004""","=""8700""","=""2.21e+07""","=""8.68e-03""","=""-1.020""",B,"=""3.57321890""","=""5.88338708""","=""3d7.(2H).4s""","=""a 1H""","=""5""","=""3d7.(2G).4p""","=""z 1G*""","=""4""",,"=""T5720""","=""L11631""",
"=""536.7466""","=""0.0006""","=""536.74654""","=""0.00006""","=""14800bl""","=""6.42e+08""","=""3.96e-01""","=""0.443""",B,"=""4.41527878""","=""6.72455738""","=""3d7.(4F).4p""","=""z 5G*""","=""3""","=""3d7.(4F).4d""","=""e 5H""","=""4""",,"=""T5720""","=""L11631""",
"=""536.99615""","=""0.00009""","=""536.99607""","=""0.00004""","=""20400""","=""7.94e+08""","=""3.82e-01""","=""0.536""",B+,"=""4.37135106""","=""6.67955657""","=""3d7.(4F).4p""","=""z 5G*""","=""4""","=""3d7.(4F).4d""","=""e 5H""","=""5""",,"=""T5720""","=""L11631""",
"=""537.14893""","=""0.00009""","=""537.14891""","=""0.00004""","=""389000""","=""5.25e+06""","=""3.24e-03""","=""-1.645""",A,"=""0.95815732""","=""3.26570610""","=""3d7.(4F).4s""","=""a 5F""","=""3""","=""3d6.(5D).4s.4p.(3P*)""","=""z 5D*""","=""2""",,"=""T3548""","=""L11631""",
"=""537.37082""","=""0.00009""","=""537.37083""","=""0.00004""","=""1170""","=""3.3e+07""","=""2.1e-02""","=""-0.84""",D,"=""4.47327202""","=""6.77986785""","=""3d7.(4F).4p""","=""z 3G*""","=""3""","=""3d7.(4F).4d""","=""f 3F""","=""4""",,"=""T2578n""","=""L11631""",
"=""537.6833""","=""0.0004""","=""537.68300""","=""0.00006""","=""132""","=""1.2e+06""","=""1.0e-03""","=""-2.28""",E,"=""4.29441489""","=""6.59967157""","=""3d6.4s2""","=""b 1D2""","=""2""","=""3d7.(2D2).4p""","=""v 3P*""","=""1""",,"=""T2578n""","=""L11631""",
"=""537.95737""","=""0.00009""","=""537.95734""","=""0.00004""","=""1860""","=""7.05e+06""","=""3.40e-03""","=""-1.514""",B,"=""3.69459719""","=""5.99867825""","=""3d6.4s2""","=""b 1G2""","=""4""","=""3d7.(2G).4p""","=""z 1H*""","=""5""",,"=""T5720""","=""L11631""",
"=""""","=""""","=""538.22562""","=""0.00004""","=""""","=""2.4e-01""","=""1.0e-09""","=""-9.0""",E,"=""0.12126572""","=""2.42419831""","=""3d6.4s2""","=""a 5D""","=""0""","=""3d6.4s2""","=""a 3P2""","=""1""",M1,"=""T6409""","=""""",
"=""538.33688""","=""0.00009""","=""538.33680""","=""0.00004""","=""30900""","=""1.02e+09""","=""4.01e-01""","=""0.645""",B+,"=""4.31247059""","=""6.61492758""","=""3d7.(4F).4p""","=""z 5G*""","=""5""","=""3d7.(4F).4d""","=""e 5H""","=""6""",,"=""T5720""","=""L11631""",
"=""538.5575""","=""0.0004""","=""538.55785""","=""0.00004""","=""100""","=""2.8e+05""","=""1.3e-04""","=""-2.92""",E,"=""3.69459719""","=""5.99610917""","=""3d6.4s2""","=""b 1G2""","=""4""","=""3d6.(3G).4s.4p.(3P*)""","=""y 5H*""","=""4""",,"=""T2578n""","=""L11631""",
"=""538.63337""","=""0.00023""","=""538.63329""","=""0.00004""","=""263""","=""4.2e+06""","=""2.6e-03""","=""-1.74""",E,"=""4.15435379""","=""6.45554341""","=""3d7.(4F).4p""","=""y 5D*""","=""3""","=""3d6.(5D).4s (6D).4d""","=""e 5P""","=""2""",,"=""T2578n""","=""L11631""",
"=""538.7480""","=""0.0004""","=""538.74830""","=""0.00004""","=""200""","=""2.12e+06""","=""1.32e-03""","=""-2.034""",C+,"=""4.14264893""","=""6.44334733""","=""3d8""","=""c 3F""","=""3""","=""3d7.(2P).4p""","=""u 3D*""","=""3""",,"=""T6110""","=""L11631""",
"=""539.31673""","=""0.00009""","=""539.31670""","=""0.00004""","=""16600""","=""4.42e+07""","=""2.75e-02""","=""-0.715""",B,"=""3.24096914""","=""5.53924278""","=""3d6.(5D).4s.4p.(3P*)""","=""z 5D*""","=""3""","=""3d6.(5D).4s (6D).5s""","=""e 5D""","=""4""",,"=""T5783""","=""L11631""",
"=""539.5218""","=""0.0004""","=""539.52169""","=""0.00004""","=""129""","=""1.6e+06""","=""1.4e-03""","=""-2.15""",E,"=""4.44562726""","=""6.74302768""","=""3d7.(4F).4p""","=""z 5G*""","=""2""","=""3d7.(4F).4d""","=""g 5F""","=""1""",,"=""T2578n""","=""L11631""",
"=""539.71276""","=""0.00009""","=""539.71274""","=""0.00004""","=""132000""","=""2.32e+06""","=""1.13e-03""","=""-1.993""",A,"=""0.91460217""","=""3.21118938""","=""3d7.(4F).4s""","=""a 5F""","=""4""","=""3d6.(5D).4s.4p.(3P*)""","=""z 5D*""","=""4""",,"=""T3548""","=""L11631""",
"=""539.82791""","=""0.00009""","=""539.82786""","=""0.00004""","=""1380""","=""4.5e+07""","=""3.9e-02""","=""-0.71""",E,"=""4.44562726""","=""6.74172473""","=""3d7.(4F).4p""","=""z 5G*""","=""2""","=""3d7.(4F).4d""","=""f 5G""","=""2""",,"=""T2578n""","=""L11631""",
"=""540.12686""","=""0.00023""","=""540.12660""","=""0.00007""","=""151""","=""2.9e+06""","=""9.8e-04""","=""-1.89""",E,"=""4.32010008""","=""6.61492758""","=""3d7.(4F).4p""","=""z 5G*""","=""6""","=""3d7.(4F).4d""","=""e 5H""","=""6""",,"=""T2578n""","=""L11631""",
"=""540.38212""","=""0.00009""","=""540.38218""","=""0.00004""","=""2090""","=""2.11e+07""","=""1.03e-02""","=""-1.034""",C+,"=""4.07581091""","=""6.36955305""","=""3d8""","=""c 3F""","=""4""","=""3d7.(2H).4p""","=""u 3G*""","=""5""",,"=""T5720""","=""L11631""",
"=""540.41513""","=""0.00009""","=""540.41508""","=""0.00004""","=""17000""","=""7.61e+08""","=""3.70e-01""","=""0.523""",B+,"=""4.43461275""","=""6.72821528""","=""3d7.(4F).4p""","=""z 3G*""","=""4""","=""3d7.(4F).4d""","=""e 3H""","=""5""",,"=""T5720""","=""L11631""",
"=""540.53496""","=""0.00023""","=""540.53497""","=""0.00004""","=""347""","=""9.30e+06""","=""3.70e-03""","=""-1.390""",C,"=""4.38646275""","=""6.67955657""","=""3d7.(4F).4p""","=""z 3G*""","=""5""","=""3d7.(4F).4d""","=""e 5H""","=""5""",,"=""T5720""","=""L11631""",
"=""540.57749""","=""0.00009""","=""540.57743""","=""0.00004""","=""145000""","=""3.27e+06""","=""2.86e-03""","=""-1.844""",A,"=""0.99011115""","=""3.28302483""","=""3d7.(4F).4s""","=""a 5F""","=""2""","=""3d6.(5D).4s.4p.(3P*)""","=""z 5D*""","=""1""",,"=""T3548""","=""L11631""",
"=""540.91332""","=""0.00009""","=""540.91327""","=""0.00004""","=""500""","=""1.2e+07""","=""5.9e-03""","=""-1.27""",D,"=""4.37135106""","=""6.66284114""","=""3d7.(4F).4p""","=""z 5G*""","=""4""","=""3d7.(4F).4d""","=""e 3G""","=""5""",,"=""T2578n""","=""L11631""",
"=""541.09095""","=""0.00009""","=""541.09092""","=""0.00004""","=""11200""","=""5.70e+08""","=""3.57e-01""","=""0.398""",B+,"=""4.47327202""","=""6.76400977""","=""3d7.(4F).4p""","=""z 3G*""","=""3""","=""3d7.(4F).4d""","=""e 3H""","=""4""",,"=""T5720""","=""L11631""",
"=""541.2785""","=""0.0004""","=""541.27833""","=""0.00007""","=""76""","=""4.37e+06""","=""2.14e-03""","=""-1.716""",B,"=""4.43461275""","=""6.72455738""","=""3d7.(4F).4p""","=""z 3G*""","=""4""","=""3d7.(4F).4d""","=""e 5H""","=""4""",,"=""T6110""","=""L11631""",
"=""""","=""""","=""541.29674""","=""0.00004""","=""""","=""1.1e-01""","=""1.6e-10""","=""-9.3""",E,"=""1.01105568""","=""3.30092244""","=""3d7.(4F).4s""","=""a 5F""","=""1""","=""3d7.(2D2).4s""","=""a 3D""","=""2""",M1,"=""T6409""","=""""",
"=""541.51989""","=""0.00009""","=""541.51984""","=""0.00004""","=""22400""","=""9.97e+08""","=""3.99e-01""","=""0.642""",B+,"=""4.38646275""","=""6.67538611""","=""3d7.(4F).4p""","=""z 3G*""","=""5""","=""3d7.(4F).4d""","=""e 3H""","=""6""",,"=""T5720""","=""L11631""",
"=""541.70328""","=""0.00023""","=""541.70364""","=""0.00004""","=""170""","=""5.0e+06""","=""3.2e-03""","=""-1.66""",E,"=""4.41527878""","=""6.70342551""","=""3d7.(4F).4p""","=""z 5G*""","=""3""","=""3d7.(4F).4d""","=""f 3D""","=""2""",,"=""T2578n""","=""L11631""",
"=""""","=""""","=""542.71727""","=""0.00004""","=""""","=""5.1e-01""","=""4.5e-10""","=""-8.6""",E,"=""0.99011115""","=""3.27398440""","=""3d7.(4F).4s""","=""a 5F""","=""2""","=""3d7.(2D2).4s""","=""a 3D""","=""1""",M1,"=""T6409""","=""""",
"=""542.95041""","=""0.00009""","=""542.95033""","=""0.00004""","=""830""","=""2.18e+07""","=""1.93e-02""","=""-1.016""",C+,"=""4.19086081""","=""6.47375371""","=""3d7.(4F).4p""","=""y 5D*""","=""2""","=""3d6.(5D).4s (4D).5s""","=""g 5D""","=""1""",,"=""T6110""","=""L11631""",
"=""542.96964""","=""0.00009""","=""542.96962""","=""0.00004""","=""145000""","=""2.99e+06""","=""1.89e-03""","=""-1.879""",A,"=""0.95815732""","=""3.24096914""","=""3d7.(4F).4s""","=""a 5F""","=""3""","=""3d6.(5D).4s.4p.(3P*)""","=""z 5D*""","=""3""",,"=""T3548""","=""L11631""",
"=""543.29475""","=""0.00009""","=""543.29476""","=""0.00004""","=""830""","=""2.2e+07""","=""1.9e-02""","=""-1.02""",D,"=""4.44562726""","=""6.72707289""","=""3d7.(4F).4p""","=""z 5G*""","=""2""","=""3d7.(4F).4d""","=""g 5F""","=""2""",,"=""T2578n""","=""L11631""",
"=""543.45235""","=""0.00009""","=""543.45233""","=""0.00004""","=""107000""","=""1.70e+06""","=""2.52e-03""","=""-2.122""",A,"=""1.01105568""","=""3.29183986""","=""3d7.(4F).4s""","=""a 5F""","=""1""","=""3d6.(5D).4s.4p.(3P*)""","=""z 5D*""","=""0""",,"=""T3548""","=""L11631""",
"=""543.62954""","=""0.00024""","=""543.62946""","=""0.00004""","=""269""","=""6.9e+06""","=""2.8e-03""","=""-1.51""",E,"=""4.38646275""","=""6.66650376""","=""3d7.(4F).4p""","=""z 3G*""","=""5""","=""3d7.(4F).4d""","=""f 5G""","=""4""",,"=""T2578n""","=""L11631""",
"=""543.65958""","=""0.00009""","=""543.65876""","=""0.00004""","=""141""","=""2.45e+05""","=""2.17e-04""","=""-2.964""",C,"=""2.27860466""","=""4.55852281""","=""3d6.4s2""","=""a 3P2""","=""2""","=""3d6.(5D).4s.4p.(1P*)""","=""y 5P*""","=""3""",,"=""T5720""","=""L11631""",
"=""""","=""""","=""543.97215""","=""0.00003""","=""""","=""2.6e-02""","=""1.3e-11""","=""-9.9""",E,"=""0.0000000""","=""2.27860466""","=""3d6.4s2""","=""a 5D""","=""4""","=""3d6.4s2""","=""a 3P2""","=""2""",E2,"=""T6409""","=""""",
"=""544.13383""","=""0.00024""","=""544.13387""","=""0.00004""","=""170""","=""4.5e+06""","=""1.8e-03""","=""-1.70""",E,"=""4.31247059""","=""6.59039805""","=""3d7.(4F).4p""","=""z 5G*""","=""5""","=""3d7.(4F).4d""","=""h 5D""","=""4""",,"=""T2578n""","=""L11631""",
"=""544.68743""","=""0.00009""","=""544.68723""","=""0.00004""","=""3890""","=""1.75e+05""","=""1.56e-04""","=""-3.109""",B+,"=""1.60789577""","=""3.88350907""","=""3d7.(4F).4s""","=""a 3F""","=""2""","=""3d6.(5D).4s.4p.(3P*)""","=""z 3D*""","=""3""",,"=""T5720""","=""L11631""",
"=""544.69164""","=""0.00009""","=""544.69162""","=""0.00004""","=""182000""","=""2.74e+06""","=""2.44e-03""","=""-1.914""",B+,"=""0.99011115""","=""3.26570610""","=""3d7.(4F).4s""","=""a 5F""","=""2""","=""3d6.(5D).4s.4p.(3P*)""","=""z 5D*""","=""2""",,"=""T5720""","=""L11631""",
"=""545.56092""","=""0.00009""","=""545.56089""","=""0.00004""","=""115000""","=""1.82e+06""","=""2.70e-03""","=""-2.091""",B+,"=""1.01105568""","=""3.28302483""","=""3d7.(4F).4s""","=""a 5F""","=""1""","=""3d6.(5D).4s.4p.(3P*)""","=""z 5D*""","=""1""",,"=""T5720""","=""L11631""",
"=""546.15495""","=""0.00024""","=""546.15490""","=""0.00004""","=""123""","=""2.9e+06""","=""2.7e-03""","=""-1.88""",E,"=""4.44562726""","=""6.71512541""","=""3d7.(4F).4p""","=""z 5G*""","=""2""","=""3d7.(4F).4d""","=""f 5G""","=""3""",,"=""T2578n""","=""L11631""",
"=""546.32759""","=""0.00009""","=""546.32750""","=""0.00004""","=""5000""","=""2.6e+08""","=""1.3e-01""","=""0.07""",D+,"=""4.43461275""","=""6.70339390""","=""3d7.(4F).4p""","=""z 3G*""","=""4""","=""3d7.(4F).4d""","=""e 3G""","=""4""",,"=""T2491n""","=""L11631""",
"=""546.42792""","=""0.00009""","=""546.42796""","=""0.00004""","=""417""","=""8.85e+06""","=""5.66e-03""","=""-1.402""",D+,"=""4.14264893""","=""6.41101300""","=""3d8""","=""c 3F""","=""3""","=""3d7.(2P).4p""","=""y 1D*""","=""2""",,"=""T5720""","=""L11631""",
"=""546.69874""","=""0.00009""","=""546.69869""","=""0.00004""","=""437""","=""1.30e+06""","=""5.32e-04""","=""-2.233""",D+,"=""3.57321890""","=""5.84045966""","=""3d7.(2H).4s""","=""a 1H""","=""5""","=""3d6.(3H).4s.4p.(3P*)""","=""z 3H*""","=""4""",,"=""T5720""","=""L11631""",
"=""547.00936""","=""0.00024""","=""547.00922""","=""0.00004""","=""123""","=""3.6e+06""","=""3.3e-03""","=""-1.79""",E,"=""4.44562726""","=""6.71158094""","=""3d7.(4F).4p""","=""z 5G*""","=""2""","=""3d7.(4F).4d""","=""h 5D""","=""1""",,"=""T2578n""","=""L11631""",
"=""547.27087""","=""0.00009""","=""547.27085""","=""0.00004""","=""275""","=""7.11e+06""","=""6.40e-03""","=""-1.495""",B,"=""4.20888328""","=""6.47375371""","=""3d6.(5D).4s.4p.(3P*)""","=""z 3P*""","=""2""","=""3d6.(5D).4s (4D).5s""","=""g 5D""","=""1""",,"=""T6110""","=""L11631""",
"=""547.3164""","=""0.0004""","=""547.31624""","=""0.00004""","=""115""","=""1.8e+06""","=""1.6e-03""","=""-2.11""",E,"=""4.19086081""","=""6.45554341""","=""3d7.(4F).4p""","=""y 5D*""","=""2""","=""3d6.(5D).4s (6D).4d""","=""e 5P""","=""2""",,"=""T2578n""","=""L11631""",
"=""547.39001""","=""0.00009""","=""547.39005""","=""0.00004""","=""1910""","=""3.6e+07""","=""2.3e-02""","=""-0.79""",D,"=""4.15435379""","=""6.41873101""","=""3d7.(4F).4p""","=""y 5D*""","=""3""","=""3d6.(5D).4s (4D).5s""","=""g 5D""","=""3""",,"=""T2491n""","=""L11631""",
"=""547.62882""","=""0.00009""","=""547.62888""","=""0.00007""","=""1910""","=""2.58e+07""","=""1.66e-02""","=""-0.935""",B,"=""4.14264893""","=""6.40603863""","=""3d8""","=""c 3F""","=""3""","=""3d7.(2H).4p""","=""u 3G*""","=""4""",,"=""T5720""","=""L11631""",
"=""547.65639""","=""0.00009""","=""547.65642""","=""0.00004""","=""5000""","=""7.83e+07""","=""3.92e-02""","=""-0.453""",B,"=""4.10337372""","=""6.36664959""","=""3d7.(4F).4p""","=""y 5D*""","=""4""","=""3d6.(5D).4s (4D).5s""","=""g 5D""","=""4""",,"=""T5720""","=""L11631""",
"=""""","=""""","=""547.74044""","=""0.00004""","=""""","=""2.5e-01""","=""3.7e-10""","=""-9.0""",E,"=""1.01105568""","=""3.27398440""","=""3d7.(4F).4s""","=""a 5F""","=""1""","=""3d7.(2D2).4s""","=""a 3D""","=""1""",M1,"=""T6409""","=""""",
"=""547.84552""","=""0.00024""","=""547.84550""","=""0.00004""","=""245""","=""3.4e+06""","=""3.0e-03""","=""-1.82""",E,"=""4.19086081""","=""6.45335558""","=""3d7.(4F).4p""","=""y 5D*""","=""2""","=""3d6.(5D).4s (4D).5s""","=""g 5D""","=""2""",,"=""T2578n""","=""L11631""",
"=""548.08604""","=""0.00009""","=""548.08602""","=""0.00004""","=""620""","=""1.3e+07""","=""2.0e-02""","=""-1.23""",D,"=""4.21758325""","=""6.47908516""","=""3d7.(4F).4p""","=""y 5D*""","=""1""","=""3d6.(5D).4s (4D).5s""","=""g 5D""","=""0""",,"=""T2578n""","=""L11631""",
"=""548.12427""","=""0.00009""","=""548.12427""","=""0.00004""","=""447""","=""1.27e+07""","=""6.35e-03""","=""-1.243""",C+,"=""4.10337372""","=""6.36471779""","=""3d7.(4F).4p""","=""y 5D*""","=""4""","=""3d6.(5D).4s (6D).4d""","=""e 7G""","=""4""",,"=""T5720""","=""L11631""",
"=""548.14383""","=""0.00009""","=""548.14381""","=""0.00004""","=""355""","=""8.4e+06""","=""7.6e-03""","=""-1.42""",E,"=""4.19086081""","=""6.45212430""","=""3d7.(4F).4p""","=""y 5D*""","=""2""","=""3d6.(5D).4s (4D).5s""","=""e 3D""","=""1""",,"=""T2578n""","=""L11631""",
"=""548.30985""","=""0.00009""","=""548.30985""","=""0.00004""","=""437""","=""8.70e+06""","=""5.60e-03""","=""-1.407""",C+,"=""4.15435379""","=""6.41493251""","=""3d7.(4F).4p""","=""y 5D*""","=""3""","=""3d6.(5D).4s (4D).5s""","=""e 3D""","=""2""",,"=""T5720""","=""L11631""",
"=""548.71448""","=""0.00024""","=""548.71454""","=""0.00004""","=""245""","=""6.9e+06""","=""4.5e-03""","=""-1.51""",E,"=""4.41527878""","=""6.67419029""","=""3d7.(4F).4p""","=""z 5G*""","=""3""","=""3d7.(4F).4d""","=""g 5F""","=""3""",,"=""T2578n""","=""L11631""",
"=""""","=""""","=""548.77379""","=""0.00004""","=""""","=""2.24e+06""","=""1.45e-03""","=""-1.995""",C,"=""2.17594512""","=""4.43461275""","=""3d7.(4P).4s""","=""a 5P""","=""3""","=""3d7.(4F).4p""","=""z 3G*""","=""4""",,"=""T4653""","=""""",
"=""549.18311""","=""0.00024""","=""549.18342""","=""0.00004""","=""191""","=""1.44e+06""","=""1.30e-03""","=""-2.188""",C+,"=""4.18636440""","=""6.44334733""","=""3d8""","=""c 3F""","=""2""","=""3d7.(2P).4p""","=""u 3D*""","=""3""",,"=""T6110""","=""L11631""",
"=""""","=""""","=""549.33216""","=""0.00004""","=""""","=""4.65e+06""","=""4.21e-03""","=""-1.677""",C+,"=""3.63977237""","=""5.89614419""","=""3d6.4s2""","=""b 3D""","=""2""","=""3d7.(4P).4p""","=""y 3S*""","=""1""",,"=""T5720""","=""""",
"=""549.34985""","=""0.00009""","=""549.34988""","=""0.00004""","=""269""","=""3.5e+06""","=""1.7e-03""","=""-1.80""",E,"=""4.10337372""","=""6.35967275""","=""3d7.(4F).4p""","=""y 5D*""","=""4""","=""3d6.(5D).4s (4D).5s""","=""e 3D""","=""3""",,"=""T2578n""","=""L11631""",
"=""549.4462""","=""0.0006""","=""549.44629""","=""0.00007""","=""195bl""","=""2.0e+06""","=""9.8e-04""","=""-2.05""",E,"=""4.07581091""","=""6.33171407""","=""3d8""","=""c 3F""","=""4""","=""3d6.(3G).4s.4p.(3P*)""","=""x 3H*""","=""5""",,"=""T2578n""","=""L11631""",
"=""549.75157""","=""0.00009""","=""549.75158""","=""0.00004""","=""19100""","=""3.12e+05""","=""4.72e-04""","=""-2.849""",A,"=""1.01105568""","=""3.26570610""","=""3d7.(4F).4s""","=""a 5F""","=""1""","=""3d6.(5D).4s.4p.(3P*)""","=""z 5D*""","=""2""",,"=""T3548""","=""L11631""",
"=""550.14649""","=""0.00009""","=""550.14647""","=""0.00004""","=""14500""","=""1.98e+05""","=""1.28e-04""","=""-3.047""",B,"=""0.95815732""","=""3.21118938""","=""3d7.(4F).4s""","=""a 5F""","=""3""","=""3d6.(5D).4s.4p.(3P*)""","=""z 5D*""","=""4""",,"=""T5720""","=""L11631""",
"=""550.67788""","=""0.00009""","=""550.67785""","=""0.00004""","=""22400""","=""3.51e+05""","=""3.19e-04""","=""-2.797""",A,"=""0.99011115""","=""3.24096914""","=""3d7.(4F).4s""","=""a 5F""","=""2""","=""3d6.(5D).4s.4p.(3P*)""","=""z 5D*""","=""3""",,"=""T3548""","=""L11631""",
"=""551.22563""","=""0.00024""","=""551.22576""","=""0.00004""","=""229""","=""8.9e+06""","=""4.5e-03""","=""-1.39""",E,"=""4.37135106""","=""6.61997175""","=""3d7.(4F).4p""","=""z 5G*""","=""4""","=""3d7.(4F).4d""","=""g 5F""","=""4""",,"=""T2578n""","=""L11631""",
"=""551.7065""","=""0.0005""","=""551.70680""","=""0.00004""","=""60""","=""1.0e+06""","=""9.2e-04""","=""-2.34""",E,"=""4.20888328""","=""6.45554341""","=""3d6.(5D).4s.4p.(3P*)""","=""z 3P*""","=""2""","=""3d6.(5D).4s (6D).4d""","=""e 5P""","=""2""",,"=""T2578n""","=""L11631""",
"=""552.24461""","=""0.00009""","=""552.24459""","=""0.00004""","=""347""","=""6.5e+06""","=""6.1e-03""","=""-1.52""",D,"=""4.20888328""","=""6.45335558""","=""3d6.(5D).4s.4p.(3P*)""","=""z 3P*""","=""2""","=""3d6.(5D).4s (4D).5s""","=""g 5D""","=""2""",,"=""T2578n""","=""L11631""",
"=""552.55439""","=""0.00009""","=""552.55434""","=""0.00004""","=""520""","=""1.80e+07""","=""8.24e-02""","=""-1.084""",B,"=""4.23053960""","=""6.47375371""","=""3d7.(4F).4p""","=""y 5D*""","=""0""","=""3d6.(5D).4s (4D).5s""","=""g 5D""","=""1""",,"=""T6110""","=""L11631""",
"=""552.91598""","=""0.00024""","=""552.91608""","=""0.00004""","=""204""","=""4.6e+05""","=""3.0e-04""","=""-2.68""",E,"=""3.64164057""","=""5.88338708""","=""3d6.4s2""","=""b 3D""","=""3""","=""3d7.(2G).4p""","=""z 1G*""","=""4""",,"=""T2578n""","=""L11631""",
"=""553.1984""","=""0.0005""","=""553.19805""","=""0.00007""","=""40""","=""5.5e+06""","=""2.8e-03""","=""-1.60""",E,"=""4.91297355""","=""7.15357742""","=""3d6.(5D).4s.4p.(1P*)""","=""x 5D*""","=""4""","=""3d6.(5D).4s (4D).4d""","=""i 5D""","=""4""",,"=""T2578n""","=""L11631""",
"=""553.27468""","=""0.00009""","=""553.27462""","=""0.00004""","=""275""","=""1.7e+06""","=""7.3e-04""","=""-2.10""",E,"=""3.57321890""","=""5.81351269""","=""3d7.(2H).4s""","=""a 1H""","=""5""","=""3d6.(3F2).4s.4p.(3P*)""","=""x 3F*""","=""4""",,"=""T2578n""","=""L11631""",
"=""553.54175""","=""0.00009""","=""553.54179""","=""0.00004""","=""1260""","=""1.51e+07""","=""1.39e-02""","=""-1.158""",C+,"=""4.18636440""","=""6.42557692""","=""3d8""","=""c 3F""","=""2""","=""3d7.(2H).4p""","=""u 3G*""","=""3""",,"=""T5720""","=""L11631""",
"=""553.6580""","=""0.0006""","=""553.65828""","=""0.00004""","=""120""","=""4.0e+04""","=""3.7e-05""","=""-3.73""",E,"=""2.83159117""","=""5.07033256""","=""3d7.(4P).4s""","=""b 3P""","=""2""","=""3d6.(3P2).4s.4p.(3P*)""","=""z 5S*""","=""2""",,"=""T2578n""","=""L11631""",
"=""553.92796""","=""0.00025""","=""553.92800""","=""0.00004""","=""151""","=""5.5e+05""","=""3.5e-04""","=""-2.61""",E,"=""3.64164057""","=""5.87929188""","=""3d6.4s2""","=""b 3D""","=""3""","=""3d6.(3P2).4s.4p.(3P*)""","=""1D*""","=""2""",,"=""T2578n""","=""L11631""",
"=""554.39353""","=""0.00009""","=""554.39354""","=""0.00004""","=""690""","=""1.7e+07""","=""2.6e-02""","=""-1.11""",D,"=""4.21758325""","=""6.45335558""","=""3d7.(4F).4p""","=""y 5D*""","=""1""","=""3d6.(5D).4s (4D).5s""","=""g 5D""","=""2""",,"=""T2578n""","=""L11631""",
"=""554.65055""","=""0.00009""","=""554.65052""","=""0.00004""","=""417""","=""1.1e+07""","=""5.8e-03""","=""-1.28""",D,"=""4.37135106""","=""6.60608750""","=""3d7.(4F).4p""","=""z 5G*""","=""4""","=""3d7.(4F).4d""","=""f 5G""","=""5""",,"=""T2578n""","=""L11631""",
"=""554.69920""","=""0.00025""","=""554.69902""","=""0.00004""","=""100""","=""2.9e+06""","=""4.4e-03""","=""-1.88""",E,"=""4.21758325""","=""6.45212430""","=""3d7.(4F).4p""","=""y 5D*""","=""1""","=""3d6.(5D).4s (4D).5s""","=""e 3D""","=""1""",,"=""T2578n""","=""L11631""",
"=""554.9952""","=""0.0005""","=""554.99487""","=""0.00004""","=""110""","=""3.0e+05""","=""1.5e-04""","=""-2.86""",E,"=""3.69459719""","=""5.92794713""","=""3d6.4s2""","=""b 1G2""","=""4""","=""3d6.(3F2).4s.4p.(3P*)""","=""x 3G*""","=""4""",,"=""T2578n""","=""L11631""",
"=""555.2693""","=""0.0005""","=""555.26916""","=""0.00010""","=""40""","=""2.2e+06""","=""1.5e-03""","=""-1.98""",E,"=""4.95563019""","=""7.1878769""","=""3d6.(5D).4s.4p.(1P*)""","=""x 5D*""","=""3""","=""3d6.(5D).4s (4D).4d""","=""i 5D""","=""2""",,"=""T2578n""","=""L11631""",
"=""555.35774""","=""0.00025""","=""555.35765""","=""0.00004""","=""229""","=""8.9e+06""","=""4.6e-03""","=""-1.38""",E,"=""4.43461275""","=""6.66650376""","=""3d7.(4F).4p""","=""z 3G*""","=""4""","=""3d7.(4F).4d""","=""f 5G""","=""4""",,"=""T2578n""","=""L11631""",
"=""555.79818""","=""0.00025""","=""555.79822""","=""0.00004""","=""182""","=""1.2e+07""","=""7.9e-03""","=""-1.26""",E,"=""4.47327202""","=""6.70339390""","=""3d7.(4F).4p""","=""z 3G*""","=""3""","=""3d7.(4F).4d""","=""e 3G""","=""4""",,"=""T2578n""","=""L11631""",
"=""556.02112""","=""0.00009""","=""556.02110""","=""0.00004""","=""417""","=""1.5e+07""","=""7.6e-03""","=""-1.16""",D,"=""4.43461275""","=""6.66384071""","=""3d7.(4F).4p""","=""z 3G*""","=""4""","=""3d7.(4F).4d""","=""f 3D""","=""3""",,"=""T2578n""","=""L11631""",
"=""556.35999""","=""0.00009""","=""556.35996""","=""0.00004""","=""1120""","=""2.4e+07""","=""2.2e-02""","=""-0.96""",D,"=""4.19086081""","=""6.41873101""","=""3d7.(4F).4p""","=""y 5D*""","=""2""","=""3d6.(5D).4s (4D).5s""","=""g 5D""","=""3""",,"=""T2578n""","=""L11631""",
"=""""","=""""","=""556.56848""","=""0.00004""","=""""","=""1.8e+00""","=""1.2e-09""","=""-8.1""",E,"=""0.05156912""","=""2.27860466""","=""3d6.4s2""","=""a 5D""","=""3""","=""3d6.4s2""","=""a 3P2""","=""2""",M1,"=""T6409""","=""""",
"=""556.73907""","=""0.00009""","=""556.73908""","=""0.00004""","=""407""","=""4.59e+05""","=""4.27e-04""","=""-2.671""",D,"=""2.60850194""","=""4.83485507""","=""3d6.4s2""","=""b 3F2""","=""2""","=""3d7.(4F).4p""","=""y 3D*""","=""1""",,"=""T5720""","=""L11631""",
"=""556.96177""","=""0.00009""","=""556.96178""","=""0.00004""","=""9800""","=""7.02e+07""","=""6.53e-02""","=""-0.486""",B,"=""3.41695281""","=""5.64241573""","=""3d6.(5D).4s.4p.(3P*)""","=""z 5F*""","=""2""","=""3d6.(5D).4s (6D).5s""","=""e 5D""","=""1""",,"=""T6110""","=""L11631""",
"=""557.28420""","=""0.00009""","=""557.28421""","=""0.00004""","=""17800""","=""1.14e+08""","=""7.58e-02""","=""-0.275""",B,"=""3.39650880""","=""5.62068415""","=""3d6.(5D).4s.4p.(3P*)""","=""z 5F*""","=""3""","=""3d6.(5D).4s (6D).5s""","=""e 5D""","=""2""",,"=""T5783""","=""L11631""",
"=""557.31021""","=""0.00009""","=""557.31018""","=""0.00004""","=""372""","=""1.04e+07""","=""9.64e-03""","=""-1.317""",C+,"=""4.19086081""","=""6.41493251""","=""3d7.(4F).4p""","=""y 5D*""","=""2""","=""3d6.(5D).4s (4D).5s""","=""e 3D""","=""2""",,"=""T5720""","=""L11631""",
"=""557.60884""","=""0.00009""","=""557.60891""","=""0.00004""","=""5400""","=""2.5e+07""","=""3.8e-02""","=""-0.94""",D,"=""3.43018998""","=""5.65307019""","=""3d6.(5D).4s.4p.(3P*)""","=""z 5F*""","=""1""","=""3d6.(5D).4s (6D).5s""","=""e 5D""","=""0""",,"=""T2578n""","=""L11631""",
"=""558.47643""","=""0.00009""","=""558.47644""","=""0.00004""","=""200""","=""1.2e+06""","=""4.9e-04""","=""-2.27""",E,"=""3.57321890""","=""5.79264615""","=""3d7.(2H).4s""","=""a 1H""","=""5""","=""3d7.(4P).4p""","=""u 5D*""","=""4""",,"=""T2578n""","=""L11631""",
"=""558.67555""","=""0.00009""","=""558.67553""","=""0.00004""","=""25700""","=""1.53e+08""","=""7.98e-02""","=""-0.144""",B,"=""3.36825640""","=""5.58689276""","=""3d6.(5D).4s.4p.(3P*)""","=""z 5F*""","=""4""","=""3d6.(5D).4s (6D).5s""","=""e 5D""","=""3""",,"=""T5720""","=""L11631""",
"=""559.46549""","=""0.00009""","=""559.46550""","=""0.00004""","=""457""","=""4.68e+07""","=""2.44e-02""","=""-0.658""",B,"=""4.54850612""","=""6.76400977""","=""3d7.(4F).4p""","=""y 3F*""","=""4""","=""3d7.(4F).4d""","=""e 3H""","=""4""",,"=""T5720""","=""L11631""",
"=""560.02238""","=""0.00009""","=""560.02242""","=""0.00004""","=""170""","=""8.07e+06""","=""1.27e-02""","=""-1.420""",B,"=""4.26045326""","=""6.47375371""","=""3d6.(5D).4s.4p.(3P*)""","=""z 3P*""","=""1""","=""3d6.(5D).4s (4D).5s""","=""g 5D""","=""1""",,"=""T6110""","=""L11631""",
"=""560.27670""","=""0.00009""","=""560.27673""","=""0.00004""","=""690""","=""1.56e+07""","=""1.05e-02""","=""-1.135""",B,"=""4.15435379""","=""6.36664959""","=""3d7.(4F).4p""","=""y 5D*""","=""3""","=""3d6.(5D).4s (4D).5s""","=""g 5D""","=""4""",,"=""T5720""","=""L11631""",
"=""560.29447""","=""0.00009""","=""560.29448""","=""0.00004""","=""4570""","=""3.00e+07""","=""4.71e-02""","=""-0.850""",B,"=""3.43018998""","=""5.64241573""","=""3d6.(5D).4s.4p.(3P*)""","=""z 5F*""","=""1""","=""3d6.(5D).4s (6D).5s""","=""e 5D""","=""1""",,"=""T6110""","=""L11631""",
"=""561.52962""","=""0.00009""","=""561.52963""","=""0.00004""","=""680""","=""1.20e+06""","=""8.07e-04""","=""-2.248""",C,"=""2.58810592""","=""4.79546566""","=""3d6.4s2""","=""b 3F2""","=""3""","=""3d7.(4F).4p""","=""y 3D*""","=""2""",,"=""T5720""","=""L11631""",
"=""561.56435""","=""0.00009""","=""561.56436""","=""0.00004""","=""37200""","=""2.38e+08""","=""1.02e-01""","=""0.050""",B,"=""3.33201954""","=""5.53924278""","=""3d6.(5D).4s.4p.(3P*)""","=""z 5F*""","=""5""","=""3d6.(5D).4s (6D).5s""","=""e 5D""","=""4""",,"=""T5783""","=""L11631""",
"=""561.86324""","=""0.00009""","=""561.86321""","=""0.00004""","=""355""","=""1.12e+07""","=""1.06e-02""","=""-1.276""",C+,"=""4.20888328""","=""6.41493251""","=""3d6.(5D).4s.4p.(3P*)""","=""z 3P*""","=""2""","=""3d6.(5D).4s (4D).5s""","=""e 3D""","=""2""",,"=""T5720""","=""L11631""",
"=""561.95950""","=""0.00009""","=""561.95951""","=""0.00004""","=""105""","=""4.6e+06""","=""1.9e-03""","=""-1.67""",E,"=""4.38646275""","=""6.59213395""","=""3d7.(4F).4p""","=""z 3G*""","=""5""","=""3d7.(4F).4d""","=""f 5G""","=""6""",,"=""T2578n""","=""L11631""",
"=""562.04920""","=""0.00009""","=""562.04927""","=""0.00004""","=""141""","=""3.7e+06""","=""2.5e-03""","=""-1.75""",E,"=""4.15435379""","=""6.35967275""","=""3d7.(4F).4p""","=""y 5D*""","=""3""","=""3d6.(5D).4s (4D).5s""","=""e 3D""","=""3""",,"=""T2578n""","=""L11631""",
"=""562.40216""","=""0.00009""","=""562.40213""","=""0.00004""","=""282""","=""7.5e+06""","=""3.2e-03""","=""-1.45""",E,"=""4.38646275""","=""6.59039805""","=""3d7.(4F).4p""","=""z 3G*""","=""5""","=""3d7.(4F).4d""","=""h 5D""","=""4""",,"=""T2578n""","=""L11631""",
"=""562.45418""","=""0.00009""","=""562.45418""","=""0.00004""","=""5900""","=""3.70e+07""","=""3.52e-02""","=""-0.755""",B,"=""3.41695281""","=""5.62068415""","=""3d6.(5D).4s.4p.(3P*)""","=""z 5F*""","=""2""","=""3d6.(5D).4s (6D).5s""","=""e 5D""","=""2""",,"=""T5783""","=""L11631""",
"=""563.39461""","=""0.00010""","=""563.39459""","=""0.00007""","=""417""","=""1.0e+08""","=""4.3e-02""","=""-0.32""",E,"=""4.99127081""","=""7.19132379""","=""3d6.(5D).4s.4p.(1P*)""","=""x 5F*""","=""5""","=""3d6.(5D).4s (4D).4d""","=""g 5G""","=""6""",,"=""T2578n""","=""L11631""",
"=""563.58222""","=""0.00010""","=""563.58220""","=""0.00004""","=""158""","=""2.9e+06""","=""2.0e-03""","=""-1.86""",E,"=""4.25622280""","=""6.45554341""","=""3d7.(4F).4p""","=""y 5F*""","=""3""","=""3d6.(5D).4s (6D).4d""","=""e 5P""","=""2""",,"=""T2578n""","=""L11631""",
"=""563.66958""","=""0.00010""","=""563.66955""","=""0.00004""","=""110""","=""5.8e+05""","=""5.6e-04""","=""-2.56""",E,"=""3.63977237""","=""5.83875215""","=""3d6.4s2""","=""b 3D""","=""2""","=""3d6.(3F2).4s.4p.(3P*)""","=""x 3F*""","=""3""",,"=""T2578n""","=""L11631""",
"=""563.82618""","=""0.00010""","=""563.82618""","=""0.00004""","=""1000""","=""3.1e+07""","=""1.6e-02""","=""-0.84""",D,"=""4.22036211""","=""6.41873101""","=""3d7.(4F).4p""","=""y 5F*""","=""4""","=""3d6.(5D).4s (4D).5s""","=""g 5D""","=""3""",,"=""T2578n""","=""L11631""",
"=""""","=""""","=""563.95509""","=""0.00003""","=""""","=""7.0e-01""","=""3.7e-10""","=""-8.5""",E,"=""0.0000000""","=""2.19786640""","=""3d6.4s2""","=""a 5D""","=""4""","=""3d7.(4P).4s""","=""a 5P""","=""2""",E2,"=""T6409""","=""""",
"=""564.14336""","=""0.00010""","=""564.14340""","=""0.00004""","=""457""","=""1.5e+07""","=""1.0e-02""","=""-1.15""",D,"=""4.25622280""","=""6.45335558""","=""3d7.(4F).4p""","=""y 5F*""","=""3""","=""3d6.(5D).4s (4D).5s""","=""g 5D""","=""2""",,"=""T2578n""","=""L11631""",
"=""564.27509""","=""0.00010""","=""564.27504""","=""0.00004""","=""26""","=""1.6e+06""","=""1.1e-03""","=""-2.10""",E,"=""4.60759327""","=""6.80421351""","=""3d7.(4F).4p""","=""y 3F*""","=""3""","=""3d7.(4F).4d""","=""e 3P""","=""2""",,"=""T2578n""","=""L11631""",
"=""564.39258""","=""0.00010""","=""564.39262""","=""0.00007""","=""51""","=""2.0e+06""","=""1.1e-03""","=""-2.01""",E,"=""4.07581091""","=""6.27197352""","=""3d8""","=""c 3F""","=""4""","=""3d7.(2G).4p""","=""z 1F*""","=""3""",,"=""T2578n""","=""L11631""",
"=""564.96303""","=""0.00010""","=""564.96300""","=""0.00005""","=""115""","=""4.0e+05""","=""1.5e-04""","=""-2.72""",E,"=""3.63434980""","=""5.82829520""","=""3d6.4s2""","=""a 1I""","=""6""","=""3d6.(3H).4s.4p.(3P*)""","=""z 3H*""","=""5""",,"=""T2578n""","=""L11631""",
"=""564.99869""","=""0.00010""","=""564.99867""","=""0.00010""","=""110""","=""2.6e+07""","=""4.0e-02""","=""-0.92""",E,"=""5.09954435""","=""7.2933513""","=""3d6.(5D).4s.4p.(1P*)""","=""x 5F*""","=""1""","=""3d6.(5D).4s (4D).4d""","=""g 5G""","=""2""",,"=""T2578n""","=""L11631""",
"=""565.0705""","=""0.0006""","=""565.07052""","=""0.00010""","=""760bl""","=""2.3e+07""","=""2.2e-02""","=""-0.96""",E,"=""5.08559017""","=""7.2791181""","=""3d6.(5D).4s.4p.(1P*)""","=""x 5F*""","=""2""","=""3d6.(5D).4s (4D).4d""","=""g 5G""","=""3""",,"=""T2578n""","=""L11631""",
"=""565.23176""","=""0.00010""","=""565.23173""","=""0.00005""","=""107""","=""2.5e+06""","=""4.0e-03""","=""-1.92""",E,"=""4.26045326""","=""6.45335558""","=""3d6.(5D).4s.4p.(3P*)""","=""z 3P*""","=""1""","=""3d6.(5D).4s (4D).5s""","=""g 5D""","=""2""",,"=""T2578n""","=""L11631""",
"=""565.38664""","=""0.00010""","=""565.38645""","=""0.00005""","=""135""","=""5.1e+06""","=""2.2e-03""","=""-1.61""",E,"=""4.38646275""","=""6.57876498""","=""3d7.(4F).4p""","=""z 3G*""","=""5""","=""3d7.(4F).4d""","=""g 5F""","=""5""",,"=""T2578n""","=""L11631""",
"=""565.51761""","=""0.00010""","=""565.51761""","=""0.00007""","=""155""","=""4.2e+07""","=""2.9e-02""","=""-0.69""",E,"=""5.06378173""","=""7.25557550""","=""3d6.(5D).4s.4p.(1P*)""","=""x 5F*""","=""3""","=""3d6.(5D).4s (4D).4d""","=""g 5G""","=""4""",,"=""T2578n""","=""L11631""",
"=""""","=""""","=""565.64016""","=""0.00005""","=""""","=""9.0e-03""","=""8.6e-12""","=""-10.4""",E,"=""0.08728574""","=""2.27860466""","=""3d6.4s2""","=""a 5D""","=""2""","=""3d6.4s2""","=""a 3P2""","=""2""",E2,"=""T6409""","=""""",
"=""565.85313""","=""0.00010""","=""565.85313""","=""0.00005""","=""398""","=""2.90e+06""","=""4.64e-03""","=""-1.856""",B,"=""3.43018998""","=""5.62068415""","=""3d6.(5D).4s.4p.(3P*)""","=""z 5F*""","=""1""","=""3d6.(5D).4s (6D).5s""","=""e 5D""","=""2""",,"=""T5783""","=""L11631""",
"=""565.86575""","=""0.00010""","=""565.86572""","=""0.00005""","=""295""","=""1.36e+07""","=""1.30e-02""","=""-1.186""",C+,"=""4.28330826""","=""6.47375371""","=""3d7.(4F).4p""","=""y 5F*""","=""2""","=""3d6.(5D).4s (4D).5s""","=""g 5D""","=""1""",,"=""T6110""","=""L11631""",
"=""565.88160""","=""0.00010""","=""565.88161""","=""0.00005""","=""5400""","=""3.04e+07""","=""2.08e-02""","=""-0.836""",B,"=""3.39650880""","=""5.58689276""","=""3d6.(5D).4s.4p.(3P*)""","=""z 5F*""","=""3""","=""3d6.(5D).4s (6D).5s""","=""e 5D""","=""3""",,"=""T5720""","=""L11631""",
"=""566.08008""","=""0.00010""","=""566.08008""","=""0.00005""","=""41""","=""3.1e+05""","=""3.0e-04""","=""-2.83""",E,"=""3.63977237""","=""5.82938837""","=""3d6.4s2""","=""b 3D""","=""2""","=""3d7.(4P).4p""","=""w 3D*""","=""3""",,"=""T2578n""","=""L11631""",
"=""566.13451""","=""0.00010""","=""566.13445""","=""0.00005""","=""58""","=""3.66e+06""","=""1.75e-02""","=""-1.756""",B,"=""4.28434800""","=""6.47375371""","=""3d6.(5D).4s.4p.(3P*)""","=""z 3P*""","=""0""","=""3d6.(5D).4s (4D).5s""","=""g 5D""","=""1""",,"=""T6110""","=""L11631""",
"=""566.25158""","=""0.00010""","=""566.25159""","=""0.00005""","=""2090""","=""5.56e+07""","=""2.43e-02""","=""-0.573""",B,"=""4.17769679""","=""6.36664959""","=""3d7.(4F).4p""","=""y 5F*""","=""5""","=""3d6.(5D).4s (4D).5s""","=""g 5D""","=""4""",,"=""T5720""","=""L11631""",
"=""566.29376""","=""0.00010""","=""566.29374""","=""0.00005""","=""347""","=""2.20e+06""","=""1.18e-03""","=""-1.975""",C+,"=""3.69459719""","=""5.88338708""","=""3d6.4s2""","=""b 1G2""","=""4""","=""3d7.(2G).4p""","=""z 1G*""","=""4""",,"=""T5720""","=""L11631""",
"=""566.75176""","=""0.00010""","=""566.75177""","=""0.00005""","=""178""","=""5.51e+06""","=""2.41e-03""","=""-1.576""",C,"=""4.17769679""","=""6.36471779""","=""3d7.(4F).4p""","=""y 5F*""","=""5""","=""3d6.(5D).4s (6D).4d""","=""e 7G""","=""4""",,"=""T5720""","=""L11631""",
"=""566.7664""","=""0.0003""","=""566.76661""","=""0.00005""","=""2""","=""2.4e+05""","=""2.3e-04""","=""-2.94""",E,"=""2.60850194""","=""4.79546566""","=""3d6.4s2""","=""b 3F2""","=""2""","=""3d7.(4F).4p""","=""y 3D*""","=""2""",,"=""T2578n""","=""L11631""",
"=""567.90226""","=""0.00010""","=""567.90233""","=""0.00005""","=""389""","=""2.6e+07""","=""2.5e-02""","=""-0.90""",D,"=""4.65203107""","=""6.83462125""","=""3d7.(4F).4p""","=""y 3F*""","=""2""","=""3d7.(4F).4d""","=""f 3F""","=""3""",,"=""T2578n""","=""L11631""",
"=""568.02400""","=""0.00010""","=""568.02404""","=""0.00005""","=""55""","=""5.9e+05""","=""5.7e-04""","=""-2.54""",E,"=""4.18636440""","=""6.36848691""","=""3d8""","=""c 3F""","=""2""","=""3d7.(2D2).4p""","=""v 3F*""","=""3""",,"=""T2578n""","=""L11631""",
"=""568.65298""","=""0.00010""","=""568.65296""","=""0.00005""","=""720""","=""7.38e+07""","=""3.98e-02""","=""-0.446""",B+,"=""4.54850612""","=""6.72821528""","=""3d7.(4F).4p""","=""y 3F*""","=""4""","=""3d7.(4F).4d""","=""e 3H""","=""5""",,"=""T5720""","=""L11631""",
"=""569.14967""","=""0.00010""","=""569.14964""","=""0.00005""","=""182""","=""6.7e+06""","=""1.1e-02""","=""-1.49""",E,"=""4.30127816""","=""6.47908516""","=""3d7.(4F).4p""","=""y 5F*""","=""1""","=""3d6.(5D).4s (4D).5s""","=""g 5D""","=""0""",,"=""T2578n""","=""L11631""",
"=""569.60892""","=""0.00010""","=""569.60886""","=""0.00007""","=""30""","=""3.92e+06""","=""2.12e-03""","=""-1.720""",C+,"=""4.54850612""","=""6.72455738""","=""3d7.(4F).4p""","=""y 3F*""","=""4""","=""3d7.(4F).4d""","=""e 5H""","=""4""",,"=""T6110""","=""L11631""",
"=""""","=""""","=""569.63664""","=""0.00003""","=""""","=""8.4e-01""","=""4.5e-10""","=""-8.4""",E,"=""0.0000000""","=""2.17594512""","=""3d6.4s2""","=""a 5D""","=""4""","=""3d7.(4P).4s""","=""a 5P""","=""3""",E2,"=""T6409""","=""""",
"=""569.80196""","=""0.00010""","=""569.80200""","=""0.00005""","=""39""","=""4.8e+05""","=""4.7e-04""","=""-2.63""",E,"=""3.63977237""","=""5.81508605""","=""3d6.4s2""","=""b 3D""","=""2""","=""3d6.(3P2).4s.4p.(3P*)""","=""y 3P*""","=""1""",,"=""T2578n""","=""L11631""",
"=""570.15442""","=""0.00010""","=""570.15436""","=""0.00005""","=""1120""","=""1.25e+06""","=""6.76e-04""","=""-2.216""",C+,"=""2.55917148""","=""4.73314079""","=""3d6.4s2""","=""b 3F2""","=""4""","=""3d7.(4F).4p""","=""y 3D*""","=""3""",,"=""T4293""","=""L11631""",
"=""570.23475""","=""0.00010""","=""570.23476""","=""0.00005""","=""26""","=""3.2e+05""","=""3.1e-04""","=""-2.82""",E,"=""3.63977237""","=""5.81343520""","=""3d6.4s2""","=""b 3D""","=""2""","=""3d7.(4P).4p""","=""u 5D*""","=""2""",,"=""T2578n""","=""L11631""",
"=""570.54642""","=""0.00010""","=""570.54640""","=""0.00005""","=""182""","=""9.03e+06""","=""1.47e-02""","=""-1.355""",B,"=""4.30127816""","=""6.47375371""","=""3d7.(4F).4p""","=""y 5F*""","=""1""","=""3d6.(5D).4s (4D).5s""","=""g 5D""","=""1""",,"=""T6110""","=""L11631""",
"=""570.59918""","=""0.00010""","=""570.59918""","=""0.00005""","=""780""","=""5.5e+07""","=""3.9e-02""","=""-0.57""",D,"=""4.60759327""","=""6.77986785""","=""3d7.(4F).4p""","=""y 3F*""","=""3""","=""3d7.(4F).4d""","=""f 3F""","=""4""",,"=""T2578n""","=""L11631""",
"=""570.70491""","=""0.00010""","=""570.70492""","=""0.00005""","=""87""","=""9.0e+05""","=""6.4e-04""","=""-2.35""",E,"=""3.64164057""","=""5.81351269""","=""3d6.4s2""","=""b 3D""","=""3""","=""3d6.(3F2).4s.4p.(3P*)""","=""x 3F*""","=""4""",,"=""T2578n""","=""L11631""",
"=""570.80942""","=""0.00010""","=""570.80936""","=""0.00005""","=""151""","=""5.8e+06""","=""3.2e-03""","=""-1.54""",E,"=""4.43461275""","=""6.60608750""","=""3d7.(4F).4p""","=""z 3G*""","=""4""","=""3d7.(4F).4d""","=""f 5G""","=""5""",,"=""T2578n""","=""L11631""",
"=""""","=""""","=""570.89658""","=""0.00005""","=""""","=""4.5e-01""","=""3.1e-10""","=""-8.7""",E,"=""0.05156912""","=""2.22271209""","=""3d6.4s2""","=""a 5D""","=""3""","=""3d7.(4P).4s""","=""a 5P""","=""1""",E2,"=""T6409""","=""""",
"=""570.93779""","=""0.00010""","=""570.93776""","=""0.00005""","=""3160""","=""1.92e+07""","=""1.04e-02""","=""-1.028""",B,"=""3.36825640""","=""5.53924278""","=""3d6.(5D).4s.4p.(3P*)""","=""z 5F*""","=""4""","=""3d6.(5D).4s (6D).5s""","=""e 5D""","=""4""",,"=""T5783""","=""L11631""",
"=""571.18483""","=""0.00010""","=""571.18483""","=""0.00005""","=""219""","=""7.5e+06""","=""7.5e-03""","=""-1.43""",E,"=""4.28330826""","=""6.45335558""","=""3d7.(4F).4p""","=""y 5F*""","=""2""","=""3d6.(5D).4s (4D).5s""","=""g 5D""","=""2""",,"=""T2578n""","=""L11631""",
"=""571.21312""","=""0.00010""","=""571.21309""","=""0.00005""","=""302""","=""2.09e+06""","=""2.05e-03""","=""-1.990""",B,"=""3.41695281""","=""5.58689276""","=""3d6.(5D).4s.4p.(3P*)""","=""z 5F*""","=""2""","=""3d6.(5D).4s (6D).5s""","=""e 5D""","=""3""",,"=""T5783""","=""L11631""",
"=""""","=""""","=""571.59495""","=""0.00005""","=""""","=""1.7e-01""","=""2.8e-10""","=""-9.1""",E,"=""0.11011433""","=""2.27860466""","=""3d6.4s2""","=""a 5D""","=""1""","=""3d6.4s2""","=""a 3P2""","=""2""",M1,"=""T6409""","=""""",
"=""""","=""""","=""571.59495""","=""0.00005""","=""""","=""1.9e-02""","=""3.1e-11""","=""-10.0""",E,"=""0.11011433""","=""2.27860466""","=""3d6.4s2""","=""a 5D""","=""1""","=""3d6.4s2""","=""a 3P2""","=""2""",E2,"=""T6409""","=""""",
"=""571.78325""","=""0.00010""","=""571.78322""","=""0.00005""","=""500""","=""1.6e+07""","=""8.0e-02""","=""-1.10""",D,"=""4.28434800""","=""6.45212430""","=""3d6.(5D).4s.4p.(3P*)""","=""z 3P*""","=""0""","=""3d6.(5D).4s (4D).5s""","=""e 3D""","=""1""",,"=""T2578n""","=""L11631""",
"=""573.17619""","=""0.00010""","=""573.17616""","=""0.00005""","=""347""","=""1.1e+07""","=""7.7e-03""","=""-1.27""",D,"=""4.25622280""","=""6.41873101""","=""3d7.(4F).4p""","=""y 5F*""","=""3""","=""3d6.(5D).4s (4D).5s""","=""g 5D""","=""3""",,"=""T2578n""","=""L11631""",
"=""574.18480""","=""0.00010""","=""574.18474""","=""0.00005""","=""112""","=""4.30e+06""","=""3.03e-03""","=""-1.673""",C,"=""4.25622280""","=""6.41493251""","=""3d7.(4F).4p""","=""y 5F*""","=""3""","=""3d6.(5D).4s (4D).5s""","=""e 3D""","=""2""",,"=""T5720""","=""L11631""",
"=""574.29596""","=""0.00010""","=""574.29603""","=""0.00005""","=""25""","=""6.8e+05""","=""3.1e-04""","=""-2.47""",E,"=""4.17769679""","=""6.33598817""","=""3d7.(4F).4p""","=""y 5F*""","=""5""","=""3d6.(5D).4s (6D).4d""","=""f 5F""","=""5""",,"=""T2578n""","=""L11631""",
"=""""","=""""","=""574.54958""","=""0.00005""","=""""","=""1.0e-02""","=""5.0e-11""","=""-10.3""",E,"=""0.12126572""","=""2.27860466""","=""3d6.4s2""","=""a 5D""","=""0""","=""3d6.4s2""","=""a 3P2""","=""2""",E2,"=""T6409""","=""""",
"=""574.79538""","=""0.00010""","=""574.79536""","=""0.00005""","=""98""","=""7.9e+06""","=""5.6e-03""","=""-1.41""",E,"=""4.60759327""","=""6.76400977""","=""3d7.(4F).4p""","=""y 3F*""","=""3""","=""3d7.(4F).4d""","=""e 3H""","=""4""",,"=""T2578n""","=""L11631""",
"=""575.31223""","=""0.00010""","=""575.31220""","=""0.00005""","=""1020""","=""4.13e+07""","=""6.84e-02""","=""-0.688""",B,"=""4.26045326""","=""6.41493251""","=""3d6.(5D).4s.4p.(3P*)""","=""z 3P*""","=""1""","=""3d6.(5D).4s (4D).5s""","=""e 3D""","=""2""",,"=""T5720""","=""L11631""",
"=""575.44022""","=""0.00010""","=""575.44023""","=""0.00005""","=""35""","=""4.6e+05""","=""3.2e-04""","=""-2.65""",E,"=""3.64164057""","=""5.79564049""","=""3d6.4s2""","=""b 3D""","=""3""","=""3d7.(4P).4p""","=""u 5D*""","=""3""",,"=""T2578n""","=""L11631""",
"=""576.03442""","=""0.00010""","=""576.03436""","=""0.00005""","=""83""","=""7.5e+05""","=""5.2e-04""","=""-2.44""",E,"=""3.64164057""","=""5.79341882""","=""3d6.4s2""","=""b 3D""","=""3""","=""3d6.(3P2).4s.4p.(3P*)""","=""y 3P*""","=""2""",,"=""T2578n""","=""L11631""",
"=""576.24131""","=""0.00010""","=""576.24128""","=""0.00005""","=""100""","=""1.2e+06""","=""8.5e-04""","=""-2.23""",E,"=""3.64164057""","=""5.79264615""","=""3d6.4s2""","=""b 3D""","=""3""","=""3d7.(4P).4p""","=""u 5D*""","=""4""",,"=""T2578n""","=""L11631""",
"=""576.29918""","=""0.00010""","=""576.29918""","=""0.00005""","=""2040""","=""6.7e+07""","=""6.7e-02""","=""-0.47""",D,"=""4.20888328""","=""6.35967275""","=""3d6.(5D).4s.4p.(3P*)""","=""z 3P*""","=""2""","=""3d6.(5D).4s (4D).5s""","=""e 3D""","=""3""",,"=""T2491n""","=""L11631""",
"=""""","=""""","=""577.50539""","=""0.00005""","=""""","=""4.8e-02""","=""3.4e-11""","=""-9.6""",E,"=""0.05156912""","=""2.19786640""","=""3d6.4s2""","=""a 5D""","=""3""","=""3d7.(4P).4s""","=""a 5P""","=""2""",M1,"=""T6409""","=""""",
"=""577.50802""","=""0.00010""","=""577.50802""","=""0.00005""","=""331""","=""1.01e+07""","=""5.59e-03""","=""-1.298""",C+,"=""4.22036211""","=""6.36664959""","=""3d7.(4F).4p""","=""y 5F*""","=""4""","=""3d6.(5D).4s (4D).5s""","=""g 5D""","=""4""",,"=""T5720""","=""L11631""",
"=""577.8453""","=""0.0007""","=""577.84527""","=""0.00005""","=""58bl*""","=""7.42e+04""","=""5.31e-05""","=""-3.430""",C,"=""2.58810592""","=""4.73314079""","=""3d6.4s2""","=""b 3F2""","=""3""","=""3d7.(4F).4p""","=""y 3D*""","=""3""",,"=""T6110""","=""L11631""",
"=""578.05997""","=""0.00010""","=""578.05994""","=""0.00005""","=""112""","=""5.3e+05""","=""3.8e-04""","=""-2.57""",E,"=""3.24096914""","=""5.38520741""","=""3d6.(5D).4s.4p.(3P*)""","=""z 5D*""","=""3""","=""3d6.(5D).4s (6D).5s""","=""e 7D""","=""3""",,"=""T2578n""","=""L11631""",
"=""578.46580""","=""0.00010""","=""578.46577""","=""0.00005""","=""95""","=""5.85e+05""","=""4.20e-04""","=""-2.532""",C+,"=""3.39650880""","=""5.53924278""","=""3d6.(5D).4s.4p.(3P*)""","=""z 5F*""","=""3""","=""3d6.(5D).4s (6D).5s""","=""e 5D""","=""4""",,"=""T5783""","=""L11631""",
"=""579.10176""","=""0.00010""","=""579.10170""","=""0.00005""","=""162""","=""1.16e+06""","=""6.48e-04""","=""-2.234""",D+,"=""3.21118938""","=""5.35157038""","=""3d6.(5D).4s.4p.(3P*)""","=""z 5D*""","=""4""","=""3d6.(5D).4s (6D).5s""","=""e 7D""","=""4""",,"=""T5720""","=""L11631""",
"=""579.39144""","=""0.00010""","=""579.39144""","=""0.00005""","=""110""","=""4.3e+06""","=""2.4e-03""","=""-1.66""",E,"=""4.22036211""","=""6.35967275""","=""3d7.(4F).4p""","=""y 5F*""","=""4""","=""3d6.(5D).4s (4D).5s""","=""e 3D""","=""3""",,"=""T2578n""","=""L11631""",
"=""579.81710""","=""0.00010""","=""579.81710""","=""0.00005""","=""170""","=""2.8e+06""","=""2.9e-03""","=""-1.84""",E,"=""3.92860683""","=""6.06634697""","=""3d6.(5D).4s.4p.(3P*)""","=""z 3D*""","=""2""","=""3d7.(4F).5s""","=""e 3F""","=""2""",,"=""T2578n""","=""L11631""",
"=""580.40346""","=""0.00010""","=""580.40340""","=""0.00005""","=""89""","=""1.1e+06""","=""6.4e-04""","=""-2.24""",E,"=""3.88160368""","=""6.01718438""","=""3d6.(5D).4s.4p.(3P*)""","=""z 3F*""","=""4""","=""3d7.(4F).5s""","=""e 3F""","=""3""",,"=""T2578n""","=""L11631""",
"=""""","=""""","=""580.44536""","=""0.00005""","=""""","=""2.6e-01""","=""2.7e-10""","=""-8.9""",E,"=""0.08728574""","=""2.22271209""","=""3d6.4s2""","=""a 5D""","=""2""","=""3d7.(4P).4s""","=""a 5P""","=""1""",E2,"=""T6409""","=""""",
"=""580.44623""","=""0.00010""","=""580.44633""","=""0.00005""","=""25""","=""2.0e+06""","=""2.0e-03""","=""-2.01""",E,"=""4.28330826""","=""6.41873101""","=""3d7.(4F).4p""","=""y 5F*""","=""2""","=""3d6.(5D).4s (4D).5s""","=""g 5D""","=""3""",,"=""T2578n""","=""L11631""",
"=""580.67245""","=""0.00010""","=""580.67249""","=""0.00005""","=""204""","=""1.9e+07""","=""1.3e-02""","=""-1.03""",D,"=""4.60759327""","=""6.74218434""","=""3d7.(4F).4p""","=""y 3F*""","=""3""","=""3d7.(4F).4d""","=""e 3G""","=""3""",,"=""T2578n""","=""L11631""",
"=""580.92177""","=""0.00010""","=""580.92171""","=""0.00005""","=""219""","=""3.2e+06""","=""2.3e-03""","=""-1.79""",E,"=""3.88350907""","=""6.01718438""","=""3d6.(5D).4s.4p.(3P*)""","=""z 3D*""","=""3""","=""3d7.(4F).5s""","=""e 3F""","=""3""",,"=""T2578n""","=""L11631""",
"=""581.48071""","=""0.00010""","=""581.48069""","=""0.00005""","=""63""","=""2.3e+06""","=""2.3e-03""","=""-1.94""",E,"=""4.28330826""","=""6.41493251""","=""3d7.(4F).4p""","=""y 5F*""","=""2""","=""3d6.(5D).4s (4D).5s""","=""e 3D""","=""2""",,"=""T2578n""","=""L11631""",
"=""581.5217""","=""0.0007""","=""581.52168""","=""0.00005""","=""20bl*""","=""5.0e+05""","=""3.7e-04""","=""-2.58""",E,"=""4.15435379""","=""6.28582776""","=""3d7.(4F).4p""","=""y 5D*""","=""3""","=""3d6.(5D).4s (6D).4d""","=""f 5D""","=""2""",,"=""T2578n""","=""L11631""",
"=""581.63732""","=""0.00010""","=""581.63725""","=""0.00005""","=""447""","=""4.94e+07""","=""2.78e-02""","=""-0.601""",B,"=""4.54850612""","=""6.67955657""","=""3d7.(4F).4p""","=""y 3F*""","=""4""","=""3d7.(4F).4d""","=""e 5H""","=""5""",,"=""T5720""","=""L11631""",
"=""""","=""""","=""583.46468""","=""0.00005""","=""""","=""6.3e-01""","=""4.6e-10""","=""-8.5""",E,"=""0.05156912""","=""2.17594512""","=""3d6.4s2""","=""a 5D""","=""3""","=""3d7.(4P).4s""","=""a 5P""","=""3""",E2,"=""T6409""","=""""",
"=""583.83714""","=""0.00010""","=""583.83715""","=""0.00005""","=""44""","=""1.0e+06""","=""7.3e-04""","=""-2.29""",E,"=""3.94332623""","=""6.06634697""","=""3d6.(5D).4s.4p.(3P*)""","=""z 3F*""","=""3""","=""3d7.(4F).5s""","=""e 3F""","=""2""",,"=""T2578n""","=""L11631""",
"=""585.22184""","=""0.00010""","=""585.22181""","=""0.00005""","=""129""","=""9.9e+06""","=""5.5e-03""","=""-1.30""",E,"=""4.54850612""","=""6.66650376""","=""3d7.(4F).4p""","=""y 3F*""","=""4""","=""3d7.(4F).4d""","=""f 5G""","=""4""",,"=""T2578n""","=""L11631""",
"=""585.50762""","=""0.00010""","=""585.50752""","=""0.00008""","=""76""","=""6.47e+06""","=""4.75e-03""","=""-1.478""",B,"=""4.60759327""","=""6.72455738""","=""3d7.(4F).4p""","=""y 3F*""","=""3""","=""3d7.(4F).4d""","=""e 5H""","=""4""",,"=""T6110""","=""L11631""",
"=""585.60876""","=""0.00010""","=""585.60877""","=""0.00005""","=""115""","=""9.15e+06""","=""9.40e-03""","=""-1.328""",C,"=""4.29441489""","=""6.41101300""","=""3d6.4s2""","=""b 1D2""","=""2""","=""3d7.(2P).4p""","=""y 1D*""","=""2""",,"=""T5720""","=""L11631""",
"=""""","=""""","=""586.71767""","=""0.00005""","=""""","=""6.3e-02""","=""1.1e-10""","=""-9.5""",E,"=""0.11011433""","=""2.22271209""","=""3d6.4s2""","=""a 5D""","=""1""","=""3d7.(4P).4s""","=""a 5P""","=""1""",E2,"=""T6409""","=""""",
"=""""","=""""","=""587.27841""","=""0.00005""","=""""","=""1.7e-01""","=""1.8e-10""","=""-9.0""",E,"=""0.08728574""","=""2.19786640""","=""3d6.4s2""","=""a 5D""","=""2""","=""3d7.(4P).4s""","=""a 5P""","=""2""",E2,"=""T6409""","=""""",
"=""587.9487""","=""0.0007""","=""587.94874""","=""0.00005""","=""18bl*""","=""1.5e+06""","=""1.5e-03""","=""-2.12""",E,"=""4.60695104""","=""6.71512541""","=""3d6.(5D).4s.4p.(1P*)""","=""y 5P*""","=""2""","=""3d7.(4F).4d""","=""f 5G""","=""3""",,"=""T2578n""","=""L11631""",
"=""588.38166""","=""0.00010""","=""588.38163""","=""0.00005""","=""520""","=""9.5e+06""","=""1.6e-02""","=""-1.31""",D,"=""3.95972364""","=""6.06634697""","=""3d6.(5D).4s.4p.(3P*)""","=""z 3D*""","=""1""","=""3d7.(4F).5s""","=""e 3F""","=""2""",,"=""T2578n""","=""L11631""",
"=""590.56716""","=""0.00010""","=""590.56710""","=""0.00005""","=""288""","=""3.3e+07""","=""3.4e-02""","=""-0.77""",D,"=""4.65203107""","=""6.75085864""","=""3d7.(4F).4p""","=""y 3F*""","=""2""","=""3d7.(4F).4d""","=""f 3D""","=""1""",,"=""T2578n""","=""L11631""",
"=""590.99732""","=""0.00010""","=""590.99722""","=""0.00005""","=""71""","=""4.94e+05""","=""2.88e-04""","=""-2.587""",C+,"=""3.21118938""","=""5.30848946""","=""3d6.(5D).4s.4p.(3P*)""","=""z 5D*""","=""4""","=""3d6.(5D).4s (6D).5s""","=""e 7D""","=""5""",,"=""T6110""","=""L11631""",
"=""591.62470""","=""0.00011""","=""591.62470""","=""0.00005""","=""309""","=""1.94e+05""","=""1.13e-04""","=""-2.994""",B,"=""2.45343044""","=""4.54850612""","=""3d6.4s2""","=""a 3H""","=""4""","=""3d7.(4F).4p""","=""y 3F*""","=""4""",,"=""T4187""","=""L11631""",
"=""592.77887""","=""0.00011""","=""592.77884""","=""0.00005""","=""129""","=""1.6e+07""","=""1.7e-02""","=""-1.07""",E,"=""4.65203107""","=""6.74302768""","=""3d7.(4F).4p""","=""y 3F*""","=""2""","=""3d7.(4F).4d""","=""g 5F""","=""1""",,"=""T2578n""","=""L11631""",
"=""592.96768""","=""0.00011""","=""592.96758""","=""0.00005""","=""123""","=""7.7e+06""","=""4.6e-03""","=""-1.38""",E,"=""4.54850612""","=""6.63883718""","=""3d7.(4F).4p""","=""y 3F*""","=""4""","=""3d7.(4F).4d""","=""h 5D""","=""3""",,"=""T2578n""","=""L11631""",
"=""""","=""""","=""593.44217""","=""0.00005""","=""""","=""2.7e-01""","=""2.9e-10""","=""-8.8""",E,"=""0.08728574""","=""2.17594512""","=""3d6.4s2""","=""a 5D""","=""2""","=""3d7.(4P).4s""","=""a 5P""","=""3""",E2,"=""T6409""","=""""",
"=""593.46546""","=""0.00011""","=""593.46542""","=""0.00005""","=""740""","=""1.4e+07""","=""1.5e-02""","=""-1.12""",D,"=""3.92860683""","=""6.01718438""","=""3d6.(5D).4s.4p.(3P*)""","=""z 3D*""","=""2""","=""3d7.(4F).5s""","=""e 3F""","=""3""",,"=""T2578n""","=""L11631""",
"=""""","=""""","=""593.70008""","=""0.00005""","=""""","=""2.7e-01""","=""4.7e-10""","=""-8.9""",E,"=""0.11011433""","=""2.19786640""","=""3d6.4s2""","=""a 5D""","=""1""","=""3d7.(4P).4s""","=""a 5P""","=""2""",E2,"=""T6409""","=""""",
"=""595.27180""","=""0.00011""","=""595.27177""","=""0.00005""","=""347""","=""7.5e+06""","=""8.1e-03""","=""-1.39""",D,"=""3.98410712""","=""6.06634697""","=""3d6.(5D).4s.4p.(3P*)""","=""z 3F*""","=""2""","=""3d7.(4F).5s""","=""e 3F""","=""2""",,"=""T2578n""","=""L11631""",
"=""595.66940""","=""0.00011""","=""595.66934""","=""0.00005""","=""407""","=""4.64e+03""","=""2.24e-06""","=""-4.608""",B+,"=""0.85899575""","=""2.93984587""","=""3d7.(4F).4s""","=""a 5F""","=""5""","=""3d6.(5D).4s.4p.(3P*)""","=""z 7P*""","=""4""",,"=""T4920""","=""L11631""",
"=""""","=""""","=""596.88829""","=""0.00005""","=""""","=""1.2e-01""","=""6.4e-10""","=""-9.2""",E,"=""0.12126572""","=""2.19786640""","=""3d6.4s2""","=""a 5D""","=""0""","=""3d7.(4P).4s""","=""a 5P""","=""2""",E2,"=""T6409""","=""""",
"=""""","=""""","=""600.00010""","=""0.00005""","=""""","=""6.0e-02""","=""1.1e-10""","=""-9.5""",E,"=""0.11011433""","=""2.17594512""","=""3d6.4s2""","=""a 5D""","=""1""","=""3d7.(4P).4s""","=""a 5P""","=""3""",E2,"=""T6409""","=""""",
"=""601.22095""","=""0.00011""","=""601.22095""","=""0.00005""","=""56""","=""1.69e+04""","=""3.05e-05""","=""-4.038""",C+,"=""2.22271209""","=""4.28434800""","=""3d7.(4P).4s""","=""a 5P""","=""1""","=""3d6.(5D).4s.4p.(3P*)""","=""z 3P*""","=""0""",,"=""T5783""","=""L11631""",
"=""602.70505""","=""0.00011""","=""602.70506""","=""0.00005""","=""600""","=""1.50e+07""","=""9.05e-03""","=""-1.089""",C+,"=""4.07581091""","=""6.13237029""","=""3d8""","=""c 3F""","=""4""","=""3d7.(2G).4p""","=""v 3G*""","=""5""",,"=""T5720""","=""L11631""",
"=""606.5482""","=""0.0007""","=""606.54814""","=""0.00005""","=""4790bl*""","=""5.35e+06""","=""5.90e-03""","=""-1.530""",B,"=""2.60850194""","=""4.65203107""","=""3d6.4s2""","=""b 3F2""","=""2""","=""3d7.(4F).4p""","=""y 3F*""","=""2""",,"=""T4293""","=""L11631""",
"=""607.90089""","=""0.00011""","=""607.90074""","=""0.00005""","=""148""","=""1.4e+07""","=""1.6e-02""","=""-1.10""",E,"=""4.65203107""","=""6.69101333""","=""3d7.(4F).4p""","=""y 3F*""","=""2""","=""3d7.(4F).4d""","=""h 5D""","=""2""",,"=""T2578n""","=""L11631""",
"=""608.27102""","=""0.00011""","=""608.27099""","=""0.00005""","=""166""","=""4.83e+04""","=""8.91e-05""","=""-3.573""",B,"=""2.22271209""","=""4.26045326""","=""3d7.(4P).4s""","=""a 5P""","=""1""","=""3d6.(5D).4s.4p.(3P*)""","=""z 3P*""","=""1""",,"=""T4187""","=""L11631""",
"=""608.52587""","=""0.00011""","=""608.52576""","=""0.00005""","=""79""","=""3.50e+05""","=""2.77e-04""","=""-2.712""",D+,"=""2.75857762""","=""4.79546566""","=""3d7.(2G).4s""","=""a 3G""","=""3""","=""3d7.(4F).4p""","=""y 3D*""","=""2""",,"=""T5720""","=""L11631""",
"=""609.36440""","=""0.00011""","=""609.36422""","=""0.00005""","=""68""","=""6.0e+06""","=""4.8e-03""","=""-1.47""",E,"=""4.60759327""","=""6.64167865""","=""3d7.(4F).4p""","=""y 3F*""","=""3""","=""3d7.(4F).4d""","=""f 5P""","=""2""",,"=""T2578n""","=""L11631""",
"=""609.43732""","=""0.00011""","=""609.43725""","=""0.00005""","=""33""","=""2.2e+06""","=""2.4e-03""","=""-1.92""",E,"=""4.65203107""","=""6.68587270""","=""3d7.(4F).4p""","=""y 3F*""","=""2""","=""3d7.(4F).4d""","=""f 5P""","=""1""",,"=""T2578n""","=""L11631""",
"=""609.66649""","=""0.00011""","=""609.66638""","=""0.00005""","=""141""","=""2.4e+06""","=""2.6e-03""","=""-1.88""",E,"=""3.98410712""","=""6.01718438""","=""3d6.(5D).4s.4p.(3P*)""","=""z 3F*""","=""2""","=""3d7.(4F).5s""","=""e 3F""","=""3""",,"=""T2578n""","=""L11631""",
"=""610.32935""","=""0.00011""","=""610.32931""","=""0.00005""","=""71""","=""1.37e+07""","=""1.09e-02""","=""-1.117""",C,"=""4.73314079""","=""6.76400977""","=""3d7.(4F).4p""","=""y 3D*""","=""3""","=""3d7.(4F).4d""","=""e 3H""","=""4""",,"=""T5720""","=""L11631""",
"=""612.02490""","=""0.00011""","=""612.02457""","=""0.00005""","=""34""","=""1.91e+02""","=""1.19e-07""","=""-5.970""",B+,"=""0.91460217""","=""2.93984587""","=""3d7.(4F).4s""","=""a 5F""","=""4""","=""3d6.(5D).4s.4p.(3P*)""","=""z 7P*""","=""4""",,"=""T4920""","=""L11631""",
"=""612.79062""","=""0.00011""","=""612.79059""","=""0.00008""","=""257""","=""7.08e+06""","=""5.70e-03""","=""-1.399""",D+,"=""4.14264893""","=""6.16536100""","=""3d8""","=""c 3F""","=""3""","=""3d7.(2G).4p""","=""y 3H*""","=""4""",,"=""T5720""","=""L11631""",
"=""613.66149""","=""0.00011""","=""613.66146""","=""0.00005""","=""112""","=""7.07e+06""","=""4.42e-03""","=""-1.400""",B,"=""2.45343044""","=""4.47327202""","=""3d6.4s2""","=""a 3H""","=""4""","=""3d7.(4F).4p""","=""z 3G*""","=""3""",,"=""T4187""","=""L11631""",
"=""613.69943""","=""0.00011""","=""613.69936""","=""0.00005""","=""245""","=""1.99e+05""","=""2.24e-04""","=""-2.950""",B,"=""2.19786640""","=""4.21758325""","=""3d7.(4P).4s""","=""a 5P""","=""2""","=""3d7.(4F).4p""","=""y 5D*""","=""1""",,"=""T4187""","=""L11631""",
"=""613.76913""","=""0.00011""","=""613.76910""","=""0.00005""","=""6800""","=""7.00e+06""","=""5.65e-03""","=""-1.403""",B,"=""2.58810592""","=""4.60759327""","=""3d6.4s2""","=""b 3F2""","=""3""","=""3d7.(4F).4p""","=""y 3F*""","=""3""",,"=""T4293""","=""L11631""",
"=""614.17316""","=""0.00011""","=""614.17305""","=""0.00005""","=""510""","=""6.15e+06""","=""4.96e-03""","=""-1.459""",B,"=""3.60252504""","=""5.62068415""","=""3d6.(5D).4s.4p.(3P*)""","=""z 5P*""","=""3""","=""3d6.(5D).4s (6D).5s""","=""e 5D""","=""2""",,"=""T5783""","=""L11631""",
"=""614.78343""","=""0.00011""","=""614.78340""","=""0.00005""","=""209""","=""3.76e+06""","=""2.37e-03""","=""-1.671""",C+,"=""4.07581091""","=""6.09196644""","=""3d8""","=""c 3F""","=""4""","=""3d6.(3F2).4s.4p.(3P*)""","=""v 3D*""","=""3""",,"=""T5720""","=""L11631""",
"=""615.16177""","=""0.00011""","=""615.16170""","=""0.00005""","=""132""","=""8.85e+04""","=""7.18e-05""","=""-3.299""",B,"=""2.17594512""","=""4.19086081""","=""3d7.(4P).4s""","=""a 5P""","=""3""","=""3d7.(4F).4p""","=""y 5D*""","=""2""",,"=""T4187""","=""L11631""",
"=""615.77280""","=""0.00011""","=""615.77276""","=""0.00005""","=""550""","=""1.1e+07""","=""6.8e-03""","=""-1.22""",D,"=""4.07581091""","=""6.08872711""","=""3d8""","=""c 3F""","=""4""","=""3d7.(2G).4p""","=""w 3F*""","=""4""",,"=""T2578n""","=""L11631""",
"=""616.35441""","=""0.00011""","=""616.35434""","=""0.00005""","=""105""","=""4.22e+04""","=""4.81e-05""","=""-3.619""",C+,"=""2.19786640""","=""4.20888328""","=""3d7.(4P).4s""","=""a 5P""","=""2""","=""3d6.(5D).4s.4p.(3P*)""","=""z 3P*""","=""2""",,"=""T5783""","=""L11631""",
"=""616.53599""","=""0.00011""","=""616.53595""","=""0.00005""","=""204""","=""5.89e+06""","=""4.80e-03""","=""-1.474""",C+,"=""4.14264893""","=""6.15307342""","=""3d8""","=""c 3F""","=""3""","=""3d7.(2G).4p""","=""v 3G*""","=""4""",,"=""T5720""","=""L11631""",
"=""617.33352""","=""0.00011""","=""617.33340""","=""0.00005""","=""240""","=""2.31e+05""","=""4.39e-04""","=""-2.880""",B,"=""2.22271209""","=""4.23053960""","=""3d7.(4P).4s""","=""a 5P""","=""1""","=""3d7.(4F).4p""","=""y 5D*""","=""0""",,"=""T4187""","=""L11631""",
"=""618.02038""","=""0.00011""","=""618.02019""","=""0.00005""","=""195""","=""3.91e+05""","=""2.49e-04""","=""-2.649""",D+,"=""2.72754450""","=""4.73314079""","=""3d7.(2G).4s""","=""a 3G""","=""4""","=""3d7.(4F).4p""","=""y 3D*""","=""3""",,"=""T5720""","=""L11631""",
"=""618.79900""","=""0.00011""","=""618.79889""","=""0.00005""","=""191""","=""3.7e+06""","=""3.1e-03""","=""-1.67""",E,"=""3.94332623""","=""5.94639870""","=""3d6.(5D).4s.4p.(3P*)""","=""z 3F*""","=""3""","=""3d7.(4F).5s""","=""e 3F""","=""4""",,"=""T2578n""","=""L11631""",
"=""619.1558""","=""0.0008""","=""619.15572""","=""0.00005""","=""6000bl*""","=""6.67e+06""","=""3.49e-03""","=""-1.416""",C+,"=""2.43269470""","=""4.43461275""","=""3d6.4s2""","=""a 3H""","=""5""","=""3d7.(4F).4p""","=""z 3G*""","=""4""",,"=""T5720""","=""L11631""",
"=""620.03125""","=""0.00012""","=""620.03122""","=""0.00005""","=""550""","=""6.34e+05""","=""7.31e-04""","=""-2.437""",C+,"=""2.60850194""","=""4.60759327""","=""3d6.4s2""","=""b 3F2""","=""2""","=""3d7.(4F).4p""","=""y 3F*""","=""3""",,"=""T4293""","=""L11631""",
"=""621.34299""","=""0.00012""","=""621.34291""","=""0.00005""","=""457""","=""5.70e+05""","=""1.10e-03""","=""-2.482""",D+,"=""2.22271209""","=""4.21758325""","=""3d7.(4P).4s""","=""a 5P""","=""1""","=""3d7.(4F).4p""","=""y 5D*""","=""1""",,"=""T5720""","=""L11631""",
"=""621.51434""","=""0.00012""","=""621.51431""","=""0.00005""","=""219""","=""8.26e+06""","=""9.57e-03""","=""-1.320""",C+,"=""4.18636440""","=""6.18068544""","=""3d8""","=""c 3F""","=""2""","=""3d7.(2G).4p""","=""v 3G*""","=""3""",,"=""T5720""","=""L11631""",
"=""621.92806""","=""0.00012""","=""621.92802""","=""0.00005""","=""780""","=""6.35e+05""","=""7.38e-04""","=""-2.433""",B,"=""2.19786640""","=""4.19086081""","=""3d7.(4P).4s""","=""a 5P""","=""2""","=""3d7.(4F).4p""","=""y 5D*""","=""2""",,"=""T4187""","=""L11631""",
"=""622.9228""","=""0.0003""","=""622.92256""","=""0.00005""","=""89""","=""2.69e+05""","=""5.22e-04""","=""-2.805""",D+,"=""2.84504259""","=""4.83485507""","=""3d7.(4P).4s""","=""b 3P""","=""1""","=""3d7.(4F).4p""","=""y 3D*""","=""1""",,"=""T5783""","=""L11631""",
"=""623.07226""","=""0.00012""","=""623.07219""","=""0.00005""","=""6600""","=""8.99e+06""","=""5.82e-03""","=""-1.281""",B,"=""2.55917148""","=""4.54850612""","=""3d6.4s2""","=""b 3F2""","=""4""","=""3d7.(4F).4p""","=""y 3F*""","=""4""",,"=""T4293""","=""L11631""",
"=""""","=""""","=""623.12605""","=""0.00005""","=""""","=""8.5e-01""","=""7.1e-10""","=""-8.3""",E,"=""1.55735733""","=""3.54652001""","=""3d7.(4F).4s""","=""a 3F""","=""3""","=""3d7.(2D2).4s""","=""a 1D""","=""2""",M1,"=""T6409""","=""""",
"=""623.26408""","=""0.00012""","=""623.26400""","=""0.00005""","=""790""","=""1.03e+07""","=""1.20e-02""","=""-1.223""",B,"=""3.65369332""","=""5.64241573""","=""3d6.(5D).4s.4p.(3P*)""","=""z 5P*""","=""2""","=""3d6.(5D).4s (6D).5s""","=""e 5D""","=""1""",,"=""T6110""","=""L11631""",
"=""624.06458""","=""0.00012""","=""624.06459""","=""0.00005""","=""288""","=""1.15e+05""","=""2.24e-04""","=""-3.173""",D+,"=""2.22271209""","=""4.20888328""","=""3d7.(4P).4s""","=""a 5P""","=""1""","=""3d6.(5D).4s.4p.(3P*)""","=""z 3P*""","=""2""",,"=""T5720""","=""L11631""",
"=""624.63184""","=""0.00012""","=""624.63177""","=""0.00006""","=""4900""","=""2.27e+07""","=""1.90e-02""","=""-0.877""",B,"=""3.60252504""","=""5.58689276""","=""3d6.(5D).4s.4p.(3P*)""","=""z 5P*""","=""3""","=""3d6.(5D).4s (6D).5s""","=""e 5D""","=""3""",,"=""T5720""","=""L11631""",
"=""625.25550""","=""0.00012""","=""625.25546""","=""0.00006""","=""9500""","=""3.51e+06""","=""1.58e-03""","=""-1.687""",B,"=""2.40407444""","=""4.38646275""","=""3d6.4s2""","=""a 3H""","=""6""","=""3d7.(4F).4p""","=""z 3G*""","=""5""",,"=""T4187""","=""L11631""",
"=""625.42581""","=""0.00012""","=""625.42574""","=""0.00006""","=""5100""","=""6.39e+05""","=""7.50e-04""","=""-2.426""",C+,"=""2.27860466""","=""4.26045326""","=""3d6.4s2""","=""a 3P2""","=""2""","=""3d6.(5D).4s.4p.(3P*)""","=""z 3P*""","=""1""",,"=""T5720""","=""L11631""",
"=""625.63611""","=""0.00012""","=""625.63608""","=""0.00006""","=""1380""","=""6.66e+05""","=""4.34e-04""","=""-2.408""",C,"=""2.45343044""","=""4.43461275""","=""3d6.4s2""","=""a 3H""","=""4""","=""3d7.(4F).4p""","=""z 3G*""","=""4""",,"=""T5720""","=""L11631""",
"=""626.51335""","=""0.00012""","=""626.51320""","=""0.00006""","=""2690""","=""4.79e+05""","=""4.03e-04""","=""-2.550""",B,"=""2.17594512""","=""4.15435379""","=""3d7.(4P).4s""","=""a 5P""","=""3""","=""3d7.(4F).4p""","=""y 5D*""","=""3""",,"=""T4187""","=""L11631""",
"=""627.02246""","=""0.00012""","=""627.02231""","=""0.00006""","=""760""","=""4.17e+05""","=""2.46e-03""","=""-2.609""",D,"=""2.85805275""","=""4.83485507""","=""3d7.(4P).4s""","=""b 3P""","=""0""","=""3d7.(4F).4p""","=""y 3D*""","=""1""",,"=""T5720""","=""L11631""",
"=""627.1278""","=""0.0003""","=""627.12776""","=""0.00006""","=""200""","=""3.36e+05""","=""1.80e-04""","=""-2.703""",C+,"=""3.33201954""","=""5.30848946""","=""3d6.(5D).4s.4p.(3P*)""","=""z 5F*""","=""5""","=""3d6.(5D).4s (6D).5s""","=""e 7D""","=""5""",,"=""T6110""","=""L11631""",
"=""628.06178""","=""0.00012""","=""628.06167""","=""0.00006""","=""3800""","=""6.89e+03""","=""3.70e-06""","=""-4.390""",B+,"=""0.85899575""","=""2.83252676""","=""3d7.(4F).4s""","=""a 5F""","=""5""","=""3d6.(5D).4s.4p.(3P*)""","=""z 7F*""","=""5""",,"=""T4920""","=""L11631""",
"=""629.77927""","=""0.00012""","=""629.77923""","=""0.00006""","=""4680""","=""3.06e+05""","=""6.07e-04""","=""-2.740""",B,"=""2.22271209""","=""4.19086081""","=""3d7.(4P).4s""","=""a 5P""","=""1""","=""3d7.(4F).4p""","=""y 5D*""","=""2""",,"=""T4187""","=""L11631""",
"=""630.15008""","=""0.00012""","=""630.14996""","=""0.00006""","=""33100""","=""3.22e+07""","=""3.83e-02""","=""-0.718""",B,"=""3.65369332""","=""5.62068415""","=""3d6.(5D).4s.4p.(3P*)""","=""z 5P*""","=""2""","=""3d6.(5D).4s (6D).5s""","=""e 5D""","=""2""",,"=""T5783""","=""L11631""",
"=""631.14999""","=""0.00012""","=""631.14991""","=""0.00006""","=""1000""","=""1.21e+05""","=""1.45e-04""","=""-3.141""",C+,"=""2.83159117""","=""4.79546566""","=""3d7.(4P).4s""","=""b 3P""","=""2""","=""3d7.(4F).4p""","=""y 3D*""","=""2""",,"=""T6110""","=""L11631""",
"=""631.53063""","=""0.00012""","=""631.53056""","=""0.00006""","=""7400""","=""9.80e+06""","=""8.37e-03""","=""-1.232""",C,"=""4.14264893""","=""6.10533975""","=""3d8""","=""c 3F""","=""3""","=""3d7.(2G).4p""","=""w 3F*""","=""3""",,"=""T5720""","=""L11631""",
"=""631.58110""","=""0.00012""","=""631.58107""","=""0.00006""","=""5000""","=""3.6e+06""","=""2.4e-03""","=""-1.66""",D,"=""4.07581091""","=""6.03834476""","=""3d8""","=""c 3F""","=""4""","=""3d6.(3H).4s.4p.(3P*)""","=""y 1G*""","=""4""",,"=""T2578n""","=""L11631""",
"=""631.80171""","=""0.00012""","=""631.80176""","=""0.00006""","=""37200""","=""2.62e+06""","=""1.74e-03""","=""-1.804""",D+,"=""2.45343044""","=""4.41527878""","=""3d6.4s2""","=""a 3H""","=""4""","=""3d7.(4F).4p""","=""z 5G*""","=""3""",,"=""T4653""","=""L11631""",
"=""632.26851""","=""0.00012""","=""632.26847""","=""0.00006""","=""15500""","=""6.26e+05""","=""5.36e-04""","=""-2.426""",C+,"=""2.58810592""","=""4.54850612""","=""3d6.4s2""","=""b 3F2""","=""3""","=""3d7.(4F).4p""","=""y 3F*""","=""4""",,"=""T4293""","=""L11631""",
"=""633.08491""","=""0.00012""","=""633.08475""","=""0.00006""","=""2000""","=""3.2e+06""","=""2.7e-03""","=""-1.72""",E,"=""4.73314079""","=""6.69101333""","=""3d7.(4F).4p""","=""y 3D*""","=""3""","=""3d7.(4F).4d""","=""h 5D""","=""2""",,"=""T2578n""","=""L11631""",
"=""633.53304""","=""0.00012""","=""633.53296""","=""0.00006""","=""51000""","=""1.11e+06""","=""1.33e-03""","=""-2.177""",C+,"=""2.19786640""","=""4.15435379""","=""3d7.(4P).4s""","=""a 5P""","=""2""","=""3d7.(4F).4p""","=""y 5D*""","=""3""",,"=""T5720""","=""L11631""",
"=""633.68239""","=""0.00012""","=""633.68231""","=""0.00006""","=""65000""","=""2.31e+07""","=""4.64e-02""","=""-0.856""",B,"=""3.68638944""","=""5.64241573""","=""3d6.(5D).4s.4p.(3P*)""","=""z 5P*""","=""1""","=""3d6.(5D).4s (6D).5s""","=""e 5D""","=""1""",,"=""T6110""","=""L11631""",
"=""633.88771""","=""0.00012""","=""633.88755""","=""0.00006""","=""3800""","=""1.5e+07""","=""1.8e-02""","=""-1.04""",D,"=""4.79546566""","=""6.75085864""","=""3d7.(4F).4p""","=""y 3D*""","=""2""","=""3d7.(4F).4d""","=""f 3D""","=""1""",,"=""T2578n""","=""L11631""",
"=""634.41487""","=""0.00012""","=""634.41475""","=""0.00006""","=""9500""","=""1.98e+05""","=""1.09e-04""","=""-2.923""",B,"=""2.43269470""","=""4.38646275""","=""3d6.4s2""","=""a 3H""","=""5""","=""3d7.(4F).4p""","=""z 3G*""","=""5""",,"=""T4187""","=""L11631""",
"=""635.3836""","=""0.0003""","=""635.38355""","=""0.00006""","=""282""","=""5.51e+01""","=""3.70e-08""","=""-6.477""",B+,"=""0.91460217""","=""2.86539125""","=""3d7.(4F).4s""","=""a 5F""","=""4""","=""3d6.(5D).4s.4p.(3P*)""","=""z 7F*""","=""3""",,"=""T4920""","=""L11631""",
"=""635.50286""","=""0.00012""","=""635.50278""","=""0.00006""","=""17000""","=""8.45e+05""","=""1.71e-03""","=""-2.291""",C,"=""2.84504259""","=""4.79546566""","=""3d7.(4P).4s""","=""b 3P""","=""1""","=""3d7.(4F).4p""","=""y 3D*""","=""2""",,"=""T5720""","=""L11631""",
"=""635.86333""","=""0.00012""","=""635.86321""","=""0.00006""","=""7800""","=""3.63e+06""","=""3.15e-03""","=""-1.657""",C+,"=""4.14264893""","=""6.09196644""","=""3d8""","=""c 3F""","=""3""","=""3d6.(3F2).4s.4p.(3P*)""","=""v 3D*""","=""3""",,"=""T5720""","=""L11631""",
"=""635.86972""","=""0.00012""","=""635.86960""","=""0.00006""","=""28200""","=""5.62e+03""","=""3.09e-06""","=""-4.468""",A,"=""0.85899575""","=""2.80829367""","=""3d7.(4F).4s""","=""a 5F""","=""5""","=""3d6.(5D).4s.4p.(3P*)""","=""z 7F*""","=""6""",,"=""T3548""","=""L11631""",
"=""636.28759""","=""0.00012""","=""636.28755""","=""0.00006""","=""6600""","=""2.0e+06""","=""2.4e-03""","=""-1.93""",E,"=""4.18636440""","=""6.13438193""","=""3d8""","=""c 3F""","=""2""","=""3d6.(3F2).4s.4p.(3P*)""","=""1F*""","=""3""",,"=""T2578n""","=""L11631""",
"=""636.43653""","=""0.00012""","=""636.43637""","=""0.00006""","=""2400""","=""6.3e+06""","=""7.8e-03""","=""-1.41""",E,"=""4.79546566""","=""6.74302768""","=""3d7.(4F).4p""","=""y 3D*""","=""2""","=""3d7.(4F).4d""","=""g 5F""","=""1""",,"=""T2578n""","=""L11631""",
"=""638.07428""","=""0.00012""","=""638.07429""","=""0.00009""","=""15800""","=""6.90e+06""","=""8.41e-03""","=""-1.376""",C,"=""4.18636440""","=""6.12892712""","=""3d8""","=""c 3F""","=""2""","=""3d7.(2G).4p""","=""w 3F*""","=""2""",,"=""T5720""","=""L11631""",
"=""639.36009""","=""0.00012""","=""639.36001""","=""0.00006""","=""302000""","=""4.33e+06""","=""2.41e-03""","=""-1.576""",C,"=""2.43269470""","=""4.37135106""","=""3d6.4s2""","=""a 3H""","=""5""","=""3d7.(4F).4p""","=""z 5G*""","=""4""",,"=""T5720""","=""L11631""",
"=""""","=""""","=""639.37060""","=""0.00006""","=""""","=""4.6e-01""","=""5.7e-10""","=""-8.5""",E,"=""1.60789577""","=""3.54652001""","=""3d7.(4F).4s""","=""a 3F""","=""2""","=""3d7.(2D2).4s""","=""a 1D""","=""2""",M1,"=""T6409""","=""""",
"=""640.00008""","=""0.00012""","=""640.00000""","=""0.00006""","=""490000""","=""8.34e+07""","=""7.33e-02""","=""-0.290""",B,"=""3.60252504""","=""5.53924278""","=""3d6.(5D).4s.4p.(3P*)""","=""z 5P*""","=""3""","=""3d6.(5D).4s (6D).5s""","=""e 5D""","=""4""",,"=""T5783""","=""L11631""",
"=""640.03175""","=""0.00012""","=""640.03163""","=""0.00006""","=""28200""","=""7.82e+03""","=""5.34e-06""","=""-4.318""",C+,"=""0.91460217""","=""2.85122419""","=""3d7.(4F).4s""","=""a 5F""","=""4""","=""3d6.(5D).4s.4p.(3P*)""","=""z 7F*""","=""4""",,"=""T5720""","=""L11631""",
"=""640.80179""","=""0.00012""","=""640.80171""","=""0.00006""","=""74000""","=""1.56e+07""","=""3.20e-02""","=""-1.018""",B,"=""3.68638944""","=""5.62068415""","=""3d6.(5D).4s.4p.(3P*)""","=""z 5P*""","=""1""","=""3d6.(5D).4s (6D).5s""","=""e 5D""","=""2""",,"=""T5783""","=""L11631""",
"=""641.16489""","=""0.00012""","=""641.16477""","=""0.00006""","=""219000""","=""3.10e+07""","=""3.83e-02""","=""-0.718""",B,"=""3.65369332""","=""5.58689276""","=""3d6.(5D).4s.4p.(3P*)""","=""z 5P*""","=""2""","=""3d6.(5D).4s (6D).5s""","=""e 5D""","=""3""",,"=""T5720""","=""L11631""",
"=""641.99492""","=""0.00012""","=""641.99484""","=""0.00006""","=""36300""","=""8.4e+07""","=""7.6e-02""","=""-0.27""",D,"=""4.73314079""","=""6.66384071""","=""3d7.(4F).4p""","=""y 3D*""","=""3""","=""3d7.(4F).4d""","=""f 3D""","=""3""",,"=""T2578n""","=""L11631""",
"=""642.13504""","=""0.00012""","=""642.13496""","=""0.00006""","=""257000""","=""1.52e+06""","=""1.88e-03""","=""-2.027""",B,"=""2.27860466""","=""4.20888328""","=""3d6.4s2""","=""a 3P2""","=""2""","=""3d6.(5D).4s.4p.(3P*)""","=""z 3P*""","=""2""",,"=""T4187""","=""L11631""",
"=""643.08460""","=""0.00012""","=""643.08447""","=""0.00006""","=""209000""","=""1.59e+06""","=""1.41e-03""","=""-2.006""",B,"=""2.17594512""","=""4.10337372""","=""3d7.(4P).4s""","=""a 5P""","=""3""","=""3d7.(4F).4p""","=""y 5D*""","=""4""",,"=""T4187""","=""L11631""",
"=""646.2725""","=""0.0008""","=""646.27121""","=""0.00006""","=""33100bl*""","=""1.07e+06""","=""7.43e-04""","=""-2.175""",C,"=""0.91460217""","=""2.83252676""","=""3d7.(4F).4s""","=""a 5F""","=""4""","=""3d6.(5D).4s.4p.(3P*)""","=""z 7F*""","=""5""",,"=""T4653""","=""L11631""",
"=""646.2725""","=""0.0008""","=""646.27255""","=""0.00006""","=""33100bl*""","=""5.04e+05""","=""3.51e-04""","=""-2.501""",C,"=""2.45343044""","=""4.37135106""","=""3d6.4s2""","=""a 3H""","=""4""","=""3d7.(4F).4p""","=""z 5G*""","=""4""",,"=""T5720""","=""L11631""",
"=""646.91926""","=""0.00013""","=""646.91918""","=""0.00006""","=""10200""","=""2.5e+07""","=""5.2e-02""","=""-0.81""",E,"=""4.83485507""","=""6.75085864""","=""3d7.(4F).4p""","=""y 3D*""","=""1""","=""3d7.(4F).4d""","=""f 3D""","=""1""",,"=""T2578n""","=""L11631""",
"=""647.56240""","=""0.00013""","=""647.56236""","=""0.00006""","=""13200""","=""1.82e+05""","=""1.27e-04""","=""-2.942""",C,"=""2.55917148""","=""4.47327202""","=""3d6.4s2""","=""b 3F2""","=""4""","=""3d7.(4F).4p""","=""z 3G*""","=""3""",,"=""T5720""","=""L11631""",
"=""648.18699""","=""0.00013""","=""648.18695""","=""0.00006""","=""15800""","=""1.64e+05""","=""2.08e-04""","=""-2.984""",B,"=""2.27860466""","=""4.19086081""","=""3d6.4s2""","=""a 3P2""","=""2""","=""3d7.(4F).4p""","=""y 5D*""","=""2""",,"=""T4187""","=""L11631""",
"=""649.49800""","=""0.00013""","=""649.49801""","=""0.00006""","=""870000""","=""8.43e+06""","=""4.10e-03""","=""-1.273""",B,"=""2.40407444""","=""4.31247059""","=""3d6.4s2""","=""a 3H""","=""6""","=""3d7.(4F).4p""","=""z 5G*""","=""5""",,"=""T4187""","=""L11631""",
"=""649.57418""","=""0.00013""","=""649.57410""","=""0.00006""","=""5800""","=""1.9e+07""","=""4.0e-02""","=""-0.92""",E,"=""4.83485507""","=""6.74302768""","=""3d7.(4F).4p""","=""y 3D*""","=""1""","=""3d7.(4F).4d""","=""g 5F""","=""1""",,"=""T2578n""","=""L11631""",
"=""649.64661""","=""0.00013""","=""649.64653""","=""0.00006""","=""18600""","=""3.9e+07""","=""5.0e-02""","=""-0.61""",E,"=""4.79546566""","=""6.70342551""","=""3d7.(4F).4p""","=""y 3D*""","=""2""","=""3d7.(4F).4d""","=""f 3D""","=""2""",,"=""T2578n""","=""L11631""",
"=""649.89388""","=""0.00013""","=""649.89380""","=""0.00006""","=""19100""","=""3.25e+03""","=""2.94e-06""","=""-4.687""",B+,"=""0.95815732""","=""2.86539125""","=""3d7.(4F).4s""","=""a 5F""","=""3""","=""3d6.(5D).4s.4p.(3P*)""","=""z 7F*""","=""3""",,"=""T4920""","=""L11631""",
"=""651.83667""","=""0.00013""","=""651.83654""","=""0.00006""","=""18600""","=""7.91e+05""","=""1.01e-03""","=""-2.298""",D+,"=""2.83159117""","=""4.73314079""","=""3d7.(4P).4s""","=""b 3P""","=""2""","=""3d7.(4F).4p""","=""y 3D*""","=""3""",,"=""T5720""","=""L11631""",
"=""653.39290""","=""0.00013""","=""653.39277""","=""0.00006""","=""6600""","=""6.0e+06""","=""5.3e-03""","=""-1.43""",E,"=""4.55852281""","=""6.45554341""","=""3d6.(5D).4s.4p.(1P*)""","=""y 5P*""","=""3""","=""3d6.(5D).4s (6D).4d""","=""e 5P""","=""2""",,"=""T2578n""","=""L11631""",
"=""654.62390""","=""0.00013""","=""654.62373""","=""0.00006""","=""224000""","=""4.53e+06""","=""4.16e-03""","=""-1.536""",C,"=""2.75857762""","=""4.65203107""","=""3d7.(2G).4s""","=""a 3G""","=""3""","=""3d7.(4F).4p""","=""y 3F*""","=""2""",,"=""T5720""","=""L11631""",
"=""656.92151""","=""0.00013""","=""656.92138""","=""0.00006""","=""45700""","=""5.4e+07""","=""5.0e-02""","=""-0.45""",D,"=""4.73314079""","=""6.61997175""","=""3d7.(4F).4p""","=""y 3D*""","=""3""","=""3d7.(4F).4d""","=""g 5F""","=""4""",,"=""T2578n""","=""L11631""",
"=""657.4228""","=""0.0009""","=""657.42263""","=""0.00006""","=""10000bl""","=""1.53e+03""","=""1.98e-06""","=""-5.004""",B+,"=""0.99011115""","=""2.87550352""","=""3d7.(4F).4s""","=""a 5F""","=""2""","=""3d6.(5D).4s.4p.(3P*)""","=""z 7F*""","=""2""",,"=""T4920""","=""L11631""",
"=""657.50154""","=""0.00013""","=""657.50154""","=""0.00006""","=""22400""","=""3.01e+05""","=""2.79e-04""","=""-2.710""",C+,"=""2.58810592""","=""4.47327202""","=""3d6.4s2""","=""b 3F2""","=""3""","=""3d7.(4F).4p""","=""z 3G*""","=""3""",,"=""T5720""","=""L11631""",
"=""658.12097""","=""0.00013""","=""658.12089""","=""0.00006""","=""4170""","=""3.22e+03""","=""2.33e-06""","=""-4.679""",C+,"=""1.48486439""","=""3.36825640""","=""3d7.(4F).4s""","=""a 3F""","=""4""","=""3d6.(5D).4s.4p.(3P*)""","=""z 5F*""","=""4""",,"=""T5783""","=""L11631""",
"=""659.29134""","=""0.00013""","=""659.29121""","=""0.00006""","=""155000""","=""5.16e+06""","=""3.74e-03""","=""-1.473""",C+,"=""2.72754450""","=""4.60759327""","=""3d7.(2G).4s""","=""a 3G""","=""4""","=""3d7.(4F).4p""","=""y 3F*""","=""3""",,"=""T5720""","=""L11631""",
"=""659.38701""","=""0.00013""","=""659.38692""","=""0.00006""","=""71000""","=""5.81e+05""","=""3.44e-04""","=""-2.422""",B,"=""2.43269470""","=""4.31247059""","=""3d6.4s2""","=""a 3H""","=""5""","=""3d7.(4F).4p""","=""z 5G*""","=""5""",,"=""T4187""","=""L11631""",
"=""659.75606""","=""0.00013""","=""659.75589""","=""0.00006""","=""8700""","=""1.4e+07""","=""1.8e-02""","=""-1.05""",E,"=""4.79546566""","=""6.67419029""","=""3d7.(4F).4p""","=""y 3D*""","=""2""","=""3d7.(4F).4d""","=""g 5F""","=""3""",,"=""T2578n""","=""L11631""",
"=""660.91098""","=""0.00013""","=""660.91094""","=""0.00006""","=""24000""","=""3.10e+05""","=""2.26e-04""","=""-2.692""",C+,"=""2.55917148""","=""4.43461275""","=""3d6.4s2""","=""b 3F2""","=""4""","=""3d7.(4F).4p""","=""z 3G*""","=""4""",,"=""T4293""","=""L11631""",
"=""662.50216""","=""0.00013""","=""662.50212""","=""0.00006""","=""3980""","=""7.02e+02""","=""1.54e-06""","=""-5.336""",B+,"=""1.01105568""","=""2.88199261""","=""3d7.(4F).4s""","=""a 5F""","=""1""","=""3d6.(5D).4s.4p.(3P*)""","=""z 7F*""","=""1""",,"=""T4920""","=""L11631""",
"=""663.37492""","=""0.00013""","=""663.37483""","=""0.00006""","=""12000""","=""2.41e+07""","=""2.27e-02""","=""-0.799""",C+,"=""4.55852281""","=""6.42699840""","=""3d6.(5D).4s.4p.(1P*)""","=""y 5P*""","=""3""","=""3d6.(5D).4s (6D).4d""","=""e 5P""","=""3""",,"=""T5720""","=""L11631""",
"=""664.80806""","=""0.00013""","=""664.80793""","=""0.00006""","=""1120""","=""1.82e+02""","=""4.03e-07""","=""-5.918""",B+,"=""1.01105568""","=""2.87550352""","=""3d7.(4F).4s""","=""a 5F""","=""1""","=""3d6.(5D).4s.4p.(3P*)""","=""z 7F*""","=""2""",,"=""T4920""","=""L11631""",
"=""666.34417""","=""0.00013""","=""666.34408""","=""0.00006""","=""63000""","=""4.98e+05""","=""1.11e-03""","=""-2.479""",B,"=""2.42419831""","=""4.28434800""","=""3d6.4s2""","=""a 3P2""","=""1""","=""3d6.(5D).4s.4p.(3P*)""","=""z 3P*""","=""0""",,"=""T4187""","=""L11631""",
"=""666.77108""","=""0.00013""","=""666.77099""","=""0.00006""","=""980""","=""1.16e+06""","=""1.10e-03""","=""-2.112""",C+,"=""4.58438864""","=""6.44334733""","=""3d7.(2F).4s""","=""d 3F""","=""3""","=""3d7.(2P).4p""","=""u 3D*""","=""3""",,"=""T6110""","=""L11631""",
"=""667.79865""","=""0.00013""","=""667.79848""","=""0.00006""","=""240000""","=""5.71e+06""","=""3.47e-03""","=""-1.418""",B,"=""2.69240763""","=""4.54850612""","=""3d7.(2G).4s""","=""a 3G""","=""5""","=""3d7.(4F).4p""","=""y 3F*""","=""4""",,"=""T5720""","=""L11631""",
"=""669.91414""","=""0.00013""","=""669.91409""","=""0.00006""","=""1100""","=""1.18e+06""","=""8.81e-04""","=""-2.101""",C+,"=""4.59311043""","=""6.44334733""","=""3d7.(2F).4s""","=""d 3F""","=""4""","=""3d7.(2P).4p""","=""u 3D*""","=""3""",,"=""T6110""","=""L11631""",
"=""670.35670""","=""0.00013""","=""670.35656""","=""0.00006""","=""8700""","=""1.3e+05""","=""1.2e-04""","=""-3.06""",D,"=""2.75857762""","=""4.60759327""","=""3d7.(2G).4s""","=""a 3G""","=""3""","=""3d7.(4F).4p""","=""y 3F*""","=""3""",,"=""T2578n""","=""L11631""",
"=""673.95215""","=""0.00014""","=""673.95201""","=""0.00006""","=""2570""","=""2.36e+03""","=""2.30e-06""","=""-4.794""",C,"=""1.55735733""","=""3.39650880""","=""3d7.(4F).4s""","=""a 3F""","=""3""","=""3d6.(5D).4s.4p.(3P*)""","=""z 5F*""","=""3""",,"=""T5783""","=""L11631""",
"=""675.01520""","=""0.00014""","=""675.01511""","=""0.00006""","=""52000""","=""3.51e+05""","=""7.98e-04""","=""-2.621""",B,"=""2.42419831""","=""4.26045326""","=""3d6.4s2""","=""a 3P2""","=""1""","=""3d6.(5D).4s.4p.(3P*)""","=""z 3P*""","=""1""",,"=""T4187""","=""L11631""",
"=""675.27067""","=""0.00014""","=""675.27067""","=""0.00006""","=""7200""","=""9.15e+06""","=""2.08e-02""","=""-1.204""",B,"=""4.63819369""","=""6.47375371""","=""3d6.(5D).4s.4p.(1P*)""","=""y 5P*""","=""1""","=""3d6.(5D).4s (4D).5s""","=""g 5D""","=""1""",,"=""T6110""","=""L11631""",
"=""""","=""""","=""676.06187""","=""0.00006""","=""""","=""1.4e+00""","=""8.9e-10""","=""-8.0""",E,"=""0.85899575""","=""2.69240763""","=""3d7.(4F).4s""","=""a 5F""","=""5""","=""3d7.(2G).4s""","=""a 3G""","=""5""",M1,"=""T6409""","=""""",
"=""678.68599""","=""0.00014""","=""678.68581""","=""0.00006""","=""3800""","=""1.4e+06""","=""1.9e-03""","=""-2.02""",E,"=""4.19086081""","=""6.01718438""","=""3d7.(4F).4p""","=""y 5D*""","=""2""","=""3d7.(4F).5s""","=""e 3F""","=""3""",,"=""T2578n""","=""L11631""",
"=""679.32588""","=""0.00014""","=""679.32579""","=""0.00007""","=""2040""","=""6.82e+05""","=""5.25e-04""","=""-2.326""",B,"=""4.07581091""","=""5.90041395""","=""3d8""","=""c 3F""","=""4""","=""3d6.(3G).4s.4p.(3P*)""","=""w 5G*""","=""4""",,"=""T6110""","=""L11631""",
"=""680.40004""","=""0.00014""","=""680.39990""","=""0.00007""","=""1290""","=""4.59e+06""","=""6.38e-03""","=""-1.496""",B,"=""4.65203107""","=""6.47375371""","=""3d7.(4F).4p""","=""y 3F*""","=""2""","=""3d6.(5D).4s (4D).5s""","=""g 5D""","=""1""",,"=""T6110""","=""L11631""",
"=""680.42709""","=""0.00014""","=""680.42704""","=""0.00010""","=""1480""","=""2.21e+06""","=""2.20e-03""","=""-1.813""",B,"=""4.58438864""","=""6.40603863""","=""3d7.(2F).4s""","=""d 3F""","=""3""","=""3d7.(2H).4p""","=""u 3G*""","=""4""",,"=""T6110""","=""L11631""",
"=""680.68444""","=""0.00014""","=""680.68426""","=""0.00007""","=""3090""","=""1.1e+06""","=""8.2e-04""","=""-2.13""",E,"=""2.72754450""","=""4.54850612""","=""3d7.(2G).4s""","=""a 3G""","=""4""","=""3d7.(4F).4p""","=""y 3F*""","=""4""",,"=""T2578n""","=""L11631""",
"=""681.02623""","=""0.00014""","=""681.02619""","=""0.00007""","=""2000""","=""1.48e+07""","=""2.07e-02""","=""-0.986""",C+,"=""4.60695104""","=""6.42699840""","=""3d6.(5D).4s.4p.(1P*)""","=""y 5P*""","=""2""","=""3d6.(5D).4s (6D).4d""","=""e 5P""","=""3""",,"=""T5720""","=""L11631""",
"=""682.03715""","=""0.00014""","=""682.03710""","=""0.00007""","=""870""","=""7.5e+06""","=""1.7e-02""","=""-1.29""",E,"=""4.63819369""","=""6.45554341""","=""3d6.(5D).4s.4p.(1P*)""","=""y 5P*""","=""1""","=""3d6.(5D).4s (6D).4d""","=""e 5P""","=""2""",,"=""T2578n""","=""L11631""",
"=""682.85908""","=""0.00014""","=""682.85917""","=""0.00007""","=""1620""","=""1.8e+07""","=""4.3e-02""","=""-0.89""",D,"=""4.63819369""","=""6.45335558""","=""3d6.(5D).4s.4p.(1P*)""","=""y 5P*""","=""1""","=""3d6.(5D).4s (4D).5s""","=""g 5D""","=""2""",,"=""T2578n""","=""L11631""",
"=""""","=""""","=""683.69519""","=""0.00007""","=""""","=""6.5e-01""","=""5.0e-10""","=""-8.3""",E,"=""0.91460217""","=""2.72754450""","=""3d7.(4F).4s""","=""a 5F""","=""4""","=""3d7.(2G).4s""","=""a 3G""","=""4""",M1,"=""T6409""","=""""",
"=""683.70057""","=""0.00014""","=""683.70052""","=""0.00010""","=""630""","=""2.93e+06""","=""2.28e-03""","=""-1.687""",B,"=""4.59311043""","=""6.40603863""","=""3d7.(2F).4s""","=""d 3F""","=""4""","=""3d7.(2H).4p""","=""u 3G*""","=""4""",,"=""T6110""","=""L11631""",
"=""683.98301""","=""0.00014""","=""683.98296""","=""0.00007""","=""580""","=""6.4e+04""","=""5.0e-05""","=""-3.35""",E,"=""2.55917148""","=""4.37135106""","=""3d6.4s2""","=""b 3F2""","=""4""","=""3d7.(4F).4p""","=""z 5G*""","=""4""",,"=""T2578n""","=""L11631""",
"=""684.1339""","=""0.0009""","=""684.13382""","=""0.00007""","=""1480bl""","=""2.4e+07""","=""3.3e-02""","=""-0.78""",D,"=""4.60695104""","=""6.41873101""","=""3d6.(5D).4s.4p.(1P*)""","=""y 5P*""","=""2""","=""3d6.(5D).4s (4D).5s""","=""g 5D""","=""3""",,"=""T2578n""","=""L11631""",
"=""684.26854""","=""0.00014""","=""684.26854""","=""0.00007""","=""389""","=""7.2e+06""","=""1.7e-02""","=""-1.29""",E,"=""4.63819369""","=""6.44961696""","=""3d6.(5D).4s.4p.(1P*)""","=""y 5P*""","=""1""","=""3d6.(5D).4s (6D).4d""","=""e 5P""","=""1""",,"=""T2578n""","=""L11631""",
"=""684.36555""","=""0.00014""","=""684.36550""","=""0.00007""","=""1290""","=""1.8e+07""","=""1.4e-02""","=""-0.89""",D,"=""4.54850612""","=""6.35967275""","=""3d7.(4F).4p""","=""y 3F*""","=""4""","=""3d6.(5D).4s (4D).5s""","=""e 3D""","=""3""",,"=""T2578n""","=""L11631""",
"=""685.4822""","=""0.0004""","=""685.48233""","=""0.00011""","=""324""","=""1.68e+06""","=""1.32e-03""","=""-1.926""",B,"=""4.59311043""","=""6.40132623""","=""3d7.(2F).4s""","=""d 3F""","=""4""","=""3d6.(3H).4s.4p.(3P*)""","=""1H*""","=""5""",,"=""T6110""","=""L11631""",
"=""685.51617""","=""0.00014""","=""685.51607""","=""0.00007""","=""1450""","=""2.57e+07""","=""2.59e-02""","=""-0.741""",C,"=""4.55852281""","=""6.36664959""","=""3d6.(5D).4s.4p.(1P*)""","=""y 5P*""","=""3""","=""3d6.(5D).4s (4D).5s""","=""g 5D""","=""4""",,"=""T5720""","=""L11631""",
"=""685.81493""","=""0.00014""","=""685.81479""","=""0.00007""","=""560""","=""1.66e+07""","=""1.68e-02""","=""-0.930""",C+,"=""4.60759327""","=""6.41493251""","=""3d7.(4F).4p""","=""y 3F*""","=""3""","=""3d6.(5D).4s (4D).5s""","=""e 3D""","=""2""",,"=""T5720""","=""L11631""",
"=""""","=""""","=""688.45036""","=""0.00007""","=""""","=""2.0e-01""","=""2.0e-10""","=""-8.9""",E,"=""0.95815732""","=""2.75857762""","=""3d7.(4F).4s""","=""a 5F""","=""3""","=""3d7.(2G).4s""","=""a 3G""","=""3""",M1,"=""T6409""","=""""",
"=""688.5756""","=""0.0004""","=""688.57545""","=""0.00007""","=""282""","=""6.3e+06""","=""9.0e-03""","=""-1.35""",E,"=""4.65203107""","=""6.45212430""","=""3d7.(4F).4p""","=""y 3F*""","=""2""","=""3d6.(5D).4s (4D).5s""","=""e 3D""","=""1""",,"=""T2578n""","=""L11631""",
"=""691.66810""","=""0.00014""","=""691.66796""","=""0.00007""","=""186""","=""5.6e+06""","=""5.7e-03""","=""-1.40""",D,"=""4.15435379""","=""5.94639870""","=""3d7.(4F).4p""","=""y 5D*""","=""3""","=""3d7.(4F).5s""","=""e 3F""","=""4""",,"=""T2578n""","=""L11631""",
"=""694.52048""","=""0.00014""","=""694.52038""","=""0.00007""","=""372""","=""4.56e+05""","=""1.10e-03""","=""-2.482""",B,"=""2.42419831""","=""4.20888328""","=""3d6.4s2""","=""a 3P2""","=""1""","=""3d6.(5D).4s.4p.(3P*)""","=""z 3P*""","=""2""",,"=""T4187""","=""L11631""",
"=""""","=""""","=""696.30211""","=""0.00007""","=""""","=""6.28e+06""","=""9.13e-03""","=""-1.340""",C,"=""4.18636440""","=""5.96648265""","=""3d8""","=""c 3F""","=""2""","=""3d6.(3G).4s.4p.(3P*)""","=""v 5F*""","=""3""",,"=""T5720""","=""""",
"=""""","=""""","=""697.19318""","=""0.00007""","=""""","=""6.25e+04""","=""6.53e-05""","=""-3.340""",C,"=""3.01762252""","=""4.79546566""","=""3d6.4s2""","=""b 3G""","=""3""","=""3d7.(4F).4p""","=""y 3D*""","=""2""",,"=""T6110""","=""""",
"=""""","=""""","=""697.20796""","=""0.00007""","=""""","=""2.9e-01""","=""2.3e-10""","=""-8.7""",E,"=""0.91460217""","=""2.69240763""","=""3d7.(4F).4s""","=""a 5F""","=""4""","=""3d7.(2G).4s""","=""a 3G""","=""5""",M1,"=""T6409""","=""""",
"=""697.88512""","=""0.00015""","=""697.88502""","=""0.00011""","=""339""","=""4.32e+05""","=""3.16e-03""","=""-2.500""",B,"=""2.48437256""","=""4.26045326""","=""3d6.4s2""","=""a 3P2""","=""0""","=""3d6.(5D).4s.4p.(3P*)""","=""z 3P*""","=""1""",,"=""T4187""","=""L11631""",
"=""699.98836""","=""0.00015""","=""699.98831""","=""0.00007""","=""71""","=""4.2e+06""","=""3.5e-03""","=""-1.51""",D,"=""4.10337372""","=""5.87411777""","=""3d7.(4F).4p""","=""y 5D*""","=""4""","=""3d7.(4F).5s""","=""e 5F""","=""4""",,"=""T2578n""","=""L11631""",
"=""""","=""""","=""700.06145""","=""0.00007""","=""""","=""5.60e+05""","=""5.88e-04""","=""-2.385""",C,"=""4.14264893""","=""5.91320801""","=""3d8""","=""c 3F""","=""3""","=""3d6.(3G).4s.4p.(3P*)""","=""w 5G*""","=""3""",,"=""T5720""","=""""",
"=""""","=""""","=""700.52511""","=""0.00007""","=""""","=""2.9e-01""","=""3.0e-10""","=""-8.7""",E,"=""0.95815732""","=""2.72754450""","=""3d7.(4F).4s""","=""a 5F""","=""3""","=""3d7.(2G).4s""","=""a 3G""","=""4""",M1,"=""T6409""","=""""",
"=""""","=""""","=""700.88983""","=""0.00007""","=""""","=""1.5e-01""","=""2.3e-10""","=""-8.9""",E,"=""0.99011115""","=""2.75857762""","=""3d7.(4F).4s""","=""a 5F""","=""2""","=""3d7.(2G).4s""","=""a 3G""","=""3""",M1,"=""T6409""","=""""",
"=""""","=""""","=""701.62344""","=""0.00007""","=""""","=""2.3e-01""","=""1.9e-10""","=""-8.8""",E,"=""1.48486439""","=""3.25148176""","=""3d7.(4F).4s""","=""a 3F""","=""4""","=""3d7.(2D2).4s""","=""a 3D""","=""3""",M1,"=""T6409""","=""""",
"=""701.63916""","=""0.00015""","=""701.63901""","=""0.00007""","=""79""","=""8.4e+06""","=""8.8e-03""","=""-1.21""",D,"=""4.15435379""","=""5.92093198""","=""3d7.(4F).4p""","=""y 5D*""","=""3""","=""3d7.(4F).5s""","=""e 5F""","=""3""",,"=""T2578n""","=""L11631""",
"=""702.29535""","=""0.00015""","=""702.29520""","=""0.00007""","=""79""","=""8.5e+06""","=""1.3e-02""","=""-1.20""",D,"=""4.19086081""","=""5.95578840""","=""3d7.(4F).4p""","=""y 5D*""","=""2""","=""3d7.(4F).5s""","=""e 5F""","=""2""",,"=""T2578n""","=""L11631""",
"=""""","=""""","=""702.40617""","=""0.00007""","=""""","=""8.37e+05""","=""6.88e-04""","=""-2.208""",D+,"=""4.07581091""","=""5.84045966""","=""3d8""","=""c 3F""","=""4""","=""3d6.(3H).4s.4p.(3P*)""","=""z 3H*""","=""4""",,"=""T5720""","=""""",
"=""""","=""""","=""702.46407""","=""0.00007""","=""""","=""1.12e+07""","=""1.19e-02""","=""-1.080""",C,"=""4.55852281""","=""6.32302612""","=""3d6.(5D).4s.4p.(1P*)""","=""y 5P*""","=""3""","=""3d6.(5D).4s (6D).4d""","=""f 7D""","=""2""",,"=""T5720""","=""""",
"=""703.82230""","=""0.00015""","=""703.82200""","=""0.00007""","=""71""","=""7.5e+06""","=""1.9e-02""","=""-1.25""",D,"=""4.21758325""","=""5.97868220""","=""3d7.(4F).4p""","=""y 5D*""","=""1""","=""3d7.(4F).5s""","=""e 5F""","=""1""",,"=""T2578n""","=""L11631""",
"=""706.8409""","=""0.0010""","=""706.84088""","=""0.00007""","=""79bl""","=""6.29e+06""","=""5.24e-03""","=""-1.33""",D,"=""4.07581091""","=""5.82938837""","=""3d8""","=""c 3F""","=""4""","=""3d7.(4P).4p""","=""w 3D*""","=""3""",,"=""T2578n""","=""L11631""",
"=""709.03831""","=""0.00015""","=""709.03841""","=""0.00007""","=""89""","=""9.0e+06""","=""6.9e-02""","=""-1.16""",D,"=""4.23053960""","=""5.97868220""","=""3d7.(4F).4p""","=""y 5D*""","=""0""","=""3d7.(4F).5s""","=""e 5F""","=""1""",,"=""T2578n""","=""L11631""",
"=""710.7461""","=""0.0010""","=""710.74595""","=""0.00007""","=""30""","=""6.00e+06""","=""9.08e-03""","=""-1.343""",D,"=""4.18636440""","=""5.93030716""","=""3d8""","=""c 3F""","=""2""","=""3d6.(3G).4s.4p.(3P*)""","=""w 5G*""","=""2""",,"=""T5720""","=""L11631""",
"=""""","=""""","=""711.21675""","=""0.00007""","=""""","=""1.35e+05""","=""1.14e-04""","=""-2.990""",D+,"=""2.99035244""","=""4.73314079""","=""3d6.4s2""","=""b 3G""","=""4""","=""3d7.(4F).4p""","=""y 3D*""","=""3""",,"=""T6110""","=""""",
"=""713.09217""","=""0.00015""","=""713.09206""","=""0.00007""","=""191""","=""2.0e+07""","=""5.3e-02""","=""-0.80""",D,"=""4.21758325""","=""5.95578840""","=""3d7.(4F).4p""","=""y 5D*""","=""1""","=""3d7.(4F).5s""","=""e 5F""","=""2""",,"=""T2578n""","=""L11631""",
"=""713.29858""","=""0.00015""","=""713.29863""","=""0.00007""","=""40""","=""3.09e+06""","=""2.62e-03""","=""-1.628""",D+,"=""4.07581091""","=""5.81351269""","=""3d8""","=""c 3F""","=""4""","=""3d6.(3F2).4s.4p.(3P*)""","=""x 3F*""","=""4""",,"=""T5720""","=""L11631""",
"=""718.73175""","=""0.00016""","=""718.73165""","=""0.00007""","=""1000""","=""9.20e+07""","=""7.92e-02""","=""-0.147""",C+,"=""4.10337372""","=""5.82793998""","=""3d7.(4F).4p""","=""y 5D*""","=""4""","=""3d7.(4F).5s""","=""e 5F""","=""5""",,"=""T5720""","=""L11631""",
"=""""","=""""","=""718.91482""","=""0.00007""","=""""","=""1.83e+05""","=""4.73e-04""","=""-2.848""",D+,"=""3.07133880""","=""4.79546566""","=""3d7.(2P).4s""","=""c 3P""","=""1""","=""3d7.(4F).4p""","=""y 3D*""","=""2""",,"=""T5720""","=""""",
"=""720.71111""","=""0.00016""","=""720.71116""","=""0.00007""","=""89""","=""6.87e+06""","=""5.95e-03""","=""-1.271""",C,"=""4.07581091""","=""5.79564049""","=""3d8""","=""c 3F""","=""4""","=""3d7.(4P).4p""","=""u 5D*""","=""3""",,"=""T5720""","=""L11631""",
"=""722.3660""","=""0.0004""","=""722.36573""","=""0.00007""","=""50""","=""7.91e+05""","=""1.24e-03""","=""-2.208""",D+,"=""3.01725044""","=""4.73314079""","=""3d7.(2P).4s""","=""c 3P""","=""2""","=""3d7.(4F).4p""","=""y 3D*""","=""3""",,"=""T5720""","=""L11631""",
"=""729.2829""","=""0.0004""","=""729.28294""","=""0.00008""","=""40""","=""9.90e+06""","=""1.13e-02""","=""-1.103""",C,"=""4.55852281""","=""6.25813812""","=""3d6.(5D).4s.4p.(1P*)""","=""y 5P*""","=""3""","=""3d6.(5D).4s (6D).4d""","=""e 7P""","=""4""",,"=""T5720""","=""L11631""",
"=""730.79313""","=""0.00016""","=""730.79307""","=""0.00008""","=""71""","=""3.68e+06""","=""4.21e-03""","=""-1.531""",C+,"=""4.14264893""","=""5.83875215""","=""3d8""","=""c 3F""","=""3""","=""3d6.(3F2).4s.4p.(3P*)""","=""x 3F*""","=""3""",,"=""T5720""","=""L11631""",
"=""""","=""""","=""731.64666""","=""0.00008""","=""""","=""1.4e-01""","=""1.6e-10""","=""-9.0""",E,"=""1.55735733""","=""3.25148176""","=""3d7.(4F).4s""","=""a 3F""","=""3""","=""3d7.(2D2).4s""","=""a 3D""","=""3""",M1,"=""T6409""","=""""",
"=""732.0682""","=""0.0004""","=""732.06799""","=""0.00008""","=""40""","=""8.70e+06""","=""1.00e-02""","=""-1.155""",C,"=""4.55852281""","=""6.25167222""","=""3d6.(5D).4s.4p.(1P*)""","=""y 5P*""","=""3""","=""3d6.(5D).4s (6D).4d""","=""f 5D""","=""4""",,"=""T5720""","=""L11631""",
"=""""","=""""","=""732.12106""","=""0.00008""","=""""","=""5.5e-02""","=""8.8e-11""","=""-9.4""",E,"=""1.60789577""","=""3.30092244""","=""3d7.(4F).4s""","=""a 3F""","=""2""","=""3d7.(2D2).4s""","=""a 3D""","=""2""",M1,"=""T6409""","=""""",
"=""740.16844""","=""0.00016""","=""740.16827""","=""0.00008""","=""331""","=""5.40e+06""","=""8.87e-03""","=""-1.353""",C,"=""4.18636440""","=""5.86098438""","=""3d8""","=""c 3F""","=""2""","=""3d7.(4P).4p""","=""w 3D*""","=""1""",,"=""T5720""","=""L11631""",
"=""741.86670""","=""0.00017""","=""741.86664""","=""0.00008""","=""520""","=""5.10e+06""","=""6.01e-03""","=""-1.376""",C+,"=""4.14264893""","=""5.81343520""","=""3d8""","=""c 3F""","=""3""","=""3d7.(4P).4p""","=""u 5D*""","=""2""",,"=""T5720""","=""L11631""",
"=""""","=""""","=""743.95839""","=""0.00008""","=""""","=""4.8e-02""","=""8.0e-11""","=""-9.4""",E,"=""1.60789577""","=""3.27398440""","=""3d7.(4F).4s""","=""a 3F""","=""2""","=""3d7.(2D2).4s""","=""a 3D""","=""1""",M1,"=""T6409""","=""""",
"=""751.10200""","=""0.00017""","=""751.10182""","=""0.00008""","=""7800""","=""1.48e+08""","=""1.14e-01""","=""0.099""",B,"=""4.17769679""","=""5.82793998""","=""3d7.(4F).4p""","=""y 5F*""","=""5""","=""3d7.(4F).5s""","=""e 5F""","=""5""",,"=""T5720""","=""L11631""",
"=""758.37877""","=""0.00017""","=""758.37876""","=""0.00008""","=""1320""","=""1.51e+06""","=""1.86e-03""","=""-1.885""",D+,"=""3.01762252""","=""4.65203107""","=""3d6.4s2""","=""b 3G""","=""3""","=""3d7.(4F).4p""","=""y 3F*""","=""2""",,"=""T5720""","=""L11631""",
"=""765.37591""","=""0.00018""","=""765.37584""","=""0.00008""","=""398""","=""1.48e+07""","=""2.60e-02""","=""-0.886""",C,"=""4.79546566""","=""6.41493251""","=""3d7.(4F).4p""","=""y 3D*""","=""2""","=""3d6.(5D).4s (4D).5s""","=""e 3D""","=""2""",,"=""T5720""","=""L11631""",
"=""766.42928""","=""0.00018""","=""766.42933""","=""0.00008""","=""1950""","=""2.36e+06""","=""2.31e-03""","=""-1.682""",D+,"=""2.99035244""","=""4.60759327""","=""3d6.4s2""","=""b 3G""","=""4""","=""3d7.(4F).4p""","=""y 3F*""","=""3""",,"=""T5720""","=""L11631""",
"=""771.03640""","=""0.00018""","=""771.03627""","=""0.00008""","=""910""","=""8.65e+06""","=""8.57e-03""","=""-1.113""",C+,"=""4.22036211""","=""5.82793998""","=""3d7.(4F).4p""","=""y 5F*""","=""4""","=""3d7.(4F).5s""","=""e 5F""","=""5""",,"=""T5720""","=""L11631""",
"=""772.32075""","=""0.00018""","=""772.32068""","=""0.00008""","=""437""","=""2.70e+04""","=""4.83e-05""","=""-3.617""",B,"=""2.27860466""","=""3.88350907""","=""3d6.4s2""","=""a 3P2""","=""2""","=""3d6.(5D).4s.4p.(3P*)""","=""z 3D*""","=""3""",,"=""T4187""","=""L11631""",
"=""774.82689""","=""0.00018""","=""774.82694""","=""0.00008""","=""2750""","=""1.97e+06""","=""1.61e-03""","=""-1.751""",C,"=""2.94879294""","=""4.54850612""","=""3d6.4s2""","=""b 3G""","=""5""","=""3d7.(4F).4p""","=""y 3F*""","=""4""",,"=""T5720""","=""L11631""",
"=""791.28665""","=""0.00019""","=""791.28657""","=""0.00009""","=""302""","=""1.51e+03""","=""1.29e-06""","=""-4.848""",A,"=""0.85899575""","=""2.42543332""","=""3d7.(4F).4s""","=""a 5F""","=""5""","=""3d6.(5D).4s.4p.(3P*)""","=""z 7D*""","=""4""",,"=""T3548""","=""L11631""",
"=""""","=""""","=""793.53230""","=""0.00009""","=""""","=""5.8e-01""","=""6.0e-10""","=""-8.3""",E,"=""1.48486439""","=""3.04686890""","=""3d7.(4F).4s""","=""a 3F""","=""4""","=""3d7.(2G).4s""","=""a 1G""","=""4""",M1,"=""T6409""","=""""",
"=""794.10887""","=""0.00019""","=""794.10873""","=""0.00009""","=""120""","=""5.46e+05""","=""1.73e-03""","=""-2.286""",C+,"=""3.27398440""","=""4.83485507""","=""3d7.(2D2).4s""","=""a 3D""","=""1""","=""3d7.(4F).4p""","=""y 3D*""","=""1""",,"=""T5783""","=""L11631""",
"=""807.51504""","=""0.00020""","=""807.51490""","=""0.00009""","=""155""","=""8.33e+02""","=""9.07e-07""","=""-5.088""",B+,"=""0.91460217""","=""2.44955978""","=""3d7.(4F).4s""","=""a 5F""","=""4""","=""3d6.(5D).4s.4p.(3P*)""","=""z 7D*""","=""3""",,"=""T4920""","=""L11631""",
"=""820.41024""","=""0.00020""","=""820.41017""","=""0.00009""","=""22""","=""8.78e+01""","=""9.86e-08""","=""-6.052""",B+,"=""0.91460217""","=""2.42543332""","=""3d7.(4F).4s""","=""a 5F""","=""4""","=""3d6.(5D).4s.4p.(3P*)""","=""z 7D*""","=""4""",,"=""T4920""","=""L11631""",
"=""822.03784""","=""0.00020""","=""822.03770""","=""0.00015""","=""18600""","=""1.86e+08""","=""1.45e-01""","=""0.275""",C+,"=""4.32010008""","=""5.82793998""","=""3d7.(4F).4p""","=""z 5G*""","=""6""","=""3d7.(4F).5s""","=""e 5F""","=""5""",,"=""T5720""","=""L11631""",
"=""823.91276""","=""0.00020""","=""823.91268""","=""0.00010""","=""510""","=""6.50e+04""","=""2.21e-04""","=""-3.179""",C+,"=""2.42419831""","=""3.92860683""","=""3d6.4s2""","=""a 3P2""","=""1""","=""3d6.(5D).4s.4p.(3P*)""","=""z 3D*""","=""2""",,"=""T5720""","=""L11631""",
"=""829.35141""","=""0.00021""","=""829.35125""","=""0.00010""","=""380""","=""7.05e+05""","=""1.46e-03""","=""-2.138""",D+,"=""3.30092244""","=""4.79546566""","=""3d7.(2D2).4s""","=""a 3D""","=""2""","=""3d7.(4F).4p""","=""y 3D*""","=""2""",,"=""T5720""","=""L11631""",
"=""""","=""""","=""832.15286""","=""0.00010""","=""""","=""3.7e-01""","=""5.5e-10""","=""-8.4""",E,"=""1.55735733""","=""3.04686890""","=""3d7.(4F).4s""","=""a 3F""","=""3""","=""3d7.(2G).4s""","=""a 1G""","=""4""",M1,"=""T6409""","=""""",
"=""832.70558""","=""0.00021""","=""832.70549""","=""0.00010""","=""21900""","=""2.87e+06""","=""5.97e-03""","=""-1.525""",B,"=""2.19786640""","=""3.68638944""","=""3d7.(4P).4s""","=""a 5P""","=""2""","=""3d6.(5D).4s.4p.(3P*)""","=""z 5P*""","=""1""",,"=""T4187""","=""L11631""",
"=""836.56330""","=""0.00021""","=""836.56315""","=""0.00010""","=""560""","=""1.18e+06""","=""1.77e-03""","=""-1.906""",C,"=""3.25148176""","=""4.73314079""","=""3d7.(2D2).4s""","=""a 3D""","=""3""","=""3d7.(4F).4p""","=""y 3D*""","=""3""",,"=""T5720""","=""L11631""",
"=""838.77719""","=""0.00021""","=""838.77711""","=""0.00010""","=""26300""","=""3.04e+06""","=""4.59e-03""","=""-1.493""",B,"=""2.17594512""","=""3.65369332""","=""3d7.(4P).4s""","=""a 5P""","=""3""","=""3d6.(5D).4s.4p.(3P*)""","=""z 5P*""","=""2""",,"=""T4187""","=""L11631""",
"=""846.84069""","=""0.00022""","=""846.84060""","=""0.00010""","=""6800""","=""7.89e+05""","=""2.82e-03""","=""-2.072""",B,"=""2.22271209""","=""3.68638944""","=""3d7.(4P).4s""","=""a 5P""","=""1""","=""3d6.(5D).4s.4p.(3P*)""","=""z 5P*""","=""1""",,"=""T4187""","=""L11631""",
"=""851.40716""","=""0.00022""","=""851.40714""","=""0.00010""","=""5200""","=""5.45e+05""","=""1.18e-03""","=""-2.229""",B,"=""2.19786640""","=""3.65369332""","=""3d7.(4P).4s""","=""a 5P""","=""2""","=""3d6.(5D).4s.4p.(3P*)""","=""z 5P*""","=""2""",,"=""T4187""","=""L11631""",
"=""851.5108""","=""0.0015""","=""851.51092""","=""0.00010""","=""1050bl""","=""7.77e+05""","=""1.21e-03""","=""-2.073""",B,"=""3.01762252""","=""4.47327202""","=""3d6.4s2""","=""b 3G""","=""3""","=""3d7.(4F).4p""","=""z 3G*""","=""3""",,"=""T5720""","=""L11631""",
"=""852.66684""","=""0.00022""","=""852.66690""","=""0.00010""","=""500""","=""1.59e+07""","=""1.93e-02""","=""-0.760""",C,"=""4.91297355""","=""6.36664959""","=""3d6.(5D).4s.4p.(1P*)""","=""x 5D*""","=""4""","=""3d6.(5D).4s (4D).5s""","=""g 5D""","=""4""",,"=""T5720""","=""L11631""",
"=""858.22568""","=""0.00022""","=""858.22581""","=""0.00010""","=""710""","=""6.66e+05""","=""8.18e-04""","=""-2.133""",C,"=""2.99035244""","=""4.43461275""","=""3d6.4s2""","=""b 3G""","=""4""","=""3d7.(4F).4p""","=""z 3G*""","=""4""",,"=""T5720""","=""L11631""",
"=""859.88297""","=""0.00022""","=""859.88280""","=""0.00010""","=""490""","=""7.36e+06""","=""7.42e-03""","=""-1.088""",B,"=""4.38646275""","=""5.82793998""","=""3d7.(4F).4p""","=""z 3G*""","=""5""","=""3d7.(4F).5s""","=""e 5F""","=""5""",,"=""T5720""","=""L11631""",
"=""861.18034""","=""0.00022""","=""861.18033""","=""0.00010""","=""4680""","=""1.27e+06""","=""4.71e-03""","=""-1.850""",C+,"=""2.84504259""","=""4.28434800""","=""3d7.(4P).4s""","=""b 3P""","=""1""","=""3d6.(5D).4s.4p.(3P*)""","=""z 3P*""","=""0""",,"=""T5720""","=""L11631""",
"=""862.16001""","=""0.00022""","=""862.16007""","=""0.00010""","=""550""","=""4.28e+05""","=""4.34e-04""","=""-2.321""",D+,"=""2.94879294""","=""4.38646275""","=""3d6.4s2""","=""b 3G""","=""5""","=""3d7.(4F).4p""","=""z 3G*""","=""5""",,"=""T5720""","=""L11631""",
"=""866.18994""","=""0.00023""","=""866.18993""","=""0.00011""","=""20900""","=""2.58e+06""","=""9.68e-03""","=""-1.537""",C+,"=""2.22271209""","=""3.65369332""","=""3d7.(4P).4s""","=""a 5P""","=""1""","=""3d6.(5D).4s.4p.(3P*)""","=""z 5P*""","=""2""",,"=""T5720""","=""L11631""",
"=""867.47459""","=""0.00023""","=""867.47457""","=""0.00011""","=""6900""","=""1.85e+06""","=""4.18e-03""","=""-1.680""",C,"=""2.83159117""","=""4.26045326""","=""3d7.(4P).4s""","=""b 3P""","=""2""","=""3d6.(5D).4s.4p.(3P*)""","=""z 3P*""","=""1""",,"=""T5720""","=""L11631""",
"=""868.86249""","=""0.00023""","=""868.86233""","=""0.00011""","=""8100""","=""5.42e+06""","=""8.77e-03""","=""-1.212""",B,"=""2.17594512""","=""3.60252504""","=""3d7.(4P).4s""","=""a 5P""","=""3""","=""3d6.(5D).4s.4p.(3P*)""","=""z 5P*""","=""3""",,"=""T4187""","=""L11631""",
"=""869.94534""","=""0.00023""","=""869.94548""","=""0.00011""","=""890""","=""3.67e+07""","=""5.96e-02""","=""-0.380""",D+,"=""4.95563019""","=""6.38043390""","=""3d6.(5D).4s.4p.(1P*)""","=""x 5D*""","=""3""","=""3d6.(5D).4s (6D).4d""","=""f 5F""","=""4""",,"=""T5720""","=""L11631""",
"=""""","=""""","=""871.31875""","=""0.00011""","=""""","=""3.00e+05""","=""3.10e-04""","=""-2.467""",C,"=""2.94879294""","=""4.37135106""","=""3d6.4s2""","=""b 3G""","=""5""","=""3d7.(4F).4p""","=""z 5G*""","=""4""",,"=""T5783""","=""""",
"=""875.71871""","=""0.00023""","=""875.71869""","=""0.00011""","=""3630""","=""1.06e+06""","=""4.05e-03""","=""-1.915""",C,"=""2.84504259""","=""4.26045326""","=""3d7.(4P).4s""","=""b 3P""","=""1""","=""3d6.(5D).4s.4p.(3P*)""","=""z 3P*""","=""1""",,"=""T5720""","=""L11631""",
"=""879.05211""","=""0.00023""","=""879.05209""","=""0.00011""","=""427""","=""2.24e+07""","=""5.19e-02""","=""-0.586""",C,"=""4.98804995""","=""6.39809335""","=""3d6.(5D).4s.4p.(1P*)""","=""x 5D*""","=""2""","=""3d6.(5D).4s (6D).4d""","=""f 5F""","=""3""",,"=""T5720""","=""L11631""",
"=""880.46253""","=""0.00023""","=""880.46243""","=""0.00011""","=""355""","=""5.01e+04""","=""1.17e-04""","=""-3.234""",B,"=""2.27860466""","=""3.68638944""","=""3d6.4s2""","=""a 3P2""","=""2""","=""3d6.(5D).4s.4p.(3P*)""","=""z 5P*""","=""1""",,"=""T4187""","=""L11631""",
"=""882.42205""","=""0.00023""","=""882.42195""","=""0.00011""","=""23400""","=""2.47e+06""","=""5.77e-03""","=""-1.540""",C,"=""2.19786640""","=""3.60252504""","=""3d7.(4P).4s""","=""a 5P""","=""2""","=""3d6.(5D).4s.4p.(3P*)""","=""z 5P*""","=""3""",,"=""T5720""","=""L11631""",
"=""883.84284""","=""0.00023""","=""883.84282""","=""0.00011""","=""3720""","=""1.15e+06""","=""1.35e-02""","=""-1.871""",C,"=""2.85805275""","=""4.26045326""","=""3d7.(4P).4s""","=""b 3P""","=""0""","=""3d6.(5D).4s.4p.(3P*)""","=""z 3P*""","=""1""",,"=""T5720""","=""L11631""",
"=""892.90771""","=""0.00024""","=""892.90753""","=""0.00011""","=""372""","=""1.07e+07""","=""2.56e-02""","=""-0.893""",C+,"=""5.08559017""","=""6.47375371""","=""3d6.(5D).4s.4p.(1P*)""","=""x 5F*""","=""2""","=""3d6.(5D).4s (4D).5s""","=""g 5D""","=""1""",,"=""T6110""","=""L11631""",
"=""897.54001""","=""0.00024""","=""897.54015""","=""0.00011""","=""790""","=""5.03e+05""","=""6.76e-04""","=""-2.216""",C,"=""2.99035244""","=""4.37135106""","=""3d6.4s2""","=""b 3G""","=""4""","=""3d7.(4F).4p""","=""z 5G*""","=""4""",,"=""T5720""","=""L11631""",
"=""899.95560""","=""0.00024""","=""899.95558""","=""0.00011""","=""14500""","=""5.30e+06""","=""1.29e-02""","=""-1.191""",D+,"=""2.83159117""","=""4.20888328""","=""3d7.(4P).4s""","=""b 3P""","=""2""","=""3d6.(5D).4s.4p.(3P*)""","=""z 3P*""","=""2""",,"=""T5720""","=""L11631""",
"=""901.05940""","=""0.00024""","=""901.05922""","=""0.00011""","=""650""","=""9.15e+04""","=""2.23e-04""","=""-2.953""",C+,"=""2.60850194""","=""3.98410712""","=""3d6.4s2""","=""b 3F2""","=""2""","=""3d6.(5D).4s.4p.(3P*)""","=""z 3F*""","=""2""",,"=""T5720""","=""L11631""",
"=""901.20740""","=""0.00024""","=""901.20754""","=""0.00011""","=""1580""","=""4.01e+07""","=""4.44e-02""","=""-0.311""",C,"=""4.99127081""","=""6.36664959""","=""3d6.(5D).4s.4p.(1P*)""","=""x 5F*""","=""5""","=""3d6.(5D).4s (4D).5s""","=""g 5D""","=""4""",,"=""T5720""","=""L11631""",
"=""908.83180""","=""0.00025""","=""908.83178""","=""0.00012""","=""3550""","=""1.08e+06""","=""4.48e-03""","=""-1.872""",D,"=""2.84504259""","=""4.20888328""","=""3d7.(4P).4s""","=""b 3P""","=""1""","=""3d6.(5D).4s.4p.(3P*)""","=""z 3P*""","=""2""",,"=""T5720""","=""L11631""",
"=""908.94038""","=""0.00025""","=""908.94044""","=""0.00012""","=""1740""","=""1.70e+06""","=""1.92e-03""","=""-1.675""",D+,"=""2.94879294""","=""4.31247059""","=""3d6.4s2""","=""b 3G""","=""5""","=""3d7.(4F).4p""","=""z 5G*""","=""5""",,"=""T5720""","=""L11631""",
"=""""","=""""","=""909.36839""","=""0.00012""","=""""","=""2.4e-01""","=""5.9e-10""","=""-8.5""",E,"=""2.27860466""","=""3.64164057""","=""3d6.4s2""","=""a 3P2""","=""2""","=""3d6.4s2""","=""b 3D""","=""3""",M1,"=""T6409""","=""""",
"=""""","=""""","=""909.36839""","=""0.00012""","=""""","=""2.1e-02""","=""5.2e-11""","=""-9.6""",E,"=""2.27860466""","=""3.64164057""","=""3d6.4s2""","=""a 3P2""","=""2""","=""3d6.4s2""","=""b 3D""","=""3""",E2,"=""T6409""","=""""",
"=""""","=""""","=""910.61650""","=""0.00012""","=""""","=""1.4e-01""","=""3.5e-10""","=""-8.8""",E,"=""2.27860466""","=""3.63977237""","=""3d6.4s2""","=""a 3P2""","=""2""","=""3d6.4s2""","=""b 3D""","=""2""",M1,"=""T6409""","=""""",
"=""""","=""""","=""910.61650""","=""0.00012""","=""""","=""1.0e-02""","=""2.5e-11""","=""-9.9""",E,"=""2.27860466""","=""3.63977237""","=""3d6.4s2""","=""a 3P2""","=""2""","=""3d6.4s2""","=""b 3D""","=""2""",E2,"=""T6409""","=""""",
"=""911.88810""","=""0.00025""","=""911.88808""","=""0.00012""","=""810""","=""6.15e+05""","=""1.53e-03""","=""-2.115""",D+,"=""2.83159117""","=""4.19086081""","=""3d7.(4P).4s""","=""b 3P""","=""2""","=""3d7.(4F).4p""","=""y 5D*""","=""2""",,"=""T5720""","=""L11631""",
"=""914.6129""","=""0.0003""","=""914.61276""","=""0.00012""","=""1320""","=""1.25e+05""","=""2.24e-04""","=""-2.804""",C+,"=""2.58810592""","=""3.94332623""","=""3d6.4s2""","=""b 3F2""","=""3""","=""3d6.(5D).4s.4p.(3P*)""","=""z 3F*""","=""3""",,"=""T5720""","=""L11631""",
"=""""","=""""","=""920.38106""","=""0.00012""","=""""","=""6.5e-02""","=""9.2e-11""","=""-9.1""",E,"=""1.48486439""","=""2.83159117""","=""3d7.(4F).4s""","=""a 3F""","=""4""","=""3d7.(4P).4s""","=""b 3P""","=""2""",E2,"=""T6409""","=""""",
"=""921.0025""","=""0.0003""","=""921.00241""","=""0.00012""","=""282""","=""3.10e+05""","=""1.31e-03""","=""-2.404""",D+,"=""2.84504259""","=""4.19086081""","=""3d7.(4P).4s""","=""b 3P""","=""1""","=""3d7.(4F).4p""","=""y 5D*""","=""2""",,"=""T5720""","=""L11631""",
"=""924.6558""","=""0.0003""","=""924.65573""","=""0.00012""","=""380""","=""9.00e+04""","=""1.65e-04""","=""-2.938""",B,"=""2.58810592""","=""3.92860683""","=""3d6.4s2""","=""b 3F2""","=""3""","=""3d6.(5D).4s.4p.(3P*)""","=""z 3D*""","=""2""",,"=""T5720""","=""L11631""",
"=""925.9005""","=""0.0003""","=""925.90056""","=""0.00012""","=""398""","=""1.39e+07""","=""1.98e-02""","=""-0.749""",D+,"=""4.91297355""","=""6.25167222""","=""3d6.(5D).4s.4p.(1P*)""","=""x 5D*""","=""4""","=""3d6.(5D).4s (6D).4d""","=""f 5D""","=""4""",,"=""T5720""","=""L11631""",
"=""935.9412""","=""0.0003""","=""935.94104""","=""0.00012""","=""540""","=""1.05e+05""","=""1.53e-04""","=""-2.860""",B,"=""2.55917148""","=""3.88350907""","=""3d6.4s2""","=""b 3F2""","=""4""","=""3d6.(5D).4s.4p.(3P*)""","=""z 3D*""","=""3""",,"=""T5720""","=""L11631""",
"=""936.2361""","=""0.0003""","=""936.23598""","=""0.00012""","=""550""","=""5.36e+04""","=""1.41e-04""","=""-3.152""",D+,"=""2.27860466""","=""3.60252504""","=""3d6.4s2""","=""a 3P2""","=""2""","=""3d6.(5D).4s.4p.(3P*)""","=""z 5P*""","=""3""",,"=""T5720""","=""L11631""",
"=""937.2897""","=""0.0003""","=""937.28957""","=""0.00012""","=""980""","=""1.84e+05""","=""2.70e-04""","=""-2.614""",C+,"=""2.55917148""","=""3.88160368""","=""3d6.4s2""","=""b 3F2""","=""4""","=""3d6.(5D).4s.4p.(3P*)""","=""z 3F*""","=""4""",,"=""T5720""","=""L11631""",
"=""940.1113""","=""0.0003""","=""940.11129""","=""0.00012""","=""930""","=""2.90e+07""","=""4.27e-02""","=""-0.415""",C,"=""5.03306811""","=""6.35153108""","=""3d6.(5D).4s.4p.(1P*)""","=""x 5F*""","=""4""","=""3d6.(5D).4s (6D).4d""","=""e 7G""","=""5""",,"=""T5720""","=""L11631""",
"=""""","=""""","=""941.19178""","=""0.00013""","=""""","=""7.0e-02""","=""8.5e-11""","=""-9.0""",E,"=""0.85899575""","=""2.17594512""","=""3d7.(4F).4s""","=""a 5F""","=""5""","=""3d7.(4P).4s""","=""a 5P""","=""3""",E2,"=""T6409""","=""""",
"=""941.4042""","=""0.0003""","=""941.40423""","=""0.00013""","=""1350""","=""3.58e+07""","=""6.81e-02""","=""-0.322""",D+,"=""5.06378173""","=""6.38043390""","=""3d6.(5D).4s.4p.(1P*)""","=""x 5F*""","=""3""","=""3d6.(5D).4s (6D).4d""","=""f 5F""","=""4""",,"=""T5720""","=""L11631""",
"=""944.3802""","=""0.0003""","=""944.38015""","=""0.00013""","=""1050""","=""4.47e+07""","=""1.20e-01""","=""-0.223""",C,"=""5.08559017""","=""6.39809335""","=""3d6.(5D).4s.4p.(1P*)""","=""x 5F*""","=""2""","=""3d6.(5D).4s (6D).4d""","=""f 5F""","=""3""",,"=""T5720""","=""L11631""",
"=""956.9907""","=""0.0003""","=""956.99078""","=""0.00013""","=""1380""","=""2.75e+07""","=""3.43e-02""","=""-0.423""",C,"=""4.99127081""","=""6.28647868""","=""3d6.(5D).4s.4p.(1P*)""","=""x 5F*""","=""5""","=""3d6.(5D).4s (6D).4d""","=""e 5G""","=""5""",,"=""T5720""","=""L11631""",
"=""962.6497""","=""0.0003""","=""962.64964""","=""0.00013""","=""1260""","=""4.06e+07""","=""6.26e-02""","=""-0.249""",D+,"=""5.03306811""","=""6.32066224""","=""3d6.(5D).4s.4p.(1P*)""","=""x 5F*""","=""4""","=""3d6.(5D).4s (6D).4d""","=""e 5G""","=""4""",,"=""T5720""","=""L11631""",
"=""""","=""""","=""965.89775""","=""0.00013""","=""""","=""2.7e-02""","=""4.2e-11""","=""-9.4""",E,"=""0.91460217""","=""2.19786640""","=""3d7.(4F).4s""","=""a 5F""","=""4""","=""3d7.(4P).4s""","=""a 5P""","=""2""",E2,"=""T6409""","=""""",
"=""973.8572""","=""0.0003""","=""973.85727""","=""0.00013""","=""5600""","=""9.93e+07""","=""1.28e-01""","=""0.150""",D+,"=""4.99127081""","=""6.26404671""","=""3d6.(5D).4s.4p.(1P*)""","=""x 5F*""","=""5""","=""3d6.(5D).4s (6D).4d""","=""e 5G""","=""6""",,"=""T5720""","=""L11631""",
"=""976.3379""","=""0.0003""","=""976.33806""","=""0.00013""","=""760""","=""2.71e+07""","=""1.29e-01""","=""-0.412""",C,"=""5.09954435""","=""6.36908625""","=""3d6.(5D).4s.4p.(1P*)""","=""x 5F*""","=""1""","=""3d6.(5D).4s (6D).4d""","=""e 5G""","=""2""",,"=""T5720""","=""L11631""",
"=""""","=""""","=""980.18855""","=""0.00014""","=""""","=""8.7e-03""","=""1.8e-11""","=""-9.9""",E,"=""0.95815732""","=""2.22271209""","=""3d7.(4F).4s""","=""a 5F""","=""3""","=""3d7.(4P).4s""","=""a 5P""","=""1""",E2,"=""T6409""","=""""",
"=""""","=""""","=""982.68445""","=""0.00014""","=""""","=""2.0e-02""","=""3.3e-11""","=""-9.5""",E,"=""0.91460217""","=""2.17594512""","=""3d7.(4F).4s""","=""a 5F""","=""4""","=""3d7.(4P).4s""","=""a 5P""","=""3""",E2,"=""T6409""","=""""",
"=""986.1736""","=""0.0003""","=""986.17339""","=""0.00014""","=""1700""","=""4.94e+07""","=""1.03e-01""","=""-0.142""",D+,"=""5.06378173""","=""6.32066224""","=""3d6.(5D).4s.4p.(1P*)""","=""x 5F*""","=""3""","=""3d6.(5D).4s (6D).4d""","=""e 5G""","=""4""",,"=""T5720""","=""L11631""",
"=""988.9036""","=""0.0003""","=""988.90353""","=""0.00014""","=""1580""","=""2.44e+07""","=""3.98e-02""","=""-0.446""",D+,"=""5.03306811""","=""6.28647868""","=""3d6.(5D).4s.4p.(1P*)""","=""x 5F*""","=""4""","=""3d6.(5D).4s (6D).4d""","=""e 5G""","=""5""",,"=""T5720""","=""L11631""",
"=""""","=""""","=""997.44267""","=""0.00014""","=""""","=""1.4e-01""","=""2.2e-10""","=""-8.7""",E,"=""1.48486439""","=""2.72754450""","=""3d7.(4F).4s""","=""a 3F""","=""4""","=""3d7.(2G).4s""","=""a 3G""","=""4""",M1,"=""T6409""","=""""",
"=""""","=""""","=""999.83311""","=""0.00014""","=""""","=""1.9e-02""","=""4.2e-11""","=""-9.5""",E,"=""0.95815732""","=""2.19786640""","=""3d7.(4F).4s""","=""a 5F""","=""3""","=""3d7.(4P).4s""","=""a 5P""","=""2""",E2,"=""T6409""","=""""",
"=""""","=""""","=""1005.59894""","=""0.00014""","=""""","=""1.3e-02""","=""3.9e-11""","=""-9.7""",E,"=""0.99011115""","=""2.22271209""","=""3d7.(4F).4s""","=""a 5F""","=""2""","=""3d7.(4P).4s""","=""a 5P""","=""1""",E2,"=""T6409""","=""""",
"=""""","=""""","=""1007.49982""","=""0.00014""","=""""","=""1.0e+00""","=""1.2e-09""","=""-7.8""",E,"=""2.40407444""","=""3.63434980""","=""3d6.4s2""","=""a 3H""","=""6""","=""3d6.4s2""","=""a 1I""","=""6""",M1,"=""T6409""","=""""",
"=""""","=""""","=""1022.98164""","=""0.00015""","=""""","=""1.1e-02""","=""5.5e-11""","=""-9.8""",E,"=""1.01105568""","=""2.22271209""","=""3d7.(4F).4s""","=""a 5F""","=""1""","=""3d7.(4P).4s""","=""a 5P""","=""1""",E2,"=""T6409""","=""""",
"=""""","=""""","=""1023.51787""","=""0.00015""","=""""","=""8.7e-02""","=""4.6e-10""","=""-8.9""",E,"=""2.42419831""","=""3.63521992""","=""3d6.4s2""","=""a 3P2""","=""1""","=""3d6.4s2""","=""b 3D""","=""1""",M1,"=""T6409""","=""""",
"=""""","=""""","=""1023.51787""","=""0.00015""","=""""","=""3.0e-03""","=""1.6e-11""","=""-10.3""",E,"=""2.42419831""","=""3.63521992""","=""3d6.4s2""","=""a 3P2""","=""1""","=""3d6.4s2""","=""b 3D""","=""1""",E2,"=""T6409""","=""""",
"=""""","=""""","=""1026.28598""","=""0.00015""","=""""","=""8.0e-02""","=""2.5e-10""","=""-8.9""",E,"=""0.99011115""","=""2.19786640""","=""3d7.(4F).4s""","=""a 5F""","=""2""","=""3d7.(4P).4s""","=""a 5P""","=""2""",E2,"=""T6409""","=""""",
"=""""","=""""","=""1026.46616""","=""0.00015""","=""""","=""1.2e-01""","=""2.1e-10""","=""-8.7""",E,"=""1.48486439""","=""2.69240763""","=""3d7.(4F).4s""","=""a 3F""","=""4""","=""3d7.(2G).4s""","=""a 3G""","=""5""",M1,"=""T6409""","=""""",
"=""""","=""""","=""1031.49588""","=""0.00015""","=""""","=""6.8e-01""","=""9.8e-10""","=""-8.0""",E,"=""2.43269470""","=""3.63434980""","=""3d6.4s2""","=""a 3H""","=""5""","=""3d6.4s2""","=""a 1I""","=""6""",M1,"=""T6409""","=""""",
"=""""","=""""","=""1031.86926""","=""0.00015""","=""""","=""8.4e-02""","=""1.9e-10""","=""-8.9""",E,"=""1.55735733""","=""2.75857762""","=""3d7.(4F).4s""","=""a 3F""","=""3""","=""3d7.(2G).4s""","=""a 3G""","=""3""",M1,"=""T6409""","=""""",
"=""""","=""""","=""1091.66321""","=""0.00017""","=""""","=""1.7e+00""","=""3.4e-09""","=""-7.5""",E,"=""2.55917148""","=""3.69459719""","=""3d6.4s2""","=""b 3F2""","=""4""","=""3d6.4s2""","=""b 1G2""","=""4""",M1,"=""T6409""","=""""",
"=""1111.9797""","=""0.0004""","=""1111.97956""","=""0.00017""","=""3020""","=""3.39e+05""","=""2.09e-03""","=""-2.202""",C+,"=""2.84504259""","=""3.95972364""","=""3d7.(4P).4s""","=""b 3P""","=""1""","=""3d6.(5D).4s.4p.(3P*)""","=""z 3D*""","=""1""",,"=""T5720""","=""L11631""",
"=""""","=""""","=""1120.20997""","=""0.00018""","=""""","=""8.3e-01""","=""2.2e-09""","=""-7.8""",E,"=""2.58810592""","=""3.69459719""","=""3d6.4s2""","=""b 3F2""","=""3""","=""3d6.4s2""","=""b 1G2""","=""4""",M1,"=""T6409""","=""""",
"=""""","=""""","=""1123.69864""","=""0.00018""","=""""","=""1.2e-01""","=""4.7e-10""","=""-8.6""",E,"=""2.19786640""","=""3.30092244""","=""3d7.(4P).4s""","=""a 5P""","=""2""","=""3d7.(2D2).4s""","=""a 3D""","=""2""",M1,"=""T6409""","=""""",
"=""1125.1115""","=""0.0004""","=""1125.11149""","=""0.00018""","=""4900""","=""3.39e+05""","=""6.43e-03""","=""-2.192""",B,"=""2.85805275""","=""3.95972364""","=""3d7.(4P).4s""","=""b 3P""","=""0""","=""3d6.(5D).4s.4p.(3P*)""","=""z 3D*""","=""1""",,"=""T5720""","=""L11631""",
"=""1129.8861""","=""0.0004""","=""1129.88596""","=""0.00018""","=""2510""","=""1.35e+05""","=""5.16e-04""","=""-2.588""",B,"=""2.83159117""","=""3.92860683""","=""3d7.(4P).4s""","=""b 3P""","=""2""","=""3d6.(5D).4s.4p.(3P*)""","=""z 3D*""","=""2""",,"=""T5720""","=""L11631""",
"=""1137.4081""","=""0.0004""","=""1137.40778""","=""0.00018""","=""1290""","=""3.00e+04""","=""8.32e-05""","=""-3.235""",C+,"=""2.17594512""","=""3.26570610""","=""3d7.(4P).4s""","=""a 5P""","=""3""","=""3d6.(5D).4s.4p.(3P*)""","=""z 5D*""","=""2""",,"=""T5720""","=""L11631""",
"=""1142.232""","=""0.003""","=""1142.23194""","=""0.00018""","=""4570bl""","=""1.02e+05""","=""3.99e-04""","=""-2.700""",C+,"=""2.19786640""","=""3.28302483""","=""3d7.(4P).4s""","=""a 5P""","=""2""","=""3d6.(5D).4s.4p.(3P*)""","=""z 5D*""","=""1""",,"=""T5720""","=""L11631""",
"=""1143.9126""","=""0.0004""","=""1143.91245""","=""0.00018""","=""18200""","=""9.05e+05""","=""5.91e-03""","=""-1.751""",B,"=""2.84504259""","=""3.92860683""","=""3d7.(4P).4s""","=""b 3P""","=""1""","=""3d6.(5D).4s.4p.(3P*)""","=""z 3D*""","=""2""",,"=""T5720""","=""L11631""",
"=""""","=""""","=""1152.45042""","=""0.00019""","=""""","=""4.8e-01""","=""1.4e-09""","=""-8.0""",E,"=""2.17594512""","=""3.25148176""","=""3d7.(4P).4s""","=""a 5P""","=""3""","=""3d7.(2D2).4s""","=""a 3D""","=""3""",M1,"=""T6409""","=""""",
"=""1159.3591""","=""0.0004""","=""1159.35878""","=""0.00019""","=""8900""","=""1.77e+05""","=""1.19e-03""","=""-2.448""",C+,"=""2.22271209""","=""3.29183986""","=""3d7.(4P).4s""","=""a 5P""","=""1""","=""3d6.(5D).4s.4p.(3P*)""","=""z 5D*""","=""0""",,"=""T5720""","=""L11631""",
"=""1160.7574""","=""0.0004""","=""1160.75725""","=""0.00019""","=""25100""","=""4.84e+05""","=""1.96e-03""","=""-2.009""",C+,"=""2.19786640""","=""3.26570610""","=""3d7.(4P).4s""","=""a 5P""","=""2""","=""3d6.(5D).4s.4p.(3P*)""","=""z 5D*""","=""2""",,"=""T5720""","=""L11631""",
"=""1163.8264""","=""0.0004""","=""1163.82603""","=""0.00019""","=""16600""","=""3.01e+05""","=""8.73e-04""","=""-2.214""",B,"=""2.17594512""","=""3.24096914""","=""3d7.(4P).4s""","=""a 5P""","=""3""","=""3d6.(5D).4s.4p.(3P*)""","=""z 5D*""","=""3""",,"=""T5720""","=""L11631""",
"=""1168.9976""","=""0.0004""","=""1168.99726""","=""0.00019""","=""22900""","=""4.17e+05""","=""2.85e-03""","=""-2.069""",C+,"=""2.22271209""","=""3.28302483""","=""3d7.(4P).4s""","=""a 5P""","=""1""","=""3d6.(5D).4s.4p.(3P*)""","=""z 5D*""","=""1""",,"=""T5720""","=""L11631""",
"=""""","=""""","=""1176.42809""","=""0.00020""","=""""","=""1.0e-01""","=""4.4e-10""","=""-8.7""",E,"=""2.19786640""","=""3.25148176""","=""3d7.(4P).4s""","=""a 5P""","=""2""","=""3d7.(2D2).4s""","=""a 3D""","=""3""",M1,"=""T6409""","=""""",
"=""1178.3267""","=""0.0004""","=""1178.32648""","=""0.00020""","=""36300""","=""1.28e+06""","=""5.33e-03""","=""-1.574""",B,"=""2.83159117""","=""3.88350907""","=""3d7.(4P).4s""","=""b 3P""","=""2""","=""3d6.(5D).4s.4p.(3P*)""","=""z 3D*""","=""3""",,"=""T5720""","=""L11631""",
"=""1188.2846""","=""0.0004""","=""1188.28442""","=""0.00020""","=""24500""","=""1.02e+06""","=""4.30e-03""","=""-1.668""",B,"=""2.19786640""","=""3.24096914""","=""3d7.(4P).4s""","=""a 5P""","=""2""","=""3d6.(5D).4s.4p.(3P*)""","=""z 5D*""","=""3""",,"=""T5720""","=""L11631""",
"=""1188.4085""","=""0.0004""","=""1188.40830""","=""0.00020""","=""21900""","=""3.90e+05""","=""2.75e-03""","=""-2.083""",C+,"=""2.22271209""","=""3.26570610""","=""3d7.(4P).4s""","=""a 5P""","=""1""","=""3d6.(5D).4s.4p.(3P*)""","=""z 5D*""","=""2""",,"=""T5720""","=""L11631""",
"=""1197.3050""","=""0.0004""","=""1197.30465""","=""0.00020""","=""24000""","=""1.53e+06""","=""4.70e-03""","=""-1.483""",B,"=""2.17594512""","=""3.21118938""","=""3d7.(4P).4s""","=""a 5P""","=""3""","=""3d6.(5D).4s.4p.(3P*)""","=""z 5D*""","=""4""",,"=""T5720""","=""L11631""",
"=""1205.3083""","=""0.0004""","=""1205.30824""","=""0.00020""","=""560""","=""1.32e+06""","=""4.09e-03""","=""-1.543""",D+,"=""4.55852281""","=""5.58689276""","=""3d6.(5D).4s.4p.(1P*)""","=""y 5P*""","=""3""","=""3d6.(5D).4s (6D).5s""","=""e 5D""","=""3""",,"=""T5720""","=""L11631""",
"=""""","=""""","=""1212.44373""","=""0.00021""","=""""","=""1.0e-01""","=""4.4e-10""","=""-8.7""",E,"=""2.27860466""","=""3.30092244""","=""3d6.4s2""","=""a 3P2""","=""2""","=""3d7.(2D2).4s""","=""a 3D""","=""2""",M1,"=""T6409""","=""""",
"=""1219.0099""","=""0.0004""","=""1219.00985""","=""0.00021""","=""288""","=""2.10e+05""","=""1.56e-03""","=""-2.330""",D+,"=""3.63521992""","=""4.65203107""","=""3d6.4s2""","=""b 3D""","=""1""","=""3d7.(4F).4p""","=""y 3F*""","=""2""",,"=""T5720""","=""L11631""",
"=""1255.6998""","=""0.0005""","=""1255.69960""","=""0.00022""","=""324""","=""1.00e+04""","=""4.73e-05""","=""-3.626""",C+,"=""2.27860466""","=""3.26570610""","=""3d6.4s2""","=""a 3P2""","=""2""","=""3d6.(5D).4s.4p.(3P*)""","=""z 5D*""","=""2""",,"=""T5720""","=""L11631""",
"=""1264.8742""","=""0.0005""","=""1264.87409""","=""0.00023""","=""1230""","=""3.02e+06""","=""1.45e-02""","=""-1.139""",C+,"=""4.60695104""","=""5.58689276""","=""3d6.(5D).4s.4p.(1P*)""","=""y 5P*""","=""2""","=""3d6.(5D).4s (6D).5s""","=""e 5D""","=""3""",,"=""T5720""","=""L11631""",
"=""1287.9769""","=""0.0005""","=""1287.97661""","=""0.00023""","=""910""","=""1.40e+04""","=""6.97e-05""","=""-3.458""",C+,"=""2.27860466""","=""3.24096914""","=""3d6.4s2""","=""a 3P2""","=""2""","=""3d6.(5D).4s.4p.(3P*)""","=""z 5D*""","=""3""",,"=""T5720""","=""L11631""",
"=""""","=""""","=""1320.66860""","=""0.00025""","=""""","=""5.5e-03""","=""2.1e-11""","=""-9.8""",E,"=""0.05156912""","=""0.99011115""","=""3d6.4s2""","=""a 5D""","=""3""","=""3d7.(4F).4s""","=""a 5F""","=""2""",E2,"=""T6409""","=""""",
"=""1326.073""","=""0.004""","=""1326.07286""","=""0.00025""","=""398bl*""","=""8.65e+06""","=""3.26e-02""","=""-0.642""",C+,"=""5.44571679""","=""6.38043390""","=""3d6.(3P2).4s.4p.(3P*)""","=""w 5D*""","=""3""","=""3d6.(5D).4s (6D).4d""","=""f 5F""","=""4""",,"=""T5720""","=""L11631""",
"=""""","=""""","=""1328.7294""","=""0.0004""","=""""","=""9.57e+06""","=""5.07e-02""","=""-0.596""",D+,"=""5.62068415""","=""6.55353246""","=""3d6.(5D).4s (6D).5s""","=""e 5D""","=""2""","=""3d7.(2D2).4p""","=""t 3D*""","=""1""",,"=""T5720""","=""""",
"=""1328.7829""","=""0.0005""","=""1328.78295""","=""0.00025""","=""870""","=""3.60e+04""","=""8.66e-05""","=""-3.021""",C,"=""2.94879294""","=""3.88160368""","=""3d6.4s2""","=""b 3G""","=""5""","=""3d6.(5D).4s.4p.(3P*)""","=""z 3F*""","=""4""",,"=""T5720""","=""L11631""",
"=""""","=""""","=""1341.7876""","=""0.0003""","=""""","=""4.5e-03""","=""2.4e-11""","=""-9.9""",E,"=""0.08728574""","=""1.01105568""","=""3d6.4s2""","=""a 5D""","=""2""","=""3d7.(4F).4s""","=""a 5F""","=""1""",E2,"=""T6409""","=""""",
"=""""","=""""","=""1355.23738""","=""0.00018""","=""""","=""1.3e-02""","=""4.1e-11""","=""-9.4""",E,"=""0.0000000""","=""0.91460217""","=""3d6.4s2""","=""a 5D""","=""4""","=""3d7.(4F).4s""","=""a 5F""","=""4""",E2,"=""T6409""","=""""",
"=""1366.7989""","=""0.0006""","=""1366.7991""","=""0.0003""","=""590""","=""1.89e+05""","=""7.57e-04""","=""-2.276""",D,"=""3.64164057""","=""4.54850612""","=""3d6.4s2""","=""b 3D""","=""3""","=""3d7.(4F).4p""","=""y 3F*""","=""4""",,"=""T5720""","=""L11631""",
"=""""","=""""","=""1367.2173""","=""0.0003""","=""""","=""1.2e-02""","=""4.8e-11""","=""-9.5""",E,"=""0.05156912""","=""0.95815732""","=""3d6.4s2""","=""a 5D""","=""3""","=""3d7.(4F).4s""","=""a 5F""","=""3""",E2,"=""T6409""","=""""",
"=""""","=""""","=""1372.9156""","=""0.0003""","=""""","=""8.0e-03""","=""4.5e-11""","=""-9.6""",E,"=""0.08728574""","=""0.99011115""","=""3d6.4s2""","=""a 5D""","=""2""","=""3d7.(4F).4s""","=""a 5F""","=""2""",E2,"=""T6409""","=""""",
"=""""","=""""","=""1375.7867""","=""0.0003""","=""""","=""5.7e-03""","=""5.4e-11""","=""-9.8""",E,"=""0.11011433""","=""1.01105568""","=""3d6.4s2""","=""a 5D""","=""1""","=""3d7.(4F).4s""","=""a 5F""","=""1""",E2,"=""T6409""","=""""",
"=""""","=""""","=""1395.4444""","=""0.0004""","=""""","=""2.0e-02""","=""1.9e-10""","=""-9.2""",D,"=""2.22271209""","=""3.11096179""","=""3d7.(4P).4s""","=""a 5P""","=""1""","=""3d7.(2P).4s""","=""c 3P""","=""0""",M1,"=""T6409""","=""""",
"=""""","=""""","=""1407.2290""","=""0.0003""","=""""","=""3.6e-01""","=""9.8e-10""","=""-8.0""",E,"=""2.69240763""","=""3.57321890""","=""3d7.(2G).4s""","=""a 3G""","=""5""","=""3d7.(2H).4s""","=""a 1H""","=""5""",M1,"=""T6409""","=""""",
"=""1430.8699""","=""0.0006""","=""1430.8696""","=""0.0003""","=""2040""","=""6.99e+04""","=""4.30e-04""","=""-2.668""",B,"=""3.01725044""","=""3.88350907""","=""3d7.(2P).4s""","=""c 3P""","=""2""","=""3d6.(5D).4s.4p.(3P*)""","=""z 3D*""","=""3""",,"=""T5720""","=""L11631""",
"=""1433.1390""","=""0.0006""","=""1433.1391""","=""0.0003""","=""347""","=""3.73e+06""","=""1.28e-02""","=""-0.940""",D+,"=""5.39325126""","=""6.25813812""","=""3d6.(3P2).4s.4p.(3P*)""","=""w 5D*""","=""4""","=""3d6.(5D).4s (6D).4d""","=""e 7P""","=""4""",,"=""T5720""","=""L11631""",
"=""""","=""""","=""1442.96775""","=""0.00021""","=""""","=""2.2e-02""","=""7.6e-11""","=""-9.2""",E,"=""0.0000000""","=""0.85899575""","=""3d6.4s2""","=""a 5D""","=""4""","=""3d7.(4F).4s""","=""a 5F""","=""5""",E2,"=""T6409""","=""""",
"=""1443.9341""","=""0.0006""","=""1443.9339""","=""0.0003""","=""363""","=""2.31e+06""","=""8.03e-03""","=""-1.141""",D+,"=""5.39325126""","=""6.25167222""","=""3d6.(3P2).4s.4p.(3P*)""","=""w 5D*""","=""4""","=""3d6.(5D).4s (6D).4d""","=""f 5D""","=""4""",,"=""T5720""","=""L11631""",
"=""""","=""""","=""1458.6061""","=""0.0003""","=""""","=""4.2e-02""","=""4.5e-10""","=""-8.9""",E,"=""2.42419831""","=""3.27398440""","=""3d6.4s2""","=""a 3P2""","=""1""","=""3d7.(2D2).4s""","=""a 3D""","=""1""",M1,"=""T6409""","=""""",
"=""""","=""""","=""1465.6979""","=""0.0003""","=""""","=""1.6e-01""","=""5.9e-10""","=""-8.3""",E,"=""2.72754450""","=""3.57321890""","=""3d7.(2G).4s""","=""a 3G""","=""4""","=""3d7.(2H).4s""","=""a 1H""","=""5""",M1,"=""T6409""","=""""",
"=""1481.4734""","=""0.0007""","=""1481.4735""","=""0.0003""","=""850""","=""2.82e+06""","=""8.43e-03""","=""-1.033""",C,"=""4.99127081""","=""5.82793998""","=""3d6.(5D).4s.4p.(1P*)""","=""x 5F*""","=""5""","=""3d7.(4F).5s""","=""e 5F""","=""5""",,"=""T5720""","=""L11631""",
"=""1507.729""","=""0.005""","=""1507.7287""","=""0.0003""","=""1050bl*""","=""1.83e+03""","=""8.93e-06""","=""-4.204""",C+,"=""2.17594512""","=""2.99804479""","=""3d7.(4P).4s""","=""a 5P""","=""3""","=""3d6.(5D).4s.4p.(3P*)""","=""z 7P*""","=""3""",,"=""T5720""","=""L11631""",
"=""1512.0508""","=""0.0007""","=""1512.0505""","=""0.0003""","=""132""","=""4.64e+06""","=""2.27e-02""","=""-0.798""",C,"=""5.44571679""","=""6.26546671""","=""3d6.(3P2).4s.4p.(3P*)""","=""w 5D*""","=""3""","=""3d6.(5D).4s (6D).4d""","=""f 5D""","=""3""",,"=""T5720""","=""L11631""",
"=""1521.9622""","=""0.0007""","=""1521.9618""","=""0.0003""","=""3020""","=""4.30e+06""","=""2.14e-02""","=""-0.825""",C+,"=""5.58689276""","=""6.40130429""","=""3d6.(5D).4s (6D).5s""","=""e 5D""","=""3""","=""3d6.(5D).4s (6D).5p""","=""t 5D*""","=""2""",,"=""T5720""","=""L11631""",
"=""1549.0338""","=""0.0007""","=""1549.0337""","=""0.0003""","=""174""","=""7.42e+02""","=""5.33e-06""","=""-4.574""",C,"=""2.19786640""","=""2.99804479""","=""3d7.(4P).4s""","=""a 5P""","=""2""","=""3d6.(5D).4s.4p.(3P*)""","=""z 7P*""","=""3""",,"=""T5720""","=""L11631""",
"=""1587.8448""","=""0.0008""","=""1587.8444""","=""0.0004""","=""1100""","=""2.52e+06""","=""1.90e-02""","=""-1.022""",C,"=""5.62068415""","=""6.40130429""","=""3d6.(5D).4s (6D).5s""","=""e 5D""","=""2""","=""3d6.(5D).4s (6D).5p""","=""t 5D*""","=""2""",,"=""T5720""","=""L11631""",
"=""1592.1095""","=""0.0008""","=""1592.1096""","=""0.0006""","=""120""","=""3.20e+06""","=""1.11e-02""","=""-0.915""",D,"=""5.48551782""","=""6.26404671""","=""3d6.(3F2).4s.4p.(3P*)""","=""w 5F*""","=""5""","=""3d6.(5D).4s (6D).4d""","=""e 5G""","=""6""",,"=""T5720""","=""L11631""",
"=""1647.4084""","=""0.0008""","=""1647.4077""","=""0.0004""","=""560""","=""2.70e+06""","=""1.57e-02""","=""-0.959""",D+,"=""6.01718438""","=""6.76958063""","=""3d7.(4F).5s""","=""e 3F""","=""3""","=""3d6.(3G).4s.4p.(3P*)""","=""t 3G*""","=""3""",,"=""T5720""","=""L11631""",
"=""1839.2460""","=""0.0010""","=""1839.2465""","=""0.0005""","=""447""","=""1.59e+06""","=""8.95e-03""","=""-1.094""",C+,"=""4.91297355""","=""5.58689276""","=""3d6.(5D).4s.4p.(1P*)""","=""x 5D*""","=""4""","=""3d6.(5D).4s (6D).5s""","=""e 5D""","=""3""",,"=""T5720""","=""L11631""",
"=""1885.6646""","=""0.0011""","=""1885.6644""","=""0.0005""","=""6200""","=""2.37e+06""","=""1.40e-02""","=""-0.899""",C+,"=""4.07581091""","=""4.73314079""","=""3d8""","=""c 3F""","=""4""","=""3d7.(4F).4p""","=""y 3D*""","=""3""",,"=""T5720""","=""L11631""",
"=""1898.7009""","=""0.0011""","=""1898.7007""","=""0.0005""","=""3390""","=""1.48e+06""","=""1.14e-02""","=""-1.097""",C,"=""4.14264893""","=""4.79546566""","=""3d8""","=""c 3F""","=""3""","=""3d7.(4F).4p""","=""y 3D*""","=""2""",,"=""T5720""","=""L11631""",
"=""1911.3678""","=""0.0011""","=""1911.3668""","=""0.0005""","=""1740""","=""1.04e+06""","=""1.14e-02""","=""-1.244""",C,"=""4.18636440""","=""4.83485507""","=""3d8""","=""c 3F""","=""2""","=""3d7.(4F).4p""","=""y 3D*""","=""1""",,"=""T5720""","=""L11631""",
"=""1963.5308""","=""0.0012""","=""1963.5309""","=""0.0005""","=""1380""","=""3.60e+06""","=""2.98e-02""","=""-0.681""",C+,"=""4.95563019""","=""5.58689276""","=""3d6.(5D).4s.4p.(1P*)""","=""x 5D*""","=""3""","=""3d6.(5D).4s (6D).5s""","=""e 5D""","=""3""",,"=""T5720""","=""L11631""",
obs_wl_vac(nm),unc_obs_wl,ritz_wl_vac(nm),unc_ritz_wl,intens,gA(s^-1),fik,log_gf,Acc,Ei(eV),Ek(eV),conf_i,term_i,J_i,conf_k,term_k,J_k,Type,tp_ref,line_ref,
"=""2070.3962""","=""0.0013""","=""2070.3964""","=""0.0006""","=""600""","=""1.39e+06""","=""1.79e-02""","=""-1.048""",C+,"=""4.98804995""","=""5.58689276""","=""3d6.(5D).4s.4p.(1P*)""","=""x 5D*""","=""2""","=""3d6.(5D).4s (6D).5s""","=""e 5D""","=""3""",,"=""T5720""","=""L11631""",
"=""2190.0972""","=""0.0014""","=""2190.0959""","=""0.0007""","=""398""","=""6.14e+06""","=""4.91e-02""","=""-0.355""",B,"=""6.14449991""","=""6.71061300""","=""3d6.(5D).4s (6D).5p""","=""n 7D*""","=""4""","=""3d6.(5D).4s (6D).6s""","=""g 7D""","=""4""",,"=""T5720""","=""L11631""",
"=""2238.6904""","=""0.0015""","=""2238.6905""","=""0.0007""","=""2630""","=""4.57e+06""","=""3.82e-02""","=""-0.464""",C+,"=""5.03306811""","=""5.58689276""","=""3d6.(5D).4s.4p.(1P*)""","=""x 5F*""","=""4""","=""3d6.(5D).4s (6D).5s""","=""e 5D""","=""3""",,"=""T5720""","=""L11631""",
"=""2247.941""","=""0.010""","=""2247.9397""","=""0.0007""","=""1580bl""","=""3.65e+07""","=""2.52e-01""","=""0.442""",D+,"=""6.11891044""","=""6.67045638""","=""3d6.(5D).4s (6D).5p""","=""n 7D*""","=""5""","=""3d6.(5D).4s (6D).6s""","=""g 7D""","=""5""",,"=""T5720""","=""L11631""",
"=""2315.0912""","=""0.0016""","=""2315.0897""","=""0.0008""","=""830""","=""1.06e+07""","=""1.22e-01""","=""-0.069""",D+,"=""6.17506487""","=""6.71061300""","=""3d6.(5D).4s (6D).5p""","=""n 7D*""","=""3""","=""3d6.(5D).4s (6D).6s""","=""g 7D""","=""4""",,"=""T5720""","=""L11631""",
"=""2357.3101""","=""0.0017""","=""2357.3091""","=""0.0008""","=""930""","=""2.43e+07""","=""2.25e-01""","=""0.306""",D+,"=""6.14449991""","=""6.67045638""","=""3d6.(5D).4s (6D).5p""","=""n 7D*""","=""4""","=""3d6.(5D).4s (6D).6s""","=""g 7D""","=""5""",,"=""T5720""","=""L11631""",
"=""2455.4651""","=""0.0018""","=""2455.4640""","=""0.0009""","=""2140""","=""3.35e+07""","=""2.75e-01""","=""0.481""",C,"=""6.20568115""","=""6.71061300""","=""3d6.(5D).4s (6D).5p""","=""n 7F*""","=""5""","=""3d6.(5D).4s (6D).6s""","=""g 7D""","=""4""",,"=""T5720""","=""L11631""",
"=""2473.5850""","=""0.0018""","=""2473.5840""","=""0.0014""","=""2880""","=""5.59e+07""","=""3.95e-01""","=""0.710""",D+,"=""6.16922335""","=""6.67045638""","=""3d6.(5D).4s (6D).5p""","=""n 7F*""","=""6""","=""3d6.(5D).4s (6D).6s""","=""g 7D""","=""5""",,"=""T5720""","=""L11631""",
"=""2538.7152""","=""0.0019""","=""2538.7148""","=""0.0009""","=""1350""","=""6.15e+06""","=""6.60e-02""","=""-0.226""",B,"=""6.22223912""","=""6.71061300""","=""3d6.(5D).4s (6D).5p""","=""n 7P*""","=""4""","=""3d6.(5D).4s (6D).6s""","=""g 7D""","=""4""",,"=""T5720""","=""L11631""",
"=""2622.9204""","=""0.0021""","=""2622.9205""","=""0.0010""","=""17400""","=""2.72e+06""","=""3.11e-02""","=""-0.553""",D+,"=""4.07581091""","=""4.54850612""","=""3d8""","=""c 3F""","=""4""","=""3d7.(4F).4p""","=""y 3F*""","=""4""",,"=""T5720""","=""L11631""",
"=""2662.5108""","=""0.0021""","=""2662.5096""","=""0.0010""","=""6300""","=""1.92e+06""","=""4.09e-02""","=""-0.689""",C,"=""4.18636440""","=""4.65203107""","=""3d8""","=""c 3F""","=""2""","=""3d7.(4F).4p""","=""y 3F*""","=""2""",,"=""T5720""","=""L11631""",
"=""2666.6459""","=""0.0021""","=""2666.6460""","=""0.0010""","=""4270""","=""1.48e+06""","=""2.25e-02""","=""-0.803""",C+,"=""4.14264893""","=""4.60759327""","=""3d8""","=""c 3F""","=""3""","=""3d7.(4F).4p""","=""y 3F*""","=""3""",,"=""T5720""","=""L11631""",
"=""""","=""""","=""24042.33""","=""0.06""","=""""","=""1.76e-02""","=""1.69e-08""","=""-6.82""",B,"=""0.0000000""","=""0.05156912""","=""3d6.4s2""","=""a 5D""","=""4""","=""3d6.4s2""","=""a 5D""","=""3""",M1,"=""T6409""","=""""",
"=""""","=""""","=""34713.30""","=""0.17""","=""""","=""7.80e-03""","=""2.01e-08""","=""-6.85""",B,"=""0.05156912""","=""0.08728574""","=""3d6.4s2""","=""a 5D""","=""3""","=""3d6.4s2""","=""a 5D""","=""2""",M1,"=""T6409""","=""""",
"=""""","=""""","=""54310.9""","=""0.4""","=""""","=""1.78e-03""","=""1.57e-08""","=""-7.11""",B,"=""0.08728574""","=""0.11011433""","=""3d6.4s2""","=""a 5D""","=""2""","=""3d6.4s2""","=""a 5D""","=""1""",M1,"=""T6409""","=""""",
"=""""","=""""","=""111182.8""","=""1.7""","=""""","=""1.18e-04""","=""7.29e-09""","=""-7.66""",B,"=""0.11011433""","=""0.12126572""","=""3d6.4s2""","=""a 5D""","=""1""","=""3d6.4s2""","=""a 5D""","=""0""",M1,"=""T6409""","=""""",
