obs_wl_vac(nm),unc_obs_wl,ritz_wl_vac(nm),unc_ritz_wl,intens,gA(s^-1),fik,log_gf,Acc,Ei(cm-1),Ek(cm-1),conf_i,term_i,J_i,conf_k,term_k,J_k,Type,tp_ref,line_ref,
"=""15.71""","=""0.01""","=""15.708""","=""0.010""","=""a""","=""""","=""""","=""""",,"=""0.00000""","=""636600""","=""2p6.3s""","=""2S""","=""1/2""","=""2s.2p6.(2S).3d.4p.(3P*)""","=""2P*""","=""1/2,3/2""",,"=""""","=""L5279""",
"=""15.88""","=""0.02""","=""15.881""","=""0.020""","=""a""","=""""","=""""","=""""",,"=""0.00000""","=""629700""","=""2p6.3s""","=""2S""","=""1/2""","=""2s.2p6.(2S).4s.5p.(3P*)""","=""2P*""","=""1/2,3/2""",,"=""""","=""L5279""",
"=""16.16""","=""0.01""","=""16.158""","=""0.010""","=""a""","=""""","=""""","=""""",,"=""0.00000""","=""618900""","=""2p6.3s""","=""2S""","=""1/2""","=""2s.2p6.(2S).4s.4p.(3P*)""","=""2P*""","=""1/2,3/2""",,"=""""","=""L5279""",
"=""16.67""","=""0.01""","=""16.667""","=""0.011""","=""a""","=""""","=""""","=""""",,"=""0.00000""","=""600000""","=""2p6.3s""","=""2S""","=""1/2""","=""2s.2p6.3p.(3P*).6s""","=""2P*""","=""1/2,3/2""",,"=""""","=""L5279""",
"=""16.77""","=""0.01""","=""16.767""","=""0.011""","=""a""","=""""","=""""","=""""",,"=""0.00000""","=""596400""","=""2p6.3s""","=""2S""","=""1/2""","=""2s.2p6.3p.(3P*).5s""","=""2P*""","=""1/2,3/2""",,"=""""","=""L5279""",
"=""16.82""","=""0.01""","=""16.818""","=""0.011""","=""a""","=""""","=""""","=""""",,"=""0.00000""","=""594600""","=""2p6.3s""","=""2S""","=""1/2""","=""2s.2p6.3p.(3P*).3d""","=""2P*""","=""1/2,3/2""",,"=""""","=""L5279""",
"=""16.91""","=""0.01""","=""16.909""","=""0.009""","=""a""","=""""","=""""","=""""",,"=""0.00000""","=""591400""","=""2p6.3s""","=""2S""","=""1/2""","=""2s.2p6.3p.(1P*).4s""","=""2P*""","=""1/2,3/2""",,"=""""","=""L5279""",
"=""17.06""","=""0.01""","=""17.059""","=""0.009""","=""a""","=""""","=""""","=""""",,"=""0.00000""","=""586200""","=""2p6.3s""","=""2S""","=""1/2""","=""2s.2p6.3p.(3P*).4s""","=""2P*""","=""1/2,3/2""",,"=""""","=""L5279""",
"=""17.87""","=""0.01""","=""17.870""","=""0.010""","=""a""","=""""","=""""","=""""",,"=""0.00000""","=""559600""","=""2p6.3s""","=""2S""","=""1/2""","=""2s.2p6.3s.(3S).4p""","=""2P*""","=""1/2,3/2""",,"=""""","=""L5279""",
"=""18.29""","=""0.01""","=""18.295""","=""0.010""","=""a""","=""""","=""""","=""""",,"=""0.00000""","=""546600""","=""2p6.3s""","=""2S""","=""1/2""","=""2s.(2S).2p6.3s.3p.(1P*)""","=""2P*""","=""1/2,3/2""",,"=""""","=""L5279""",
"=""18.680""","=""0.007""","=""18.680""","=""0.007""","=""a""","=""""","=""""","=""""",,"=""0.00000""","=""535330""","=""2p6.3s""","=""2S""","=""1/2""","=""2s.(2S).2p6.3s.3p.(3P*)""","=""2P*""","=""1/2,3/2""",,"=""""","=""L5279""",
"=""26.733""","=""0.001""","=""26.7330""","=""0.0011""","=""a""","=""""","=""""","=""""",,"=""0.00000""","=""374070""","=""2p6.3s""","=""2S""","=""1/2""","=""2p5.3d.(3D*<1>).16s""","=""2[1]*""","=""1/2,3/2""",,"=""""","=""L12868""",
"=""26.738""","=""0.001""","=""26.7380""","=""0.0011""","=""a""","=""""","=""""","=""""",,"=""0.00000""","=""374000""","=""2p6.3s""","=""2S""","=""1/2""","=""2p5.3d.(3D*<1>).15s""","=""2[1]*""","=""1/2,3/2""",,"=""""","=""L12868""",
"=""26.744""","=""0.001""","=""26.7440""","=""0.0011""","=""a""","=""""","=""""","=""""",,"=""0.00000""","=""373916""","=""2p6.3s""","=""2S""","=""1/2""","=""2p5.3d.(3D*<1>).14s""","=""2[1]*""","=""1/2,3/2""",,"=""""","=""L12868""",
"=""26.754""","=""0.001""","=""26.7540""","=""0.0011""","=""a""","=""""","=""""","=""""",,"=""0.00000""","=""373776""","=""2p6.3s""","=""2S""","=""1/2""","=""2p5.3d.(3D*<1>).13s""","=""2[1]*""","=""1/2,3/2""",,"=""""","=""L12868""",
"=""26.764""","=""0.001""","=""26.7640""","=""0.0011""","=""a""","=""""","=""""","=""""",,"=""0.00000""","=""373636""","=""2p6.3s""","=""2S""","=""1/2""","=""2p5.4s.(1P*<1>).11d""","=""""","=""1/2,3/2""",,"=""""","=""L12868""",
"=""26.766""","=""0.001""","=""26.7660""","=""0.0011""","=""a""","=""""","=""""","=""""",,"=""0.00000""","=""373608""","=""2p6.3s""","=""2S""","=""1/2""","=""2p5.3d.(3D*<1>).12s""","=""2[1]*""","=""1/2,3/2""",,"=""""","=""L12868""",
"=""26.777""","=""0.001""","=""26.7770""","=""0.0011""","=""a""","=""""","=""""","=""""",,"=""0.00000""","=""373455""","=""2p6.3s""","=""2S""","=""1/2""","=""2p5.4s.(1P*<1>).10d""","=""""","=""1/2,3/2""",,"=""""","=""L12868""",
"=""26.783""","=""0.001""","=""26.7830""","=""0.0011""","=""a""","=""""","=""""","=""""",,"=""0.00000""","=""373371""","=""2p6.3s""","=""2S""","=""1/2""","=""2p5.3d.(3D*<1>).11s""","=""2[1]*""","=""1/2,3/2""",,"=""""","=""L12868""",
"=""26.797""","=""0.001""","=""26.7970""","=""0.0011""","=""a""","=""""","=""""","=""""",,"=""0.00000""","=""373176""","=""2p6.3s""","=""2S""","=""1/2""","=""2p5.4s.(1P*<1>).9d""","=""""","=""1/2,3/2""",,"=""""","=""L12868""",
"=""26.806""","=""0.001""","=""26.8060""","=""0.0011""","=""a""","=""""","=""""","=""""",,"=""0.00000""","=""373051""","=""2p6.3s""","=""2S""","=""1/2""","=""2p5.3d.(3D*<1>).10s""","=""2[1]*""","=""1/2,3/2""",,"=""""","=""L12868""",
"=""26.824""","=""0.001""","=""26.8240""","=""0.0011""","=""a""","=""""","=""""","=""""",,"=""0.00000""","=""372800""","=""2p6.3s""","=""2S""","=""1/2""","=""2p5.4s.(1P*<1>).8d""","=""""","=""1/2,3/2""",,"=""""","=""L12868""",
"=""26.827""","=""0.001""","=""26.8270""","=""0.0011""","=""a""","=""""","=""""","=""""",,"=""0.00000""","=""372759""","=""2p6.3s""","=""2S""","=""1/2""","=""2p5.4s.(3P*<1>).14d""","=""""","=""1/2,3/2""",,"=""""","=""L12868""",
"=""26.834""","=""0.001""","=""26.8340""","=""0.0011""","=""a""","=""""","=""""","=""""",,"=""0.00000""","=""372662""","=""2p6.3s""","=""2S""","=""1/2""","=""2p5.4s.(3P*<1>).13d""","=""""","=""1/2,3/2""",,"=""""","=""L12868""",
"=""26.838""","=""0.001""","=""26.8380""","=""0.0011""","=""a""","=""""","=""""","=""""",,"=""0.00000""","=""372606""","=""2p6.3s""","=""2S""","=""1/2""","=""2p5.3d.(3D*<1>).9s""","=""2[1]*""","=""1/2,3/2""",,"=""""","=""L12868""",
"=""26.842""","=""0.001""","=""26.8420""","=""0.0011""","=""a""","=""""","=""""","=""""",,"=""0.00000""","=""372550""","=""2p6.3s""","=""2S""","=""1/2""","=""2p5.4s.(3P*<1>).12d""","=""""","=""1/2,3/2""",,"=""""","=""L12868""",
"=""26.853""","=""0.001""","=""26.8530""","=""0.0011""","=""a""","=""""","=""""","=""""",,"=""0.00000""","=""372398""","=""2p6.3s""","=""2S""","=""1/2""","=""2p5.4s.(3P*<1>).11d""","=""""","=""1/2,3/2""",,"=""""","=""L12868""",
"=""26.862""","=""0.001""","=""26.8620""","=""0.0011""","=""a""","=""""","=""""","=""""",,"=""0.00000""","=""372273""","=""2p6.3s""","=""2S""","=""1/2""","=""2p5.4s.(1P*<1>).7d""","=""""","=""1/2,3/2""",,"=""""","=""L12868""",
"=""26.866""","=""0.001""","=""26.8660""","=""0.0011""","=""a""","=""""","=""""","=""""",,"=""0.00000""","=""372218""","=""2p6.3s""","=""2S""","=""1/2""","=""2p5.4s.(3P*<1>).10d""","=""""","=""1/2,3/2""",,"=""""","=""L12868""",
"=""26.871""","=""0.001""","=""26.8710""","=""0.0011""","=""a""","=""""","=""""","=""""",,"=""0.00000""","=""372148""","=""2p6.3s""","=""2S""","=""1/2""","=""2p5.3d.(3F*<2>).11d""","=""""","=""1/2,3/2""",,"=""""","=""L12868""",
"=""26.886""","=""0.001""","=""26.8860""","=""0.0011""","=""a*""","=""""","=""""","=""""",,"=""0.00000""","=""371941""","=""2p6.3s""","=""2S""","=""1/2""","=""2p5.3d.(3D*<1>).8s""","=""2[1]*""","=""1/2,3/2""",,"=""""","=""L12868""",
"=""26.886""","=""0.001""","=""26.8860""","=""0.0011""","=""a*""","=""""","=""""","=""""",,"=""0.00000""","=""371941""","=""2p6.3s""","=""2S""","=""1/2""","=""2p5.4s.(3P*<1>).9d""","=""""","=""1/2,3/2""",,"=""""","=""L12868""",
"=""26.886""","=""0.001""","=""26.8860""","=""0.0011""","=""a*""","=""""","=""""","=""""",,"=""0.00000""","=""371941""","=""2p6.3s""","=""2S""","=""1/2""","=""2p5.3d.(3F*<2>).10d""","=""""","=""1/2,3/2""",,"=""""","=""L12868""",
"=""26.894""","=""0.001""","=""26.8940""","=""0.0011""","=""a""","=""""","=""""","=""""",,"=""0.00000""","=""371830""","=""2p6.3s""","=""2S""","=""1/2""","=""2p5.3d.(1P*<1>).9d""","=""""","=""1/2,3/2""",,"=""""","=""L12868""",
"=""26.906""","=""0.001""","=""26.9060""","=""0.0011""","=""a""","=""""","=""""","=""""",,"=""0.00000""","=""371664""","=""2p6.3s""","=""2S""","=""1/2""","=""2p5.3d.(3F*<2>).9d""","=""""","=""1/2,3/2""",,"=""""","=""L12868""",
"=""26.913""","=""0.001""","=""26.9130""","=""0.0011""","=""a""","=""""","=""""","=""""",,"=""0.00000""","=""371568""","=""2p6.3s""","=""2S""","=""1/2""","=""2p5.4s.(3P*<1>).8d""","=""""","=""1/2,3/2""",,"=""""","=""L12868""",
"=""26.914""","=""0.001""","=""26.9140""","=""0.0011""","=""a""","=""""","=""""","=""""",,"=""0.00000""","=""371554""","=""2p6.3s""","=""2S""","=""1/2""","=""2p5.3d.(1P*<1>).10s""","=""2[1]*""","=""1/2,3/2""",,"=""""","=""L12868""",
"=""26.920""","=""0.001""","=""26.9200""","=""0.0011""","=""a""","=""""","=""""","=""""",,"=""0.00000""","=""371471""","=""2p6.3s""","=""2S""","=""1/2""","=""2p5.3d.(1P*<1>).8d""","=""""","=""1/2,3/2""",,"=""""","=""L12868""",
"=""26.922""","=""0.001""","=""26.9220""","=""0.0011""","=""a""","=""""","=""""","=""""",,"=""0.00000""","=""371443""","=""2p6.3s""","=""2S""","=""1/2""","=""2p5.4s.(1P*<1>).6d""","=""""","=""1/2,3/2""",,"=""""","=""L12868""",
"=""26.937""","=""0.001""","=""26.9370""","=""0.0011""","=""a*""","=""""","=""""","=""""",,"=""0.00000""","=""371237""","=""2p6.3s""","=""2S""","=""1/2""","=""2p5.3d.(3F*<2>).8d""","=""""","=""1/2,3/2""",,"=""""","=""L12868""",
"=""26.937""","=""0.001""","=""26.9370""","=""0.0011""","=""a*""","=""""","=""""","=""""",,"=""0.00000""","=""371237""","=""2p6.3s""","=""2S""","=""1/2""","=""2p5.4s.(3P*<1>).10s""","=""2[1]*""","=""1/2,3/2""",,"=""""","=""L12868""",
"=""26.953""","=""0.001""","=""26.9530""","=""0.0011""","=""a*""","=""""","=""""","=""""",,"=""0.00000""","=""371016""","=""2p6.3s""","=""2S""","=""1/2""","=""2p5.4s.(3P*<1>).7d""","=""""","=""1/2,3/2""",,"=""""","=""L12868""",
"=""26.953""","=""0.001""","=""26.9530""","=""0.0011""","=""a*""","=""""","=""""","=""""",,"=""0.00000""","=""371016""","=""2p6.3s""","=""2S""","=""1/2""","=""2p5.3d.(1P*<1>).9s""","=""2[1]*""","=""1/2,3/2""",,"=""""","=""L12868""",
"=""26.961""","=""0.001""","=""26.9610""","=""0.0011""","=""a""","=""""","=""""","=""""",,"=""0.00000""","=""370906""","=""2p6.3s""","=""2S""","=""1/2""","=""2p5.3d.(1P*<1>).7d""","=""""","=""1/2,3/2""",,"=""""","=""L12868""",
"=""26.967""","=""0.001""","=""26.9670""","=""0.0011""","=""a""","=""""","=""""","=""""",,"=""0.00000""","=""370824""","=""2p6.3s""","=""2S""","=""1/2""","=""2p5.3d.(3D*<1>).7s""","=""2[1]*""","=""1/2,3/2""",,"=""""","=""L12868""",
"=""26.980""","=""0.001""","=""26.9800""","=""0.0011""","=""a""","=""""","=""""","=""""",,"=""0.00000""","=""370645""","=""2p6.3s""","=""2S""","=""1/2""","=""2p5.3d.(3P*<2>).10s""","=""2[2]*""","=""3/2""",,"=""""","=""L12868""",
"=""26.981""","=""0.001""","=""26.9810""","=""0.0011""","=""a""","=""""","=""""","=""""",,"=""0.00000""","=""370631""","=""2p6.3s""","=""2S""","=""1/2""","=""2p5.3d.(3F*<2>).7d""","=""""","=""1/2,3/2""",,"=""""","=""L12868""",
"=""26.988""","=""0.001""","=""26.9880""","=""0.0011""","=""bl,a""","=""""","=""""","=""""",,"=""0.00000""","=""370535""","=""2p6.3s""","=""2S""","=""1/2""","=""2p5.4s.(3P*<1>).9s""","=""2[1]*""","=""1/2,3/2""",,"=""""","=""L12868""",
"=""27.006""","=""0.001""","=""27.0060""","=""0.0011""","=""a""","=""""","=""""","=""""",,"=""0.00000""","=""370288""","=""2p6.3s""","=""2S""","=""1/2""","=""2p5.3d.(1P*<1>).8s""","=""2[1]*""","=""1/2,3/2""",,"=""""","=""L12868""",
"=""27.012""","=""0.001""","=""27.0120""","=""0.0011""","=""a""","=""""","=""""","=""""",,"=""0.00000""","=""370206""","=""2p6.3s""","=""2S""","=""1/2""","=""2p5.4s.(3P*<1>).6d""","=""""","=""1/2,3/2""",,"=""""","=""L12868""",
"=""27.017""","=""0.001""","=""27.0170""","=""0.0011""","=""a""","=""""","=""""","=""""",,"=""0.00000""","=""370137""","=""2p6.3s""","=""2S""","=""1/2""","=""2p5.3d.(3P*<2>).9s""","=""2[2]*""","=""3/2""",,"=""""","=""L12868""",
"=""27.020""","=""0.001""","=""27.0200""","=""0.0011""","=""a""","=""""","=""""","=""""",,"=""0.00000""","=""370096""","=""2p6.3s""","=""2S""","=""1/2""","=""2p5.3d.(1P*<1>).6d""","=""""","=""1/2,3/2""",,"=""""","=""L12868""",
"=""27.0276""","=""0.0008""","=""27.0276""","=""0.0011""","=""a""","=""""","=""""","=""""",,"=""0.00000""","=""369992""","=""2p6.3s""","=""2S""","=""1/2""","=""2p5.4s.(1P*<1>).5d""","=""""","=""1/2,3/2""",,"=""""","=""L12868""",
"=""27.053""","=""0.001""","=""27.0530""","=""0.0011""","=""a""","=""""","=""""","=""""",,"=""0.00000""","=""369645""","=""2p6.3s""","=""2S""","=""1/2""","=""2p5.3d.(3F*<2>).6d""","=""""","=""1/2,3/2""",,"=""""","=""L12868""",
"=""27.067""","=""0.001""","=""27.0670""","=""0.0011""","=""a""","=""""","=""""","=""""",,"=""0.00000""","=""369454""","=""2p6.3s""","=""2S""","=""1/2""","=""2p5.3d.(3P*<2>).8s""","=""2[2]*""","=""3/2""",,"=""""","=""L12868""",
"=""27.076""","=""0.001""","=""27.0760""","=""0.0011""","=""a""","=""""","=""""","=""""",,"=""0.00000""","=""369331""","=""2p6.3s""","=""2S""","=""1/2""","=""2p5.4s.(3P*<1>).8s""","=""2[1]*""","=""1/2,3/2""",,"=""""","=""L12868""",
"=""27.098""","=""0.001""","=""27.0980""","=""0.0011""","=""a""","=""""","=""""","=""""",,"=""0.00000""","=""369031""","=""2p6.3s""","=""2S""","=""1/2""","=""2p5.3d.(1P*<1>).7s""","=""2[1]*""","=""1/2,3/2""",,"=""""","=""L12868""",
"=""27.104""","=""0.001""","=""27.1040""","=""0.0011""","=""a""","=""""","=""""","=""""",,"=""0.00000""","=""368949""","=""2p6.3s""","=""2S""","=""1/2""","=""2p5.3d.(3D*<1>).6s""","=""2[1]*""","=""1/2,3/2""",,"=""""","=""L12868""",
"=""27.119""","=""0.001""","=""27.1190""","=""0.0011""","=""a*""","=""""","=""""","=""""",,"=""0.00000""","=""368745""","=""2p6.3s""","=""2S""","=""1/2""","=""2p5.3d.(1P*<1>).5d""","=""""","=""1/2,3/2""",,"=""""","=""L12868""",
"=""27.119""","=""0.001""","=""27.1190""","=""0.0011""","=""a*""","=""""","=""""","=""""",,"=""0.00000""","=""368745""","=""2p6.3s""","=""2S""","=""1/2""","=""2p5.4s.(3P*<1>).5d""","=""""","=""1/2,3/2""",,"=""""","=""L12868""",
"=""27.1527""","=""0.0008""","=""27.1527""","=""0.0008""","=""a""","=""""","=""""","=""""",,"=""0.00000""","=""368287""","=""2p6.3s""","=""2S""","=""1/2""","=""2p5.3d.(3P*<2>).7s""","=""2[2]*""","=""3/2""",,"=""""","=""L12868""",
"=""27.1773""","=""0.0008""","=""27.1773""","=""0.0008""","=""a""","=""""","=""""","=""""",,"=""0.00000""","=""367954""","=""2p6.3s""","=""2S""","=""1/2""","=""2p5.3d.(3F*<2>).5d""","=""""","=""1/2,3/2""",,"=""""","=""L12868""",
"=""27.2180""","=""0.0008""","=""27.2180""","=""0.0008""","=""a""","=""""","=""""","=""""",,"=""0.00000""","=""367404""","=""2p6.3s""","=""2S""","=""1/2""","=""2p5.4s.(1P*<1>).4d""","=""""","=""1/2,3/2""",,"=""""","=""L12868""",
"=""27.232""","=""0.001""","=""27.2320""","=""0.0010""","=""a""","=""""","=""""","=""""",,"=""0.00000""","=""367215""","=""2p6.3s""","=""2S""","=""1/2""","=""2p5.4s.(3P*<1>).7s""","=""2[1]*""","=""1/2,3/2""",,"=""""","=""L12868""",
"=""27.253""","=""0.001""","=""27.2530""","=""0.0010""","=""a""","=""""","=""""","=""""",,"=""0.00000""","=""366932""","=""2p6.3s""","=""2S""","=""1/2""","=""2p5.3d.(1P*<1>).6s""","=""2[1]*""","=""1/2,3/2""",,"=""""","=""L12868""",
"=""27.2907""","=""0.0008""","=""27.2907""","=""0.0008""","=""a""","=""""","=""""","=""""",,"=""0.00000""","=""366425""","=""2p6.3s""","=""2S""","=""1/2""","=""2p5.4s.(3P*<1>).4d""","=""""","=""1/2,3/2""",,"=""""","=""L12868""",
"=""27.307""","=""0.001""","=""27.3071""","=""0.0010""","=""a*""","=""""","=""""","=""""",,"=""0.00000""","=""366205""","=""2p6.3s""","=""2S""","=""1/2""","=""2p5.3d.(3P*<2>).6s""","=""2[2]*""","=""3/2""",,"=""""","=""L12868""",
"=""27.307""","=""0.001""","=""27.3070""","=""0.0010""","=""a*""","=""""","=""""","=""""",,"=""0.00000""","=""366206""","=""2p6.3s""","=""2S""","=""1/2""","=""2p5.3d.(1P*<1>).4d""","=""""","=""1/2,3/2""",,"=""""","=""L12868""",
"=""27.398""","=""0.001""","=""27.3980""","=""0.0010""","=""a""","=""""","=""""","=""""",,"=""0.00000""","=""364990""","=""2p6.3s""","=""2S""","=""1/2""","=""2p5.3d.(3D*<1>).5s""","=""2[1]*""","=""1/2,3/2""",,"=""""","=""L12868""",
"=""27.4148""","=""0.0008""","=""27.4148""","=""0.0008""","=""a""","=""""","=""""","=""""",,"=""0.00000""","=""364766""","=""2p6.3s""","=""2S""","=""1/2""","=""2p5.3d.(3F*<2>).4d""","=""""","=""1/2,3/2""",,"=""""","=""L12868""",
"=""27.559""","=""0.001""","=""27.5590""","=""0.0010""","=""a""","=""""","=""""","=""""",,"=""0.00000""","=""362858""","=""2p6.3s""","=""2S""","=""1/2""","=""2p5.4s.(3P*<1>).6s""","=""2[1]*""","=""1/2,3/2""",,"=""""","=""L12868""",
"=""27.609""","=""0.001""","=""27.6090""","=""0.0010""","=""a""","=""""","=""""","=""""",,"=""0.00000""","=""362201""","=""2p6.3s""","=""2S""","=""1/2""","=""2p5.3d.(1P*<1>).5s""","=""2[1]*""","=""1/2,3/2""",,"=""""","=""L12868""",
"=""27.6205""","=""0.0008""","=""27.6205""","=""0.0008""","=""a""","=""""","=""""","=""""",,"=""0.00000""","=""362050""","=""2p6.3s""","=""2S""","=""1/2""","=""2p5.3d.(3P*<2>).5s""","=""2[2]*""","=""3/2""",,"=""""","=""L12868""",
"=""27.6688""","=""0.0008""","=""27.6688""","=""0.0008""","=""a""","=""""","=""""","=""""",,"=""0.00000""","=""361418""","=""2p6.3s""","=""2S""","=""1/2""","=""2p5.4s.(1P*<1>).3d""","=""""","=""1/2,3/2""",,"=""""","=""L12868""",
"=""27.6912""","=""0.0008""","=""27.6912""","=""0.0008""","=""a""","=""""","=""""","=""""",,"=""0.00000""","=""361126""","=""2p6.3s""","=""2S""","=""1/2""","=""2p5.4s.(3P*<1>).3d""","=""""","=""1/2,3/2""",,"=""""","=""L12868""",
"=""27.7142""","=""0.0008""","=""27.7142""","=""0.0008""","=""a""","=""""","=""""","=""""",,"=""0.00000""","=""360826""","=""2p6.3s""","=""2S""","=""1/2""","=""2p5.3d.(1P*<1>).3d""","=""""","=""1/2,3/2""",,"=""""","=""L12868""",
"=""28.120""","=""0.001""","=""28.1200""","=""0.0010""","=""a""","=""""","=""""","=""""",,"=""0.00000""","=""355619""","=""2p6.3s""","=""2S""","=""1/2""","=""2p5.3d.(3D*<1>).4s""","=""2[1]*""","=""1/2,3/2""",,"=""""","=""L12868""",
"=""28.429""","=""0.001""","=""28.4290""","=""0.0010""","=""a""","=""""","=""""","=""""",,"=""0.00000""","=""351753""","=""2p6.3s""","=""2S""","=""1/2""","=""2p5.4s.(3P*<1>).5s""","=""2[1]*""","=""1/2,3/2""",,"=""""","=""L12868""",
"=""28.535""","=""0.001""","=""28.5350""","=""0.0010""","=""a""","=""""","=""""","=""""",,"=""0.00000""","=""350447""","=""2p6.3s""","=""2S""","=""1/2""","=""2p5.3d.(1P*<1>).4s""","=""2[1]*""","=""1/2,3/2""",,"=""""","=""L12868""",
"=""28.5701""","=""0.0008""","=""28.5701""","=""0.0008""","=""a""","=""""","=""""","=""""",,"=""0.00000""","=""350016""","=""2p6.3s""","=""2S""","=""1/2""","=""2p5.3d.(3P*<2>).4s""","=""2[2]*""","=""3/2""",,"=""""","=""L12868""",
"=""28.571""","=""0.001""","=""28.5710""","=""0.0010""","=""D,a""","=""""","=""""","=""""",,"=""0.00000""","=""350005""","=""2p6.3s""","=""2S""","=""1/2""","=""2p5.3p.(1S<0>).19p""","=""2[1]*""","=""1/2,3/2""",,"=""""","=""L12868""",
"=""28.573""","=""0.001""","=""28.5730""","=""0.0010""","=""D,a""","=""""","=""""","=""""",,"=""0.00000""","=""349981""","=""2p6.3s""","=""2S""","=""1/2""","=""2p5.3p.(1S<0>).18p""","=""2[1]*""","=""1/2,3/2""",,"=""""","=""L12868""",
"=""28.577""","=""0.001""","=""28.5770""","=""0.0010""","=""a""","=""""","=""""","=""""",,"=""0.00000""","=""349932""","=""2p6.3s""","=""2S""","=""1/2""","=""2p5.3p.(1S<0>).17p""","=""2[1]*""","=""1/2,3/2""",,"=""""","=""L12868""",
"=""28.582""","=""0.001""","=""28.5820""","=""0.0010""","=""a""","=""""","=""""","=""""",,"=""0.00000""","=""349871""","=""2p6.3s""","=""2S""","=""1/2""","=""2p5.3p.(1S<0>).16p""","=""2[1]*""","=""1/2,3/2""",,"=""""","=""L12868""",
"=""28.586""","=""0.001""","=""28.5860""","=""0.0010""","=""a""","=""""","=""""","=""""",,"=""0.00000""","=""349822""","=""2p6.3s""","=""2S""","=""1/2""","=""2p5.3p.(1S<0>).15p""","=""2[1]*""","=""1/2,3/2""",,"=""""","=""L12868""",
"=""28.593""","=""0.001""","=""28.5930""","=""0.0010""","=""a""","=""""","=""""","=""""",,"=""0.00000""","=""349736""","=""2p6.3s""","=""2S""","=""1/2""","=""2p5.3p.(1S<0>).14p""","=""2[1]*""","=""1/2,3/2""",,"=""""","=""L12868""",
"=""28.601""","=""0.001""","=""28.6010""","=""0.0010""","=""a""","=""""","=""""","=""""",,"=""0.00000""","=""349638""","=""2p6.3s""","=""2S""","=""1/2""","=""2p5.3p.(1S<0>).13p""","=""2[1]*""","=""1/2,3/2""",,"=""""","=""L12868""",
"=""28.611""","=""0.001""","=""28.6110""","=""0.0010""","=""a""","=""""","=""""","=""""",,"=""0.00000""","=""349516""","=""2p6.3s""","=""2S""","=""1/2""","=""2p5.3p.(1S<0>).12p""","=""2[1]*""","=""1/2,3/2""",,"=""""","=""L12868""",
"=""28.622""","=""0.001""","=""28.6220""","=""0.0010""","=""a""","=""""","=""""","=""""",,"=""0.00000""","=""349382""","=""2p6.3s""","=""2S""","=""1/2""","=""2p5.3p.(1S<0>).11p""","=""2[1]*""","=""1/2,3/2""",,"=""""","=""L12868""",
"=""28.6397""","=""0.0008""","=""28.6397""","=""0.0008""","=""a""","=""""","=""""","=""""",,"=""0.00000""","=""349166""","=""2p6.3s""","=""2S""","=""1/2""","=""2p5.3p.(1S<0>).10p""","=""2[1]*""","=""1/2,3/2""",,"=""""","=""L12868""",
"=""28.6621""","=""0.0008""","=""28.6621""","=""0.0008""","=""a""","=""""","=""""","=""""",,"=""0.00000""","=""348893""","=""2p6.3s""","=""2S""","=""1/2""","=""2p5.3p.(1S<0>).9p""","=""2[1]*""","=""1/2,3/2""",,"=""""","=""L12868""",
"=""28.6944""","=""0.0008""","=""28.6944""","=""0.0008""","=""a""","=""""","=""""","=""""",,"=""0.00000""","=""348500""","=""2p6.3s""","=""2S""","=""1/2""","=""2p5.3p.(1S<0>).8p""","=""2[1]*""","=""1/2,3/2""",,"=""""","=""L12868""",
"=""28.7420""","=""0.0008""","=""28.7420""","=""0.0008""","=""a""","=""""","=""""","=""""",,"=""0.00000""","=""347923""","=""2p6.3s""","=""2S""","=""1/2""","=""2p5.3p.(1S<0>).7p""","=""2[1]*""","=""1/2,3/2""",,"=""""","=""L12868""",
"=""28.8163""","=""0.0008""","=""28.8163""","=""0.0008""","=""a""","=""""","=""""","=""""",,"=""0.00000""","=""347026""","=""2p6.3s""","=""2S""","=""1/2""","=""2p5.3p.(1S<0>).6p""","=""2[1]*""","=""1/2,3/2""",,"=""""","=""L12868""",
"=""28.9453""","=""0.0008""","=""28.9453""","=""0.0008""","=""a""","=""""","=""""","=""""",,"=""0.00000""","=""345479""","=""2p6.3s""","=""2S""","=""1/2""","=""2p5.3p.(1S<0>).5p""","=""2[1]*""","=""1/2,3/2""",,"=""""","=""L12868""",
"=""29.1874""","=""0.0008""","=""29.1874""","=""0.0008""","=""a""","=""""","=""""","=""""",,"=""0.00000""","=""342614""","=""2p6.3s""","=""2S""","=""1/2""","=""2p5.3p.(1S<0>).4p""","=""2[1]*""","=""1/2,3/2""",,"=""""","=""L12868""",
"=""29.28""","=""0.01""","=""29.280""","=""0.010""","=""a""","=""""","=""""","=""""",,"=""0.00000""","=""341530""","=""2p6.3s""","=""2S""","=""1/2""","=""2p5.3p.(3P<1>).15p.(II)""","=""""","=""1/2,3/2""",,"=""""","=""L12868""",
"=""29.29""","=""0.01""","=""29.290""","=""0.010""","=""a""","=""""","=""""","=""""",,"=""0.00000""","=""341410""","=""2p6.3s""","=""2S""","=""1/2""","=""2p5.3p.(3P<1>).14p.(II)""","=""""","=""1/2,3/2""",,"=""""","=""L12868""",
"=""29.30""","=""0.01""","=""29.293""","=""0.010""","=""a""","=""""","=""""","=""""",,"=""0.00000""","=""341380""","=""2p6.3s""","=""2S""","=""1/2""","=""2p5.3p.(3P<1>).13p.(II)""","=""""","=""1/2,3/2""",,"=""""","=""L12868""",
"=""29.31""","=""0.01""","=""29.308""","=""0.010""","=""a""","=""""","=""""","=""""",,"=""0.00000""","=""341200""","=""2p6.3s""","=""2S""","=""1/2""","=""2p5.3p.(3P<1>).12p.(II)""","=""""","=""1/2,3/2""",,"=""""","=""L12868""",
"=""29.316""","=""0.001""","=""29.3160""","=""0.0010""","=""a""","=""""","=""""","=""""",,"=""0.00000""","=""341111""","=""2p6.3s""","=""2S""","=""1/2""","=""2p5.3p.(3P<1>).13p.(I)""","=""""","=""1/2,3/2""",,"=""""","=""L12868""",
"=""29.324""","=""0.001""","=""29.3240""","=""0.0010""","=""a""","=""""","=""""","=""""",,"=""0.00000""","=""341018""","=""2p6.3s""","=""2S""","=""1/2""","=""2p5.3p.(3P<1>).11p.(II)""","=""""","=""1/2,3/2""",,"=""""","=""L12868""",
"=""29.330""","=""0.001""","=""29.3300""","=""0.0010""","=""a""","=""""","=""""","=""""",,"=""0.00000""","=""340948""","=""2p6.3s""","=""2S""","=""1/2""","=""2p5.3p.(3P<1>).12p.(I)""","=""""","=""1/2,3/2""",,"=""""","=""L12868""",
"=""29.341""","=""0.001""","=""29.3410""","=""0.0010""","=""a""","=""""","=""""","=""""",,"=""0.00000""","=""340820""","=""2p6.3s""","=""2S""","=""1/2""","=""2p5.3p.(3P<1>).10p.(II)""","=""""","=""1/2,3/2""",,"=""""","=""L12868""",
"=""29.346""","=""0.001""","=""29.3460""","=""0.0010""","=""a""","=""""","=""""","=""""",,"=""0.00000""","=""340762""","=""2p6.3s""","=""2S""","=""1/2""","=""2p5.3p.(1P<1>).14p""","=""""","=""1/2,3/2""",,"=""""","=""L12868""",
"=""29.351""","=""0.001""","=""29.3510""","=""0.0010""","=""a""","=""""","=""""","=""""",,"=""0.00000""","=""340704""","=""2p6.3s""","=""2S""","=""1/2""","=""2p5.3p.(3P<1>).11p.(I)""","=""""","=""1/2,3/2""",,"=""""","=""L12868""",
"=""29.354""","=""0.001""","=""29.3540""","=""0.0010""","=""a""","=""""","=""""","=""""",,"=""0.00000""","=""340669""","=""2p6.3s""","=""2S""","=""1/2""","=""2p5.3p.(1P<1>).13p""","=""""","=""1/2,3/2""",,"=""""","=""L12868""",
"=""29.364""","=""0.001""","=""29.3640""","=""0.0010""","=""a*""","=""""","=""""","=""""",,"=""0.00000""","=""340553""","=""2p6.3s""","=""2S""","=""1/2""","=""2p5.3p.(1P<1>).12p""","=""""","=""1/2,3/2""",,"=""""","=""L12868""",
"=""29.364""","=""0.001""","=""29.3640""","=""0.0010""","=""a*""","=""""","=""""","=""""",,"=""0.00000""","=""340553""","=""2p6.3s""","=""2S""","=""1/2""","=""2p5.3p.(3P<1>).9p.(II)""","=""""","=""1/2,3/2""",,"=""""","=""L12868""",
"=""29.377""","=""0.001""","=""29.3770""","=""0.0010""","=""a""","=""""","=""""","=""""",,"=""0.00000""","=""340402""","=""2p6.3s""","=""2S""","=""1/2""","=""2p5.3p.(1P<1>).11p""","=""""","=""1/2,3/2""",,"=""""","=""L12868""",
"=""29.379""","=""0.001""","=""29.3790""","=""0.0010""","=""a""","=""""","=""""","=""""",,"=""0.00000""","=""340379""","=""2p6.3s""","=""2S""","=""1/2""","=""2p5.3p.(3P<1>).10p.(I)""","=""""","=""1/2,3/2""",,"=""""","=""L12868""",
"=""29.395""","=""0.001""","=""29.3950""","=""0.0010""","=""a""","=""""","=""""","=""""",,"=""0.00000""","=""340194""","=""2p6.3s""","=""2S""","=""1/2""","=""2p5.3p.(1P<1>).10p""","=""""","=""1/2,3/2""",,"=""""","=""L12868""",
"=""29.397""","=""0.001""","=""29.3970""","=""0.0010""","=""a""","=""""","=""""","=""""",,"=""0.00000""","=""340171""","=""2p6.3s""","=""2S""","=""1/2""","=""2p5.3p.(3P<1>).8p.(II)""","=""""","=""1/2,3/2""",,"=""""","=""L12868""",
"=""29.418""","=""0.001""","=""29.4180""","=""0.0010""","=""a*""","=""""","=""""","=""""",,"=""0.00000""","=""339928""","=""2p6.3s""","=""2S""","=""1/2""","=""2p5.3p.(1P<1>).9p""","=""""","=""1/2,3/2""",,"=""""","=""L12868""",
"=""29.418""","=""0.001""","=""29.4180""","=""0.0010""","=""a*""","=""""","=""""","=""""",,"=""0.00000""","=""339928""","=""2p6.3s""","=""2S""","=""1/2""","=""2p5.3p.(3P<1>).9p.(I)""","=""""","=""1/2,3/2""",,"=""""","=""L12868""",
"=""29.444""","=""0.001""","=""29.4440""","=""0.0010""","=""a""","=""""","=""""","=""""",,"=""0.00000""","=""339628""","=""2p6.3s""","=""2S""","=""1/2""","=""2p5.3p.(3P<1>).7p.(II)""","=""""","=""1/2,3/2""",,"=""""","=""L12868""",
"=""29.449""","=""0.001""","=""29.4490""","=""0.0010""","=""a""","=""""","=""""","=""""",,"=""0.00000""","=""339570""","=""2p6.3s""","=""2S""","=""1/2""","=""2p5.3p.(1P<1>).8p""","=""""","=""1/2,3/2""",,"=""""","=""L12868""",
"=""29.454""","=""0.001""","=""29.4540""","=""0.0010""","=""a""","=""""","=""""","=""""",,"=""0.00000""","=""339512""","=""2p6.3s""","=""2S""","=""1/2""","=""2p5.3p.(1D<2>).10p""","=""""","=""1/2,3/2""",,"=""""","=""L12868""",
"=""29.475""","=""0.001""","=""29.4750""","=""0.0010""","=""a""","=""""","=""""","=""""",,"=""0.00000""","=""339271""","=""2p6.3s""","=""2S""","=""1/2""","=""2p5.3p.(3P<1>).8p.(I)""","=""""","=""1/2,3/2""",,"=""""","=""L12868""",
"=""29.477""","=""0.001""","=""29.4770""","=""0.0010""","=""a""","=""""","=""""","=""""",,"=""0.00000""","=""339248""","=""2p6.3s""","=""2S""","=""1/2""","=""2p5.3p.(1D<2>).9p""","=""""","=""1/2,3/2""",,"=""""","=""L12868""",
"=""29.499""","=""0.001""","=""29.4990""","=""0.0010""","=""a""","=""""","=""""","=""""",,"=""0.00000""","=""338995""","=""2p6.3s""","=""2S""","=""1/2""","=""2p5.3p.(1P<1>).7p""","=""""","=""1/2,3/2""",,"=""""","=""L12868""",
"=""29.511""","=""0.001""","=""29.5110""","=""0.0010""","=""a""","=""""","=""""","=""""",,"=""0.00000""","=""338857""","=""2p6.3s""","=""2S""","=""1/2""","=""2p5.3p.(1D<2>).8p""","=""""","=""1/2,3/2""",,"=""""","=""L12868""",
"=""29.512""","=""0.001""","=""29.5120""","=""0.0010""","=""a""","=""""","=""""","=""""",,"=""0.00000""","=""338845""","=""2p6.3s""","=""2S""","=""1/2""","=""2p5.3p.(3P<1>).6p.(II)""","=""""","=""1/2,3/2""",,"=""""","=""L12868""",
"=""29.5595""","=""0.0008""","=""29.5595""","=""0.0008""","=""a""","=""""","=""""","=""""",,"=""0.00000""","=""338301""","=""2p6.3s""","=""2S""","=""1/2""","=""2p5.3p.(1D<2>).7p""","=""""","=""1/2,3/2""",,"=""""","=""L12868""",
"=""29.571""","=""0.001""","=""29.5710""","=""0.0010""","=""a""","=""""","=""""","=""""",,"=""0.00000""","=""338169""","=""2p6.3s""","=""2S""","=""1/2""","=""2p5.3p.(3P<1>).7p.(I)""","=""""","=""1/2,3/2""",,"=""""","=""L12868""",
"=""29.5728""","=""0.0008""","=""29.5728""","=""0.0008""","=""a""","=""""","=""""","=""""",,"=""0.00000""","=""338149""","=""2p6.3s""","=""2S""","=""1/2""","=""2p5.3p.(1P<1>).6p""","=""""","=""1/2,3/2""",,"=""""","=""L12868""",
"=""29.6368""","=""0.0008""","=""29.6368""","=""0.0008""","=""a""","=""""","=""""","=""""",,"=""0.00000""","=""337418""","=""2p6.3s""","=""2S""","=""1/2""","=""2p5.3p.(1D<2>).6p""","=""""","=""1/2,3/2""",,"=""""","=""L12868""",
"=""29.651""","=""0.001""","=""29.6510""","=""0.0010""","=""a""","=""""","=""""","=""""",,"=""0.00000""","=""337257""","=""2p6.3s""","=""2S""","=""1/2""","=""2p5.3p.(3P<1>).5p.(II)""","=""""","=""1/2,3/2""",,"=""""","=""L12868""",
"=""29.6980""","=""0.0008""","=""29.6980""","=""0.0008""","=""a""","=""""","=""""","=""""",,"=""0.00000""","=""336723""","=""2p6.3s""","=""2S""","=""1/2""","=""2p5.3p.(1P<1>).5p""","=""""","=""1/2,3/2""",,"=""""","=""L12868""",
"=""29.739""","=""0.001""","=""29.7390""","=""0.0010""","=""a""","=""""","=""""","=""""",,"=""0.00000""","=""336259""","=""2p6.3s""","=""2S""","=""1/2""","=""2p5.3p.(3P<1>).6p.(I)""","=""""","=""1/2,3/2""",,"=""""","=""L12868""",
"=""29.7610""","=""0.0008""","=""29.7610""","=""0.0008""","=""a""","=""""","=""""","=""""",,"=""0.00000""","=""336010""","=""2p6.3s""","=""2S""","=""1/2""","=""2p5.3p.(1D<2>).5p""","=""""","=""1/2,3/2""",,"=""""","=""L12868""",
"=""29.885""","=""0.001""","=""29.8850""","=""0.0010""","=""a""","=""""","=""""","=""""",,"=""0.00000""","=""334616""","=""2p6.3s""","=""2S""","=""1/2""","=""2p5.3p.(3P<1>).4p.(II)""","=""""","=""1/2,3/2""",,"=""""","=""L12868""",
"=""29.921""","=""0.001""","=""29.9210""","=""0.0010""","=""a""","=""""","=""""","=""""",,"=""0.00000""","=""334213""","=""2p6.3s""","=""2S""","=""1/2""","=""2p5.3p.(3S<1>).16p""","=""2[1]*""","=""1/2,3/2""",,"=""""","=""L12868""",
"=""29.925""","=""0.001""","=""29.9250""","=""0.0010""","=""a""","=""""","=""""","=""""",,"=""0.00000""","=""334169""","=""2p6.3s""","=""2S""","=""1/2""","=""2p5.3p.(3S<1>).15p""","=""2[1]*""","=""1/2,3/2""",,"=""""","=""L12868""",
"=""29.9325""","=""0.0008""","=""29.9325""","=""0.0008""","=""a""","=""""","=""""","=""""",,"=""0.00000""","=""334085""","=""2p6.3s""","=""2S""","=""1/2""","=""2p5.3p.(3S<1>).14p""","=""2[1]*""","=""1/2,3/2""",,"=""""","=""L12868""",
"=""29.9362""","=""0.0008""","=""29.9362""","=""0.0008""","=""a""","=""""","=""""","=""""",,"=""0.00000""","=""334044""","=""2p6.3s""","=""2S""","=""1/2""","=""2p5.3p.(1P<1>).4p""","=""""","=""1/2,3/2""",,"=""""","=""L12868""",
"=""29.9415""","=""0.0008""","=""29.9415""","=""0.0008""","=""a""","=""""","=""""","=""""",,"=""0.00000""","=""333985""","=""2p6.3s""","=""2S""","=""1/2""","=""2p5.3p.(3S<1>).13p""","=""2[1]*""","=""1/2,3/2""",,"=""""","=""L12868""",
"=""29.9521""","=""0.0008""","=""29.9521""","=""0.0008""","=""a""","=""""","=""""","=""""",,"=""0.00000""","=""333866""","=""2p6.3s""","=""2S""","=""1/2""","=""2p5.3p.(3S<1>).12p""","=""2[1]*""","=""1/2,3/2""",,"=""""","=""L12868""",
"=""29.9645""","=""0.0008""","=""29.9645""","=""0.0008""","=""a""","=""""","=""""","=""""",,"=""0.00000""","=""333728""","=""2p6.3s""","=""2S""","=""1/2""","=""2p5.3p.(3S<1>).11p""","=""2[1]*""","=""1/2,3/2""",,"=""""","=""L12868""",
"=""29.9834""","=""0.0008""","=""29.9834""","=""0.0008""","=""a""","=""""","=""""","=""""",,"=""0.00000""","=""333518""","=""2p6.3s""","=""2S""","=""1/2""","=""2p5.3p.(3S<1>).10p""","=""2[1]*""","=""1/2,3/2""",,"=""""","=""L12868""",
"=""30.0084""","=""0.0008""","=""30.0084""","=""0.0008""","=""a""","=""""","=""""","=""""",,"=""0.00000""","=""333240""","=""2p6.3s""","=""2S""","=""1/2""","=""2p5.3p.(3S<1>).9p""","=""2[1]*""","=""1/2,3/2""",,"=""""","=""L12868""",
"=""30.0247""","=""0.0008""","=""30.0247""","=""0.0008""","=""a""","=""""","=""""","=""""",,"=""0.00000""","=""333059""","=""2p6.3s""","=""2S""","=""1/2""","=""2p5.3p.(1D<2>).4p""","=""""","=""1/2,3/2""",,"=""""","=""L12868""",
"=""30.0424""","=""0.0008""","=""30.0424""","=""0.0008""","=""a""","=""""","=""""","=""""",,"=""0.00000""","=""332863""","=""2p6.3s""","=""2S""","=""1/2""","=""2p5.3p.(3S<1>).8p""","=""2[1]*""","=""1/2,3/2""",,"=""""","=""L12868""",
"=""30.075""","=""0.001""","=""30.0750""","=""0.0010""","=""a""","=""""","=""""","=""""",,"=""0.00000""","=""332502""","=""2p6.3s""","=""2S""","=""1/2""","=""2p5.3p.(3P<1>).5p.(I)""","=""""","=""1/2,3/2""",,"=""""","=""L12868""",
"=""30.0940""","=""0.0008""","=""30.0940""","=""0.0008""","=""a""","=""""","=""""","=""""",,"=""0.00000""","=""332292""","=""2p6.3s""","=""2S""","=""1/2""","=""2p5.3p.(3S<1>).7p""","=""2[1]*""","=""1/2,3/2""",,"=""""","=""L12868""",
"=""30.1769""","=""0.0008""","=""30.1769""","=""0.0008""","=""a""","=""""","=""""","=""""",,"=""0.00000""","=""331379""","=""2p6.3s""","=""2S""","=""1/2""","=""2p5.3p.(3S<1>).6p""","=""2[1]*""","=""1/2,3/2""",,"=""""","=""L12868""",
"=""30.3154""","=""0.0008""","=""30.3154""","=""0.0008""","=""a""","=""""","=""""","=""""",,"=""0.00000""","=""329865""","=""2p6.3s""","=""2S""","=""1/2""","=""2p5.3p.(3S<1>).5p""","=""2[1]*""","=""1/2,3/2""",,"=""""","=""L12868""",
"=""30.5960""","=""0.0008""","=""30.5960""","=""0.0008""","=""a""","=""""","=""""","=""""",,"=""0.00000""","=""326840""","=""2p6.3s""","=""2S""","=""1/2""","=""2p5.3p.(3S<1>).4p""","=""2[1]*""","=""1/2,3/2""",,"=""""","=""L12868""",
"=""30.88""","=""0.01""","=""30.880""","=""0.010""","=""a""","=""""","=""""","=""""",,"=""0.00000""","=""323830""","=""2p6.3s""","=""2S""","=""1/2""","=""2p5.3p.(3P<1>).4p.(I)""","=""""","=""1/2,3/2""",,"=""""","=""L12868""",
"=""32.032""","=""0.002""","=""32.0148""","=""0.0005""","=""23a""","=""""","=""""","=""""",,"=""0.00000""","=""312356""","=""2p6.3s""","=""2S""","=""1/2""","=""2p5.(2P*).3p2.(1S)""","=""2P*""","=""1/2""",,"=""""","=""L12868c75""",
"=""32.157""","=""0.002""","=""32.15631""","=""0.00021""","=""70a""","=""""","=""""","=""""",,"=""0.00000""","=""310981""","=""2p6.3s""","=""2S""","=""1/2""","=""2p5.(2P*).3p2.(1S)""","=""2P*""","=""3/2""",,"=""""","=""L12868c75""",
"=""32.267""","=""0.002""","=""32.2670""","=""0.0020""","=""9a""","=""""","=""""","=""""",,"=""0.00000""","=""309914""","=""2p6.3s""","=""2S""","=""1/2""","=""2p5.3s.(1P*).20d""","=""2P*""","=""1/2,3/2""",,"=""""","=""L12868c77""",
"=""32.270""","=""0.002""","=""32.2700""","=""0.0020""","=""10a""","=""""","=""""","=""""",,"=""0.00000""","=""309885""","=""2p6.3s""","=""2S""","=""1/2""","=""2p5.3s.(1P*).19d""","=""2P*""","=""1/2,3/2""",,"=""""","=""L12868c77""",
"=""32.275""","=""0.002""","=""32.2750""","=""0.0020""","=""12a""","=""""","=""""","=""""",,"=""0.00000""","=""309837""","=""2p6.3s""","=""2S""","=""1/2""","=""2p5.3s.(1P*).18d""","=""2P*""","=""1/2,3/2""",,"=""""","=""L12868c77""",
"=""32.279""","=""0.002""","=""32.2790""","=""0.0020""","=""16a""","=""""","=""""","=""""",,"=""0.00000""","=""309799""","=""2p6.3s""","=""2S""","=""1/2""","=""2p5.3s.(1P*).17d""","=""2P*""","=""1/2,3/2""",,"=""""","=""L12868c77""",
"=""32.284""","=""0.002""","=""32.2840""","=""0.0020""","=""22a""","=""""","=""""","=""""",,"=""0.00000""","=""309751""","=""2p6.3s""","=""2S""","=""1/2""","=""2p5.3s.(1P*).16d""","=""2P*""","=""1/2,3/2""",,"=""""","=""L12868c77""",
"=""32.290""","=""0.002""","=""32.2900""","=""0.0020""","=""31a""","=""""","=""""","=""""",,"=""0.00000""","=""309693""","=""2p6.3s""","=""2S""","=""1/2""","=""2p5.3s.(1P*).15d""","=""2P*""","=""1/2,3/2""",,"=""""","=""L12868c77""",
"=""32.2984""","=""0.0008""","=""32.2984""","=""0.0008""","=""41a""","=""""","=""""","=""""",,"=""0.00000""","=""309613""","=""2p6.3s""","=""2S""","=""1/2""","=""2p5.3s.(1P*).14d""","=""2P*""","=""1/2,3/2""",,"=""""","=""L12868c77""",
"=""32.301""","=""0.002""","=""32.3010""","=""0.0020""","=""14a""","=""""","=""""","=""""",,"=""0.00000""","=""309588""","=""2p6.3s""","=""2S""","=""1/2""","=""2p5.3s.(1P*).15s""","=""2P*""","=""1/2,3/2""",,"=""""","=""L12868c77""",
"=""32.3077""","=""0.0008""","=""32.3077""","=""0.0008""","=""51a""","=""""","=""""","=""""",,"=""0.00000""","=""309524""","=""2p6.3s""","=""2S""","=""1/2""","=""2p5.3s.(1P*).13d""","=""2P*""","=""1/2,3/2""",,"=""""","=""L12868c77""",
"=""32.313""","=""0.002""","=""32.3130""","=""0.0020""","=""14a""","=""""","=""""","=""""",,"=""0.00000""","=""309473""","=""2p6.3s""","=""2S""","=""1/2""","=""2p5.3s.(1P*).14s""","=""2P*""","=""1/2,3/2""",,"=""""","=""L12868c77""",
"=""32.3203""","=""0.0008""","=""32.3203""","=""0.0008""","=""60a""","=""""","=""""","=""""",,"=""0.00000""","=""309403""","=""2p6.3s""","=""2S""","=""1/2""","=""2p5.3s.(1P*).12d""","=""2P*""","=""1/2,3/2""",,"=""""","=""L12868c77""",
"=""32.3263""","=""0.0008""","=""32.3263""","=""0.0008""","=""14a""","=""""","=""""","=""""",,"=""0.00000""","=""309346""","=""2p6.3s""","=""2S""","=""1/2""","=""2p5.3s.(1P*).13s""","=""2P*""","=""1/2,3/2""",,"=""""","=""L12868c77""",
"=""32.3366""","=""0.0008""","=""32.3366""","=""0.0008""","=""73a""","=""""","=""""","=""""",,"=""0.00000""","=""309247""","=""2p6.3s""","=""2S""","=""1/2""","=""2p5.3s.(1P*).11d""","=""2P*""","=""1/2,3/2""",,"=""""","=""L12868c77""",
"=""32.3443""","=""0.0008""","=""32.3444""","=""0.0008""","=""21a""","=""""","=""""","=""""",,"=""0.00000""","=""309173""","=""2p6.3s""","=""2S""","=""1/2""","=""2p5.3s.(1P*).12s""","=""2P*""","=""1/2,3/2""",,"=""""","=""L12868c77""",
"=""32.3579""","=""0.0008""","=""32.3579""","=""0.0008""","=""84a""","=""""","=""""","=""""",,"=""0.00000""","=""309044""","=""2p6.3s""","=""2S""","=""1/2""","=""2p5.3s.(1P*).10d""","=""2P*""","=""1/2,3/2""",,"=""""","=""L12868c77""",
"=""32.3679""","=""0.0008""","=""32.3679""","=""0.0008""","=""27a""","=""""","=""""","=""""",,"=""0.00000""","=""308948""","=""2p6.3s""","=""2S""","=""1/2""","=""2p5.3s.(1P*).11s""","=""2P*""","=""1/2,3/2""",,"=""""","=""L12868c77""",
"=""32.3862""","=""0.0008""","=""32.3863""","=""0.0008""","=""88a""","=""""","=""""","=""""",,"=""0.00000""","=""308773""","=""2p6.3s""","=""2S""","=""1/2""","=""2p5.3s.(1P*).9d""","=""2P*""","=""1/2,3/2""",,"=""""","=""L12868c77""",
"=""32.4001""","=""0.0008""","=""32.4001""","=""0.0008""","=""47a""","=""""","=""""","=""""",,"=""0.00000""","=""308641""","=""2p6.3s""","=""2S""","=""1/2""","=""2p5.3s.(1P*).10s""","=""2P*""","=""1/2,3/2""",,"=""""","=""L12868c77""",
"=""32.4277""","=""0.0008""","=""32.4277""","=""0.0008""","=""97a""","=""""","=""""","=""""",,"=""0.00000""","=""308378""","=""2p6.3s""","=""2S""","=""1/2""","=""2p5.3s.(1P*).8d""","=""2P*""","=""1/2,3/2""",,"=""""","=""L12868c77""",
"=""32.4470""","=""0.0008""","=""32.4470""","=""0.0008""","=""82a""","=""""","=""""","=""""",,"=""0.00000""","=""308195""","=""2p6.3s""","=""2S""","=""1/2""","=""2p5.3s.(1P*).9s""","=""2P*""","=""1/2,3/2""",,"=""""","=""L12868c77""",
"=""32.4884""","=""0.0008""","=""32.4884""","=""0.0008""","=""107a""","=""""","=""""","=""""",,"=""0.00000""","=""307802""","=""2p6.3s""","=""2S""","=""1/2""","=""2p5.3s.(1P*).7d""","=""2P*""","=""1/2,3/2""",,"=""""","=""L12868c74""",
"=""32.5178""","=""0.0008""","=""32.5178""","=""0.0008""","=""158a""","=""""","=""""","=""""",,"=""0.00000""","=""307524""","=""2p6.3s""","=""2S""","=""1/2""","=""2p5.3s.(1P*).8s""","=""2P*""","=""1/2,3/2""",,"=""""","=""L12868c77""",
"=""32.5306""","=""0.0010""","=""32.5306""","=""0.0010""","=""9a""","=""""","=""""","=""""",,"=""0.00000""","=""307403""","=""2p6.3s""","=""2S""","=""1/2""","=""2p5.3s.(3P*).20s""","=""4P*""","=""1/2""",,"=""""","=""L12868c74""",
"=""32.5360""","=""0.0010""","=""32.5360""","=""0.0010""","=""10a""","=""""","=""""","=""""",,"=""0.00000""","=""307352""","=""2p6.3s""","=""2S""","=""1/2""","=""2p5.3s.(3P*).19s""","=""4P*""","=""1/2""",,"=""""","=""L12868c74""",
"=""32.5403""","=""0.0010""","=""32.5402""","=""0.0010""","=""12a""","=""""","=""""","=""""",,"=""0.00000""","=""307312""","=""2p6.3s""","=""2S""","=""1/2""","=""2p5.3s.(3P*).18s""","=""4P*""","=""1/2""",,"=""""","=""L12868c77""",
"=""32.5450""","=""0.0010""","=""32.5450""","=""0.0010""","=""15a""","=""""","=""""","=""""",,"=""0.00000""","=""307267""","=""2p6.3s""","=""2S""","=""1/2""","=""2p5.3s.(3P*).17s""","=""4P*""","=""1/2""",,"=""""","=""L12868c74""",
"=""32.5517""","=""0.0008""","=""32.5517""","=""0.0008""","=""18a""","=""""","=""""","=""""",,"=""0.00000""","=""307204""","=""2p6.3s""","=""2S""","=""1/2""","=""2p5.3s.(3P*).16s""","=""4P*""","=""1/2""",,"=""""","=""L12868c77""",
"=""32.5614""","=""0.0008""","=""32.5614""","=""0.0008""","=""21a""","=""""","=""""","=""""",,"=""0.00000""","=""307112""","=""2p6.3s""","=""2S""","=""1/2""","=""2p5.3s.(3P*).15s""","=""4P*""","=""1/2""",,"=""""","=""L12868c77""",
"=""32.5700""","=""0.0008""","=""32.5700""","=""0.0008""","=""29a""","=""""","=""""","=""""",,"=""0.00000""","=""307031""","=""2p6.3s""","=""2S""","=""1/2""","=""2p5.3s.(3P*).14s""","=""4P*""","=""1/2""",,"=""""","=""L12868c77""",
"=""32.5840""","=""0.0008""","=""32.5840""","=""0.0008""","=""114a""","=""""","=""""","=""""",,"=""0.00000""","=""306899""","=""2p6.3s""","=""2S""","=""1/2""","=""2p5.3s.(1P*).6d""","=""2P*""","=""1/2,3/2""",,"=""""","=""L12868c77""",
"=""32.6039""","=""0.0008""","=""32.6039""","=""0.0009""","=""5a""","=""""","=""""","=""""",,"=""0.00000""","=""306712""","=""2p6.3s""","=""2S""","=""1/2""","=""2p5.3s.(3P*).12s""","=""4P*""","=""1/2""",,"=""""","=""L12868c77""",
"=""32.6239""","=""0.0008""","=""32.6239""","=""0.0009""","=""27a""","=""""","=""""","=""""",,"=""0.00000""","=""306524""","=""2p6.3s""","=""2S""","=""1/2""","=""2p5.3s.(3P*).11s""","=""4P*""","=""1/2""",,"=""""","=""L12868c77""",
"=""32.6325""","=""0.0008""","=""32.6325""","=""0.0009""","=""214a""","=""""","=""""","=""""",,"=""0.00000""","=""306443""","=""2p6.3s""","=""2S""","=""1/2""","=""2p5.3s.(1P*).7s""","=""2P*""","=""1/2,3/2""",,"=""""","=""L12868c77""",
"=""32.645""","=""0.002""","=""32.6450""","=""0.0020""","=""10a""","=""""","=""""","=""""",,"=""0.00000""","=""306326""","=""2p6.3s""","=""2S""","=""1/2""","=""2p5.3s.(3P*).9d""","=""4F*""","=""3/2""",,"=""""","=""L12868c77""",
"=""32.651""","=""0.002""","=""32.6510""","=""0.0020""","=""24a""","=""""","=""""","=""""",,"=""0.00000""","=""306269""","=""2p6.3s""","=""2S""","=""1/2""","=""2p5.3s.(3P*).13s""","=""2P*,4P*""","=""1/2,3/2""",,"=""""","=""L12868c77""",
"=""32.6618""","=""0.0008""","=""32.6618""","=""0.0007""","=""31a""","=""""","=""""","=""""",,"=""0.00000""","=""306168""","=""2p6.3s""","=""2S""","=""1/2""","=""2p5.3s.(3P*).10s""","=""4P*""","=""1/2""",,"=""""","=""L12868c77""",
"=""32.6674""","=""0.0008""","=""32.6674""","=""0.0007""","=""13a""","=""""","=""""","=""""",,"=""0.00000""","=""306116""","=""2p6.3s""","=""2S""","=""1/2""","=""2p5.3s.(3P*).12s""","=""2P*,4P*""","=""1/2,3/2""",,"=""""","=""L12868c77""",
"=""32.6837""","=""0.0008""","=""32.6837""","=""0.0007""","=""27a""","=""""","=""""","=""""",,"=""0.00000""","=""305963""","=""2p6.3s""","=""2S""","=""1/2""","=""2p5.3s.(3P*).8d""","=""4F*""","=""3/2""",,"=""""","=""L12868c77""",
"=""32.6907""","=""0.0008""","=""32.6907""","=""0.0007""","=""23a""","=""""","=""""","=""""",,"=""0.00000""","=""305897""","=""2p6.3s""","=""2S""","=""1/2""","=""2p5.3s.(3P*).11s""","=""2P*,4P*""","=""1/2,3/2""",,"=""""","=""L12868c77""",
"=""32.696""","=""0.002""","=""32.6960""","=""0.0020""","=""11a""","=""""","=""""","=""""",,"=""0.00000""","=""305848""","=""2p6.3s""","=""2S""","=""1/2""","=""2p5.3s.(3P*).16s""","=""2P*""","=""3/2""",,"=""""","=""L12868c77""",
"=""32.705""","=""0.002""","=""32.7050""","=""0.0020""","=""18a""","=""""","=""""","=""""",,"=""0.00000""","=""305764""","=""2p6.3s""","=""2S""","=""1/2""","=""2p5.3s.(3P*).15s""","=""2P*""","=""3/2""",,"=""""","=""L12868c77""",
"=""32.713""","=""0.002""","=""32.7130""","=""0.0020""","=""39a""","=""""","=""""","=""""",,"=""0.00000""","=""305689""","=""2p6.3s""","=""2S""","=""1/2""","=""2p5.3s.(3P*).9s""","=""4P*?""","=""1/2""",,"=""""","=""L12868c77""",
"=""32.7175""","=""0.0008""","=""32.7175""","=""0.0007""","=""11bl,a""","=""""","=""""","=""""",,"=""0.00000""","=""305647""","=""2p6.3s""","=""2S""","=""1/2""","=""2p5.3s.(3P*).14s""","=""2P*""","=""3/2""",,"=""""","=""L12868c77""",
"=""32.7266""","=""0.0008""","=""32.7266""","=""0.0007""","=""33a""","=""""","=""""","=""""",,"=""0.00000""","=""305562""","=""2p6.3s""","=""2S""","=""1/2""","=""2p5.3s.(3P*).12d""","=""4P*?""","=""1/2,3/2""",,"=""""","=""L12868c77""",
"=""32.7326""","=""0.0008""","=""32.7326""","=""0.0007""","=""6bl,a""","=""""","=""""","=""""",,"=""0.00000""","=""305506""","=""2p6.3s""","=""2S""","=""1/2""","=""2p5.3s.(3P*).13s""","=""2P*""","=""3/2""",,"=""""","=""L12868c77""",
"=""32.7432""","=""0.0008""","=""32.7432""","=""0.0008""","=""171a""","=""""","=""""","=""""",,"=""0.00000""","=""305407""","=""2p6.3s""","=""2S""","=""1/2""","=""2p5.3s.(1P*).5d""","=""2P*""","=""1/2,3/2""",,"=""""","=""L12868c77""",
"=""32.7486""","=""0.0008""","=""32.7486""","=""0.0008""","=""25a""","=""""","=""""","=""""",,"=""0.00000""","=""305357""","=""2p6.3s""","=""2S""","=""1/2""","=""2p5.3s.(3P*).12s""","=""2P*""","=""3/2""",,"=""""","=""L12868c77""",
"=""32.7526""","=""0.0008""","=""32.7526""","=""0.0008""","=""20a""","=""""","=""""","=""""",,"=""0.00000""","=""305319""","=""2p6.3s""","=""2S""","=""1/2""","=""2p5.3s.(3P*).7d""","=""4F*""","=""3/2""",,"=""""","=""L12868c77""",
"=""32.762""","=""0.002""","=""32.7620""","=""0.0020""","=""21a""","=""""","=""""","=""""",,"=""0.00000""","=""305232""","=""2p6.3s""","=""2S""","=""1/2""","=""2p5.3s.(3P*).8d""","=""4D*""","=""1/2,3/2""",,"=""""","=""L12868c77""",
"=""32.7639""","=""0.0008""","=""32.7639""","=""0.0008""","=""27a""","=""""","=""""","=""""",,"=""0.00000""","=""305214""","=""2p6.3s""","=""2S""","=""1/2""","=""2p5.3s.(3P*).10d""","=""4P*""","=""1/2,3/2""",,"=""""","=""L12868c77""",
"=""32.7715""","=""0.0008""","=""32.7715""","=""0.0008""","=""18a""","=""""","=""""","=""""",,"=""0.00000""","=""305143""","=""2p6.3s""","=""2S""","=""1/2""","=""2p5.3s.(3P*).9s""","=""2P*,4P*?""","=""1/2,3/2""",,"=""""","=""L12868c77""",
"=""32.7818""","=""0.0008""","=""32.7818""","=""0.0008""","=""8a""","=""""","=""""","=""""",,"=""0.00000""","=""305047""","=""2p6.3s""","=""2S""","=""1/2""","=""2p5.3s.(3P*).8s""","=""4P*""","=""1/2""",,"=""""","=""L12868c77""",
"=""32.7931""","=""0.0008""","=""32.7931""","=""0.0008""","=""31a""","=""""","=""""","=""""",,"=""0.00000""","=""304942""","=""2p6.3s""","=""2S""","=""1/2""","=""2p5.3s.(3P*).9d""","=""4P*""","=""1/2,3/2""",,"=""""","=""L12868c77""",
"=""32.8057""","=""0.0008""","=""32.8057""","=""0.0008""","=""18a""","=""""","=""""","=""""",,"=""0.00000""","=""304825""","=""2p6.3s""","=""2S""","=""1/2""","=""2p5.3s.(3P*).10s""","=""2P*""","=""3/2""",,"=""""","=""L12868c77""",
"=""32.812""","=""0.002""","=""32.8120""","=""0.0020""","=""51a""","=""""","=""""","=""""",,"=""0.00000""","=""304767""","=""2p6.3s""","=""2S""","=""1/2""","=""2p5.3s.(3P*).7d""","=""4D*""","=""1/2,3/2""",,"=""""","=""L12868c77""",
"=""32.8290""","=""0.0008""","=""32.8290""","=""0.0008""","=""12a""","=""""","=""""","=""""",,"=""0.00000""","=""304609""","=""2p6.3s""","=""2S""","=""1/2""","=""2p5.3s.(3P*).8d""","=""4P*""","=""1/2,3/2""",,"=""""","=""L12868c77""",
"=""32.8357""","=""0.0008""","=""32.8357""","=""0.0008""","=""53a""","=""""","=""""","=""""",,"=""0.00000""","=""304547""","=""2p6.3s""","=""2S""","=""1/2""","=""2p5.3s.(3P*).6d""","=""4F*?""","=""3/2""",,"=""""","=""L12868c77""",
"=""32.8460""","=""0.0008""","=""32.8460""","=""0.0008""","=""30a""","=""""","=""""","=""""",,"=""0.00000""","=""304451""","=""2p6.3s""","=""2S""","=""1/2""","=""2p5.3s.(1P*).6s""","=""2P*""","=""1/2,3/2""",,"=""""","=""L12868c77""",
"=""32.8546""","=""0.0008""","=""32.8546""","=""0.0008""","=""14a""","=""""","=""""","=""""",,"=""0.00000""","=""304371""","=""2p6.3s""","=""2S""","=""1/2""","=""2p5.3s.(3P*).9s""","=""2P*""","=""3/2""",,"=""""","=""L12868c77""",
"=""32.885""","=""0.002""","=""32.8850""","=""0.0019""","=""36a""","=""""","=""""","=""""",,"=""0.00000""","=""304090""","=""2p6.3s""","=""2S""","=""1/2""","=""2p5.3s.(3P*).7d""","=""2P*?""","=""1/2""",,"=""""","=""L12868c74""",
"=""32.8889""","=""0.0008""","=""32.8889""","=""0.0008""","=""50a""","=""""","=""""","=""""",,"=""0.00000""","=""304054""","=""2p6.3s""","=""2S""","=""1/2""","=""2p5.3s.(3P*).7d""","=""4P*?""","=""3/2""",,"=""""","=""L12868c77""",
"=""32.8975""","=""0.0008""","=""32.8976""","=""0.0008""","=""14a""","=""""","=""""","=""""",,"=""0.00000""","=""303974""","=""2p6.3s""","=""2S""","=""1/2""","=""2p5.3s.(3P*).7s""","=""4P*""","=""1/2""",,"=""""","=""L12868c77""",
"=""32.923""","=""0.002""","=""32.9230""","=""0.0020""","=""17a""","=""""","=""""","=""""",,"=""0.00000""","=""303739""","=""2p6.3s""","=""2S""","=""1/2""","=""2p5.3s.(3P*).8s""","=""2P*?""","=""3/2""",,"=""""","=""L12868c77""",
"=""32.9291""","=""0.0008""","=""32.9291""","=""0.0008""","=""3a""","=""""","=""""","=""""",,"=""0.00000""","=""303683""","=""2p6.3s""","=""2S""","=""1/2""","=""2p5.3s.(3P*).6d""","=""4D*?""","=""1/2""",,"=""""","=""L12868c77""",
"=""32.9597""","=""0.0008""","=""32.9597""","=""0.0008""","=""7a""","=""""","=""""","=""""",,"=""0.00000""","=""303401""","=""2p6.3s""","=""2S""","=""1/2""","=""2p5.3s.(3P*).7s""","=""2P*,4P*""","=""1/2,3/2""",,"=""""","=""L12868c77""",
"=""32.9779""","=""0.0008""","=""32.9779""","=""0.0008""","=""8bl,a""","=""""","=""""","=""""",,"=""0.00000""","=""303233""","=""2p6.3s""","=""2S""","=""1/2""","=""2p5.3s.(3P*).6d""","=""4P*?""","=""1/2,3/2""",,"=""""","=""L12868c77""",
"=""33.0218""","=""0.0008""","=""33.0218""","=""0.0008""","=""18a""","=""""","=""""","=""""",,"=""0.00000""","=""302830""","=""2p6.3s""","=""2S""","=""1/2""","=""2p5.3s.(3P*).6d""","=""2P*?""","=""1/2""",,"=""""","=""L12868c77""",
"=""33.0375""","=""0.0008""","=""33.0375""","=""0.0008""","=""15a""","=""""","=""""","=""""",,"=""0.00000""","=""302686""","=""2p6.3s""","=""2S""","=""1/2""","=""2p5.3s.(3P*).7s""","=""2P*""","=""3/2""",,"=""""","=""L12868c77""",
"=""33.0624""","=""0.0008""","=""33.0624""","=""0.0008""","=""24a""","=""""","=""""","=""""",,"=""0.00000""","=""302458""","=""2p6.3s""","=""2S""","=""1/2""","=""2p5.3s.(3P*).5d""","=""4D*?""","=""1/2""",,"=""""","=""L12868c77""",
"=""33.0667""","=""0.0008""","=""33.0667""","=""0.0008""","=""63a""","=""""","=""""","=""""",,"=""0.00000""","=""302419""","=""2p6.3s""","=""2S""","=""1/2""","=""2p5.3s.(3P*).5d""","=""4F*?""","=""3/2""",,"=""""","=""L12868c77""",
"=""33.097""","=""0.002""","=""33.0970""","=""0.0020""","=""10a""","=""""","=""""","=""""",,"=""0.00000""","=""302142""","=""2p6.3s""","=""2S""","=""1/2""","=""2p5.3s.(3P*).6s""","=""2P*?""","=""1/2""",,"=""""","=""L12868c77""",
"=""33.1152""","=""0.0008""","=""33.1152""","=""0.0008""","=""61a""","=""""","=""""","=""""",,"=""0.00000""","=""301976""","=""2p6.3s""","=""2S""","=""1/2""","=""2p5.3s.(1P*).4d""","=""2P*?""","=""1/2""",,"=""""","=""L12868c77""",
"=""33.1578""","=""0.0008""","=""33.1578""","=""0.0008""","=""7a""","=""""","=""""","=""""",,"=""0.00000""","=""301588""","=""2p6.3s""","=""2S""","=""1/2""","=""2p5.3s.(1P*).4d""","=""2P*?""","=""3/2""",,"=""""","=""L12868c77""",
"=""33.1690""","=""0.0014""","=""33.1690""","=""0.0014""","=""21a""","=""""","=""""","=""""",,"=""0.00000""","=""301486""","=""2p6.3s""","=""2S""","=""1/2""","=""2p5.3s.(3P*).6s""","=""4P*?""","=""1/2""",,"=""""","=""L2018,L12868c74""",
"=""33.1760""","=""0.0008""","=""33.1760""","=""0.0008""","=""11a""","=""""","=""""","=""""",,"=""0.00000""","=""301423""","=""2p6.3s""","=""2S""","=""1/2""","=""2p5.3s.(3P*).6s""","=""4P*?""","=""3/2""",,"=""""","=""L12868c77""",
"=""33.2472""","=""0.0008""","=""33.2472""","=""0.0008""","=""54a""","=""""","=""""","=""""",,"=""0.00000""","=""300777""","=""2p6.3s""","=""2S""","=""1/2""","=""2p5.3s.(3P*).6s""","=""2P*""","=""3/2""",,"=""""","=""L12868c77""",
"=""33.2645""","=""0.0008""","=""33.2645""","=""0.0008""","=""77a""","=""""","=""""","=""""",,"=""0.00000""","=""300621""","=""2p6.3s""","=""2S""","=""1/2""","=""2p5.3s.(1P*).5s""","=""2P*?""","=""3/2""",,"=""""","=""L12868c77""",
"=""33.3289""","=""0.0008""","=""33.3289""","=""0.0008""","=""7a""","=""""","=""""","=""""",,"=""0.00000""","=""300040""","=""2p6.3s""","=""2S""","=""1/2""","=""2p5.3s.(3P*).4d""","=""4F*""","=""3/2""",,"=""""","=""L12868c77""",
"=""33.4464""","=""0.0014""","=""33.4464""","=""0.0016""","=""99a""","=""""","=""""","=""""",,"=""0.00000""","=""298986""","=""2p6.3s""","=""2S""","=""1/2""","=""2p5.3s.(3P*).4d""","=""2D*""","=""3/2""",,"=""""","=""L2018,L12868c74""",
"=""33.5177""","=""0.0008""","=""33.5177""","=""0.0008""","=""19a""","=""""","=""""","=""""",,"=""0.00000""","=""298350""","=""2p6.3s""","=""2S""","=""1/2""","=""2p5.3s.(3P*).5s""","=""2P*""","=""1/2""",,"=""""","=""L12868c77""",
"=""33.5742""","=""0.0008""","=""33.5742""","=""0.0008""","=""386a""","=""""","=""""","=""""",,"=""0.00000""","=""297848""","=""2p6.3s""","=""2S""","=""1/2""","=""2p5.3s.(3P*).4d""","=""2P*""","=""3/2""",,"=""""","=""L12868c77""",
"=""33.5881""","=""0.0008""","=""33.5882""","=""0.0008""","=""39a""","=""""","=""""","=""""",,"=""0.00000""","=""297724""","=""2p6.3s""","=""2S""","=""1/2""","=""2p5.3s.(3P*).4d""","=""2P*""","=""1/2""",,"=""""","=""L12868c77""",
"=""33.5971""","=""0.0008""","=""33.5971""","=""0.0008""","=""446a""","=""""","=""""","=""""",,"=""0.00000""","=""297645""","=""2p6.3s""","=""2S""","=""1/2""","=""2p5.3s.(3P*).5s""","=""2P*""","=""3/2""",,"=""""","=""L12868c77""",
"=""33.6616""","=""0.0008""","=""33.6616""","=""0.0008""","=""20a""","=""""","=""""","=""""",,"=""0.00000""","=""297074""","=""2p6.3s""","=""2S""","=""1/2""","=""2p5.3s.(3P*).5s""","=""4P*""","=""3/2""",,"=""""","=""L12868c77""",
"=""33.8124""","=""0.0014""","=""33.8125""","=""0.0016""","=""14a""","=""""","=""""","=""""",,"=""0.00000""","=""295749""","=""2p6.3s""","=""2S""","=""1/2""","=""2p5.3s.(1P*).3d""","=""2D*""","=""3/2""",,"=""""","=""L2018,L12868c74""",
"=""33.8380""","=""0.0008""","=""33.8380""","=""0.0008""","=""23a""","=""""","=""""","=""""",,"=""0.00000""","=""295526""","=""2p6.3s""","=""2S""","=""1/2""","=""2p5.3s.(1P*).3d""","=""2P*""","=""1/2""",,"=""""","=""L12868c77""",
"=""33.8646""","=""0.0008""","=""33.8646""","=""0.0008""","=""39a""","=""""","=""""","=""""",,"=""0.00000""","=""295294""","=""2p6.3s""","=""2S""","=""1/2""","=""2p5.3s.(1P*).3d""","=""2P*""","=""3/2""",,"=""""","=""L12868c77""",
"=""34.0679""","=""0.0008""","=""34.0683""","=""0.0005""","=""11a""","=""""","=""""","=""""",,"=""0.00000""","=""293528""","=""2p6.3s""","=""2S""","=""1/2""","=""2p5.3s.(3P*).3d""","=""4F*""","=""3/2""",,"=""""","=""L12868c77""",
"=""34.1157""","=""0.0016""","=""34.1142""","=""0.0003""","=""9a""","=""""","=""""","=""""",,"=""0.00000""","=""293133.1""","=""2p6.3s""","=""2S""","=""1/2""","=""2p5.3s.(3P*).3d""","=""4D*""","=""1/2""",,"=""""","=""L12868c74""",
"=""34.1290""","=""0.0014""","=""34.1285""","=""0.0003""","=""9a""","=""""","=""""","=""""",,"=""0.00000""","=""293010.3""","=""2p6.3s""","=""2S""","=""1/2""","=""2p5.3s.(3P*).3d""","=""4D*""","=""3/2""",,"=""""","=""L2018,L12868c74""",
"=""34.236""","=""0.002""","=""34.2360""","=""0.0020""","=""291a""","=""""","=""""","=""""",,"=""0.00000""","=""292090""","=""2p6.3s""","=""2S""","=""1/2""","=""2p5.3s.(3P*).3d""","=""2D*""","=""3/2""",,"=""""","=""L12868c77""",
"=""34.3194""","=""0.0008""","=""34.3194""","=""0.0008""","=""154a""","=""""","=""""","=""""",,"=""0.00000""","=""291380""","=""2p6.3s""","=""2S""","=""1/2""","=""2p5.3s.(1P*).4s""","=""2P*""","=""1/2""",,"=""""","=""L12868c77""",
"=""34.3895""","=""0.0008""","=""34.3896""","=""0.0008""","=""395a""","=""""","=""""","=""""",,"=""0.00000""","=""290786""","=""2p6.3s""","=""2S""","=""1/2""","=""2p5.3s.(1P*).4s""","=""2P*""","=""3/2""",,"=""""","=""L12868c77""",
"=""34.4247""","=""0.0008""","=""34.4247""","=""0.0008""","=""34a""","=""""","=""""","=""""",,"=""0.00000""","=""290489""","=""2p6.3s""","=""2S""","=""1/2""","=""2p5.3s.(3P*).3d""","=""2P*""","=""3/2""",,"=""""","=""L12868c77""",
"=""34.4550""","=""0.0008""","=""34.4550""","=""0.0008""","=""534a""","=""""","=""""","=""""",,"=""0.00000""","=""290234""","=""2p6.3s""","=""2S""","=""1/2""","=""2p5.3s.(3P*).3d""","=""2P*""","=""1/2""",,"=""""","=""L12868c77""",
"=""34.645""","=""0.002""","=""34.6450""","=""0.0020""","=""27a""","=""""","=""""","=""""",,"=""0.00000""","=""288642""","=""2p6.3s""","=""2S""","=""1/2""","=""2p5.3s.(3P*).4s""","=""2P*""","=""1/2""",,"=""""","=""L12868c74""",
"=""34.6678""","=""0.0008""","=""34.6678""","=""0.0008""","=""323a""","=""""","=""""","=""""",,"=""0.00000""","=""288452""","=""2p6.3s""","=""2S""","=""1/2""","=""2p5.3s.(3P*).4s""","=""2P*""","=""3/2""",,"=""""","=""L12868c77""",
"=""34.7983""","=""0.0008""","=""34.7978""","=""0.0004""","=""13a""","=""""","=""""","=""""",,"=""0.00000""","=""287374.8""","=""2p6.3s""","=""2S""","=""1/2""","=""2p5.3s.(3P*).4s""","=""4P*""","=""1/2""",,"=""""","=""L12868c77""",
"=""34.8624""","=""0.0008""","=""34.8615""","=""0.0004""","=""13a""","=""""","=""""","=""""",,"=""0.00000""","=""286849.5""","=""2p6.3s""","=""2S""","=""1/2""","=""2p5.3s.(3P*).4s""","=""4P*""","=""3/2""",,"=""""","=""L12868c77""",
"=""35.694""","=""0.002""","=""35.6955""","=""0.0019""","=""a*""","=""""","=""""","=""""",,"=""16973.36619""","=""297121""","=""2p6.3p""","=""2P*""","=""3/2""","=""2p5.3s.(1P*).4p""","=""2P""","=""1/2""",,"=""""","=""L4596""",
"=""35.694""","=""0.002""","=""35.6933""","=""0.0019""","=""a*""","=""""","=""""","=""""",,"=""16956.17025""","=""297121""","=""2p6.3p""","=""2P*""","=""1/2""","=""2p5.3s.(1P*).4p""","=""2P""","=""1/2""",,"=""""","=""L4596""",
"=""35.703""","=""0.002""","=""35.7048""","=""0.0019""","=""a*""","=""""","=""""","=""""",,"=""16973.36619""","=""297048""","=""2p6.3p""","=""2P*""","=""3/2""","=""2p5.3s.(1P*).4p""","=""2D""","=""3/2""",,"=""""","=""L4596""",
"=""35.703""","=""0.002""","=""35.7026""","=""0.0019""","=""a*""","=""""","=""""","=""""",,"=""16956.17025""","=""297048""","=""2p6.3p""","=""2P*""","=""1/2""","=""2p5.3s.(1P*).4p""","=""2D""","=""3/2""",,"=""""","=""L4596""",
"=""35.735""","=""0.002""","=""35.7354""","=""0.0019""","=""a*""","=""""","=""""","=""""",,"=""16973.36619""","=""296808""","=""2p6.3p""","=""2P*""","=""3/2""","=""2p5.3s.(1P*).4p""","=""2P""","=""3/2""",,"=""""","=""L4596""",
"=""35.735""","=""0.002""","=""35.7332""","=""0.0019""","=""a*""","=""""","=""""","=""""",,"=""16956.17025""","=""296808""","=""2p6.3p""","=""2P*""","=""1/2""","=""2p5.3s.(1P*).4p""","=""2P""","=""3/2""",,"=""""","=""L4596""",
"=""35.759""","=""0.002""","=""35.7597""","=""0.0019""","=""a*""","=""""","=""""","=""""",,"=""16973.36619""","=""296618""","=""2p6.3p""","=""2P*""","=""3/2""","=""2p5.3s.(1P*).4p""","=""2S""","=""1/2""",,"=""""","=""L4596""",
"=""35.759""","=""0.002""","=""35.7575""","=""0.0019""","=""a*""","=""""","=""""","=""""",,"=""16956.17025""","=""296618""","=""2p6.3p""","=""2P*""","=""1/2""","=""2p5.3s.(1P*).4p""","=""2S""","=""1/2""",,"=""""","=""L4596""",
"=""35.765""","=""0.002""","=""35.7650""","=""0.0019""","=""a""","=""""","=""""","=""""",,"=""16973.36619""","=""296576""","=""2p6.3p""","=""2P*""","=""3/2""","=""2p5.3s.(1P*).4p""","=""2D""","=""5/2""",,"=""""","=""L4596""",
"=""35.959""","=""0.002""","=""35.9608""","=""0.0019""","=""a*""","=""""","=""""","=""""",,"=""16973.36619""","=""295054""","=""2p6.3p""","=""2P*""","=""3/2""","=""2p5.3s.(3P*).4p""","=""2D""","=""3/2""",,"=""""","=""L4596""",
"=""35.959""","=""0.002""","=""35.9586""","=""0.0019""","=""a*""","=""""","=""""","=""""",,"=""16956.17025""","=""295054""","=""2p6.3p""","=""2P*""","=""1/2""","=""2p5.3s.(3P*).4p""","=""2D""","=""3/2""",,"=""""","=""L4596""",
"=""37.514""","=""0.01""","=""37.5127""","=""0.0020""","=""895*""","=""""","=""""","=""""",,"=""29172.887""","=""295749""","=""2p6.3d""","=""2D""","=""3/2""","=""2p5.3s.(1P*).3d""","=""2D*""","=""3/2""",,"=""""","=""L6592""",
"=""37.514""","=""0.010""","=""37.514""","=""0.013""","=""895*""","=""""","=""""","=""""",,"=""29172.837""","=""295740""","=""2p6.3d""","=""2D""","=""5/2""","=""2p5.3s.(1P*).3d""","=""2D*""","=""5/2""",,"=""""","=""L6592""",
"=""37.514""","=""0.010""","=""37.514""","=""0.013""","=""895*""","=""""","=""""","=""""",,"=""29172.887""","=""295740""","=""2p6.3d""","=""2D""","=""3/2""","=""2p5.3s.(1P*).3d""","=""2D*""","=""5/2""",,"=""""","=""L6592""",
"=""37.683""","=""0.002""","=""37.6824""","=""0.0020""","=""a*""","=""""","=""""","=""""",,"=""16956.17025""","=""282332""","=""2p6.3p""","=""2P*""","=""1/2""","=""2p5.(2P*).3s.3p.(1P*)""","=""2P""","=""1/2""",,"=""""","=""L4596""",
"=""37.683""","=""0.002""","=""37.6848""","=""0.0020""","=""a*""","=""""","=""""","=""""",,"=""16973.36619""","=""282332""","=""2p6.3p""","=""2P*""","=""3/2""","=""2p5.(2P*).3s.3p.(1P*)""","=""2P""","=""1/2""",,"=""""","=""L4596""",
"=""37.721""","=""0.002""","=""37.7188""","=""0.0020""","=""a*""","=""""","=""""","=""""",,"=""16956.17025""","=""282076""","=""2p6.3p""","=""2P*""","=""1/2""","=""2p5.(2P*).3s.3p.(1P*)""","=""2D""","=""3/2""",,"=""""","=""L4596""",
"=""37.721""","=""0.002""","=""37.7212""","=""0.0020""","=""a*""","=""""","=""""","=""""",,"=""16973.36619""","=""282076""","=""2p6.3p""","=""2P*""","=""3/2""","=""2p5.(2P*).3s.3p.(1P*)""","=""2D""","=""3/2""",,"=""""","=""L4596""",
"=""37.870""","=""0.002""","=""37.8698""","=""0.0020""","=""a*""","=""""","=""""","=""""",,"=""16956.17025""","=""281019""","=""2p6.3p""","=""2P*""","=""1/2""","=""2p5.(2P*).3s.3p.(1P*)""","=""2P""","=""3/2""",,"=""""","=""L4596""",
"=""37.870""","=""0.002""","=""37.8722""","=""0.0020""","=""a*""","=""""","=""""","=""""",,"=""16973.36619""","=""281019""","=""2p6.3p""","=""2P*""","=""3/2""","=""2p5.(2P*).3s.3p.(1P*)""","=""2P""","=""3/2""",,"=""""","=""L4596""",
"=""37.905""","=""0.002""","=""37.9044""","=""0.0020""","=""a*""","=""""","=""""","=""""",,"=""16956.17025""","=""280778""","=""2p6.3p""","=""2P*""","=""1/2""","=""2p5.(2P*).3s.3p.(1P*)""","=""2S""","=""1/2""",,"=""""","=""L4596""",
"=""37.905""","=""0.002""","=""37.9068""","=""0.0020""","=""a*""","=""""","=""""","=""""",,"=""16973.36619""","=""280778""","=""2p6.3p""","=""2P*""","=""3/2""","=""2p5.(2P*).3s.3p.(1P*)""","=""2S""","=""1/2""",,"=""""","=""L4596""",
"=""37.933""","=""0.002""","=""37.9330""","=""0.0020""","=""a""","=""""","=""""","=""""",,"=""16973.36619""","=""280596""","=""2p6.3p""","=""2P*""","=""3/2""","=""2p5.(2P*).3s.3p.(1P*)""","=""2D""","=""5/2""",,"=""""","=""L4596""",
"=""39.021""","=""0.002""","=""39.0198""","=""0.0020""","=""a*""","=""""","=""""","=""""",,"=""16956.17025""","=""273236""","=""2p6.3p""","=""2P*""","=""1/2""","=""2p5.(2P*).3s.3p.(3P*)""","=""2S""","=""1/2""",,"=""""","=""L4596""",
"=""39.021""","=""0.002""","=""39.0225""","=""0.0020""","=""a*""","=""""","=""""","=""""",,"=""16973.36619""","=""273236""","=""2p6.3p""","=""2P*""","=""3/2""","=""2p5.(2P*).3s.3p.(3P*)""","=""2S""","=""1/2""",,"=""""","=""L4596""",
"=""39.384""","=""0.002""","=""39.3824""","=""0.0020""","=""113*""","=""""","=""""","=""""",,"=""16956.17025""","=""270877""","=""2p6.3p""","=""2P*""","=""1/2""","=""2p5.(2P*).3s.3p.(3P*)""","=""2P""","=""3/2""",,"=""""","=""L4596,L6592""",
"=""39.384""","=""0.002""","=""39.3850""","=""0.0020""","=""113*""","=""""","=""""","=""""",,"=""16973.36619""","=""270877""","=""2p6.3p""","=""2P*""","=""3/2""","=""2p5.(2P*).3s.3p.(3P*)""","=""2P""","=""3/2""",,"=""""","=""L4596,L6592""",
"=""39.429""","=""0.002""","=""39.4282""","=""0.0020""","=""a*""","=""""","=""""","=""""",,"=""16956.17025""","=""270582""","=""2p6.3p""","=""2P*""","=""1/2""","=""2p5.(2P*).3s.3p.(3P*)""","=""2P""","=""1/2""",,"=""""","=""L4596""",
"=""39.429""","=""0.002""","=""39.4308""","=""0.0020""","=""a*""","=""""","=""""","=""""",,"=""16973.36619""","=""270582""","=""2p6.3p""","=""2P*""","=""3/2""","=""2p5.(2P*).3s.3p.(3P*)""","=""2P""","=""1/2""",,"=""""","=""L4596""",
"=""39.491""","=""0.002""","=""39.4909""","=""0.0020""","=""a""","=""""","=""""","=""""",,"=""16973.36619""","=""270196""","=""2p6.3p""","=""2P*""","=""3/2""","=""2p5.(2P*).3s.3p.(3P*)""","=""2D""","=""5/2""",,"=""""","=""L4596""",
"=""39.562""","=""0.002""","=""39.5617""","=""0.0020""","=""a*""","=""""","=""""","=""""",,"=""16956.17025""","=""269726""","=""2p6.3p""","=""2P*""","=""1/2""","=""2p5.(2P*).3s.3p.(3P*)""","=""2D""","=""3/2""",,"=""""","=""L4596""",
"=""39.562""","=""0.002""","=""39.5644""","=""0.0020""","=""a*""","=""""","=""""","=""""",,"=""16973.36619""","=""269726""","=""2p6.3p""","=""2P*""","=""3/2""","=""2p5.(2P*).3s.3p.(3P*)""","=""2D""","=""3/2""",,"=""""","=""L4596""",
"=""39.688""","=""0.002""","=""39.6918""","=""0.0005""","=""a*""","=""""","=""""","=""""",,"=""16956.17025""","=""268897.4""","=""2p6.3p""","=""2P*""","=""1/2""","=""2p5.(2P*).3s.3p.(3P*)""","=""4P""","=""3/2""",,"=""""","=""L4596""",
"=""39.688""","=""0.002""","=""39.6945""","=""0.0005""","=""a*""","=""""","=""""","=""""",,"=""16973.36619""","=""268897.4""","=""2p6.3p""","=""2P*""","=""3/2""","=""2p5.(2P*).3s.3p.(3P*)""","=""4P""","=""3/2""",,"=""""","=""L4596""",
"=""39.752""","=""0.002""","=""39.7550""","=""0.0005""","=""282""","=""""","=""""","=""""",,"=""16973.36619""","=""268513.9""","=""2p6.3p""","=""2P*""","=""3/2""","=""2p5.(2P*).3s.3p.(3P*)""","=""4P""","=""5/2""",,"=""""","=""L4596,L6592""",
"=""39.898""","=""0.010""","=""39.9011""","=""0.0005""","=""338*""","=""""","=""""","=""""",,"=""16956.17025""","=""267576.0""","=""2p6.3p""","=""2P*""","=""1/2""","=""2p5.(2P*).3s.3p.(3P*)""","=""4D""","=""1/2""",,"=""""","=""L6592""",
"=""39.898""","=""0.010""","=""39.9038""","=""0.0005""","=""338*""","=""""","=""""","=""""",,"=""16973.36619""","=""267576.0""","=""2p6.3p""","=""2P*""","=""3/2""","=""2p5.(2P*).3s.3p.(3P*)""","=""4D""","=""1/2""",,"=""""","=""L6592""",
"=""39.942""","=""0.010""","=""39.9479""","=""0.0005""","=""152*""","=""""","=""""","=""""",,"=""16956.17025""","=""267282.3""","=""2p6.3p""","=""2P*""","=""1/2""","=""2p5.(2P*).3s.3p.(3P*)""","=""4D""","=""3/2""",,"=""""","=""L6592""",
"=""39.942""","=""0.010""","=""39.9506""","=""0.0005""","=""152*""","=""""","=""""","=""""",,"=""16973.36619""","=""267282.3""","=""2p6.3p""","=""2P*""","=""3/2""","=""2p5.(2P*).3s.3p.(3P*)""","=""4D""","=""3/2""",,"=""""","=""L6592""",
"=""40.014""","=""0.010""","=""40.0063""","=""0.0005""","=""64""","=""""","=""""","=""""",,"=""16973.36619""","=""266933.9""","=""2p6.3p""","=""2P*""","=""3/2""","=""2p5.(2P*).3s.3p.(3P*)""","=""4D""","=""5/2""",,"=""""","=""L6592""",
"=""40.082""","=""0.002""","=""40.0819""","=""0.0019""","=""513a""","=""""","=""""","=""""",,"=""0.00000""","=""249489""","=""2p6.3s""","=""2S""","=""1/2""","=""2p5.3s2""","=""2P*""","=""1/2""",,"=""""","=""L12868c78""",
"=""40.2949""","=""0.0008""","=""40.2950""","=""0.0008""","=""477a""","=""""","=""""","=""""",,"=""0.00000""","=""248170""","=""2p6.3s""","=""2S""","=""1/2""","=""2p5.3s2""","=""2P*""","=""3/2""",,"=""""","=""L12868c78""",
"=""40.526""","=""0.010""","=""40.5204""","=""0.0007""","=""190*""","=""""","=""""","=""""",,"=""16956.17025""","=""263745.3""","=""2p6.3p""","=""2P*""","=""1/2""","=""2p5.(2P*).3s.3p.(3P*)""","=""4S""","=""3/2""",,"=""""","=""L6592""",
"=""40.526""","=""0.010""","=""40.5232""","=""0.0007""","=""190*""","=""""","=""""","=""""",,"=""16973.36619""","=""263745.3""","=""2p6.3p""","=""2P*""","=""3/2""","=""2p5.(2P*).3s.3p.(3P*)""","=""4S""","=""3/2""",,"=""""","=""L6592""",
obs_wl_air(nm),unc_obs_wl,ritz_wl_air(nm),unc_ritz_wl,intens,gA(s^-1),fik,log_gf,Acc,Ei(cm-1),Ek(cm-1),conf_i,term_i,J_i,conf_k,term_k,J_k,Type,tp_ref,line_ref,
"=""""","=""""","=""243.376496""","=""0.000012""","=""""","=""1.55e+04""","=""6.88e-06""","=""-4.862""",C+',"=""0.00000""","=""[41076.141]""","=""2p6.3s""","=""2S""","=""1/2""","=""2p6.18p""","=""2P*""","=""3/2""",,"=""T76n,T817""","=""""",
"=""""","=""""","=""243.376703""","=""0.000012""","=""""","=""7.74e+03""","=""3.44e-06""","=""-5.163""",C+',"=""0.00000""","=""[41076.106]""","=""2p6.3s""","=""2S""","=""1/2""","=""2p6.18p""","=""2P*""","=""1/2""",,"=""T76n,T817""","=""""",
"=""""","=""""","=""243.659344""","=""0.000012""","=""""","=""1.86e+04""","=""8.26e-06""","=""-4.782""",C+',"=""0.00000""","=""[41028.462]""","=""2p6.3s""","=""2S""","=""1/2""","=""2p6.17p""","=""2P*""","=""3/2""",,"=""T76n,T817""","=""""",
"=""""","=""""","=""243.659599""","=""0.000012""","=""""","=""9.28e+03""","=""4.13e-06""","=""-5.083""",C+',"=""0.00000""","=""[41028.419]""","=""2p6.3s""","=""2S""","=""1/2""","=""2p6.17p""","=""2P*""","=""1/2""",,"=""T76n,T817""","=""""",
"=""""","=""""","=""244.000936""","=""0.000012""","=""""","=""2.2e+04""","=""1.0e-05""","=""-4.70""",C+',"=""0.00000""","=""[40971.028]""","=""2p6.3s""","=""2S""","=""1/2""","=""2p6.16p""","=""2P*""","=""3/2""",,"=""T76n,T817""","=""""",
"=""""","=""""","=""244.001245""","=""0.000012""","=""""","=""1.1e+04""","=""5.0e-06""","=""-5.00""",C+',"=""0.00000""","=""[40970.976]""","=""2p6.3s""","=""2S""","=""1/2""","=""2p6.16p""","=""2P*""","=""1/2""",,"=""T76n,T817""","=""""",
"=""""","=""""","=""244.418818""","=""0.000012""","=""""","=""2.7e+04""","=""1.2e-05""","=""-4.61""",C+',"=""0.00000""","=""[40900.985]""","=""2p6.3s""","=""2S""","=""1/2""","=""2p6.15p""","=""2P*""","=""3/2""",,"=""T76n,T817""","=""""",
"=""""","=""""","=""244.419195""","=""0.000012""","=""""","=""1.4e+04""","=""6.1e-06""","=""-4.91""",C+',"=""0.00000""","=""[40900.922]""","=""2p6.3s""","=""2S""","=""1/2""","=""2p6.15p""","=""2P*""","=""1/2""",,"=""T76n,T817""","=""""",
"=""""","=""""","=""244.937663""","=""0.000012""","=""""","=""3.4e+04""","=""1.5e-05""","=""-4.51""",C+',"=""0.00000""","=""[40814.352]""","=""2p6.3s""","=""2S""","=""1/2""","=""2p6.14p""","=""2P*""","=""3/2""",,"=""T76n,T817""","=""""",
"=""""","=""""","=""244.938137""","=""0.000012""","=""""","=""1.7e+04""","=""7.7e-06""","=""-4.81""",C+',"=""0.00000""","=""[40814.273]""","=""2p6.3s""","=""2S""","=""1/2""","=""2p6.14p""","=""2P*""","=""1/2""",,"=""T76n,T817""","=""""",
"=""""","=""""","=""245.593045""","=""0.000012""","=""""","=""4.48e+04""","=""2.03e-05""","=""-4.392""",C+',"=""0.00000""","=""[40705.444]""","=""2p6.3s""","=""2S""","=""1/2""","=""2p6.13p""","=""2P*""","=""3/2""",,"=""T76n,T817""","=""""",
"=""""","=""""","=""245.593648""","=""0.000012""","=""""","=""2.24e+04""","=""1.01e-05""","=""-4.693""",C+',"=""0.00000""","=""[40705.344]""","=""2p6.3s""","=""2S""","=""1/2""","=""2p6.13p""","=""2P*""","=""1/2""",,"=""T76n,T817""","=""""",
"=""""","=""""","=""246.437851""","=""0.000012""","=""""","=""5.76e+04""","=""2.62e-05""","=""-4.280""",C+',"=""0.00000""","=""[40565.913]""","=""2p6.3s""","=""2S""","=""1/2""","=""2p6.12p""","=""2P*""","=""3/2""",,"=""T76n,T817""","=""""",
"=""""","=""""","=""246.438640""","=""0.000012""","=""""","=""2.88e+04""","=""1.31e-05""","=""-4.581""",C+',"=""0.00000""","=""[40565.783]""","=""2p6.3s""","=""2S""","=""1/2""","=""2p6.12p""","=""2P*""","=""1/2""",,"=""T76n,T817""","=""""",
"=""""","=""""","=""247.553565""","=""0.000012""","=""""","=""7.76e+04""","=""3.57e-05""","=""-4.147""",C+',"=""0.00000""","=""40383.097""","=""2p6.3s""","=""2S""","=""1/2""","=""2p6.11p""","=""2P*""","=""3/2""",,"=""T76n,T817""","=""""",
"=""""","=""""","=""247.554619""","=""0.000012""","=""""","=""3.88e+04""","=""1.78e-05""","=""-4.448""",C+',"=""0.00000""","=""40382.925""","=""2p6.3s""","=""2S""","=""1/2""","=""2p6.11p""","=""2P*""","=""1/2""",,"=""T76n,T817""","=""""",
"=""""","=""""","=""249.071261""","=""0.000013""","=""""","=""7.56e+04""","=""3.52e-05""","=""-4.152""",D+,"=""0.00000""","=""40137.043""","=""2p6.3s""","=""2S""","=""1/2""","=""2p6.10p""","=""2P*""","=""3/2""",,"=""T76n""","=""""",
"=""""","=""""","=""249.072707""","=""0.000013""","=""""","=""3.78e+04""","=""1.76e-05""","=""-4.453""",D+,"=""0.00000""","=""40136.810""","=""2p6.3s""","=""2S""","=""1/2""","=""2p6.10p""","=""2P*""","=""1/2""",,"=""T76n""","=""""",
"=""""","=""""","=""251.213407""","=""0.000013""","=""""","=""1.28e+05""","=""6.05e-05""","=""-3.917""",D+,"=""0.00000""","=""[39794.810]""","=""2p6.3s""","=""2S""","=""1/2""","=""2p6.9p""","=""2P*""","=""3/2""",,"=""c30,T76n""","=""""",
"=""""","=""""","=""251.215497""","=""0.000013""","=""""","=""6.20e+04""","=""2.93e-05""","=""-4.232""",C,"=""0.00000""","=""[39794.479]""","=""2p6.3s""","=""2S""","=""1/2""","=""2p6.9p""","=""2P*""","=""1/2""",,"=""c30,T76n""","=""""",
"=""254.382""","=""0.0004""","=""254.38405""","=""0.00013""","=""""","=""1.78e+05""","=""8.65e-05""","=""-3.762""",C+,"=""0.00000""","=""39298.84""","=""2p6.3s""","=""2S""","=""1/2""","=""2p6.8p""","=""2P*""","=""3/2""",,"=""c30,T76n""","=""L15055,L6096""",
"=""254.388""","=""0.0004""","=""254.38722""","=""0.00013""","=""""","=""8.70e+04""","=""4.22e-05""","=""-4.074""",C+,"=""0.00000""","=""39298.35""","=""2p6.3s""","=""2S""","=""1/2""","=""2p6.8p""","=""2P*""","=""1/2""",,"=""c30,T76n""","=""L15055,L6096""",
"=""259.383""","=""0.0004""","=""259.38685""","=""0.00013""","=""""","=""3.25e+05""","=""1.64e-04""","=""-3.484""",B,"=""0.00000""","=""38540.93""","=""2p6.3s""","=""2S""","=""1/2""","=""2p6.7p""","=""2P*""","=""3/2""",,"=""c30,T76n""","=""L15055,L6096""",
"=""259.393""","=""0.0004""","=""259.39190""","=""0.00013""","=""""","=""1.59e+05""","=""8.03e-05""","=""-3.794""",C+,"=""0.00000""","=""38540.18""","=""2p6.3s""","=""2S""","=""1/2""","=""2p6.7p""","=""2P*""","=""1/2""",,"=""c30,T76n""","=""L15055,L6096""",
"=""268.0331""","=""0.0004""","=""268.03407""","=""0.00014""","=""""","=""7.36e+05""","=""3.98e-04""","=""-3.099""",B+,"=""0.00000""","=""37297.61""","=""2p6.3s""","=""2S""","=""1/2""","=""2p6.6p""","=""2P*""","=""3/2""",,"=""c30,T76n""","=""L3319,L6096""",
"=""268.0421""","=""0.0004""","=""268.04334""","=""0.00014""","=""""","=""3.62e+05""","=""1.96e-04""","=""-3.407""",B,"=""0.00000""","=""37296.32""","=""2p6.3s""","=""2S""","=""1/2""","=""2p6.6p""","=""2P*""","=""1/2""",,"=""c30,T76n""","=""L3319,L6096""",
"=""285.2811""","=""0.0004""","=""285.28110""","=""0.00016""","=""16""","=""2.15e+06""","=""1.31e-03""","=""-2.582""",B+,"=""0.00000""","=""35042.85""","=""2p6.3s""","=""2S""","=""1/2""","=""2p6.5p""","=""2P*""","=""3/2""",,"=""c30,T76n""","=""L6096""",
"=""285.3013""","=""0.0004""","=""285.30121""","=""0.00016""","=""15""","=""1.06e+06""","=""6.48e-04""","=""-2.887""",B+,"=""0.00000""","=""35040.38""","=""2p6.3s""","=""2S""","=""1/2""","=""2p6.5p""","=""2P*""","=""1/2""",,"=""c30,T76n""","=""L6096""",
"=""289.3618""","=""0.0004""","=""289.361130""","=""0.000017""","=""1""","=""""","=""""","=""""",,"=""0.00000""","=""34548.764""","=""2p6.3s""","=""2S""","=""1/2""","=""2p6.4d""","=""2D""","=""3/2""",E2,"=""""","=""L6096""",
"=""330.2369""","=""0.0005""","=""330.23686""","=""0.00022""","=""19""","=""1.10e+07""","=""9.00e-03""","=""-1.745""",A,"=""0.00000""","=""30272.58""","=""2p6.3s""","=""2S""","=""1/2""","=""2p6.4p""","=""2P*""","=""3/2""",,"=""c30,T76n""","=""L6096""",
"=""330.2979""","=""0.0005""","=""330.29785""","=""0.00022""","=""18""","=""5.46e+06""","=""4.46e-03""","=""-2.050""",B+,"=""0.00000""","=""30266.99""","=""2p6.3s""","=""2S""","=""1/2""","=""2p6.4p""","=""2P*""","=""1/2""",,"=""c30,T76n""","=""L6096""",
"=""341.62""","=""0.02""","=""341.607""","=""0.011""","=""""","=""6.0e+07""","=""2.6e-02""","=""-0.98""",D,"=""263745.3""","=""293010.3""","=""2p5.(2P*).3s.3p.(3P*)""","=""4S""","=""3/2""","=""2p5.3s.(3P*).3d""","=""4D*""","=""3/2""",,"=""T5209""","=""L6269""",
"=""342.6862""","=""0.0005""","=""342.685779""","=""0.000024""","=""6""","=""""","=""""","=""""",,"=""0.00000""","=""29172.887""","=""2p6.3s""","=""2S""","=""1/2""","=""2p6.3d""","=""2D""","=""3/2""",E2,"=""""","=""L6096""",
"=""342.73""","=""0.02""","=""342.736""","=""0.011""","=""9""","=""1.7e+08""","=""7.4e-02""","=""-0.53""",D,"=""263745.3""","=""292913.9""","=""2p5.(2P*).3s.3p.(3P*)""","=""4S""","=""3/2""","=""2p5.3s.(3P*).3d""","=""4F*""","=""5/2""",,"=""T5209""","=""L6269""",
"=""348.90""","=""0.02""","=""348.890""","=""0.009""","=""130""","=""2.5e+08""","=""1.2e-01""","=""-0.32""",D,"=""263745.3""","=""292399.4""","=""2p5.(2P*).3s.3p.(3P*)""","=""4S""","=""3/2""","=""2p5.3s.(3P*).3d""","=""4D*""","=""5/2""",,"=""T5209""","=""L6269""",
"=""350.25""","=""0.02""","=""350.237""","=""0.010""","=""160""","=""3.5e+08""","=""1.6e-01""","=""-0.19""",D,"=""263745.3""","=""292289.2""","=""2p5.(2P*).3s.3p.(3P*)""","=""4S""","=""3/2""","=""2p5.3s.(3P*).3d""","=""4P*""","=""3/2""",,"=""T5209""","=""L6269""",
"=""351.10""","=""0.02""","=""351.093""","=""0.010""","=""130""","=""2.30e+08""","=""1.06e-01""","=""-0.373""",D,"=""263745.3""","=""292219.6""","=""2p5.(2P*).3s.3p.(3P*)""","=""4S""","=""3/2""","=""2p5.3s.(3P*).3d""","=""4P*""","=""1/2""",,"=""T5209""","=""L6269""",
"=""383.36""","=""0.02""","=""383.380""","=""0.012""","=""""","=""""","=""""","=""""",,"=""266933.9""","=""293010.3""","=""2p5.(2P*).3s.3p.(3P*)""","=""4D""","=""5/2""","=""2p5.3s.(3P*).3d""","=""4D*""","=""3/2""",,"=""""","=""L10065""",
"=""384.80""","=""0.02""","=""384.802""","=""0.013""","=""5""","=""1.7e+08""","=""6.2e-02""","=""-0.43""",D,"=""266933.9""","=""292913.9""","=""2p5.(2P*).3s.3p.(3P*)""","=""4D""","=""5/2""","=""2p5.3s.(3P*).3d""","=""4F*""","=""5/2""",,"=""T5209""","=""L6269""",
"=""385.23""","=""0.05""","=""385.22""","=""0.05""","=""""","=""""","=""""","=""""",,"=""267576.0""","=""293528""","=""2p5.(2P*).3s.3p.(3P*)""","=""4D""","=""1/2""","=""2p5.3s.(3P*).3d""","=""4F*""","=""3/2""",,"=""""","=""L10065""",
"=""386.55""","=""0.02""","=""386.543""","=""0.013""","=""130""","=""4.6e+08""","=""1.3e-01""","=""0.02""",D,"=""266586.7""","=""292449.7""","=""2p5.(2P*).3s.3p.(3P*)""","=""4D""","=""7/2""","=""2p5.3s.(3P*).3d""","=""4F*""","=""7/2""",,"=""T5209""","=""L6269""",
"=""387.29""","=""0.02""","=""387.296""","=""0.011""","=""19""","=""7.2e+07""","=""2.0e-02""","=""-0.80""",D,"=""266586.7""","=""292399.4""","=""2p5.(2P*).3s.3p.(3P*)""","=""4D""","=""7/2""","=""2p5.3s.(3P*).3d""","=""4D*""","=""5/2""",,"=""T5209""","=""L6269""",
"=""388.18""","=""0.02""","=""388.181""","=""0.020""","=""420""","=""1.63e+09""","=""4.61e-01""","=""0.567""",D,"=""266586.7""","=""292340.6""","=""2p5.(2P*).3s.3p.(3P*)""","=""4D""","=""7/2""","=""2p5.3s.(3P*).3d""","=""4F*""","=""9/2""",,"=""T5209""","=""L6269""",
"=""""","=""""","=""388.39033""","=""0.00005""","=""""","=""1.39e-03""","=""1.57e-12""","=""-11.50""",C,"=""0.00000""","=""25739.999""","=""2p6.3s""","=""2S""","=""1/2""","=""2p6.4s""","=""2S""","=""1/2""",M1,"=""c27""","=""""",
"=""388.57""","=""0.02""","=""388.571""","=""0.011""","=""36""","=""2.5e+08""","=""1.4e-01""","=""-0.25""",D,"=""267282.3""","=""293010.3""","=""2p5.(2P*).3s.3p.(3P*)""","=""4D""","=""3/2""","=""2p5.3s.(3P*).3d""","=""4D*""","=""3/2""",,"=""T5209""","=""L6269""",
"=""390.04""","=""0.02""","=""390.033""","=""0.014""","=""15""","=""4.6e+08""","=""2.6e-01""","=""0.02""",D,"=""267282.3""","=""292913.9""","=""2p5.(2P*).3s.3p.(3P*)""","=""4D""","=""3/2""","=""2p5.3s.(3P*).3d""","=""4F*""","=""5/2""",,"=""T5209""","=""L6269""",
"=""391.18""","=""0.02""","=""391.170""","=""0.018""","=""""","=""""","=""""","=""""",,"=""267576.0""","=""293133.1""","=""2p5.(2P*).3s.3p.(3P*)""","=""4D""","=""1/2""","=""2p5.3s.(3P*).3d""","=""4D*""","=""1/2""",,"=""""","=""L10065""",
"=""391.79""","=""0.02""","=""391.803""","=""0.012""","=""160""","=""5.3e+08""","=""2.0e-01""","=""0.08""",D,"=""266933.9""","=""292449.7""","=""2p5.(2P*).3s.3p.(3P*)""","=""4D""","=""5/2""","=""2p5.3s.(3P*).3d""","=""4F*""","=""7/2""",,"=""T5209""","=""L6269""",
"=""392.56""","=""0.02""","=""392.577""","=""0.009""","=""85""","=""2.7e+08""","=""1.0e-01""","=""-0.22""",D,"=""266933.9""","=""292399.4""","=""2p5.(2P*).3s.3p.(3P*)""","=""4D""","=""5/2""","=""2p5.3s.(3P*).3d""","=""4D*""","=""5/2""",,"=""T5209""","=""L6269""",
"=""393.06""","=""0.02""","=""393.059""","=""0.014""","=""15""","=""1.0e+08""","=""1.2e-01""","=""-0.62""",D,"=""267576.0""","=""293010.3""","=""2p5.(2P*).3s.3p.(3P*)""","=""4D""","=""1/2""","=""2p5.3s.(3P*).3d""","=""4D*""","=""3/2""",,"=""T5209""","=""L6269""",
"=""394.26""","=""0.02""","=""394.283""","=""0.009""","=""32""","=""8.4e+07""","=""3.3e-02""","=""-0.70""",D,"=""266933.9""","=""292289.2""","=""2p5.(2P*).3s.3p.(3P*)""","=""4D""","=""5/2""","=""2p5.3s.(3P*).3d""","=""4P*""","=""3/2""",,"=""T5209""","=""L6269""",
"=""398.03""","=""0.02""","=""398.023""","=""0.010""","=""14""","=""3.e+07""","=""2.e-02""","=""-1""",D,"=""267282.3""","=""292399.4""","=""2p5.(2P*).3s.3p.(3P*)""","=""4D""","=""3/2""","=""2p5.3s.(3P*).3d""","=""4D*""","=""5/2""",,"=""T5209""","=""L6269""",
"=""399.77""","=""0.02""","=""399.777""","=""0.011""","=""14""","=""3.e+07""","=""2.e-02""","=""-1""",D,"=""267282.3""","=""292289.2""","=""2p5.(2P*).3s.3p.(3P*)""","=""4D""","=""3/2""","=""2p5.3s.(3P*).3d""","=""4P*""","=""3/2""",,"=""T5209""","=""L6269""",
"=""400.88""","=""0.02""","=""400.892""","=""0.011""","=""27""","=""3.0e+07""","=""1.8e-02""","=""-1.1""",D,"=""267282.3""","=""292219.6""","=""2p5.(2P*).3s.3p.(3P*)""","=""4D""","=""3/2""","=""2p5.3s.(3P*).3d""","=""4P*""","=""1/2""",,"=""T5209""","=""L6269""",
"=""405.66""","=""0.02""","=""405.670""","=""0.015""","=""""","=""""","=""""","=""""",,"=""267576.0""","=""292219.6""","=""2p5.(2P*).3s.3p.(3P*)""","=""4D""","=""1/2""","=""2p5.3s.(3P*).3d""","=""4P*""","=""1/2""",,"=""""","=""L10065""",
"=""412.790""","=""0.002""","=""412.79045""","=""0.00003""","=""""","=""""","=""""","=""""",,"=""16956.17025""","=""[41174.705]""","=""2p6.3p""","=""2P*""","=""1/2""","=""2p6.20d""","=""2D""","=""3/2""",,"=""""","=""L9493""",
"=""413.082""","=""0.002""","=""413.08376""","=""0.00003""","=""""","=""3.45e+04""","=""2.21e-05""","=""-4.05""",B,"=""16973.36619""","=""[41174.705]""","=""2p6.3p""","=""2P*""","=""3/2""","=""2p6.20d""","=""2D""","=""3/2""",,"=""T7799""","=""L9493""",
"=""413.082""","=""0.002""","=""413.08376""","=""0.00003""","=""""","=""3.10e+05""","=""1.99e-04""","=""-3.10""",B,"=""16973.36619""","=""[41174.705]""","=""2p6.3p""","=""2P*""","=""3/2""","=""2p6.20d""","=""2D""","=""5/2""",,"=""T7799""","=""L9493""",
"=""413.291""","=""0.002""","=""413.29739""","=""0.00003""","=""""","=""""","=""""","=""""",,"=""16956.17025""","=""[41145.000]""","=""2p6.3p""","=""2P*""","=""1/2""","=""2p6.19d""","=""2D""","=""3/2""",,"=""""","=""L9493""",
"=""413.481""","=""0.002""","=""413.48503""","=""0.00003""","=""""","=""""","=""""","=""""",,"=""16956.17025""","=""[41134.023]""","=""2p6.3p""","=""2P*""","=""1/2""","=""2p6.20s""","=""2S""","=""1/2""",,"=""""","=""L9493""",
"=""413.584""","=""0.002""","=""413.59142""","=""0.00003""","=""""","=""4.04e+04""","=""2.59e-05""","=""-3.98""",B,"=""16973.36619""","=""[41145.000]""","=""2p6.3p""","=""2P*""","=""3/2""","=""2p6.19d""","=""2D""","=""3/2""",,"=""T7799""","=""L9493""",
"=""413.584""","=""0.002""","=""413.59143""","=""0.00003""","=""""","=""3.64e+05""","=""2.33e-04""","=""-3.03""",B,"=""16973.36619""","=""[41144.999]""","=""2p6.3p""","=""2P*""","=""3/2""","=""2p6.19d""","=""2D""","=""5/2""",,"=""T7799""","=""L9493""",
"=""413.774""","=""0.002""","=""413.77933""","=""0.00003""","=""""","=""6.80e+04""","=""4.37e-05""","=""-3.76""",B,"=""16973.36619""","=""[41134.023]""","=""2p6.3p""","=""2P*""","=""3/2""","=""2p6.20s""","=""2S""","=""1/2""",,"=""T7799""","=""L9493""",
"=""413.890""","=""0.002""","=""413.89283""","=""0.00003""","=""""","=""""","=""""","=""""",,"=""16956.17025""","=""[41110.202]""","=""2p6.3p""","=""2P*""","=""1/2""","=""2p6.18d""","=""2D""","=""3/2""",,"=""""","=""L9493""",
"=""414.108""","=""0.002""","=""414.11453""","=""0.00003""","=""""","=""""","=""""","=""""",,"=""16956.17025""","=""[41097.271]""","=""2p6.3p""","=""2P*""","=""1/2""","=""2p6.19s""","=""2S""","=""1/2""",,"=""""","=""L9493""",
"=""414.184""","=""0.002""","=""414.18770""","=""0.00003""","=""""","=""4.48e+04""","=""2.88e-05""","=""-3.94""",B,"=""16973.36619""","=""[41110.202]""","=""2p6.3p""","=""2P*""","=""3/2""","=""2p6.18d""","=""2D""","=""3/2""",,"=""T7799""","=""L9493""",
"=""414.184""","=""0.002""","=""414.18770""","=""0.00003""","=""""","=""4.03e+05""","=""2.59e-04""","=""-2.98""",B,"=""16973.36619""","=""[41110.202]""","=""2p6.3p""","=""2P*""","=""3/2""","=""2p6.18d""","=""2D""","=""5/2""",,"=""T7799""","=""L9493""",
"=""414.403""","=""0.002""","=""414.40972""","=""0.00003""","=""""","=""8.02e+04""","=""5.17e-05""","=""-3.68""",B,"=""16973.36619""","=""[41097.271]""","=""2p6.3p""","=""2P*""","=""3/2""","=""2p6.19s""","=""2S""","=""1/2""",,"=""T7799""","=""L9493""",
"=""414.598""","=""0.002""","=""414.59869""","=""0.00003""","=""""","=""""","=""""","=""""",,"=""16956.17025""","=""[41069.080]""","=""2p6.3p""","=""2P*""","=""1/2""","=""2p6.17d""","=""2D""","=""3/2""",,"=""""","=""L9493""",
"=""414.62""","=""0.04""","=""414.599""","=""0.014""","=""""","=""""","=""""","=""""",,"=""268897.4""","=""293010.3""","=""2p5.(2P*).3s.3p.(3P*)""","=""4P""","=""3/2""","=""2p5.3s.(3P*).3d""","=""4D*""","=""3/2""",,"=""""","=""L10065""",
"=""414.861""","=""0.002""","=""414.86329""","=""0.00003""","=""""","=""""","=""""","=""""",,"=""16956.17025""","=""[41053.701]""","=""2p6.3p""","=""2P*""","=""1/2""","=""2p6.18s""","=""2S""","=""1/2""",,"=""""","=""L9493""",
"=""414.893""","=""0.002""","=""414.89457""","=""0.00003""","=""""","=""5.68e+04""","=""3.67e-05""","=""-3.83""",B,"=""16973.36619""","=""[41069.080]""","=""2p6.3p""","=""2P*""","=""3/2""","=""2p6.17d""","=""2D""","=""3/2""",,"=""T7799""","=""L9493""",
"=""414.893""","=""0.002""","=""414.89459""","=""0.00003""","=""""","=""5.11e+05""","=""3.30e-04""","=""-2.88""",B,"=""16973.36619""","=""[41069.079]""","=""2p6.3p""","=""2P*""","=""3/2""","=""2p6.17d""","=""2D""","=""5/2""",,"=""T7799""","=""L9493""",
"=""415.175""","=""0.002""","=""415.15955""","=""0.00003""","=""""","=""9.56e+04""","=""6.18e-05""","=""-3.61""",B,"=""16973.36619""","=""[41053.701]""","=""2p6.3p""","=""2P*""","=""3/2""","=""2p6.18s""","=""2S""","=""1/2""",,"=""T7799""","=""L9493""",
"=""415.444""","=""0.002""","=""415.44429""","=""0.00003""","=""""","=""""","=""""","=""""",,"=""16956.17025""","=""[41020.001]""","=""2p6.3p""","=""2P*""","=""1/2""","=""2p6.16d""","=""2D""","=""3/2""",,"=""""","=""L9493""",
"=""415.70""","=""0.04""","=""415.74""","=""0.03""","=""""","=""""","=""""","=""""",,"=""269086.5""","=""293133.1""","=""2p5.(2P*).3s.3p.(3P*)""","=""4P""","=""1/2""","=""2p5.3s.(3P*).3d""","=""4D*""","=""1/2""",,"=""""","=""L10065""",
"=""415.740""","=""0.002""","=""415.74139""","=""0.00003""","=""""","=""6.84e+04""","=""4.43e-05""","=""-3.75""",B,"=""16973.36619""","=""[41020.001]""","=""2p6.3p""","=""2P*""","=""3/2""","=""2p6.16d""","=""2D""","=""3/2""",,"=""T7799""","=""L9493""",
"=""415.740""","=""0.002""","=""415.74140""","=""0.00003""","=""""","=""6.18e+05""","=""4.01e-04""","=""-2.79""",B,"=""16973.36619""","=""[41020.000]""","=""2p6.3p""","=""2P*""","=""3/2""","=""2p6.16d""","=""2D""","=""5/2""",,"=""T7799""","=""L9493""",
"=""415.760""","=""0.002""","=""415.76369""","=""0.00003""","=""""","=""""","=""""","=""""",,"=""16956.17025""","=""[41001.515]""","=""2p6.3p""","=""2P*""","=""1/2""","=""2p6.17s""","=""2S""","=""1/2""",,"=""""","=""L9493""",
"=""416.057""","=""0.002""","=""416.06124""","=""0.00003""","=""""","=""1.15e+05""","=""7.48e-05""","=""-3.52""",B,"=""16973.36619""","=""[41001.515]""","=""2p6.3p""","=""2P*""","=""3/2""","=""2p6.17s""","=""2S""","=""1/2""",,"=""T7799""","=""L9493""",
"=""416.470""","=""0.002""","=""416.46940""","=""0.00003""","=""""","=""""","=""""","=""""",,"=""16956.17025""","=""[40960.771]""","=""2p6.3p""","=""2P*""","=""1/2""","=""2p6.15d""","=""2D""","=""3/2""",,"=""""","=""L9493""",
"=""416.767""","=""0.002""","=""416.76796""","=""0.00003""","=""""","=""8.36e+04""","=""5.45e-05""","=""-3.66""",B,"=""16973.36619""","=""[40960.771]""","=""2p6.3p""","=""2P*""","=""3/2""","=""2p6.15d""","=""2D""","=""3/2""",,"=""T7799""","=""L9493""",
"=""416.767""","=""0.002""","=""416.76796""","=""0.00003""","=""""","=""7.50e+05""","=""4.89e-04""","=""-2.71""",B,"=""16973.36619""","=""[40960.771]""","=""2p6.3p""","=""2P*""","=""3/2""","=""2p6.15d""","=""2D""","=""5/2""",,"=""T7799""","=""L9493""",
"=""416.858""","=""0.002""","=""416.85997""","=""0.00003""","=""""","=""""","=""""","=""""",,"=""16956.17025""","=""[40938.281]""","=""2p6.3p""","=""2P*""","=""1/2""","=""2p6.16s""","=""2S""","=""1/2""",,"=""""","=""L9493""",
"=""417.156""","=""0.002""","=""417.15909""","=""0.00003""","=""""","=""1.41e+05""","=""9.18e-05""","=""-3.44""",B,"=""16973.36619""","=""[40938.281]""","=""2p6.3p""","=""2P*""","=""3/2""","=""2p6.16s""","=""2S""","=""1/2""",,"=""T7799""","=""L9493""",
"=""417.67""","=""0.02""","=""417.667""","=""0.014""","=""82""","=""2.8e+08""","=""1.2e-01""","=""-0.14""",D,"=""268513.9""","=""292449.7""","=""2p5.(2P*).3s.3p.(3P*)""","=""4P""","=""5/2""","=""2p5.3s.(3P*).3d""","=""4F*""","=""7/2""",,"=""T5209""","=""L6269""",
"=""417.723""","=""0.002""","=""417.72905""","=""0.00003""","=""""","=""""","=""""","=""""",,"=""16956.17025""","=""[40888.387]""","=""2p6.3p""","=""2P*""","=""1/2""","=""2p6.14d""","=""2D""","=""3/2""",,"=""""","=""L9493""",
"=""418.022""","=""0.002""","=""418.02943""","=""0.00003""","=""""","=""1.03e+05""","=""6.76e-05""","=""-3.57""",B,"=""16973.36619""","=""[40888.387]""","=""2p6.3p""","=""2P*""","=""3/2""","=""2p6.14d""","=""2D""","=""3/2""",,"=""T7799""","=""L9493""",
"=""418.022""","=""0.002""","=""418.02944""","=""0.00003""","=""""","=""9.30e+05""","=""6.09e-04""","=""-2.61""",B,"=""16973.36619""","=""[40888.386]""","=""2p6.3p""","=""2P*""","=""3/2""","=""2p6.14d""","=""2D""","=""5/2""",,"=""T7799""","=""L9493""",
"=""418.209""","=""0.002""","=""418.21380""","=""0.00004""","=""""","=""""","=""""","=""""",,"=""16956.17025""","=""[40860.648]""","=""2p6.3p""","=""2P*""","=""1/2""","=""2p6.15s""","=""2S""","=""1/2""",,"=""""","=""L9493""",
"=""418.509""","=""0.002""","=""418.51487""","=""0.00004""","=""""","=""1.74e+05""","=""1.14e-04""","=""-3.34""",B,"=""16973.36619""","=""[40860.648]""","=""2p6.3p""","=""2P*""","=""3/2""","=""2p6.15s""","=""2S""","=""1/2""",,"=""T7799""","=""L9493""",
"=""418.55""","=""0.02""","=""418.546""","=""0.011""","=""150""","=""2.9e+08""","=""1.3e-01""","=""-0.11""",D,"=""268513.9""","=""292399.4""","=""2p5.(2P*).3s.3p.(3P*)""","=""4P""","=""5/2""","=""2p5.3s.(3P*).3d""","=""4D*""","=""5/2""",,"=""T5209""","=""L6269""",
"=""419.297""","=""0.002""","=""419.30142""","=""0.00004""","=""""","=""""","=""""","=""""",,"=""16956.17025""","=""[40798.644]""","=""2p6.3p""","=""2P*""","=""1/2""","=""2p6.13d""","=""2D""","=""3/2""",,"=""""","=""L9493""",
"=""419.598""","=""0.002""","=""419.60405""","=""0.00004""","=""""","=""1.31e+05""","=""8.64e-05""","=""-3.46""",B,"=""16973.36619""","=""[40798.644]""","=""2p6.3p""","=""2P*""","=""3/2""","=""2p6.13d""","=""2D""","=""3/2""",,"=""T7799""","=""L9493""",
"=""419.598""","=""0.002""","=""419.60409""","=""0.00004""","=""""","=""1.18e+06""","=""7.76e-04""","=""-2.51""",B,"=""16973.36619""","=""[40798.642]""","=""2p6.3p""","=""2P*""","=""3/2""","=""2p6.13d""","=""2D""","=""5/2""",,"=""T7799""","=""L9493""",
"=""419.914""","=""0.002""","=""419.91362""","=""0.00004""","=""""","=""""","=""""","=""""",,"=""16956.17025""","=""[40763.884]""","=""2p6.3p""","=""2P*""","=""1/2""","=""2p6.14s""","=""2S""","=""1/2""",,"=""""","=""L9493""",
"=""420.216""","=""0.002""","=""420.21714""","=""0.00004""","=""""","=""2.18e+05""","=""1.44e-04""","=""-3.24""",B,"=""16973.36619""","=""[40763.884]""","=""2p6.3p""","=""2P*""","=""3/2""","=""2p6.14s""","=""2S""","=""1/2""",,"=""T7799""","=""L9493""",
"=""420.49""","=""0.02""","=""420.486""","=""0.012""","=""46""","=""1.0e+08""","=""4.4e-02""","=""-0.58""",D,"=""268513.9""","=""292289.2""","=""2p5.(2P*).3s.3p.(3P*)""","=""4P""","=""5/2""","=""2p5.3s.(3P*).3d""","=""4P*""","=""3/2""",,"=""T5209""","=""L6269""",
"=""421.309""","=""0.002""","=""421.30057""","=""0.00004""","=""""","=""""","=""""","=""""",,"=""16956.17025""","=""[40685.509]""","=""2p6.3p""","=""2P*""","=""1/2""","=""2p6.12d""","=""2D""","=""3/2""",,"=""""","=""L9493""",
"=""421.613""","=""0.002""","=""421.60610""","=""0.00004""","=""""","=""1.68e+05""","=""1.12e-04""","=""-3.35""",B,"=""16973.36619""","=""[40685.509]""","=""2p6.3p""","=""2P*""","=""3/2""","=""2p6.12d""","=""2D""","=""3/2""",,"=""T7799""","=""L9493""",
"=""421.613""","=""0.002""","=""421.60610""","=""0.00004""","=""""","=""1.51e+06""","=""1.01e-03""","=""-2.39""",B,"=""16973.36619""","=""[40685.509]""","=""2p6.3p""","=""2P*""","=""3/2""","=""2p6.12d""","=""2D""","=""5/2""",,"=""T7799""","=""L9493""",
"=""422.076""","=""0.002""","=""422.08966""","=""0.00004""","=""""","=""""","=""""","=""""",,"=""16956.17025""","=""[40641.148]""","=""2p6.3p""","=""2P*""","=""1/2""","=""2p6.13s""","=""2S""","=""1/2""",,"=""""","=""L9493""",
"=""422.381""","=""0.002""","=""422.39634""","=""0.00004""","=""""","=""2.80e+05""","=""1.87e-04""","=""-3.13""",B,"=""16973.36619""","=""[40641.148]""","=""2p6.3p""","=""2P*""","=""3/2""","=""2p6.13s""","=""2S""","=""1/2""",,"=""T7799""","=""L9493""",
"=""423.8987""","=""0.0008""","=""423.89828""","=""0.00004""","=""2""","=""""","=""""","=""""",,"=""16956.17025""","=""[40540.095]""","=""2p6.3p""","=""2P*""","=""1/2""","=""2p6.11d""","=""2D""","=""3/2""",,"=""""","=""L6096""",
"=""424.2082""","=""0.0008""","=""424.20759""","=""0.00004""","=""3*""","=""2.22e+05""","=""1.50e-04""","=""-3.22""",B,"=""16973.36619""","=""[40540.095]""","=""2p6.3p""","=""2P*""","=""3/2""","=""2p6.11d""","=""2D""","=""3/2""",,"=""T7799""","=""L6096""",
"=""424.2082""","=""0.0008""","=""424.20763""","=""0.00004""","=""3*""","=""1.99e+06""","=""1.34e-03""","=""-2.27""",B,"=""16973.36619""","=""[40540.093]""","=""2p6.3p""","=""2P*""","=""3/2""","=""2p6.11d""","=""2D""","=""5/2""",,"=""T7799""","=""L6096""",
"=""424.9410""","=""0.0008""","=""424.94081""","=""0.00004""","=""1""","=""""","=""""","=""""",,"=""16956.17025""","=""40482.236""","=""2p6.3p""","=""2P*""","=""1/2""","=""2p6.12s""","=""2S""","=""1/2""",,"=""""","=""L6096""",
"=""425.2520""","=""0.0008""","=""425.25165""","=""0.00004""","=""2""","=""3.68e+05""","=""2.50e-04""","=""-3.00""",B,"=""16973.36619""","=""40482.236""","=""2p6.3p""","=""2P*""","=""3/2""","=""2p6.12s""","=""2S""","=""1/2""",,"=""T7799""","=""L6096""",
"=""425.38""","=""0.02""","=""425.376""","=""0.013""","=""17""","=""3.e+07""","=""2.e-02""","=""-1""",D,"=""268897.4""","=""292399.4""","=""2p5.(2P*).3s.3p.(3P*)""","=""4P""","=""3/2""","=""2p5.3s.(3P*).3d""","=""4D*""","=""5/2""",,"=""T5209""","=""L6269""",
"=""427.3642""","=""0.0008""","=""427.36265""","=""0.00004""","=""4""","=""1.56e+06""","=""2.14e-03""","=""-2.368""",C,"=""16956.17025""","=""40348.918""","=""2p6.3p""","=""2P*""","=""1/2""","=""2p6.10d""","=""2D""","=""3/2""",,"=""c58,LS""","=""L6096""",
"=""427.39""","=""0.02""","=""427.380""","=""0.013""","=""23""","=""6.4e+07""","=""4.4e-02""","=""-0.75""",D,"=""268897.4""","=""292289.2""","=""2p5.(2P*).3s.3p.(3P*)""","=""4P""","=""3/2""","=""2p5.3s.(3P*).3d""","=""4P*""","=""3/2""",,"=""T5209""","=""L6269""",
"=""427.6787""","=""0.0008""","=""427.67704""","=""0.00004""","=""5*""","=""3.1e+05""","=""2.1e-04""","=""-3.07""",C,"=""16973.36619""","=""40348.918""","=""2p6.3p""","=""2P*""","=""3/2""","=""2p6.10d""","=""2D""","=""3/2""",,"=""c58,LS""","=""L6096""",
"=""427.6787""","=""0.0008""","=""427.67709""","=""0.00004""","=""5*""","=""2.81e+06""","=""1.93e-03""","=""-2.112""",C,"=""16973.36619""","=""40348.915""","=""2p6.3p""","=""2P*""","=""3/2""","=""2p6.10d""","=""2D""","=""5/2""",,"=""c58,LS""","=""L6096""",
"=""428.67""","=""0.02""","=""428.655""","=""0.013""","=""46""","=""5.6e+07""","=""3.9e-02""","=""-0.81""",D,"=""268897.4""","=""292219.6""","=""2p5.(2P*).3s.3p.(3P*)""","=""4P""","=""3/2""","=""2p5.3s.(3P*).3d""","=""4P*""","=""1/2""",,"=""T5209""","=""L6269""",
"=""428.7838""","=""0.0008""","=""428.78363""","=""0.00004""","=""2""","=""""","=""""","=""""",,"=""16956.17025""","=""40271.396""","=""2p6.3p""","=""2P*""","=""1/2""","=""2p6.11s""","=""2S""","=""1/2""",,"=""""","=""L6096""",
"=""429.1006""","=""0.0008""","=""429.10012""","=""0.00004""","=""3""","=""4.94e+05""","=""3.41e-04""","=""-2.87""",B,"=""16973.36619""","=""40271.396""","=""2p6.3p""","=""2P*""","=""3/2""","=""2p6.11s""","=""2S""","=""1/2""",,"=""T7799""","=""L6096""",
"=""432.1400""","=""0.0008""","=""432.1401""","=""0.0004""","=""6""","=""""","=""""","=""""",,"=""16956.17025""","=""40090.31""","=""2p6.3p""","=""2P*""","=""1/2""","=""2p6.9d""","=""2D""","=""3/2""",,"=""""","=""L6096""",
"=""432.4615""","=""0.0008""","=""432.4615""","=""0.0004""","=""7*""","=""4.56e+05""","=""3.20e-04""","=""-2.89""",B,"=""16973.36619""","=""40090.31""","=""2p6.3p""","=""2P*""","=""3/2""","=""2p6.9d""","=""2D""","=""3/2""",,"=""T7799""","=""L6096""",
"=""432.4615""","=""0.0008""","=""432.4615""","=""0.0004""","=""7*""","=""4.10e+06""","=""2.88e-03""","=""-1.94""",B,"=""16973.36619""","=""40090.31""","=""2p6.3p""","=""2P*""","=""3/2""","=""2p6.9d""","=""2D""","=""5/2""",,"=""T7799""","=""L6096""",
"=""432.63""","=""0.04""","=""432.700""","=""0.013""","=""""","=""""","=""""","=""""",,"=""263745.3""","=""286849.5""","=""2p5.(2P*).3s.3p.(3P*)""","=""4S""","=""3/2""","=""2p5.3s.(3P*).4s""","=""4P*""","=""3/2""",,"=""""","=""L10065""",
"=""434.1489""","=""0.0008""","=""434.1489""","=""0.0004""","=""4""","=""6.52e+05""","=""9.22e-04""","=""-2.734""",C+,"=""16956.17025""","=""39983.27""","=""2p6.3p""","=""2P*""","=""1/2""","=""2p6.10s""","=""2S""","=""1/2""",,"=""c30""","=""L6096""",
"=""434.4736""","=""0.0008""","=""434.4733""","=""0.0004""","=""5""","=""1.30e+06""","=""9.20e-04""","=""-2.434""",C+,"=""16973.36619""","=""39983.27""","=""2p6.3p""","=""2P*""","=""3/2""","=""2p6.10s""","=""2S""","=""1/2""",,"=""c30""","=""L6096""",
"=""439.0029""","=""0.0008""","=""439.0022""","=""0.0004""","=""8""","=""3.93e+06""","=""5.69e-03""","=""-1.944""",B+,"=""16956.17025""","=""39728.70""","=""2p6.3p""","=""2P*""","=""1/2""","=""2p6.8d""","=""2D""","=""3/2""",,"=""c30""","=""L6096""",
"=""439.3340""","=""0.0008""","=""439.3340""","=""0.0004""","=""9*""","=""7.02e+06""","=""5.09e-03""","=""-1.691""",B+,"=""16973.36619""","=""39728.70""","=""2p6.3p""","=""2P*""","=""3/2""","=""2p6.8d""","=""2D""","=""5/2""",,"=""c30""","=""L6096""",
"=""439.3340""","=""0.0008""","=""439.3340""","=""0.0004""","=""9*""","=""7.80e+05""","=""5.66e-04""","=""-2.645""",B,"=""16973.36619""","=""39728.70""","=""2p6.3p""","=""2P*""","=""3/2""","=""2p6.8d""","=""2D""","=""3/2""",,"=""c30""","=""L6096""",
"=""441.9885""","=""0.0008""","=""441.9883""","=""0.0004""","=""6""","=""5.64e+05""","=""8.25e-04""","=""-2.783""",C+,"=""16956.17025""","=""39574.85""","=""2p6.3p""","=""2P*""","=""1/2""","=""2p6.9s""","=""2S""","=""1/2""",,"=""c30""","=""L6096""",
"=""442.3246""","=""0.0008""","=""442.3246""","=""0.0004""","=""7""","=""1.12e+06""","=""8.24e-04""","=""-2.482""",C+,"=""16973.36619""","=""39574.85""","=""2p6.3p""","=""2P*""","=""3/2""","=""2p6.9s""","=""2S""","=""1/2""",,"=""c30""","=""L6096""",
"=""443.23""","=""0.02""","=""443.234""","=""0.014""","=""310""","=""8.4e+07""","=""6.2e-02""","=""-0.61""",D,"=""263745.3""","=""286300.4""","=""2p5.(2P*).3s.3p.(3P*)""","=""4S""","=""3/2""","=""2p5.3s.(3P*).4s""","=""4P*""","=""5/2""",,"=""T5209""","=""L6269""",
"=""449.4177""","=""0.0009""","=""449.4180""","=""0.0004""","=""10""","=""4.92e+06""","=""7.44e-03""","=""-1.827""",B+,"=""16956.17025""","=""39200.93""","=""2p6.3p""","=""2P*""","=""1/2""","=""2p6.7d""","=""2D""","=""3/2""",,"=""c30""","=""L6096""",
"=""449.7658""","=""0.0009""","=""449.7657""","=""0.0004""","=""11*""","=""8.76e+06""","=""6.67e-03""","=""-1.574""",B+,"=""16973.36619""","=""39200.93""","=""2p6.3p""","=""2P*""","=""3/2""","=""2p6.7d""","=""2D""","=""5/2""",,"=""c30""","=""L6096""",
"=""449.7658""","=""0.0009""","=""449.7657""","=""0.0004""","=""11*""","=""9.76e+05""","=""7.41e-04""","=""-2.528""",B,"=""16973.36619""","=""39200.93""","=""2p6.3p""","=""2P*""","=""3/2""","=""2p6.7d""","=""2D""","=""3/2""",,"=""c30""","=""L6096""",
"=""454.1633""","=""0.0009""","=""454.1633""","=""0.0004""","=""7""","=""7.52e+05""","=""1.16e-03""","=""-2.635""",B,"=""16956.17025""","=""38968.51""","=""2p6.3p""","=""2P*""","=""1/2""","=""2p6.8s""","=""2S""","=""1/2""",,"=""c30""","=""L6096""",
"=""454.5186""","=""0.0009""","=""454.5184""","=""0.0004""","=""8""","=""1.50e+06""","=""1.16e-03""","=""-2.333""",B,"=""16973.36619""","=""38968.51""","=""2p6.3p""","=""2P*""","=""3/2""","=""2p6.8s""","=""2S""","=""1/2""",,"=""c30""","=""L6096""",
"=""466.48107""","=""0.00005""","=""466.48107""","=""0.00004""","=""1""","=""8.32e+06""","=""1.36e-02""","=""-1.565""",B+,"=""16956.17025""","=""38387.268""","=""2p6.3p""","=""2P*""","=""1/2""","=""2p6.6d""","=""2D""","=""3/2""",,"=""c30""","=""L15039""",
"=""466.85595""","=""0.00005""","=""466.85567""","=""0.00004""","=""2*""","=""1.66e+06""","=""1.36e-03""","=""-2.264""",B+,"=""16973.36619""","=""38387.268""","=""2p6.3p""","=""2P*""","=""3/2""","=""2p6.6d""","=""2D""","=""3/2""",,"=""c30""","=""L15039""",
"=""466.85595""","=""0.00005""","=""466.85595""","=""0.00004""","=""2*""","=""1.49e+07""","=""1.22e-02""","=""-1.312""",A,"=""16973.36619""","=""38387.255""","=""2p6.3p""","=""2P*""","=""3/2""","=""2p6.6d""","=""2D""","=""5/2""",,"=""c30""","=""L15039""",
"=""474.79410""","=""0.00005""","=""474.79412""","=""0.00005""","=""1""","=""1.24e+06""","=""2.09e-03""","=""-2.379""",B,"=""16956.17025""","=""38012.042""","=""2p6.3p""","=""2P*""","=""1/2""","=""2p6.7s""","=""2S""","=""1/2""",,"=""c30""","=""L15039""",
"=""475.18218""","=""0.00005""","=""475.18219""","=""0.00005""","=""2""","=""2.46e+06""","=""2.09e-03""","=""-2.078""",B,"=""16973.36619""","=""38012.042""","=""2p6.3p""","=""2P*""","=""3/2""","=""2p6.7s""","=""2S""","=""1/2""",,"=""c30""","=""L15039""",
"=""497.53""","=""0.03""","=""497.559""","=""0.020""","=""""","=""""","=""""","=""""",,"=""267282.3""","=""287374.8""","=""2p5.(2P*).3s.3p.(3P*)""","=""4D""","=""3/2""","=""2p5.3s.(3P*).4s""","=""4P*""","=""1/2""",,"=""""","=""L10065""",
"=""497.85414""","=""0.00005""","=""497.85414""","=""0.00005""","=""1""","=""1.64e+07""","=""3.04e-02""","=""-1.216""",A,"=""16956.17025""","=""37036.772""","=""2p6.3p""","=""2P*""","=""1/2""","=""2p6.5d""","=""2D""","=""3/2""",,"=""c30""","=""L15039""",
"=""""","=""""","=""498.28084""","=""0.00005""","=""""","=""3.26e+06""","=""3.03e-03""","=""-1.916""",A,"=""16973.36619""","=""37036.772""","=""2p6.3p""","=""2P*""","=""3/2""","=""2p6.5d""","=""2D""","=""3/2""",,"=""c30""","=""""",
"=""498.28134""","=""0.00005""","=""498.28134""","=""0.00005""","=""2""","=""2.93e+07""","=""2.73e-02""","=""-0.962""",A,"=""16973.36619""","=""37036.752""","=""2p6.3p""","=""2P*""","=""3/2""","=""2p6.5d""","=""2D""","=""5/2""",,"=""c30""","=""L15039""",
"=""501.98""","=""0.02""","=""501.979""","=""0.015""","=""""","=""""","=""""","=""""",,"=""266933.9""","=""286849.5""","=""2p5.(2P*).3s.3p.(3P*)""","=""4D""","=""5/2""","=""2p5.3s.(3P*).4s""","=""4P*""","=""3/2""",,"=""""","=""L10065""",
"=""504.94""","=""0.02""","=""504.940""","=""0.018""","=""""","=""""","=""""","=""""",,"=""267576.0""","=""287374.8""","=""2p5.(2P*).3s.3p.(3P*)""","=""4D""","=""1/2""","=""2p5.3s.(3P*).4s""","=""4P*""","=""1/2""",,"=""""","=""L10065""",
"=""507.12""","=""0.02""","=""507.120""","=""0.015""","=""270""","=""2.5e+08""","=""1.2e-01""","=""-0.02""",D,"=""266586.7""","=""286300.4""","=""2p5.(2P*).3s.3p.(3P*)""","=""4D""","=""7/2""","=""2p5.3s.(3P*).4s""","=""4P*""","=""5/2""",,"=""T5209""","=""L6269""",
"=""510.96""","=""0.02""","=""510.917""","=""0.013""","=""""","=""""","=""""","=""""",,"=""267282.3""","=""286849.5""","=""2p5.(2P*).3s.3p.(3P*)""","=""4D""","=""3/2""","=""2p5.3s.(3P*).4s""","=""4P*""","=""3/2""",,"=""""","=""L10065""",
"=""514.88381""","=""0.00005""","=""514.88383""","=""0.00005""","=""1""","=""2.28e+06""","=""4.52e-03""","=""-2.044""",B+,"=""16956.17025""","=""36372.618""","=""2p6.3p""","=""2P*""","=""1/2""","=""2p6.6s""","=""2S""","=""1/2""",,"=""c30""","=""L15039""",
"=""515.34024""","=""0.00005""","=""515.34024""","=""0.00005""","=""2""","=""4.54e+06""","=""4.52e-03""","=""-1.743""",B+,"=""16973.36619""","=""36372.618""","=""2p6.3p""","=""2P*""","=""3/2""","=""2p6.6s""","=""2S""","=""1/2""",,"=""c30""","=""L15039""",
"=""516.25""","=""0.02""","=""516.212""","=""0.013""","=""83""","=""9.0e+07""","=""6.0e-02""","=""-0.44""",D,"=""266933.9""","=""286300.4""","=""2p5.(2P*).3s.3p.(3P*)""","=""4D""","=""5/2""","=""2p5.3s.(3P*).4s""","=""4P*""","=""5/2""",,"=""T5209""","=""L6269""",
"=""525.64""","=""0.02""","=""525.669""","=""0.014""","=""7""","=""1.e+07""","=""1.e-02""","=""-1""",D,"=""267282.3""","=""286300.4""","=""2p5.(2P*).3s.3p.(3P*)""","=""4D""","=""3/2""","=""2p5.3s.(3P*).4s""","=""4P*""","=""5/2""",,"=""T5209""","=""L6269""",
"=""541.10""","=""0.04""","=""541.051""","=""0.023""","=""""","=""""","=""""","=""""",,"=""268897.4""","=""287374.8""","=""2p5.(2P*).3s.3p.(3P*)""","=""4P""","=""3/2""","=""2p5.3s.(3P*).4s""","=""4P*""","=""1/2""",,"=""""","=""L10065""",
"=""545.19""","=""0.02""","=""545.236""","=""0.015""","=""""","=""""","=""""","=""""",,"=""268513.9""","=""286849.5""","=""2p5.(2P*).3s.3p.(3P*)""","=""4P""","=""5/2""","=""2p5.3s.(3P*).4s""","=""4P*""","=""3/2""",,"=""""","=""L10065""",
"=""546.64""","=""0.05""","=""546.65""","=""0.03""","=""""","=""""","=""""","=""""",,"=""269086.5""","=""287374.8""","=""2p5.(2P*).3s.3p.(3P*)""","=""4P""","=""1/2""","=""2p5.3s.(3P*).4s""","=""4P*""","=""1/2""",,"=""""","=""L10065""",
"=""556.99""","=""0.09""","=""556.883""","=""0.019""","=""""","=""""","=""""","=""""",,"=""268897.4""","=""286849.5""","=""2p5.(2P*).3s.3p.(3P*)""","=""4P""","=""3/2""","=""2p5.3s.(3P*).4s""","=""4P*""","=""3/2""",,"=""""","=""L10065""",
"=""562.10""","=""0.02""","=""562.068""","=""0.016""","=""42""","=""8.4e+07""","=""6.6e-02""","=""-0.40""",D,"=""268513.9""","=""286300.4""","=""2p5.(2P*).3s.3p.(3P*)""","=""4P""","=""5/2""","=""2p5.3s.(3P*).4s""","=""4P*""","=""5/2""",,"=""T5209""","=""L6269""",
"=""562.85""","=""0.05""","=""562.81""","=""0.04""","=""""","=""""","=""""","=""""",,"=""269086.5""","=""286849.5""","=""2p5.(2P*).3s.3p.(3P*)""","=""4P""","=""1/2""","=""2p5.3s.(3P*).4s""","=""4P*""","=""3/2""",,"=""""","=""L10065""",
"=""568.26333""","=""0.00005""","=""568.26333""","=""0.00006""","=""5""","=""4.04e+07""","=""9.83e-02""","=""-0.706""",A,"=""16956.17025""","=""34548.764""","=""2p6.3p""","=""2P*""","=""1/2""","=""2p6.4d""","=""2D""","=""3/2""",,"=""c30""","=""L15039""",
"=""568.81934""","=""0.00005""","=""568.81933""","=""0.00006""","=""1""","=""8.08e+06""","=""9.82e-03""","=""-1.406""",A,"=""16973.36619""","=""34548.764""","=""2p6.3p""","=""2P*""","=""3/2""","=""2p6.4d""","=""2D""","=""3/2""",,"=""c30""","=""L15039""",
"=""568.82046""","=""0.00005""","=""568.82047""","=""0.00006""","=""9""","=""7.26e+07""","=""8.83e-02""","=""-0.452""",A,"=""16973.36619""","=""34548.729""","=""2p6.3p""","=""2P*""","=""3/2""","=""2p6.4d""","=""2D""","=""5/2""",,"=""c30""","=""L15039""",
"=""574.42""","=""0.02""","=""574.454""","=""0.017""","=""12""","=""2.e+07""","=""3.e-02""","=""-0.9""",D,"=""268897.4""","=""286300.4""","=""2p5.(2P*).3s.3p.(3P*)""","=""4P""","=""3/2""","=""2p5.3s.(3P*).4s""","=""4P*""","=""5/2""",,"=""T5209""","=""L6269""",
"=""588.995095""","=""0.000003""","=""588.995094""","=""0.000003""","=""80000""","=""2.46e+08""","=""6.41e-01""","=""0.108""",AA,"=""0.00000""","=""16973.36619""","=""2p6.3s""","=""2S""","=""1/2""","=""2p6.3p""","=""2P*""","=""3/2""",,"=""T6617,T6568,T6567""","=""L5918""",
"=""589.592424""","=""0.000003""","=""589.592424""","=""0.000003""","=""40000""","=""1.23e+08""","=""3.20e-01""","=""-0.194""",AA,"=""0.00000""","=""16956.17025""","=""2p6.3s""","=""2S""","=""1/2""","=""2p6.3p""","=""2P*""","=""1/2""",,"=""T6617,T6567""","=""L5918""",
"=""615.42253""","=""0.00005""","=""615.42255""","=""0.00008""","=""1""","=""5.00e+06""","=""1.42e-02""","=""-1.547""",A,"=""16956.17025""","=""33200.673""","=""2p6.3p""","=""2P*""","=""1/2""","=""2p6.5s""","=""2S""","=""1/2""",,"=""c30""","=""L15039""",
"=""616.07470""","=""0.00005""","=""616.07471""","=""0.00008""","=""2""","=""9.96e+06""","=""1.42e-02""","=""-1.246""",A,"=""16973.36619""","=""33200.673""","=""2p6.3p""","=""2P*""","=""3/2""","=""2p6.5s""","=""2S""","=""1/2""",,"=""c30""","=""L15039""",
"=""""","=""""","=""663.19524""","=""0.00016""","=""""","=""2.5e+04""","=""8.3e-05""","=""-3.78""",C',"=""25739.999""","=""[40814.352]""","=""2p6.4s""","=""2S""","=""1/2""","=""2p6.14p""","=""2P*""","=""3/2""",,"=""T817""","=""""",
"=""""","=""""","=""663.19872""","=""0.00016""","=""""","=""1.3e+04""","=""4.2e-05""","=""-4.08""",C',"=""25739.999""","=""[40814.273]""","=""2p6.4s""","=""2S""","=""1/2""","=""2p6.14p""","=""2P*""","=""1/2""",,"=""T817""","=""""",
"=""""","=""""","=""668.02155""","=""0.00016""","=""""","=""3.4e+04""","=""1.1e-04""","=""-3.64""",C',"=""25739.999""","=""[40705.444]""","=""2p6.4s""","=""2S""","=""1/2""","=""2p6.13p""","=""2P*""","=""3/2""",,"=""T817""","=""""",
"=""""","=""""","=""668.02601""","=""0.00016""","=""""","=""1.7e+04""","=""5.7e-05""","=""-3.94""",C',"=""25739.999""","=""[40705.344]""","=""2p6.4s""","=""2S""","=""1/2""","=""2p6.13p""","=""2P*""","=""1/2""",,"=""T817""","=""""",
"=""""","=""""","=""674.30854""","=""0.00016""","=""""","=""4.44e+04""","=""1.51e-04""","=""-3.519""",C',"=""25739.999""","=""[40565.913]""","=""2p6.4s""","=""2S""","=""1/2""","=""2p6.12p""","=""2P*""","=""3/2""",,"=""T817""","=""""",
"=""""","=""""","=""674.31445""","=""0.00016""","=""""","=""2.22e+04""","=""7.57e-05""","=""-3.820""",C',"=""25739.999""","=""[40565.783]""","=""2p6.4s""","=""2S""","=""1/2""","=""2p6.12p""","=""2P*""","=""1/2""",,"=""T817""","=""""",
"=""""","=""""","=""682.72719""","=""0.00017""","=""""","=""6.12e+04""","=""2.14e-04""","=""-3.369""",C',"=""25739.999""","=""40383.097""","=""2p6.4s""","=""2S""","=""1/2""","=""2p6.11p""","=""2P*""","=""3/2""",,"=""T817""","=""""",
"=""""","=""""","=""682.73521""","=""0.00017""","=""""","=""3.06e+04""","=""1.07e-04""","=""-3.670""",C',"=""25739.999""","=""40382.925""","=""2p6.4s""","=""2S""","=""1/2""","=""2p6.11p""","=""2P*""","=""1/2""",,"=""T817""","=""""",
"=""""","=""""","=""694.39549""","=""0.00017""","=""""","=""8.92e+04""","=""3.23e-04""","=""-3.190""",C',"=""25739.999""","=""40137.043""","=""2p6.4s""","=""2S""","=""1/2""","=""2p6.10p""","=""2P*""","=""3/2""",,"=""T817""","=""""",
"=""""","=""""","=""694.40672""","=""0.00017""","=""""","=""4.46e+04""","=""1.61e-04""","=""-3.491""",C',"=""25739.999""","=""40136.810""","=""2p6.4s""","=""2S""","=""1/2""","=""2p6.10p""","=""2P*""","=""1/2""",,"=""T817""","=""""",
"=""""","=""""","=""711.30404""","=""0.00018""","=""""","=""1.77e+05""","=""6.72e-04""","=""-2.872""",C+,"=""25739.999""","=""[39794.810]""","=""2p6.4s""","=""2S""","=""1/2""","=""2p6.9p""","=""2P*""","=""3/2""",,"=""c30""","=""""",
"=""""","=""""","=""711.32080""","=""0.00018""","=""""","=""8.64e+04""","=""3.28e-04""","=""-3.183""",C+,"=""25739.999""","=""[39794.479]""","=""2p6.4s""","=""2S""","=""1/2""","=""2p6.9p""","=""2P*""","=""1/2""",,"=""c30""","=""""",
"=""737.323""","=""0.002""","=""737.3231""","=""0.0011""","=""2""","=""2.17e+05""","=""8.83e-04""","=""-2.753""",B,"=""25739.999""","=""39298.84""","=""2p6.4s""","=""2S""","=""1/2""","=""2p6.8p""","=""2P*""","=""3/2""",,"=""c30""","=""L6096""",
"=""737.349""","=""0.002""","=""737.3497""","=""0.0011""","=""1""","=""1.06e+05""","=""4.32e-04""","=""-3.063""",B,"=""25739.999""","=""39298.35""","=""2p6.4s""","=""2S""","=""1/2""","=""2p6.8p""","=""2P*""","=""1/2""",,"=""c30""","=""L6096""",
"=""""","=""""","=""750.7464""","=""0.0011""","=""""","=""3.57e+01""","=""1.51e-07""","=""-6.52""",A,"=""16956.17025""","=""30272.58""","=""2p6.3p""","=""2P*""","=""1/2""","=""2p6.4p""","=""2P*""","=""3/2""",E2,"=""c27""","=""""",
"=""""","=""""","=""750.7464""","=""0.0011""","=""""","=""2.50e-05""","=""1.06e-13""","=""-12.67""",D+,"=""16956.17025""","=""30272.58""","=""2p6.3p""","=""2P*""","=""1/2""","=""2p6.4p""","=""2P*""","=""3/2""",M1,"=""c27""","=""""",
"=""""","=""""","=""751.0617""","=""0.0011""","=""""","=""2.30e-06""","=""9.73e-15""","=""-13.71""",D,"=""16956.17025""","=""30266.99""","=""2p6.3p""","=""2P*""","=""1/2""","=""2p6.4p""","=""2P*""","=""1/2""",M1,"=""c27""","=""""",
"=""""","=""""","=""751.7172""","=""0.0011""","=""""","=""3.55e+01""","=""7.53e-08""","=""-6.52""",A,"=""16973.36619""","=""30272.58""","=""2p6.3p""","=""2P*""","=""3/2""","=""2p6.4p""","=""2P*""","=""3/2""",E2,"=""c27""","=""""",
"=""""","=""""","=""751.7172""","=""0.0011""","=""""","=""1.71e-04""","=""3.63e-13""","=""-11.84""",C,"=""16973.36619""","=""30272.58""","=""2p6.3p""","=""2P*""","=""3/2""","=""2p6.4p""","=""2P*""","=""3/2""",M1,"=""c27""","=""""",
"=""""","=""""","=""752.0333""","=""0.0011""","=""""","=""3.56e+01""","=""7.55e-08""","=""-6.52""",A,"=""16973.36619""","=""30266.99""","=""2p6.3p""","=""2P*""","=""3/2""","=""2p6.4p""","=""2P*""","=""1/2""",E2,"=""c27""","=""""",
"=""""","=""""","=""752.0333""","=""0.0011""","=""""","=""1.77e-05""","=""3.75e-14""","=""-12.82""",D+,"=""16973.36619""","=""30266.99""","=""2p6.3p""","=""2P*""","=""3/2""","=""2p6.4p""","=""2P*""","=""1/2""",M1,"=""c27""","=""""",
"=""780.978""","=""0.002""","=""780.9783""","=""0.0012""","=""4""","=""3.96e+05""","=""1.81e-03""","=""-2.441""",B,"=""25739.999""","=""38540.93""","=""2p6.4s""","=""2S""","=""1/2""","=""2p6.7p""","=""2P*""","=""3/2""",,"=""c30""","=""L6096""",
"=""781.024""","=""0.002""","=""781.0241""","=""0.0012""","=""3""","=""1.94e+05""","=""8.89e-04""","=""-2.750""",B,"=""25739.999""","=""38540.18""","=""2p6.4s""","=""2S""","=""1/2""","=""2p6.7p""","=""2P*""","=""1/2""",,"=""c30""","=""L6096""",
"=""818.32556""","=""0.00005""","=""818.32556""","=""0.00013""","=""5""","=""1.72e+08""","=""8.62e-01""","=""0.237""",A+,"=""16956.17025""","=""29172.887""","=""2p6.3p""","=""2P*""","=""1/2""","=""2p6.3d""","=""2D""","=""3/2""",,"=""c30""","=""L15039""",
"=""819.47905""","=""0.00005""","=""819.47904""","=""0.00013""","=""1""","=""3.43e+07""","=""8.63e-02""","=""-0.462""",A,"=""16973.36619""","=""29172.887""","=""2p6.3p""","=""2P*""","=""3/2""","=""2p6.3d""","=""2D""","=""3/2""",,"=""c30""","=""L15039""",
"=""819.48237""","=""0.00005""","=""819.48240""","=""0.00013""","=""9""","=""3.08e+08""","=""7.77e-01""","=""0.492""",A+,"=""16973.36619""","=""29172.837""","=""2p6.3p""","=""2P*""","=""3/2""","=""2p6.3d""","=""2D""","=""5/2""",,"=""c30""","=""L15039""",
"=""864.992""","=""0.002""","=""864.9931""","=""0.0015""","=""7""","=""9.00e+05""","=""5.04e-03""","=""-1.997""",B+,"=""25739.999""","=""37297.61""","=""2p6.4s""","=""2S""","=""1/2""","=""2p6.6p""","=""2P*""","=""3/2""",,"=""c30""","=""L6096""",
"=""865.089""","=""0.002""","=""865.0897""","=""0.0015""","=""6""","=""4.42e+05""","=""2.48e-03""","=""-2.305""",B+,"=""25739.999""","=""37296.32""","=""2p6.4s""","=""2S""","=""1/2""","=""2p6.6p""","=""2P*""","=""1/2""",,"=""c30""","=""L6096""",
"=""""","=""""","=""879.30809""","=""0.00022""","=""""","=""9.78e+04""","=""1.89e-04""","=""-2.945""",C',"=""29172.837""","=""[40542.293]""","=""2p6.3d""","=""2D""","=""5/2""","=""2p6.11f""","=""2F*""","=""5/2""",,"=""T817""","=""""",
"=""""","=""""","=""879.30809""","=""0.00022""","=""""","=""1.96e+06""","=""3.79e-03""","=""-1.643""",C',"=""29172.837""","=""[40542.293]""","=""2p6.3d""","=""2D""","=""5/2""","=""2p6.11f""","=""2F*""","=""7/2""",,"=""T817""","=""""",
"=""""","=""""","=""879.31196""","=""0.00022""","=""""","=""1.37e+06""","=""3.98e-03""","=""-1.798""",C',"=""29172.887""","=""[40542.293]""","=""2p6.3d""","=""2D""","=""3/2""","=""2p6.11f""","=""2F*""","=""5/2""",,"=""T817""","=""""",
"=""894.296""","=""0.002""","=""894.29495""","=""0.00023""","=""2*""","=""2.97e+06""","=""5.93e-03""","=""-1.448""",C',"=""29172.837""","=""[40351.761]""","=""2p6.3d""","=""2D""","=""5/2""","=""2p6.10f""","=""2F*""","=""7/2""",,"=""T817""","=""L6096""",
"=""894.296""","=""0.002""","=""894.29495""","=""0.00023""","=""2*""","=""1.48e+05""","=""2.96e-04""","=""-2.750""",C',"=""29172.837""","=""[40351.761]""","=""2p6.3d""","=""2D""","=""5/2""","=""2p6.10f""","=""2F*""","=""5/2""",,"=""T817""","=""L6096""",
"=""""","=""""","=""894.29895""","=""0.00023""","=""""","=""2.08e+06""","=""6.23e-03""","=""-1.604""",C',"=""29172.887""","=""[40351.761]""","=""2p6.3d""","=""2D""","=""3/2""","=""2p6.10f""","=""2F*""","=""5/2""",,"=""T817""","=""""",
"=""915.388""","=""0.002""","=""915.3862""","=""0.0017""","=""4*""","=""4.2e+06""","=""8.9e-03""","=""-1.27""",C',"=""29172.837""","=""40094.19""","=""2p6.3d""","=""2D""","=""5/2""","=""2p6.9f""","=""2F*""","=""7/2""",,"=""T817""","=""L6096""",
"=""915.388""","=""0.002""","=""915.3862""","=""0.0017""","=""4*""","=""2.1e+05""","=""4.4e-04""","=""-2.58""",C',"=""29172.837""","=""40094.19""","=""2p6.3d""","=""2D""","=""5/2""","=""2p6.9f""","=""2F*""","=""5/2""",,"=""T817""","=""L6096""",
"=""""","=""""","=""915.3904""","=""0.0017""","=""""","=""2.9e+06""","=""9.2e-03""","=""-1.43""",C',"=""29172.887""","=""40094.19""","=""2p6.3d""","=""2D""","=""3/2""","=""2p6.9f""","=""2F*""","=""5/2""",,"=""T817""","=""""",
"=""""","=""""","=""941.1865""","=""0.0003""","=""""","=""7.76e+02""","=""1.72e-06""","=""-4.986""",D+,"=""29172.837""","=""[39794.810]""","=""2p6.3d""","=""2D""","=""5/2""","=""2p6.9p""","=""2P*""","=""3/2""",,"=""c30""","=""""",
"=""""","=""""","=""941.1909""","=""0.0003""","=""""","=""8.60e+01""","=""2.86e-07""","=""-5.942""",D,"=""29172.887""","=""[39794.810]""","=""2p6.3d""","=""2D""","=""3/2""","=""2p6.9p""","=""2P*""","=""3/2""",,"=""c30""","=""""",
"=""""","=""""","=""941.2202""","=""0.0003""","=""""","=""4.96e+02""","=""1.65e-06""","=""-5.180""",D+,"=""29172.887""","=""[39794.479]""","=""2p6.3d""","=""2D""","=""3/2""","=""2p6.9p""","=""2P*""","=""1/2""",,"=""c30""","=""""",
"=""946.594""","=""0.002""","=""946.5914""","=""0.0018""","=""6*""","=""7.66e+06""","=""1.71e-02""","=""-0.989""",B+,"=""29172.837""","=""39734.16""","=""2p6.3d""","=""2D""","=""5/2""","=""2p6.8f""","=""2F*""","=""7/2""",,"=""c30""","=""L6096""",
"=""946.594""","=""0.002""","=""946.5914""","=""0.0018""","=""6*""","=""3.83e+05""","=""8.57e-04""","=""-2.289""",B+,"=""29172.837""","=""39734.16""","=""2p6.3d""","=""2D""","=""5/2""","=""2p6.8f""","=""2F*""","=""5/2""",,"=""c30""","=""L6096""",
"=""""","=""""","=""946.5959""","=""0.0018""","=""""","=""5.36e+06""","=""1.80e-02""","=""-1.143""",B+,"=""29172.887""","=""39734.16""","=""2p6.3d""","=""2D""","=""3/2""","=""2p6.8f""","=""2F*""","=""5/2""",,"=""c30""","=""""",
"=""""","=""""","=""949.2581""","=""0.0018""","=""""","=""3.3e+05""","=""2.2e-03""","=""-2.35""",C,"=""30266.99""","=""[40798.644]""","=""2p6.4p""","=""2P*""","=""1/2""","=""2p6.13d""","=""2D""","=""3/2""",,"=""c58,LS""","=""""",
"=""""","=""""","=""949.7622""","=""0.0018""","=""""","=""6.64e+04""","=""2.25e-04""","=""-3.047""",C,"=""30272.58""","=""[40798.644]""","=""2p6.4p""","=""2P*""","=""3/2""","=""2p6.13d""","=""2D""","=""3/2""",,"=""c58,LS""","=""""",
"=""""","=""""","=""949.7624""","=""0.0018""","=""""","=""6.00e+05""","=""2.03e-03""","=""-2.091""",C,"=""30272.58""","=""[40798.642]""","=""2p6.4p""","=""2P*""","=""3/2""","=""2p6.13d""","=""2D""","=""5/2""",,"=""c58,LS""","=""""",
"=""""","=""""","=""952.4015""","=""0.0018""","=""""","=""5.70e+04""","=""3.88e-04""","=""-3.110""",C,"=""30266.99""","=""[40763.884]""","=""2p6.4p""","=""2P*""","=""1/2""","=""2p6.14s""","=""2S""","=""1/2""",,"=""c58,LS""","=""""",
"=""""","=""""","=""952.9090""","=""0.0018""","=""""","=""1.1e+05""","=""3.9e-04""","=""-2.81""",C,"=""30272.58""","=""[40763.884]""","=""2p6.4p""","=""2P*""","=""3/2""","=""2p6.14s""","=""2S""","=""1/2""",,"=""c58,LS""","=""""",
"=""""","=""""","=""959.5661""","=""0.0019""","=""""","=""4.28e+05""","=""2.96e-03""","=""-2.228""",C,"=""30266.99""","=""[40685.509]""","=""2p6.4p""","=""2P*""","=""1/2""","=""2p6.12d""","=""2D""","=""3/2""",,"=""c58,LS""","=""""",
"=""""","=""""","=""960.0813""","=""0.0019""","=""""","=""7.68e+05""","=""2.65e-03""","=""-1.974""",C,"=""30272.58""","=""[40685.509]""","=""2p6.4p""","=""2P*""","=""3/2""","=""2p6.12d""","=""2D""","=""5/2""",,"=""c58,LS""","=""""",
"=""""","=""""","=""960.0813""","=""0.0019""","=""""","=""8.56e+04""","=""2.96e-04""","=""-2.927""",C,"=""30272.58""","=""[40685.509]""","=""2p6.4p""","=""2P*""","=""3/2""","=""2p6.12d""","=""2D""","=""3/2""",,"=""c58,LS""","=""""",
"=""""","=""""","=""963.6693""","=""0.0019""","=""""","=""6.66e+04""","=""4.64e-04""","=""-3.033""",C,"=""30266.99""","=""[40641.148]""","=""2p6.4p""","=""2P*""","=""1/2""","=""2p6.13s""","=""2S""","=""1/2""",,"=""c58,LS""","=""""",
"=""""","=""""","=""964.1889""","=""0.0019""","=""""","=""1.3e+05""","=""4.6e-04""","=""-2.74""",C,"=""30272.58""","=""[40641.148]""","=""2p6.4p""","=""2P*""","=""3/2""","=""2p6.13s""","=""2S""","=""1/2""",,"=""c58,LS""","=""""",
"=""""","=""""","=""973.1487""","=""0.0019""","=""""","=""5.64e+05""","=""4.01e-03""","=""-2.096""",C,"=""30266.99""","=""[40540.095]""","=""2p6.4p""","=""2P*""","=""1/2""","=""2p6.11d""","=""2D""","=""3/2""",,"=""c58,LS""","=""""",
"=""""","=""""","=""973.6785""","=""0.0019""","=""""","=""1.12e+05""","=""4.00e-04""","=""-2.796""",C,"=""30272.58""","=""[40540.095]""","=""2p6.4p""","=""2P*""","=""3/2""","=""2p6.11d""","=""2D""","=""3/2""",,"=""c58,LS""","=""""",
"=""""","=""""","=""973.6787""","=""0.0019""","=""""","=""1.01e+06""","=""3.61e-03""","=""-1.841""",C,"=""30272.58""","=""[40540.093]""","=""2p6.4p""","=""2P*""","=""3/2""","=""2p6.11d""","=""2D""","=""5/2""",,"=""c58,LS""","=""""",
"=""""","=""""","=""978.6606""","=""0.0019""","=""""","=""8.04e+04""","=""5.78e-04""","=""-2.937""",C,"=""30266.99""","=""40482.236""","=""2p6.4p""","=""2P*""","=""1/2""","=""2p6.12s""","=""2S""","=""1/2""",,"=""c58,LS""","=""""",
"=""""","=""""","=""979.1964""","=""0.0019""","=""""","=""1.6e+05""","=""5.8e-04""","=""-2.64""",C,"=""30272.58""","=""40482.236""","=""2p6.4p""","=""2P*""","=""3/2""","=""2p6.12s""","=""2S""","=""1/2""",,"=""c58,LS""","=""""",
"=""""","=""""","=""987.2858""","=""0.0020""","=""""","=""1.12e+03""","=""2.74e-06""","=""-4.784""",C,"=""29172.837""","=""39298.84""","=""2p6.3d""","=""2D""","=""5/2""","=""2p6.8p""","=""2P*""","=""3/2""",,"=""c30""","=""""",
"=""""","=""""","=""987.2907""","=""0.0020""","=""""","=""1.25e+02""","=""4.57e-07""","=""-5.738""",D+,"=""29172.887""","=""39298.84""","=""2p6.3d""","=""2D""","=""3/2""","=""2p6.8p""","=""2P*""","=""3/2""",,"=""c30""","=""""",
"=""""","=""""","=""987.3384""","=""0.0020""","=""""","=""7.08e+02""","=""2.59e-06""","=""-4.985""",C,"=""29172.887""","=""39298.35""","=""2p6.3d""","=""2D""","=""3/2""","=""2p6.8p""","=""2P*""","=""1/2""",,"=""c30""","=""""",
"=""""","=""""","=""991.6019""","=""0.0020""","=""""","=""7.68e+05""","=""5.66e-03""","=""-1.946""",C,"=""30266.99""","=""40348.918""","=""2p6.4p""","=""2P*""","=""1/2""","=""2p6.10d""","=""2D""","=""3/2""",,"=""c58,LS""","=""""",
"=""""","=""""","=""992.1520""","=""0.0020""","=""""","=""1.53e+05""","=""5.66e-04""","=""-2.645""",C,"=""30272.58""","=""40348.918""","=""2p6.4p""","=""2P*""","=""3/2""","=""2p6.10d""","=""2D""","=""3/2""",,"=""c58,LS""","=""""",
"=""""","=""""","=""992.1523""","=""0.0020""","=""""","=""1.38e+06""","=""5.09e-03""","=""-1.691""",C,"=""30272.58""","=""40348.915""","=""2p6.4p""","=""2P*""","=""3/2""","=""2p6.10d""","=""2D""","=""5/2""",,"=""c58,LS""","=""""",
"=""996.128""","=""0.003""","=""996.1256""","=""0.0020""","=""7*""","=""1.02e+07""","=""2.52e-02""","=""-0.820""",A,"=""29172.837""","=""39208.98""","=""2p6.3d""","=""2D""","=""5/2""","=""2p6.7f""","=""2F*""","=""7/2""",,"=""c30""","=""L6096""",
"=""996.128""","=""0.003""","=""996.1256""","=""0.0020""","=""7*""","=""5.07e+05""","=""1.26e-03""","=""-2.121""",B+,"=""29172.837""","=""39208.98""","=""2p6.3d""","=""2D""","=""5/2""","=""2p6.7f""","=""2F*""","=""5/2""",,"=""c30""","=""L6096""",
"=""""","=""""","=""996.1306""","=""0.0020""","=""""","=""7.08e+06""","=""2.64e-02""","=""-0.976""",B+,"=""29172.887""","=""39208.98""","=""2p6.3d""","=""2D""","=""3/2""","=""2p6.7f""","=""2F*""","=""5/2""",,"=""c30""","=""""",
"=""""","=""""","=""999.2856""","=""0.0020""","=""""","=""1.1e+05""","=""8.4e-04""","=""-2.78""",C,"=""30266.99""","=""40271.396""","=""2p6.4p""","=""2P*""","=""1/2""","=""2p6.11s""","=""2S""","=""1/2""",,"=""c58,LS""","=""""",
"=""""","=""""","=""999.8443""","=""0.0020""","=""""","=""2.22e+05""","=""8.32e-04""","=""-2.478""",C,"=""30272.58""","=""40271.396""","=""2p6.4p""","=""2P*""","=""3/2""","=""2p6.11s""","=""2S""","=""1/2""",,"=""c58,LS""","=""""",
"=""""","=""""","=""1017.707""","=""0.003""","=""""","=""1.08e+06""","=""8.39e-03""","=""-1.775""",C,"=""30266.99""","=""40090.31""","=""2p6.4p""","=""2P*""","=""1/2""","=""2p6.9d""","=""2D""","=""3/2""",,"=""c58,LS""","=""""",
"=""""","=""""","=""1018.286""","=""0.003""","=""""","=""1.94e+06""","=""7.54e-03""","=""-1.521""",C,"=""30272.58""","=""40090.31""","=""2p6.4p""","=""2P*""","=""3/2""","=""2p6.9d""","=""2D""","=""5/2""",,"=""c58,LS""","=""""",
"=""""","=""""","=""1018.286""","=""0.003""","=""""","=""2.2e+05""","=""8.4e-04""","=""-2.47""",C,"=""30272.58""","=""40090.31""","=""2p6.4p""","=""2P*""","=""3/2""","=""2p6.9d""","=""2D""","=""3/2""",,"=""c58,LS""","=""""",
"=""""","=""""","=""1028.918""","=""0.003""","=""""","=""2.84e+05""","=""2.26e-03""","=""-2.345""",B,"=""30266.99""","=""39983.27""","=""2p6.4p""","=""2P*""","=""1/2""","=""2p6.10s""","=""2S""","=""1/2""",,"=""c30""","=""""",
"=""""","=""""","=""1029.511""","=""0.003""","=""""","=""5.66e+05""","=""2.25e-03""","=""-2.046""",B,"=""30272.58""","=""39983.27""","=""2p6.4p""","=""2P*""","=""3/2""","=""2p6.10s""","=""2S""","=""1/2""",,"=""c30""","=""""",
"=""1056.600""","=""0.003""","=""1056.602""","=""0.003""","=""1""","=""1.98e+06""","=""1.66e-02""","=""-1.479""",B+,"=""30266.99""","=""39728.70""","=""2p6.4p""","=""2P*""","=""1/2""","=""2p6.8d""","=""2D""","=""3/2""",,"=""c30""","=""L6096""",
"=""1057.228""","=""0.003""","=""1057.227""","=""0.003""","=""3*""","=""3.55e+06""","=""1.49e-02""","=""-1.225""",B+,"=""30272.58""","=""39728.70""","=""2p6.4p""","=""2P*""","=""3/2""","=""2p6.8d""","=""2D""","=""5/2""",,"=""c30""","=""L6096""",
"=""1057.228""","=""0.003""","=""1057.227""","=""0.003""","=""3*""","=""3.95e+05""","=""1.66e-03""","=""-2.178""",B+,"=""30272.58""","=""39728.70""","=""2p6.4p""","=""2P*""","=""3/2""","=""2p6.8d""","=""2D""","=""3/2""",,"=""c30""","=""L6096""",
"=""""","=""""","=""1067.1607""","=""0.0023""","=""""","=""2.42e+03""","=""6.88e-06""","=""-4.384""",C,"=""29172.837""","=""38540.93""","=""2p6.3d""","=""2D""","=""5/2""","=""2p6.7p""","=""2P*""","=""3/2""",,"=""c30""","=""""",
"=""""","=""""","=""1067.1664""","=""0.0023""","=""""","=""2.69e+02""","=""1.15e-06""","=""-5.337""",C,"=""29172.887""","=""38540.93""","=""2p6.3d""","=""2D""","=""3/2""","=""2p6.7p""","=""2P*""","=""3/2""",,"=""c30""","=""""",
"=""""","=""""","=""1067.2519""","=""0.0023""","=""""","=""1.50e+03""","=""6.39e-06""","=""-4.592""",C,"=""29172.887""","=""38540.18""","=""2p6.3d""","=""2D""","=""3/2""","=""2p6.7p""","=""2P*""","=""1/2""",,"=""c30""","=""""",
"=""""","=""""","=""1074.067""","=""0.003""","=""""","=""2.58e+05""","=""2.23e-03""","=""-2.351""",B,"=""30266.99""","=""39574.85""","=""2p6.4p""","=""2P*""","=""1/2""","=""2p6.9s""","=""2S""","=""1/2""",,"=""c30""","=""""",
"=""1074.644""","=""0.003""","=""1074.6449""","=""0.0023""","=""10""","=""2.93e+06""","=""2.54e-02""","=""-1.294""",A,"=""25739.999""","=""35042.85""","=""2p6.4s""","=""2S""","=""1/2""","=""2p6.5p""","=""2P*""","=""3/2""",,"=""c30""","=""L6096""",
"=""""","=""""","=""1074.712""","=""0.003""","=""""","=""5.14e+05""","=""2.22e-03""","=""-2.052""",B,"=""30272.58""","=""39574.85""","=""2p6.4p""","=""2P*""","=""3/2""","=""2p6.9s""","=""2S""","=""1/2""",,"=""c30""","=""""",
"=""1074.929""","=""0.003""","=""1074.9303""","=""0.0023""","=""9""","=""1.45e+06""","=""1.25e-02""","=""-1.602""",A,"=""25739.999""","=""35040.38""","=""2p6.4s""","=""2S""","=""1/2""","=""2p6.5p""","=""2P*""","=""1/2""",,"=""c30""","=""L6096""",
"=""1083.487""","=""0.003""","=""1083.4846""","=""0.0024""","=""8*""","=""1.78e+07""","=""5.24e-02""","=""-0.503""",A,"=""29172.837""","=""38399.79""","=""2p6.3d""","=""2D""","=""5/2""","=""2p6.6f""","=""2F*""","=""7/2""",,"=""c30""","=""L6096""",
"=""1083.487""","=""0.003""","=""1083.4846""","=""0.0024""","=""8*""","=""8.94e+05""","=""2.62e-03""","=""-1.804""",A,"=""29172.837""","=""38399.79""","=""2p6.3d""","=""2D""","=""5/2""","=""2p6.6f""","=""2F*""","=""5/2""",,"=""c30""","=""L6096""",
"=""""","=""""","=""1083.4905""","=""0.0024""","=""""","=""1.25e+07""","=""5.50e-02""","=""-0.658""",A,"=""29172.887""","=""38399.79""","=""2p6.3d""","=""2D""","=""3/2""","=""2p6.6f""","=""2F*""","=""5/2""",,"=""c30""","=""""",
"=""1119.019""","=""0.003""","=""1119.021""","=""0.004""","=""1""","=""2.52e+06""","=""2.36e-02""","=""-1.326""",B+,"=""30266.99""","=""39200.93""","=""2p6.4p""","=""2P*""","=""1/2""","=""2p6.7d""","=""2D""","=""3/2""",,"=""c30""","=""L6096""",
"=""1119.721""","=""0.003""","=""1119.721""","=""0.004""","=""2*""","=""4.51e+06""","=""2.12e-02""","=""-1.072""",B+,"=""30272.58""","=""39200.93""","=""2p6.4p""","=""2P*""","=""3/2""","=""2p6.7d""","=""2D""","=""5/2""",,"=""c30""","=""L6096""",
"=""1119.721""","=""0.003""","=""1119.721""","=""0.004""","=""2*""","=""5.00e+05""","=""2.36e-03""","=""-2.025""",B+,"=""30272.58""","=""39200.93""","=""2p6.4p""","=""2P*""","=""3/2""","=""2p6.7d""","=""2D""","=""3/2""",,"=""c30""","=""L6096""",
"=""1138.145""","=""0.003""","=""1138.1441""","=""0.0004""","=""11""","=""1.76e+07""","=""1.71e-01""","=""-0.466""",A,"=""16956.17025""","=""25739.999""","=""2p6.3p""","=""2P*""","=""1/2""","=""2p6.4s""","=""2S""","=""1/2""",,"=""c30""","=""L6096""",
"=""1140.378""","=""0.003""","=""1140.3766""","=""0.0004""","=""12""","=""3.52e+07""","=""1.71e-01""","=""-0.165""",A,"=""16973.36619""","=""25739.999""","=""2p6.3p""","=""2P*""","=""3/2""","=""2p6.4s""","=""2S""","=""1/2""",,"=""c30""","=""L6096""",
"=""""","=""""","=""1148.910""","=""0.004""","=""""","=""3.52e+05""","=""3.48e-03""","=""-2.157""",B+,"=""30266.99""","=""38968.51""","=""2p6.4p""","=""2P*""","=""1/2""","=""2p6.8s""","=""2S""","=""1/2""",,"=""c30""","=""""",
"=""""","=""""","=""1149.649""","=""0.004""","=""""","=""7.00e+05""","=""3.47e-03""","=""-1.858""",B+,"=""30272.58""","=""38968.51""","=""2p6.4p""","=""2P*""","=""3/2""","=""2p6.8s""","=""2S""","=""1/2""",,"=""c30""","=""""",
"=""""","=""""","=""1230.467""","=""0.003""","=""""","=""6.36e+03""","=""2.41e-05""","=""-3.840""",B,"=""29172.837""","=""37297.61""","=""2p6.3d""","=""2D""","=""5/2""","=""2p6.6p""","=""2P*""","=""3/2""",,"=""c30""","=""""",
"=""""","=""""","=""1230.475""","=""0.003""","=""""","=""7.08e+02""","=""4.01e-06""","=""-4.795""",C+,"=""29172.887""","=""37297.61""","=""2p6.3d""","=""2D""","=""3/2""","=""2p6.6p""","=""2P*""","=""3/2""",,"=""c30""","=""""",
"=""""","=""""","=""1230.670""","=""0.003""","=""""","=""3.86e+03""","=""2.20e-05""","=""-4.056""",B,"=""29172.887""","=""37296.32""","=""2p6.3d""","=""2D""","=""3/2""","=""2p6.6p""","=""2P*""","=""1/2""",,"=""c30""","=""""",
"=""""","=""""","=""1231.148""","=""0.003""","=""""","=""4.32e+06""","=""4.92e-02""","=""-1.007""",A,"=""30266.99""","=""38387.268""","=""2p6.4p""","=""2P*""","=""1/2""","=""2p6.6d""","=""2D""","=""3/2""",,"=""c30""","=""""",
"=""""","=""""","=""1231.996""","=""0.003""","=""""","=""8.64e+05""","=""4.91e-03""","=""-1.707""",A,"=""30272.58""","=""38387.268""","=""2p6.4p""","=""2P*""","=""3/2""","=""2p6.6d""","=""2D""","=""3/2""",,"=""c30""","=""""",
"=""""","=""""","=""1231.998""","=""0.003""","=""""","=""7.74e+06""","=""4.42e-02""","=""-0.753""",A,"=""30272.58""","=""38387.255""","=""2p6.4p""","=""2P*""","=""3/2""","=""2p6.6d""","=""2D""","=""5/2""",,"=""c30""","=""""",
"=""1267.917""","=""0.003""","=""1267.914""","=""0.003""","=""(10)*""","=""3.76e+07""","=""1.51e-01""","=""-0.043""",A,"=""29172.837""","=""37057.65""","=""2p6.3d""","=""2D""","=""5/2""","=""2p6.5f""","=""2F*""","=""7/2""",,"=""c30""","=""L4740c73""",
"=""1267.917""","=""0.003""","=""1267.914""","=""0.003""","=""(10)*""","=""1.88e+06""","=""7.55e-03""","=""-1.344""",A,"=""29172.837""","=""37057.65""","=""2p6.3d""","=""2D""","=""5/2""","=""2p6.5f""","=""2F*""","=""5/2""",,"=""c30""","=""L4740c73""",
"=""""","=""""","=""1267.922""","=""0.003""","=""""","=""2.63e+07""","=""1.59e-01""","=""-0.197""",A,"=""29172.887""","=""37057.65""","=""2p6.3d""","=""2D""","=""3/2""","=""2p6.5f""","=""2F*""","=""5/2""",,"=""c30""","=""""",
"=""""","=""""","=""1269.4185""","=""0.0005""","=""""","=""7.72e+03""","=""9.33e-05""","=""-3.729""",C',"=""33200.673""","=""[41076.141]""","=""2p6.5s""","=""2S""","=""1/2""","=""2p6.18p""","=""2P*""","=""3/2""",,"=""T817""","=""""",
"=""""","=""""","=""1269.4242""","=""0.0005""","=""""","=""3.86e+03""","=""4.67e-05""","=""-4.030""",C',"=""33200.673""","=""[41076.106]""","=""2p6.5s""","=""2S""","=""1/2""","=""2p6.18p""","=""2P*""","=""1/2""",,"=""T817""","=""""",
"=""""","=""""","=""1277.1506""","=""0.0005""","=""""","=""9.32e+03""","=""1.14e-04""","=""-3.642""",C',"=""33200.673""","=""[41028.462]""","=""2p6.5s""","=""2S""","=""1/2""","=""2p6.17p""","=""2P*""","=""3/2""",,"=""T817""","=""""",
"=""""","=""""","=""1277.1576""","=""0.0005""","=""""","=""4.66e+03""","=""5.70e-05""","=""-3.943""",C',"=""33200.673""","=""[41028.419]""","=""2p6.5s""","=""2S""","=""1/2""","=""2p6.17p""","=""2P*""","=""1/2""",,"=""T817""","=""""",
"=""""","=""""","=""1286.5906""","=""0.0005""","=""""","=""1.11e+04""","=""1.38e-04""","=""-3.559""",C',"=""33200.673""","=""[40971.028]""","=""2p6.5s""","=""2S""","=""1/2""","=""2p6.16p""","=""2P*""","=""3/2""",,"=""T817""","=""""",
"=""""","=""""","=""1286.5992""","=""0.0005""","=""""","=""5.56e+03""","=""6.90e-05""","=""-3.860""",C',"=""33200.673""","=""[40970.976]""","=""2p6.5s""","=""2S""","=""1/2""","=""2p6.16p""","=""2P*""","=""1/2""",,"=""T817""","=""""",
"=""""","=""""","=""1290.794""","=""0.003""","=""""","=""5.94e+05""","=""7.43e-03""","=""-1.828""",B+,"=""30266.99""","=""38012.042""","=""2p6.4p""","=""2P*""","=""1/2""","=""2p6.7s""","=""2S""","=""1/2""",,"=""c30""","=""""",
"=""""","=""""","=""1291.726""","=""0.003""","=""""","=""1.18e+06""","=""7.41e-03""","=""-1.528""",B+,"=""30272.58""","=""38012.042""","=""2p6.4p""","=""2P*""","=""3/2""","=""2p6.7s""","=""2S""","=""1/2""",,"=""c30""","=""""",
"=""""","=""""","=""1298.2936""","=""0.0005""","=""""","=""1.39e+04""","=""1.76e-04""","=""-3.454""",C',"=""33200.673""","=""[40900.985]""","=""2p6.5s""","=""2S""","=""1/2""","=""2p6.15p""","=""2P*""","=""3/2""",,"=""T817""","=""""",
"=""""","=""""","=""1298.3042""","=""0.0005""","=""""","=""6.96e+03""","=""8.80e-05""","=""-3.755""",C',"=""33200.673""","=""[40900.922]""","=""2p6.5s""","=""2S""","=""1/2""","=""2p6.15p""","=""2P*""","=""1/2""",,"=""T817""","=""""",
"=""""","=""""","=""1313.0664""","=""0.0005""","=""""","=""1.78e+04""","=""2.30e-04""","=""-3.337""",C',"=""33200.673""","=""[40814.352]""","=""2p6.5s""","=""2S""","=""1/2""","=""2p6.14p""","=""2P*""","=""3/2""",,"=""T817""","=""""",
"=""""","=""""","=""1313.0800""","=""0.0005""","=""""","=""8.90e+03""","=""1.15e-04""","=""-3.638""",C',"=""33200.673""","=""[40814.273]""","=""2p6.5s""","=""2S""","=""1/2""","=""2p6.14p""","=""2P*""","=""1/2""",,"=""T817""","=""""",
"=""""","=""""","=""1332.1214""","=""0.0005""","=""""","=""2.4e+04""","=""3.2e-04""","=""-3.19""",C',"=""33200.673""","=""[40705.444]""","=""2p6.5s""","=""2S""","=""1/2""","=""2p6.13p""","=""2P*""","=""3/2""",,"=""T817""","=""""",
"=""""","=""""","=""1332.1391""","=""0.0005""","=""""","=""1.2e+04""","=""1.6e-04""","=""-3.50""",C',"=""33200.673""","=""[40705.344]""","=""2p6.5s""","=""2S""","=""1/2""","=""2p6.13p""","=""2P*""","=""1/2""",,"=""T817""","=""""",
"=""""","=""""","=""1357.3578""","=""0.0005""","=""""","=""3.2e+04""","=""4.4e-04""","=""-3.06""",C',"=""33200.673""","=""[40565.913]""","=""2p6.5s""","=""2S""","=""1/2""","=""2p6.12p""","=""2P*""","=""3/2""",,"=""T817""","=""""",
"=""""","=""""","=""1357.3818""","=""0.0005""","=""""","=""1.6e+04""","=""2.2e-04""","=""-3.36""",C',"=""33200.673""","=""[40565.783]""","=""2p6.5s""","=""2S""","=""1/2""","=""2p6.12p""","=""2P*""","=""1/2""",,"=""T817""","=""""",
"=""""","=""""","=""1391.9071""","=""0.0005""","=""""","=""4.40e+04""","=""6.39e-04""","=""-2.893""",C',"=""33200.673""","=""40383.097""","=""2p6.5s""","=""2S""","=""1/2""","=""2p6.11p""","=""2P*""","=""3/2""",,"=""T817""","=""""",
"=""""","=""""","=""1391.9404""","=""0.0005""","=""""","=""2.20e+04""","=""3.20e-04""","=""-3.194""",C',"=""33200.673""","=""40382.925""","=""2p6.5s""","=""2S""","=""1/2""","=""2p6.11p""","=""2P*""","=""1/2""",,"=""T817""","=""""",
"=""""","=""""","=""1441.2823""","=""0.0006""","=""""","=""6.56e+04""","=""1.02e-03""","=""-2.690""",C',"=""33200.673""","=""40137.043""","=""2p6.5s""","=""2S""","=""1/2""","=""2p6.10p""","=""2P*""","=""3/2""",,"=""T817""","=""""",
"=""""","=""""","=""1441.3307""","=""0.0006""","=""""","=""3.28e+04""","=""5.11e-04""","=""-2.991""",C',"=""33200.673""","=""40136.810""","=""2p6.5s""","=""2S""","=""1/2""","=""2p6.10p""","=""2P*""","=""1/2""",,"=""T817""","=""""",
"=""1476.754""","=""0.003""","=""1476.749""","=""0.004""","=""(10)""","=""8.72e+06""","=""1.43e-01""","=""-0.544""",A,"=""30266.99""","=""37036.772""","=""2p6.4p""","=""2P*""","=""1/2""","=""2p6.5d""","=""2D""","=""3/2""",,"=""c30""","=""L4740c73""",
"=""""","=""""","=""1477.969""","=""0.004""","=""""","=""1.74e+06""","=""1.42e-02""","=""-1.246""",A,"=""30272.58""","=""37036.772""","=""2p6.4p""","=""2P*""","=""3/2""","=""2p6.5d""","=""2D""","=""3/2""",,"=""c30""","=""""",
"=""1477.975""","=""0.003""","=""1477.974""","=""0.004""","=""(10)""","=""1.57e+07""","=""1.28e-01""","=""-0.291""",A,"=""30272.58""","=""37036.752""","=""2p6.4p""","=""2P*""","=""3/2""","=""2p6.5d""","=""2D""","=""5/2""",,"=""c30""","=""L4740c73""",
"=""""","=""""","=""1516.0844""","=""0.0007""","=""""","=""1.35e+05""","=""2.33e-03""","=""-2.332""",B,"=""33200.673""","=""[39794.810]""","=""2p6.5s""","=""2S""","=""1/2""","=""2p6.9p""","=""2P*""","=""3/2""",,"=""c30""","=""""",
"=""""","=""""","=""1516.1605""","=""0.0007""","=""""","=""6.64e+04""","=""1.14e-03""","=""-2.642""",B,"=""33200.673""","=""[39794.479]""","=""2p6.5s""","=""2S""","=""1/2""","=""2p6.9p""","=""2P*""","=""1/2""",,"=""c30""","=""""",
"=""1637.387""","=""0.003""","=""1637.386""","=""0.005""","=""(1)""","=""1.17e+06""","=""2.35e-02""","=""-1.328""",A,"=""30266.99""","=""36372.618""","=""2p6.4p""","=""2P*""","=""1/2""","=""2p6.6s""","=""2S""","=""1/2""",,"=""c30""","=""L4740c73""",
"=""""","=""""","=""1638.886""","=""0.005""","=""(1)bl""","=""2.34e+06""","=""2.35e-02""","=""-1.027""",A,"=""30272.58""","=""36372.618""","=""2p6.4p""","=""2P*""","=""3/2""","=""2p6.6s""","=""2S""","=""1/2""",,"=""c30""","=""L4740c73""",
"=""""","=""""","=""1639.389""","=""0.005""","=""""","=""1.76e+05""","=""3.55e-03""","=""-2.149""",B+,"=""33200.673""","=""39298.84""","=""2p6.5s""","=""2S""","=""1/2""","=""2p6.8p""","=""2P*""","=""3/2""",,"=""c30""","=""""",
"=""""","=""""","=""1639.521""","=""0.005""","=""""","=""8.66e+04""","=""1.75e-03""","=""-2.456""",B+,"=""33200.673""","=""39298.35""","=""2p6.5s""","=""2S""","=""1/2""","=""2p6.8p""","=""2P*""","=""1/2""",,"=""c30""","=""""",
"=""""","=""""","=""1703.109""","=""0.006""","=""""","=""1.88e+04""","=""1.36e-04""","=""-3.088""",B+,"=""29172.837""","=""35042.85""","=""2p6.3d""","=""2D""","=""5/2""","=""2p6.5p""","=""2P*""","=""3/2""",,"=""c30""","=""""",
"=""""","=""""","=""1703.123""","=""0.006""","=""""","=""2.09e+03""","=""2.27e-05""","=""-4.042""",B+,"=""29172.887""","=""35042.85""","=""2p6.3d""","=""2D""","=""3/2""","=""2p6.5p""","=""2P*""","=""3/2""",,"=""c30""","=""""",
"=""""","=""""","=""1703.840""","=""0.006""","=""""","=""1.13e+04""","=""1.23e-04""","=""-3.308""",B+,"=""29172.887""","=""35040.38""","=""2p6.3d""","=""2D""","=""3/2""","=""2p6.5p""","=""2P*""","=""1/2""",,"=""c30""","=""""",
"=""1846.539""","=""0.003""","=""1846.531""","=""0.007""","=""(40)*""","=""1.12e+08""","=""9.57e-01""","=""0.759""",A,"=""29172.837""","=""34586.92""","=""2p6.3d""","=""2D""","=""5/2""","=""2p6.4f""","=""2F*""","=""7/2""",,"=""c30""","=""L4740c73""",
"=""1846.539""","=""0.003""","=""1846.531""","=""0.007""","=""(40)*""","=""5.61e+06""","=""4.78e-02""","=""-0.542""",A,"=""29172.837""","=""34586.92""","=""2p6.3d""","=""2D""","=""5/2""","=""2p6.4f""","=""2F*""","=""5/2""",,"=""c30""","=""L4740c73""",
"=""""","=""""","=""1846.548""","=""0.007""","=""""","=""7.86e+07""","=""1.00e+00""","=""0.602""",A,"=""29172.887""","=""34586.92""","=""2p6.3d""","=""2D""","=""3/2""","=""2p6.4f""","=""2F*""","=""5/2""",,"=""c30""","=""""",
"=""""","=""""","=""1859.6365""","=""0.0010""","=""""","=""1.45e+00""","=""1.25e-08""","=""-7.12""",A+,"=""29172.837""","=""34548.764""","=""2p6.3d""","=""2D""","=""5/2""","=""2p6.4d""","=""2D""","=""3/2""",E2,"=""c27""","=""""",
"=""""","=""""","=""1859.6365""","=""0.0010""","=""""","=""1.30e-08""","=""1.12e-16""","=""-15.17""",E,"=""29172.837""","=""34548.764""","=""2p6.3d""","=""2D""","=""5/2""","=""2p6.4d""","=""2D""","=""3/2""",M1,"=""c27""","=""""",
"=""""","=""""","=""1859.6486""","=""0.0010""","=""""","=""5.78e+00""","=""5.00e-08""","=""-6.52""",A+,"=""29172.837""","=""34548.729""","=""2p6.3d""","=""2D""","=""5/2""","=""2p6.4d""","=""2D""","=""5/2""",E2,"=""c27""","=""""",
"=""""","=""""","=""1859.6486""","=""0.0010""","=""""","=""2.48e-07""","=""2.15e-15""","=""-13.89""",D,"=""29172.837""","=""34548.729""","=""2p6.3d""","=""2D""","=""5/2""","=""2p6.4d""","=""2D""","=""5/2""",M1,"=""c27""","=""""",
"=""""","=""""","=""1859.6538""","=""0.0010""","=""""","=""3.38e+00""","=""4.38e-08""","=""-6.76""",A+,"=""29172.887""","=""34548.764""","=""2p6.3d""","=""2D""","=""3/2""","=""2p6.4d""","=""2D""","=""3/2""",E2,"=""c27""","=""""",
"=""""","=""""","=""1859.6538""","=""0.0010""","=""""","=""4.20e-08""","=""5.45e-16""","=""-14.66""",D,"=""29172.887""","=""34548.764""","=""2p6.3d""","=""2D""","=""3/2""","=""2p6.4d""","=""2D""","=""3/2""",M1,"=""c27""","=""""",
"=""""","=""""","=""1859.6659""","=""0.0010""","=""""","=""1.45e+00""","=""1.88e-08""","=""-7.12""",A+,"=""29172.887""","=""34548.729""","=""2p6.3d""","=""2D""","=""3/2""","=""2p6.4d""","=""2D""","=""5/2""",E2,"=""c27""","=""""",
"=""""","=""""","=""1859.6659""","=""0.0010""","=""""","=""5.99e-09""","=""7.77e-17""","=""-15.51""",E,"=""29172.887""","=""34548.729""","=""2p6.3d""","=""2D""","=""3/2""","=""2p6.4d""","=""2D""","=""5/2""",M1,"=""c27""","=""""",
"=""""","=""""","=""1872.058""","=""0.007""","=""""","=""3.46e+05""","=""9.09e-03""","=""-1.740""",B+,"=""33200.673""","=""38540.93""","=""2p6.5s""","=""2S""","=""1/2""","=""2p6.7p""","=""2P*""","=""3/2""",,"=""c30""","=""""",
"=""""","=""""","=""1872.321""","=""0.007""","=""""","=""1.71e+05""","=""4.48e-03""","=""-2.048""",B+,"=""33200.673""","=""38540.18""","=""2p6.5s""","=""2S""","=""1/2""","=""2p6.7p""","=""2P*""","=""1/2""",,"=""c30""","=""""",
"=""""","=""""","=""1905.6645""","=""0.0010""","=""""","=""4.88e+03""","=""4.43e-05""","=""-3.575""",C+,"=""34548.729""","=""[39794.810]""","=""2p6.4d""","=""2D""","=""5/2""","=""2p6.9p""","=""2P*""","=""3/2""",,"=""c30""","=""""",
"=""""","=""""","=""1905.6772""","=""0.0010""","=""""","=""5.44e+02""","=""7.38e-06""","=""-4.530""",C,"=""34548.764""","=""[39794.810]""","=""2p6.4d""","=""2D""","=""3/2""","=""2p6.9p""","=""2P*""","=""3/2""",,"=""c30""","=""""",
"=""""","=""""","=""1905.7975""","=""0.0010""","=""""","=""2.88e+03""","=""3.92e-05""","=""-3.805""",C,"=""34548.764""","=""[39794.479]""","=""2p6.4d""","=""2D""","=""3/2""","=""2p6.9p""","=""2P*""","=""1/2""",,"=""c30""","=""""",
"=""""","=""""","=""1927.954""","=""0.007""","=""""","=""2.28e+05""","=""2.12e-03""","=""-1.896""",B+,"=""34548.729""","=""39734.16""","=""2p6.4d""","=""2D""","=""5/2""","=""2p6.8f""","=""2F*""","=""5/2""",,"=""c30""","=""""",
"=""""","=""""","=""1927.954""","=""0.007""","=""""","=""4.56e+06""","=""4.24e-02""","=""-0.594""",A,"=""34548.729""","=""39734.16""","=""2p6.4d""","=""2D""","=""5/2""","=""2p6.8f""","=""2F*""","=""7/2""",,"=""c30""","=""""",
"=""""","=""""","=""1927.967""","=""0.007""","=""""","=""3.19e+06""","=""4.45e-02""","=""-0.750""",A,"=""34548.764""","=""39734.16""","=""2p6.4d""","=""2D""","=""3/2""","=""2p6.8f""","=""2F*""","=""5/2""",,"=""c30""","=""""",
"=""""","=""""","=""1944.321""","=""0.011""","=""""","=""3.82e+04""","=""3.61e-04""","=""-2.664""",B,"=""34586.92""","=""39728.70""","=""2p6.4f""","=""2F*""","=""5/2""","=""2p6.8d""","=""2D""","=""3/2""",,"=""c30""","=""""",
"=""""","=""""","=""1944.321""","=""0.011""","=""""","=""5.46e+04""","=""3.87e-04""","=""-2.509""",B+,"=""34586.92""","=""39728.70""","=""2p6.4f""","=""2F*""","=""7/2""","=""2p6.8d""","=""2D""","=""5/2""",,"=""c30""","=""""",
"=""""","=""""","=""1944.321""","=""0.011""","=""""","=""2.73e+03""","=""2.58e-05""","=""-3.810""",C+,"=""34586.92""","=""39728.70""","=""2p6.4f""","=""2F*""","=""5/2""","=""2p6.8d""","=""2D""","=""5/2""",,"=""c30""","=""""",
obs_wl_vac(nm),unc_obs_wl,ritz_wl_vac(nm),unc_ritz_wl,intens,gA(s^-1),fik,log_gf,Acc,Ei(cm-1),Ek(cm-1),conf_i,term_i,J_i,conf_k,term_k,J_k,Type,tp_ref,line_ref,
"=""""","=""""","=""2023.108""","=""0.012""","=""""","=""1.49e+05""","=""4.56e-03""","=""-2.040""",B,"=""35040.38""","=""39983.27""","=""2p6.5p""","=""2P*""","=""1/2""","=""2p6.10s""","=""2S""","=""1/2""",,"=""c30""","=""""",
"=""""","=""""","=""2024.119""","=""0.012""","=""""","=""2.96e+05""","=""4.54e-03""","=""-1.741""",B+,"=""35042.85""","=""39983.27""","=""2p6.5p""","=""2P*""","=""3/2""","=""2p6.10s""","=""2S""","=""1/2""",,"=""c30""","=""""",
"=""""","=""""","=""2105.214""","=""0.009""","=""""","=""6.44e+03""","=""7.12e-05""","=""-3.369""",B,"=""34548.729""","=""39298.84""","=""2p6.4d""","=""2D""","=""5/2""","=""2p6.8p""","=""2P*""","=""3/2""",,"=""c30""","=""""",
"=""""","=""""","=""2105.229""","=""0.009""","=""""","=""7.16e+02""","=""1.19e-05""","=""-4.322""",C+,"=""34548.764""","=""39298.84""","=""2p6.4d""","=""2D""","=""3/2""","=""2p6.8p""","=""2P*""","=""3/2""",,"=""c30""","=""""",
"=""""","=""""","=""2105.447""","=""0.009""","=""""","=""3.78e+03""","=""6.27e-05""","=""-3.601""",B,"=""34548.764""","=""39298.35""","=""2p6.4d""","=""2D""","=""3/2""","=""2p6.8p""","=""2P*""","=""1/2""",,"=""c30""","=""""",
"=""""","=""""","=""2132.960""","=""0.013""","=""""","=""1.12e+06""","=""3.80e-02""","=""-1.119""",A,"=""35040.38""","=""39728.70""","=""2p6.5p""","=""2P*""","=""1/2""","=""2p6.8d""","=""2D""","=""3/2""",,"=""c30""","=""""",
"=""""","=""""","=""2134.085""","=""0.013""","=""""","=""2.00e+06""","=""3.42e-02""","=""-0.864""",A,"=""35042.85""","=""39728.70""","=""2p6.5p""","=""2P*""","=""3/2""","=""2p6.8d""","=""2D""","=""5/2""",,"=""c30""","=""""",
"=""""","=""""","=""2134.085""","=""0.013""","=""""","=""2.22e+05""","=""3.80e-03""","=""-1.818""",B+,"=""35042.85""","=""39728.70""","=""2p6.5p""","=""2P*""","=""3/2""","=""2p6.8d""","=""2D""","=""3/2""",,"=""c30""","=""""",
"=""""","=""""","=""2145.807""","=""0.009""","=""""","=""3.03e+05""","=""3.49e-03""","=""-1.679""",B+,"=""34548.729""","=""39208.98""","=""2p6.4d""","=""2D""","=""5/2""","=""2p6.7f""","=""2F*""","=""5/2""",,"=""c30""","=""""",
"=""""","=""""","=""2145.807""","=""0.009""","=""""","=""6.06e+06""","=""6.97e-02""","=""-0.379""",A,"=""34548.729""","=""39208.98""","=""2p6.4d""","=""2D""","=""5/2""","=""2p6.7f""","=""2F*""","=""7/2""",,"=""c30""","=""""",
"=""""","=""""","=""2145.823""","=""0.009""","=""""","=""4.24e+06""","=""7.32e-02""","=""-0.533""",A,"=""34548.764""","=""39208.98""","=""2p6.4d""","=""2D""","=""3/2""","=""2p6.7f""","=""2F*""","=""5/2""",,"=""c30""","=""""",
"=""""","=""""","=""2167.312""","=""0.013""","=""""","=""3.73e+03""","=""4.37e-05""","=""-3.581""",B,"=""34586.92""","=""39200.93""","=""2p6.4f""","=""2F*""","=""5/2""","=""2p6.7d""","=""2D""","=""5/2""",,"=""c30""","=""""",
"=""""","=""""","=""2167.312""","=""0.013""","=""""","=""5.20e+04""","=""6.12e-04""","=""-2.435""",B+,"=""34586.92""","=""39200.93""","=""2p6.4f""","=""2F*""","=""5/2""","=""2p6.7d""","=""2D""","=""3/2""",,"=""c30""","=""""",
"=""""","=""""","=""2167.312""","=""0.013""","=""""","=""7.44e+04""","=""6.56e-04""","=""-2.280""",B+,"=""34586.92""","=""39200.93""","=""2p6.4f""","=""2F*""","=""7/2""","=""2p6.7d""","=""2D""","=""5/2""",,"=""c30""","=""""",
"=""""","=""""","=""2205.329""","=""0.014""","=""""","=""1.46e+05""","=""5.31e-03""","=""-1.974""",B,"=""35040.38""","=""39574.85""","=""2p6.5p""","=""2P*""","=""1/2""","=""2p6.9s""","=""2S""","=""1/2""",,"=""c30""","=""""",
"=""2206.242""","=""0.003""","=""2206.248""","=""0.010""","=""(40)""","=""2.66e+07""","=""9.69e-01""","=""0.287""",A+,"=""25739.999""","=""30272.58""","=""2p6.4s""","=""2S""","=""1/2""","=""2p6.4p""","=""2P*""","=""3/2""",,"=""c30""","=""L4740c73""",
"=""""","=""""","=""2206.531""","=""0.014""","=""""","=""2.90e+05""","=""5.29e-03""","=""-1.674""",B+,"=""35042.85""","=""39574.85""","=""2p6.5p""","=""2P*""","=""3/2""","=""2p6.9s""","=""2S""","=""1/2""",,"=""c30""","=""""",
"=""2208.969""","=""0.003""","=""2208.973""","=""0.010""","=""(40)""","=""1.32e+07""","=""4.85e-01""","=""-0.013""",A+,"=""25739.999""","=""30266.99""","=""2p6.4s""","=""2S""","=""1/2""","=""2p6.4p""","=""2P*""","=""1/2""",,"=""c30""","=""L4740c73""",
"=""2335.475""","=""0.003""","=""2335.481""","=""0.011""","=""(40)""","=""2.34e+07""","=""9.55e-01""","=""0.281""",A+,"=""30266.99""","=""34548.764""","=""2p6.4p""","=""2P*""","=""1/2""","=""2p6.4d""","=""2D""","=""3/2""",,"=""c30""","=""L4740c73""",
"=""""","=""""","=""2338.534""","=""0.011""","=""""","=""4.68e+06""","=""9.58e-02""","=""-0.417""",A,"=""30272.58""","=""34548.764""","=""2p6.4p""","=""2P*""","=""3/2""","=""2p6.4d""","=""2D""","=""3/2""",,"=""c30""","=""""",
"=""2338.552""","=""0.003""","=""2338.553""","=""0.011""","=""(40)""","=""4.21e+07""","=""8.62e-01""","=""0.538""",A+,"=""30272.58""","=""34548.729""","=""2p6.4p""","=""2P*""","=""3/2""","=""2p6.4d""","=""2D""","=""5/2""",,"=""c30""","=""L4740c73""",
"=""""","=""""","=""2403.528""","=""0.016""","=""""","=""1.46e+06""","=""6.32e-02""","=""-0.898""",A,"=""35040.38""","=""39200.93""","=""2p6.5p""","=""2P*""","=""1/2""","=""2p6.7d""","=""2D""","=""3/2""",,"=""c30""","=""""",
"=""""","=""""","=""2404.956""","=""0.016""","=""""","=""2.91e+05""","=""6.31e-03""","=""-1.598""",B+,"=""35042.85""","=""39200.93""","=""2p6.5p""","=""2P*""","=""3/2""","=""2p6.7d""","=""2D""","=""3/2""",,"=""c30""","=""""",
"=""""","=""""","=""2404.956""","=""0.016""","=""""","=""2.62e+06""","=""5.68e-02""","=""-0.644""",A,"=""35042.85""","=""39200.93""","=""2p6.5p""","=""2P*""","=""3/2""","=""2p6.7d""","=""2D""","=""5/2""",,"=""c30""","=""""",
"=""""","=""""","=""2440.848""","=""0.012""","=""""","=""9.20e+05""","=""4.11e-02""","=""-1.085""",A,"=""33200.673""","=""37297.61""","=""2p6.5s""","=""2S""","=""1/2""","=""2p6.6p""","=""2P*""","=""3/2""",,"=""c30""","=""""",
"=""""","=""""","=""2441.617""","=""0.012""","=""""","=""4.56e+05""","=""2.04e-02""","=""-1.389""",A,"=""33200.673""","=""37296.32""","=""2p6.5s""","=""2S""","=""1/2""","=""2p6.6p""","=""2P*""","=""1/2""",,"=""c30""","=""""",
"=""""","=""""","=""2504.884""","=""0.013""","=""""","=""1.20e+04""","=""1.88e-04""","=""-2.948""",B,"=""34548.729""","=""38540.93""","=""2p6.4d""","=""2D""","=""5/2""","=""2p6.7p""","=""2P*""","=""3/2""",,"=""c30""","=""""",
"=""""","=""""","=""2504.906""","=""0.013""","=""""","=""1.34e+03""","=""3.14e-05""","=""-3.901""",C+,"=""34548.764""","=""38540.93""","=""2p6.4d""","=""2D""","=""3/2""","=""2p6.7p""","=""2P*""","=""3/2""",,"=""c30""","=""""",
"=""""","=""""","=""2505.377""","=""0.013""","=""""","=""7.04e+03""","=""1.65e-04""","=""-3.180""",B,"=""34548.764""","=""38540.18""","=""2p6.4d""","=""2D""","=""3/2""","=""2p6.7p""","=""2P*""","=""1/2""",,"=""c30""","=""""",
"=""""","=""""","=""2545.741""","=""0.018""","=""""","=""2.06e+05""","=""1.01e-02""","=""-1.695""",B+,"=""35040.38""","=""38968.51""","=""2p6.5p""","=""2P*""","=""1/2""","=""2p6.8s""","=""2S""","=""1/2""",,"=""c30""","=""""",
"=""""","=""""","=""2547.342""","=""0.018""","=""""","=""4.12e+05""","=""1.00e-02""","=""-1.398""",B+,"=""35042.85""","=""38968.51""","=""2p6.5p""","=""2P*""","=""3/2""","=""2p6.8s""","=""2S""","=""1/2""",,"=""c30""","=""""",
"=""""","=""""","=""2596.687""","=""0.014""","=""""","=""5.24e+05""","=""8.84e-03""","=""-1.275""",A,"=""34548.729""","=""38399.79""","=""2p6.4d""","=""2D""","=""5/2""","=""2p6.6f""","=""2F*""","=""5/2""",,"=""c30""","=""""",
"=""""","=""""","=""2596.687""","=""0.014""","=""""","=""1.05e+07""","=""1.77e-01""","=""0.026""",A,"=""34548.729""","=""38399.79""","=""2p6.4d""","=""2D""","=""5/2""","=""2p6.6f""","=""2F*""","=""7/2""",,"=""c30""","=""""",
"=""""","=""""","=""2596.711""","=""0.014""","=""""","=""7.32e+06""","=""1.86e-01""","=""-0.128""",A,"=""34548.764""","=""38399.79""","=""2p6.4d""","=""2D""","=""3/2""","=""2p6.6f""","=""2F*""","=""5/2""",,"=""c30""","=""""",
"=""""","=""""","=""2631.338""","=""0.014""","=""""","=""9.84e+04""","=""1.70e-03""","=""-1.991""",A,"=""34586.92""","=""38387.268""","=""2p6.4f""","=""2F*""","=""5/2""","=""2p6.6d""","=""2D""","=""3/2""",,"=""c30""","=""""",
"=""""","=""""","=""2631.347""","=""0.014""","=""""","=""7.02e+03""","=""1.21e-04""","=""-3.139""",B+,"=""34586.92""","=""38387.255""","=""2p6.4f""","=""2F*""","=""5/2""","=""2p6.6d""","=""2D""","=""5/2""",,"=""c30""","=""""",
"=""""","=""""","=""2631.347""","=""0.014""","=""""","=""1.40e+05""","=""1.82e-03""","=""-1.837""",A,"=""34586.92""","=""38387.255""","=""2p6.4f""","=""2F*""","=""7/2""","=""2p6.6d""","=""2D""","=""5/2""",,"=""c30""","=""""",
"=""""","=""""","=""2922.1037""","=""0.0024""","=""""","=""1.05e+05""","=""6.72e-03""","=""-1.872""",B+,"=""36372.618""","=""[39794.810]""","=""2p6.6s""","=""2S""","=""1/2""","=""2p6.9p""","=""2P*""","=""3/2""",,"=""c30""","=""""",
"=""""","=""""","=""2922.3864""","=""0.0024""","=""""","=""5.18e+04""","=""3.31e-03""","=""-2.179""",B,"=""36372.618""","=""[39794.479]""","=""2p6.6s""","=""2S""","=""1/2""","=""2p6.9p""","=""2P*""","=""1/2""",,"=""c30""","=""""",
"=""""","=""""","=""2987.850""","=""0.018""","=""""","=""2.58e+06""","=""1.73e-01""","=""-0.461""",A,"=""35040.38""","=""38387.268""","=""2p6.5p""","=""2P*""","=""1/2""","=""2p6.6d""","=""2D""","=""3/2""",,"=""c30""","=""""",
"=""""","=""""","=""2990.057""","=""0.018""","=""""","=""5.16e+05""","=""1.73e-02""","=""-1.160""",A,"=""35042.85""","=""38387.268""","=""2p6.5p""","=""2P*""","=""3/2""","=""2p6.6d""","=""2D""","=""3/2""",,"=""c30""","=""""",
"=""""","=""""","=""2990.068""","=""0.018""","=""""","=""4.64e+06""","=""1.56e-01""","=""-0.205""",A,"=""35042.85""","=""38387.255""","=""2p6.5p""","=""2P*""","=""3/2""","=""2p6.6d""","=""2D""","=""5/2""",,"=""c30""","=""""",
"=""""","=""""","=""3016.583""","=""0.003""","=""""","=""5.36e+04""","=""1.22e-03""","=""-2.135""",E,"=""37036.752""","=""[40351.761]""","=""2p6.5d""","=""2D""","=""5/2""","=""2p6.10f""","=""2F*""","=""5/2""",,"=""c58,LS""","=""""",
"=""""","=""""","=""3016.583""","=""0.003""","=""""","=""1.08e+06""","=""2.45e-02""","=""-0.833""",D,"=""37036.752""","=""[40351.761]""","=""2p6.5d""","=""2D""","=""5/2""","=""2p6.10f""","=""2F*""","=""7/2""",,"=""c58,LS""","=""""",
"=""""","=""""","=""3016.601""","=""0.003""","=""""","=""7.56e+05""","=""2.57e-02""","=""-0.988""",E,"=""37036.772""","=""[40351.761]""","=""2p6.5d""","=""2D""","=""3/2""","=""2p6.10f""","=""2F*""","=""5/2""",,"=""c58,LS""","=""""",
"=""""","=""""","=""3270.712""","=""0.022""","=""""","=""7.62e+04""","=""2.03e-03""","=""-1.914""",E,"=""37036.752""","=""40094.19""","=""2p6.5d""","=""2D""","=""5/2""","=""2p6.9f""","=""2F*""","=""5/2""",,"=""c58,LS""","=""""",
"=""""","=""""","=""3270.712""","=""0.022""","=""""","=""1.51e+06""","=""4.05e-02""","=""-0.614""",D,"=""37036.752""","=""40094.19""","=""2p6.5d""","=""2D""","=""5/2""","=""2p6.9f""","=""2F*""","=""7/2""",,"=""c58,LS""","=""""",
"=""""","=""""","=""3270.734""","=""0.022""","=""""","=""1.06e+06""","=""4.25e-02""","=""-0.770""",D,"=""37036.772""","=""40094.19""","=""2p6.5d""","=""2D""","=""3/2""","=""2p6.9f""","=""2F*""","=""5/2""",,"=""c58,LS""","=""""",
"=""""","=""""","=""3365.120""","=""0.023""","=""""","=""3.78e+05""","=""3.21e-02""","=""-1.192""",A,"=""35040.38""","=""38012.042""","=""2p6.5p""","=""2P*""","=""1/2""","=""2p6.7s""","=""2S""","=""1/2""",,"=""c30""","=""""",
"=""""","=""""","=""3367.920""","=""0.023""","=""""","=""7.54e+05""","=""3.20e-02""","=""-0.893""",A,"=""35042.85""","=""38012.042""","=""2p6.5p""","=""2P*""","=""3/2""","=""2p6.7s""","=""2S""","=""1/2""",,"=""c30""","=""""",
"=""""","=""""","=""3408.685""","=""0.023""","=""""","=""3.60e+06""","=""3.14e-01""","=""-0.202""",A+,"=""30266.99""","=""33200.673""","=""2p6.4p""","=""2P*""","=""1/2""","=""2p6.5s""","=""2S""","=""1/2""",,"=""c30""","=""""",
"=""""","=""""","=""3415.192""","=""0.023""","=""""","=""7.20e+06""","=""3.14e-01""","=""0.099""",A+,"=""30272.58""","=""33200.673""","=""2p6.4p""","=""2P*""","=""3/2""","=""2p6.5s""","=""2S""","=""1/2""",,"=""c30""","=""""",
"=""""","=""""","=""3417.376""","=""0.023""","=""""","=""1.53e+05""","=""1.34e-02""","=""-1.572""",B+,"=""36372.618""","=""39298.84""","=""2p6.6s""","=""2S""","=""1/2""","=""2p6.8p""","=""2P*""","=""3/2""",,"=""c30""","=""""",
"=""""","=""""","=""3417.948""","=""0.023""","=""""","=""7.56e+04""","=""6.62e-03""","=""-1.878""",B+,"=""36372.618""","=""39298.35""","=""2p6.6s""","=""2S""","=""1/2""","=""2p6.8p""","=""2P*""","=""1/2""",,"=""c30""","=""""",
"=""""","=""""","=""3579.11""","=""0.04""","=""""","=""3.81e+05""","=""3.66e-02""","=""-1.135""",E,"=""37296.32""","=""40090.31""","=""2p6.6p""","=""2P*""","=""1/2""","=""2p6.9d""","=""2D""","=""3/2""",,"=""c58,LS""","=""""",
"=""""","=""""","=""3580.76""","=""0.04""","=""""","=""7.60e+04""","=""3.66e-03""","=""-1.834""",E,"=""37297.61""","=""40090.31""","=""2p6.6p""","=""2P*""","=""3/2""","=""2p6.9d""","=""2D""","=""3/2""",,"=""c58,LS""","=""""",
"=""""","=""""","=""3580.76""","=""0.04""","=""""","=""6.84e+05""","=""3.29e-02""","=""-0.881""",D,"=""37297.61""","=""40090.31""","=""2p6.6p""","=""2P*""","=""3/2""","=""2p6.9d""","=""2D""","=""5/2""",,"=""c58,LS""","=""""",
"=""""","=""""","=""3625.740""","=""0.004""","=""""","=""8.28e+03""","=""2.72e-04""","=""-2.787""",B,"=""37036.752""","=""[39794.810]""","=""2p6.5d""","=""2D""","=""5/2""","=""2p6.9p""","=""2P*""","=""3/2""",,"=""c30""","=""""",
"=""""","=""""","=""3625.766""","=""0.004""","=""""","=""9.20e+02""","=""4.52e-05""","=""-3.743""",C+,"=""37036.772""","=""[39794.810]""","=""2p6.5d""","=""2D""","=""3/2""","=""2p6.9p""","=""2P*""","=""3/2""",,"=""c30""","=""""",
"=""""","=""""","=""3626.201""","=""0.004""","=""""","=""4.78e+03""","=""2.35e-04""","=""-3.027""",B,"=""37036.772""","=""[39794.479]""","=""2p6.5d""","=""2D""","=""3/2""","=""2p6.9p""","=""2P*""","=""1/2""",,"=""c30""","=""""",
"=""""","=""""","=""3637.84""","=""0.03""","=""""","=""2.32e+04""","=""7.66e-04""","=""-2.338""",B+,"=""34548.729""","=""37297.61""","=""2p6.4d""","=""2D""","=""5/2""","=""2p6.6p""","=""2P*""","=""3/2""",,"=""c30""","=""""",
"=""""","=""""","=""3637.89""","=""0.03""","=""""","=""2.57e+03""","=""1.28e-04""","=""-3.291""",B+,"=""34548.764""","=""37297.61""","=""2p6.4d""","=""2D""","=""3/2""","=""2p6.6p""","=""2P*""","=""3/2""",,"=""c30""","=""""",
"=""""","=""""","=""3639.60""","=""0.03""","=""""","=""1.36e+04""","=""6.73e-04""","=""-2.570""",B+,"=""34548.764""","=""37296.32""","=""2p6.4d""","=""2D""","=""3/2""","=""2p6.6p""","=""2P*""","=""1/2""",,"=""c30""","=""""",
"=""""","=""""","=""3707.26""","=""0.03""","=""""","=""2.63e+06""","=""9.05e-02""","=""-0.265""",A,"=""37036.752""","=""39734.16""","=""2p6.5d""","=""2D""","=""5/2""","=""2p6.8f""","=""2F*""","=""7/2""",,"=""c30""","=""""",
"=""""","=""""","=""3707.26""","=""0.03""","=""""","=""1.32e+05""","=""4.52e-03""","=""-1.567""",B+,"=""37036.752""","=""39734.16""","=""2p6.5d""","=""2D""","=""5/2""","=""2p6.8f""","=""2F*""","=""5/2""",,"=""c30""","=""""",
"=""""","=""""","=""3707.29""","=""0.03""","=""""","=""1.84e+06""","=""9.50e-02""","=""-0.420""",A,"=""37036.772""","=""39734.16""","=""2p6.5d""","=""2D""","=""3/2""","=""2p6.8f""","=""2F*""","=""5/2""",,"=""c30""","=""""",
"=""""","=""""","=""3721.69""","=""0.04""","=""""","=""8.54e+04""","=""8.86e-03""","=""-1.752""",B+,"=""37296.32""","=""39983.27""","=""2p6.6p""","=""2P*""","=""1/2""","=""2p6.10s""","=""2S""","=""1/2""",,"=""c30""","=""""",
"=""""","=""""","=""3723.48""","=""0.04""","=""""","=""1.70e+05""","=""8.82e-03""","=""-1.452""",B+,"=""37297.61""","=""39983.27""","=""2p6.6p""","=""2P*""","=""3/2""","=""2p6.10s""","=""2S""","=""1/2""",,"=""c30""","=""""",
"=""""","=""""","=""3743.85""","=""0.04""","=""""","=""4.25e+03""","=""1.49e-04""","=""-3.049""",B,"=""37057.65""","=""39728.70""","=""2p6.5f""","=""2F*""","=""5/2""","=""2p6.8d""","=""2D""","=""5/2""",,"=""c30""","=""""",
"=""""","=""""","=""3743.85""","=""0.04""","=""""","=""5.96e+04""","=""2.09e-03""","=""-1.902""",B+,"=""37057.65""","=""39728.70""","=""2p6.5f""","=""2F*""","=""5/2""","=""2p6.8d""","=""2D""","=""3/2""",,"=""c30""","=""""",
"=""""","=""""","=""3743.85""","=""0.04""","=""""","=""8.52e+04""","=""2.24e-03""","=""-1.747""",B+,"=""37057.65""","=""39728.70""","=""2p6.5f""","=""2F*""","=""7/2""","=""2p6.8d""","=""2D""","=""5/2""",,"=""c30""","=""""",
"=""""","=""""","=""3985.78""","=""0.03""","=""""","=""1.04e+06""","=""4.12e-02""","=""-0.607""",A,"=""34548.729""","=""37057.65""","=""2p6.4d""","=""2D""","=""5/2""","=""2p6.5f""","=""2F*""","=""5/2""",,"=""c30""","=""""",
"=""""","=""""","=""3985.78""","=""0.03""","=""""","=""2.07e+07""","=""8.23e-01""","=""0.694""",A+,"=""34548.729""","=""37057.65""","=""2p6.4d""","=""2D""","=""5/2""","=""2p6.5f""","=""2F*""","=""7/2""",,"=""c30""","=""""",
"=""""","=""""","=""3985.83""","=""0.03""","=""""","=""1.45e+07""","=""8.65e-01""","=""0.539""",A+,"=""34548.764""","=""37057.65""","=""2p6.4d""","=""2D""","=""3/2""","=""2p6.5f""","=""2F*""","=""5/2""",,"=""c30""","=""""",
"=""4044.291""","=""0.016""","=""4044.29""","=""0.11""","=""*""","=""""","=""""","=""""",,"=""34586.92""","=""37059.54""","=""2p6.4f""","=""2F*""","=""7/2""","=""2p6.5g""","=""2G""","=""7/2,9/2""",,"=""""","=""L873""",
"=""4044.291""","=""0.016""","=""4044.29""","=""0.11""","=""*""","=""""","=""""","=""""",,"=""34586.92""","=""37059.54""","=""2p6.4f""","=""2F*""","=""5/2""","=""2p6.5g""","=""2G""","=""7/2,9/2""",,"=""""","=""L873""",
"=""""","=""""","=""4081.88""","=""0.03""","=""""","=""2.30e+05""","=""9.58e-03""","=""-1.240""",A,"=""34586.92""","=""37036.772""","=""2p6.4f""","=""2F*""","=""5/2""","=""2p6.5d""","=""2D""","=""3/2""",,"=""c30""","=""""",
"=""""","=""""","=""4081.91""","=""0.03""","=""""","=""3.29e+05""","=""1.03e-02""","=""-1.084""",A,"=""34586.92""","=""37036.752""","=""2p6.4f""","=""2F*""","=""7/2""","=""2p6.5d""","=""2D""","=""5/2""",,"=""c30""","=""""",
"=""""","=""""","=""4081.91""","=""0.03""","=""""","=""1.64e+04""","=""6.84e-04""","=""-2.387""",B+,"=""34586.92""","=""37036.752""","=""2p6.4f""","=""2F*""","=""5/2""","=""2p6.5d""","=""2D""","=""5/2""",,"=""c30""","=""""",
"=""""","=""""","=""4111.20""","=""0.05""","=""""","=""7.00e+05""","=""8.88e-02""","=""-0.751""",A,"=""37296.32""","=""39728.70""","=""2p6.6p""","=""2P*""","=""1/2""","=""2p6.8d""","=""2D""","=""3/2""",,"=""c30""","=""""",
"=""""","=""""","=""4113.38""","=""0.05""","=""""","=""1.40e+05""","=""8.87e-03""","=""-1.450""",A,"=""37297.61""","=""39728.70""","=""2p6.6p""","=""2P*""","=""3/2""","=""2p6.8d""","=""2D""","=""3/2""",,"=""c30""","=""""",
"=""""","=""""","=""4113.38""","=""0.05""","=""""","=""1.26e+06""","=""7.98e-02""","=""-0.496""",A,"=""37297.61""","=""39728.70""","=""2p6.6p""","=""2P*""","=""3/2""","=""2p6.8d""","=""2D""","=""5/2""",,"=""c30""","=""""",
"=""""","=""""","=""4388.79""","=""0.05""","=""""","=""9.60e+04""","=""1.39e-02""","=""-1.556""",B+,"=""37296.32""","=""39574.85""","=""2p6.6p""","=""2P*""","=""1/2""","=""2p6.9s""","=""2S""","=""1/2""",,"=""c30""","=""""",
"=""""","=""""","=""4391.28""","=""0.05""","=""""","=""1.91e+05""","=""1.38e-02""","=""-1.258""",B+,"=""37297.61""","=""39574.85""","=""2p6.6p""","=""2P*""","=""3/2""","=""2p6.9s""","=""2S""","=""1/2""",,"=""c30""","=""""",
"=""""","=""""","=""4420.69""","=""0.04""","=""""","=""1.10e+04""","=""5.37e-04""","=""-2.492""",B+,"=""37036.752""","=""39298.84""","=""2p6.5d""","=""2D""","=""5/2""","=""2p6.8p""","=""2P*""","=""3/2""",,"=""c30""","=""""",
"=""""","=""""","=""4420.73""","=""0.04""","=""""","=""1.22e+03""","=""8.95e-05""","=""-3.446""",B,"=""37036.772""","=""39298.84""","=""2p6.5d""","=""2D""","=""3/2""","=""2p6.8p""","=""2P*""","=""3/2""",,"=""c30""","=""""",
"=""""","=""""","=""4421.69""","=""0.04""","=""""","=""6.34e+03""","=""4.65e-04""","=""-2.730""",B+,"=""37036.772""","=""39298.35""","=""2p6.5d""","=""2D""","=""3/2""","=""2p6.8p""","=""2P*""","=""1/2""",,"=""c30""","=""""",
"=""""","=""""","=""4603.57""","=""0.04""","=""""","=""3.50e+06""","=""1.86e-01""","=""0.048""",A,"=""37036.752""","=""39208.98""","=""2p6.5d""","=""2D""","=""5/2""","=""2p6.7f""","=""2F*""","=""7/2""",,"=""c30""","=""""",
"=""""","=""""","=""4603.57""","=""0.04""","=""""","=""1.75e+05""","=""9.29e-03""","=""-1.254""",A,"=""37036.752""","=""39208.98""","=""2p6.5d""","=""2D""","=""5/2""","=""2p6.7f""","=""2F*""","=""5/2""",,"=""c30""","=""""",
"=""""","=""""","=""4603.61""","=""0.04""","=""""","=""2.45e+06""","=""1.95e-01""","=""-0.108""",A,"=""37036.772""","=""39208.98""","=""2p6.5d""","=""2D""","=""3/2""","=""2p6.7f""","=""2F*""","=""5/2""",,"=""c30""","=""""",
"=""""","=""""","=""4611.88""","=""0.04""","=""""","=""3.53e+05""","=""5.63e-02""","=""-0.948""",A,"=""36372.618""","=""38540.93""","=""2p6.6s""","=""2S""","=""1/2""","=""2p6.7p""","=""2P*""","=""3/2""",,"=""c30""","=""""",
"=""""","=""""","=""4613.48""","=""0.04""","=""""","=""1.75e+05""","=""2.79e-02""","=""-1.253""",A,"=""36372.618""","=""38540.18""","=""2p6.6s""","=""2S""","=""1/2""","=""2p6.7p""","=""2P*""","=""1/2""",,"=""c30""","=""""",
"=""""","=""""","=""4665.75""","=""0.06""","=""""","=""6.24e+03""","=""3.40e-04""","=""-2.690""",B+,"=""37057.65""","=""39200.93""","=""2p6.5f""","=""2F*""","=""5/2""","=""2p6.7d""","=""2D""","=""5/2""",,"=""c30""","=""""",
"=""""","=""""","=""4665.75""","=""0.06""","=""""","=""8.76e+04""","=""4.77e-03""","=""-1.543""",A,"=""37057.65""","=""39200.93""","=""2p6.5f""","=""2F*""","=""5/2""","=""2p6.7d""","=""2D""","=""3/2""",,"=""c30""","=""""",
"=""""","=""""","=""4665.75""","=""0.06""","=""""","=""1.25e+05""","=""5.11e-03""","=""-1.388""",A,"=""37057.65""","=""39200.93""","=""2p6.5f""","=""2F*""","=""7/2""","=""2p6.7d""","=""2D""","=""5/2""",,"=""c30""","=""""",
"=""""","=""""","=""5009.04""","=""0.05""","=""""","=""5.64e+06""","=""1.06e+00""","=""0.326""",A+,"=""35040.38""","=""37036.772""","=""2p6.5p""","=""2P*""","=""1/2""","=""2p6.5d""","=""2D""","=""3/2""",,"=""c30""","=""""",
"=""""","=""""","=""5015.24""","=""0.05""","=""""","=""1.13e+06""","=""1.07e-01""","=""-0.369""",A+,"=""35042.85""","=""37036.772""","=""2p6.5p""","=""2P*""","=""3/2""","=""2p6.5d""","=""2D""","=""3/2""",,"=""c30""","=""""",
"=""""","=""""","=""5015.29""","=""0.05""","=""""","=""1.01e+07""","=""9.58e-01""","=""0.583""",A+,"=""35042.85""","=""37036.752""","=""2p6.5p""","=""2P*""","=""3/2""","=""2p6.5d""","=""2D""","=""5/2""",,"=""c30""","=""""",
"=""""","=""""","=""5090.338""","=""0.007""","=""""","=""3.38e+04""","=""2.19e-03""","=""-1.881""",E,"=""38387.255""","=""[40351.761]""","=""2p6.6d""","=""2D""","=""5/2""","=""2p6.10f""","=""2F*""","=""5/2""",,"=""c58,LS""","=""""",
"=""""","=""""","=""5090.338""","=""0.007""","=""""","=""6.75e+05""","=""4.37e-02""","=""-0.581""",D+,"=""38387.255""","=""[40351.761]""","=""2p6.6d""","=""2D""","=""5/2""","=""2p6.10f""","=""2F*""","=""7/2""",,"=""c58,LS""","=""""",
"=""""","=""""","=""5090.372""","=""0.007""","=""""","=""4.73e+05""","=""4.59e-02""","=""-0.736""",D,"=""38387.268""","=""[40351.761]""","=""2p6.6d""","=""2D""","=""3/2""","=""2p6.10f""","=""2F*""","=""5/2""",,"=""c58,LS""","=""""",
"=""""","=""""","=""5250.42""","=""0.08""","=""""","=""9.72e+05""","=""2.01e-01""","=""-0.396""",A,"=""37296.32""","=""39200.93""","=""2p6.6p""","=""2P*""","=""1/2""","=""2p6.7d""","=""2D""","=""3/2""",,"=""c30""","=""""",
"=""""","=""""","=""5253.98""","=""0.08""","=""""","=""1.94e+05""","=""2.01e-02""","=""-1.095""",A,"=""37297.61""","=""39200.93""","=""2p6.6p""","=""2P*""","=""3/2""","=""2p6.7d""","=""2D""","=""3/2""",,"=""c30""","=""""",
"=""""","=""""","=""5253.98""","=""0.08""","=""""","=""1.75e+06""","=""1.81e-01""","=""-0.140""",A,"=""37297.61""","=""39200.93""","=""2p6.6p""","=""2P*""","=""3/2""","=""2p6.7d""","=""2D""","=""5/2""",,"=""c30""","=""""",
"=""""","=""""","=""5428.36""","=""0.06""","=""""","=""5.72e+06""","=""1.26e+00""","=""0.401""",A+,"=""33200.673""","=""35042.85""","=""2p6.5s""","=""2S""","=""1/2""","=""2p6.5p""","=""2P*""","=""3/2""",,"=""c30""","=""""",
"=""""","=""""","=""5435.65""","=""0.06""","=""""","=""2.84e+06""","=""6.31e-01""","=""0.101""",A+,"=""33200.673""","=""35040.38""","=""2p6.5s""","=""2S""","=""1/2""","=""2p6.5p""","=""2P*""","=""1/2""",,"=""c30""","=""""",
"=""""","=""""","=""5609.255""","=""0.009""","=""""","=""8.68e+04""","=""2.04e-02""","=""-1.389""",B,"=""38012.042""","=""[39794.810]""","=""2p6.7s""","=""2S""","=""1/2""","=""2p6.9p""","=""2P*""","=""3/2""",,"=""c30""","=""""",
"=""""","=""""","=""5610.296""","=""0.009""","=""""","=""4.28e+04""","=""1.01e-02""","=""-1.695""",B,"=""38012.042""","=""[39794.479]""","=""2p6.7s""","=""2S""","=""1/2""","=""2p6.9p""","=""2P*""","=""1/2""",,"=""c30""","=""""",
"=""""","=""""","=""5858.45""","=""0.07""","=""""","=""4.73e+04""","=""4.06e-03""","=""-1.613""",E,"=""38387.255""","=""40094.19""","=""2p6.6d""","=""2D""","=""5/2""","=""2p6.9f""","=""2F*""","=""5/2""",,"=""c58,LS""","=""""",
"=""""","=""""","=""5858.45""","=""0.07""","=""""","=""9.44e+05""","=""8.12e-02""","=""-0.312""",D+,"=""38387.255""","=""40094.19""","=""2p6.6d""","=""2D""","=""5/2""","=""2p6.9f""","=""2F*""","=""7/2""",,"=""c58,LS""","=""""",
"=""""","=""""","=""5858.50""","=""0.07""","=""""","=""6.66e+05""","=""8.53e-02""","=""-0.467""",D+,"=""38387.268""","=""40094.19""","=""2p6.6d""","=""2D""","=""3/2""","=""2p6.9f""","=""2F*""","=""5/2""",,"=""c58,LS""","=""""",
"=""""","=""""","=""5980.18""","=""0.10""","=""""","=""1.50e+05""","=""4.03e-02""","=""-1.094""",A,"=""37296.32""","=""38968.51""","=""2p6.6p""","=""2P*""","=""1/2""","=""2p6.8s""","=""2S""","=""1/2""",,"=""c30""","=""""",
"=""""","=""""","=""5984.80""","=""0.10""","=""""","=""3.00e+05""","=""4.02e-02""","=""-0.794""",A,"=""37297.61""","=""38968.51""","=""2p6.6p""","=""2P*""","=""3/2""","=""2p6.8s""","=""2S""","=""1/2""",,"=""c30""","=""""",
"=""""","=""""","=""6648.15""","=""0.09""","=""""","=""1.73e+04""","=""1.91e-03""","=""-1.941""",B+,"=""37036.752""","=""38540.93""","=""2p6.5d""","=""2D""","=""5/2""","=""2p6.7p""","=""2P*""","=""3/2""",,"=""c30""","=""""",
"=""""","=""""","=""6648.24""","=""0.09""","=""""","=""1.92e+03""","=""3.19e-04""","=""-2.894""",B+,"=""37036.772""","=""38540.93""","=""2p6.5d""","=""2D""","=""3/2""","=""2p6.7p""","=""2P*""","=""3/2""",,"=""c30""","=""""",
"=""""","=""""","=""6651.55""","=""0.09""","=""""","=""1.00e+04""","=""1.66e-03""","=""-2.178""",B+,"=""37036.772""","=""38540.18""","=""2p6.5d""","=""2D""","=""3/2""","=""2p6.7p""","=""2P*""","=""1/2""",,"=""c30""","=""""",
"=""""","=""""","=""6929.57""","=""0.14""","=""""","=""5.06e+04""","=""1.82e-02""","=""-1.439""",B+,"=""38540.18""","=""39983.27""","=""2p6.7p""","=""2P*""","=""1/2""","=""2p6.10s""","=""2S""","=""1/2""",,"=""c30""","=""""",
"=""""","=""""","=""6933.18""","=""0.14""","=""""","=""1.01e+05""","=""1.81e-02""","=""-1.140""",B+,"=""38540.93""","=""39983.27""","=""2p6.7p""","=""2P*""","=""3/2""","=""2p6.10s""","=""2S""","=""1/2""",,"=""c30""","=""""",
"=""""","=""""","=""7104.518""","=""0.014""","=""""","=""9.80e+03""","=""1.24e-03""","=""-2.128""",B+,"=""38387.255""","=""[39794.810]""","=""2p6.6d""","=""2D""","=""5/2""","=""2p6.9p""","=""2P*""","=""3/2""",,"=""c30""","=""""",
"=""""","=""""","=""7104.584""","=""0.014""","=""""","=""1.09e+03""","=""2.06e-04""","=""-3.084""",B,"=""38387.268""","=""[39794.810]""","=""2p6.6d""","=""2D""","=""3/2""","=""2p6.9p""","=""2P*""","=""3/2""",,"=""c30""","=""""",
"=""""","=""""","=""7106.255""","=""0.014""","=""""","=""5.62e+03""","=""1.06e-03""","=""-2.373""",B+,"=""38387.268""","=""[39794.479]""","=""2p6.6d""","=""2D""","=""3/2""","=""2p6.9p""","=""2P*""","=""1/2""",,"=""c30""","=""""",
"=""""","=""""","=""7336.55""","=""0.11""","=""""","=""2.86e+05""","=""3.85e-02""","=""-0.636""",A,"=""37036.752""","=""38399.79""","=""2p6.5d""","=""2D""","=""5/2""","=""2p6.6f""","=""2F*""","=""5/2""",,"=""c30""","=""""",
"=""""","=""""","=""7336.55""","=""0.11""","=""""","=""5.73e+06""","=""7.70e-01""","=""0.665""",A,"=""37036.752""","=""38399.79""","=""2p6.5d""","=""2D""","=""5/2""","=""2p6.6f""","=""2F*""","=""7/2""",,"=""c30""","=""""",
"=""""","=""""","=""7336.66""","=""0.11""","=""""","=""4.01e+06""","=""8.09e-01""","=""0.510""",A,"=""37036.772""","=""38399.79""","=""2p6.5d""","=""2D""","=""3/2""","=""2p6.6f""","=""2F*""","=""5/2""",,"=""c30""","=""""",
"=""""","=""""","=""7424.43""","=""0.11""","=""""","=""1.56e+06""","=""2.15e-01""","=""0.111""",A,"=""38387.255""","=""39734.16""","=""2p6.6d""","=""2D""","=""5/2""","=""2p6.8f""","=""2F*""","=""7/2""",,"=""c30""","=""""",
"=""""","=""""","=""7424.43""","=""0.11""","=""""","=""7.80e+04""","=""1.07e-02""","=""-1.192""",A,"=""38387.255""","=""39734.16""","=""2p6.6d""","=""2D""","=""5/2""","=""2p6.8f""","=""2F*""","=""5/2""",,"=""c30""","=""""",
"=""""","=""""","=""7424.50""","=""0.11""","=""""","=""1.09e+06""","=""2.26e-01""","=""-0.044""",A,"=""38387.268""","=""39734.16""","=""2p6.6d""","=""2D""","=""3/2""","=""2p6.8f""","=""2F*""","=""5/2""",,"=""c30""","=""""",
"=""""","=""""","=""7506.17""","=""0.11""","=""""","=""1.07e+06""","=""4.53e-01""","=""-0.043""",A,"=""35040.38""","=""36372.618""","=""2p6.5p""","=""2P*""","=""1/2""","=""2p6.6s""","=""2S""","=""1/2""",,"=""c30""","=""""",
"=""""","=""""","=""7520.11""","=""0.11""","=""""","=""2.14e+06""","=""4.54e-01""","=""0.259""",A,"=""35042.85""","=""36372.618""","=""2p6.5p""","=""2P*""","=""3/2""","=""2p6.6s""","=""2S""","=""1/2""",,"=""c30""","=""""",
"=""""","=""""","=""7520.96""","=""0.11""","=""""","=""1.77e+05""","=""2.50e-02""","=""-0.824""",A,"=""37057.65""","=""38387.268""","=""2p6.5f""","=""2F*""","=""5/2""","=""2p6.6d""","=""2D""","=""3/2""",,"=""c30""","=""""",
"=""""","=""""","=""7521.03""","=""0.11""","=""""","=""2.53e+05""","=""2.68e-02""","=""-0.669""",A,"=""37057.65""","=""38387.255""","=""2p6.5f""","=""2F*""","=""7/2""","=""2p6.6d""","=""2D""","=""5/2""",,"=""c30""","=""""",
"=""""","=""""","=""7521.03""","=""0.11""","=""""","=""1.27e+04""","=""1.79e-03""","=""-1.969""",A,"=""37057.65""","=""38387.255""","=""2p6.5f""","=""2F*""","=""5/2""","=""2p6.6d""","=""2D""","=""5/2""",,"=""c30""","=""""",
"=""""","=""""","=""7524.96""","=""0.16""","=""""","=""6.88e+04""","=""9.76e-03""","=""-1.232""",A,"=""38399.79""","=""39728.70""","=""2p6.6f""","=""2F*""","=""5/2""","=""2p6.8d""","=""2D""","=""3/2""",,"=""c30""","=""""",
"=""""","=""""","=""7524.96""","=""0.16""","=""""","=""9.84e+04""","=""1.05e-02""","=""-1.076""",A,"=""38399.79""","=""39728.70""","=""2p6.6f""","=""2F*""","=""7/2""","=""2p6.8d""","=""2D""","=""5/2""",,"=""c30""","=""""",
"=""""","=""""","=""7524.96""","=""0.16""","=""""","=""4.93e+03""","=""6.97e-04""","=""-2.379""",B+,"=""38399.79""","=""39728.70""","=""2p6.6f""","=""2F*""","=""5/2""","=""2p6.8d""","=""2D""","=""5/2""",,"=""c30""","=""""",
"=""""","=""""","=""7771.23""","=""0.12""","=""""","=""1.59e+05""","=""7.20e-02""","=""-0.842""",A,"=""38012.042""","=""39298.84""","=""2p6.7s""","=""2S""","=""1/2""","=""2p6.8p""","=""2P*""","=""3/2""",,"=""c30""","=""""",
"=""""","=""""","=""7774.19""","=""0.12""","=""""","=""7.88e+04""","=""3.57e-02""","=""-1.146""",A,"=""38012.042""","=""39298.35""","=""2p6.7s""","=""2S""","=""1/2""","=""2p6.8p""","=""2P*""","=""1/2""",,"=""c30""","=""""",
"=""""","=""""","=""8413.83""","=""0.20""","=""""","=""4.72e+05""","=""2.50e-01""","=""-0.301""",A,"=""38540.18""","=""39728.70""","=""2p6.7p""","=""2P*""","=""1/2""","=""2p6.8d""","=""2D""","=""3/2""",,"=""c30""","=""""",
"=""""","=""""","=""8419.14""","=""0.20""","=""""","=""8.46e+05""","=""2.25e-01""","=""-0.046""",A,"=""38540.93""","=""39728.70""","=""2p6.7p""","=""2P*""","=""3/2""","=""2p6.8d""","=""2D""","=""5/2""",,"=""c30""","=""""",
"=""""","=""""","=""8419.14""","=""0.20""","=""""","=""9.44e+04""","=""2.50e-02""","=""-1.000""",A,"=""38540.93""","=""39728.70""","=""2p6.7p""","=""2P*""","=""3/2""","=""2p6.8d""","=""2D""","=""3/2""",,"=""c30""","=""""",
"=""""","=""""","=""8689.37""","=""0.15""","=""""","=""3.14e+05""","=""8.89e-02""","=""-0.449""",E,"=""39200.93""","=""[40351.761]""","=""2p6.7d""","=""2D""","=""3/2""","=""2p6.10f""","=""2F*""","=""5/2""",,"=""c58,LS""","=""""",
"=""""","=""""","=""8689.37""","=""0.15""","=""""","=""4.49e+05""","=""8.46e-02""","=""-0.294""",D,"=""39200.93""","=""[40351.761]""","=""2p6.7d""","=""2D""","=""5/2""","=""2p6.10f""","=""2F*""","=""7/2""",,"=""c58,LS""","=""""",
"=""""","=""""","=""8689.37""","=""0.15""","=""""","=""2.24e+04""","=""4.23e-03""","=""-1.596""",E,"=""39200.93""","=""[40351.761]""","=""2p6.7d""","=""2D""","=""5/2""","=""2p6.10f""","=""2F*""","=""5/2""",,"=""c58,LS""","=""""",
"=""""","=""""","=""9093.03""","=""0.17""","=""""","=""5.72e+05""","=""1.18e-01""","=""-0.150""",A+,"=""29172.837""","=""30272.58""","=""2p6.3d""","=""2D""","=""5/2""","=""2p6.4p""","=""2P*""","=""3/2""",,"=""c30""","=""""",
"=""""","=""""","=""9093.45""","=""0.17""","=""""","=""6.36e+04""","=""1.97e-02""","=""-1.103""",A,"=""29172.887""","=""30272.58""","=""2p6.3d""","=""2D""","=""3/2""","=""2p6.4p""","=""2P*""","=""3/2""",,"=""c30""","=""""",
"=""""","=""""","=""9139.91""","=""0.17""","=""""","=""3.14e+05""","=""9.81e-02""","=""-0.406""",A+,"=""29172.887""","=""30266.99""","=""2p6.3d""","=""2D""","=""3/2""","=""2p6.4p""","=""2P*""","=""1/2""",,"=""c30""","=""""",
"=""""","=""""","=""9166.34""","=""0.17""","=""""","=""1.87e+06""","=""1.18e+00""","=""0.373""",A,"=""37296.32""","=""38387.268""","=""2p6.6p""","=""2P*""","=""1/2""","=""2p6.6d""","=""2D""","=""3/2""",,"=""c30""","=""""",
"=""""","=""""","=""9177.19""","=""0.17""","=""""","=""3.74e+05""","=""1.18e-01""","=""-0.326""",A,"=""37297.61""","=""38387.268""","=""2p6.6p""","=""2P*""","=""3/2""","=""2p6.6d""","=""2D""","=""3/2""",,"=""c30""","=""""",
"=""""","=""""","=""9177.30""","=""0.17""","=""""","=""3.37e+06""","=""1.06e+00""","=""0.627""",A,"=""37297.61""","=""38387.255""","=""2p6.6p""","=""2P*""","=""3/2""","=""2p6.6d""","=""2D""","=""5/2""",,"=""c30""","=""""",
"=""""","=""""","=""9664.9""","=""0.3""","=""""","=""7.28e+04""","=""5.10e-02""","=""-0.991""",B+,"=""38540.18""","=""39574.85""","=""2p6.7p""","=""2P*""","=""1/2""","=""2p6.9s""","=""2S""","=""1/2""",,"=""c30""","=""""",
"=""""","=""""","=""9671.9""","=""0.3""","=""""","=""1.45e+05""","=""5.08e-02""","=""-0.692""",B+,"=""38540.93""","=""39574.85""","=""2p6.7p""","=""2P*""","=""3/2""","=""2p6.9s""","=""2S""","=""1/2""",,"=""c30""","=""""",
"=""""","=""""","=""10810.90""","=""0.23""","=""""","=""1.76e+06""","=""1.55e+00""","=""0.491""",A,"=""36372.618""","=""37297.61""","=""2p6.6s""","=""2S""","=""1/2""","=""2p6.6p""","=""2P*""","=""3/2""",,"=""c30""","=""""",
"=""""","=""""","=""10826.00""","=""0.24""","=""""","=""8.80e+05""","=""7.73e-01""","=""0.189""",A,"=""36372.618""","=""37296.32""","=""2p6.6s""","=""2S""","=""1/2""","=""2p6.6p""","=""2P*""","=""1/2""",,"=""c30""","=""""",
"=""""","=""""","=""10969.90""","=""0.24""","=""""","=""1.22e+04""","=""3.66e-03""","=""-1.658""",A,"=""38387.255""","=""39298.84""","=""2p6.6d""","=""2D""","=""5/2""","=""2p6.8p""","=""2P*""","=""3/2""",,"=""c30""","=""""",
"=""""","=""""","=""10970.06""","=""0.24""","=""""","=""1.35e+03""","=""6.10e-04""","=""-2.613""",B+,"=""38387.268""","=""39298.84""","=""2p6.6d""","=""2D""","=""3/2""","=""2p6.8p""","=""2P*""","=""3/2""",,"=""c30""","=""""",
"=""""","=""""","=""10975.96""","=""0.24""","=""""","=""7.00e+03""","=""3.16e-03""","=""-1.898""",A,"=""38387.268""","=""39298.35""","=""2p6.6d""","=""2D""","=""3/2""","=""2p6.8p""","=""2P*""","=""1/2""",,"=""c30""","=""""",
"=""""","=""""","=""11194.9""","=""0.4""","=""""","=""3.10e+04""","=""9.72e-03""","=""-1.234""",E,"=""39200.93""","=""40094.19""","=""2p6.7d""","=""2D""","=""5/2""","=""2p6.9f""","=""2F*""","=""5/2""",,"=""c58,LS""","=""""",
"=""""","=""""","=""11194.9""","=""0.4""","=""""","=""4.34e+05""","=""2.04e-01""","=""-0.088""",D,"=""39200.93""","=""40094.19""","=""2p6.7d""","=""2D""","=""3/2""","=""2p6.9f""","=""2F*""","=""5/2""",,"=""c58,LS""","=""""",
"=""""","=""""","=""11194.9""","=""0.4""","=""""","=""6.19e+05""","=""1.94e-01""","=""0.066""",D+,"=""39200.93""","=""40094.19""","=""2p6.7d""","=""2D""","=""5/2""","=""2p6.9f""","=""2F*""","=""7/2""",,"=""c58,LS""","=""""",
"=""""","=""""","=""12102.1""","=""0.3""","=""""","=""7.36e+04""","=""8.06e-02""","=""-0.793""",B+,"=""38968.51""","=""[39794.810]""","=""2p6.8s""","=""2S""","=""1/2""","=""2p6.9p""","=""2P*""","=""3/2""",,"=""c30""","=""""",
"=""""","=""""","=""12107.0""","=""0.3""","=""""","=""3.64e+04""","=""4.00e-02""","=""-1.097""",B+,"=""38968.51""","=""[39794.479]""","=""2p6.8s""","=""2S""","=""1/2""","=""2p6.9p""","=""2P*""","=""1/2""",,"=""c30""","=""""",
"=""""","=""""","=""12169.5""","=""0.3""","=""""","=""2.04e+06""","=""7.56e-01""","=""0.657""",A,"=""38387.255""","=""39208.98""","=""2p6.6d""","=""2D""","=""5/2""","=""2p6.7f""","=""2F*""","=""7/2""",,"=""c30""","=""""",
"=""""","=""""","=""12169.5""","=""0.3""","=""""","=""1.02e+05""","=""3.78e-02""","=""-0.644""",A,"=""38387.255""","=""39208.98""","=""2p6.6d""","=""2D""","=""5/2""","=""2p6.7f""","=""2F*""","=""5/2""",,"=""c30""","=""""",
"=""""","=""""","=""12169.7""","=""0.3""","=""""","=""1.43e+06""","=""7.94e-01""","=""0.502""",A,"=""38387.268""","=""39208.98""","=""2p6.6d""","=""2D""","=""3/2""","=""2p6.7f""","=""2F*""","=""5/2""",,"=""c30""","=""""",
"=""""","=""""","=""12482.2""","=""0.4""","=""""","=""8.16e+03""","=""3.17e-03""","=""-1.721""",A,"=""38399.79""","=""39200.93""","=""2p6.6f""","=""2F*""","=""5/2""","=""2p6.7d""","=""2D""","=""5/2""",,"=""c30""","=""""",
"=""""","=""""","=""12482.2""","=""0.4""","=""""","=""1.14e+05""","=""4.44e-02""","=""-0.574""",A,"=""38399.79""","=""39200.93""","=""2p6.6f""","=""2F*""","=""5/2""","=""2p6.7d""","=""2D""","=""3/2""",,"=""c30""","=""""",
"=""""","=""""","=""12482.2""","=""0.4""","=""""","=""1.63e+05""","=""4.75e-02""","=""-0.420""",A,"=""38399.79""","=""39200.93""","=""2p6.6f""","=""2F*""","=""7/2""","=""2p6.7d""","=""2D""","=""5/2""",,"=""c30""","=""""",
"=""""","=""""","=""12626.9""","=""0.5""","=""""","=""2.08e+05""","=""2.49e-01""","=""-0.303""",D,"=""39298.35""","=""40090.31""","=""2p6.8p""","=""2P*""","=""1/2""","=""2p6.9d""","=""2D""","=""3/2""",,"=""c58,LS""","=""""",
"=""""","=""""","=""12634.7""","=""0.5""","=""""","=""4.16e+04""","=""2.49e-02""","=""-1.002""",E,"=""39298.84""","=""40090.31""","=""2p6.8p""","=""2P*""","=""3/2""","=""2p6.9d""","=""2D""","=""3/2""",,"=""c58,LS""","=""""",
"=""""","=""""","=""12634.7""","=""0.5""","=""""","=""3.74e+05""","=""2.24e-01""","=""-0.048""",D+,"=""39298.84""","=""40090.31""","=""2p6.8p""","=""2P*""","=""3/2""","=""2p6.9d""","=""2D""","=""5/2""",,"=""c58,LS""","=""""",
"=""""","=""""","=""13971.9""","=""0.4""","=""""","=""4.04e+05""","=""5.91e-01""","=""0.073""",A,"=""37296.32""","=""38012.042""","=""2p6.6p""","=""2P*""","=""1/2""","=""2p6.7s""","=""2S""","=""1/2""",,"=""c30""","=""""",
"=""""","=""""","=""13997.1""","=""0.4""","=""""","=""8.06e+05""","=""5.92e-01""","=""0.374""",A,"=""37297.61""","=""38012.042""","=""2p6.6p""","=""2P*""","=""3/2""","=""2p6.7s""","=""2S""","=""1/2""",,"=""c30""","=""""",
"=""""","=""""","=""14600.2""","=""0.6""","=""""","=""2.32e+04""","=""3.70e-02""","=""-1.131""",B+,"=""39298.35""","=""39983.27""","=""2p6.8p""","=""2P*""","=""1/2""","=""2p6.10s""","=""2S""","=""1/2""",,"=""c30""","=""""",
"=""""","=""""","=""14610.7""","=""0.6""","=""""","=""4.60e+04""","=""3.68e-02""","=""-0.832""",B+,"=""39298.84""","=""39983.27""","=""2p6.8p""","=""2P*""","=""3/2""","=""2p6.10s""","=""2S""","=""1/2""",,"=""c30""","=""""",
"=""""","=""""","=""15134.3""","=""0.6""","=""""","=""7.56e+05""","=""1.30e+00""","=""0.415""",A,"=""38540.18""","=""39200.93""","=""2p6.7p""","=""2P*""","=""1/2""","=""2p6.7d""","=""2D""","=""3/2""",,"=""c30""","=""""",
"=""""","=""""","=""15151.5""","=""0.6""","=""""","=""1.51e+05""","=""1.30e-01""","=""-0.284""",A,"=""38540.93""","=""39200.93""","=""2p6.7p""","=""2P*""","=""3/2""","=""2p6.7d""","=""2D""","=""3/2""",,"=""c30""","=""""",
"=""""","=""""","=""15151.5""","=""0.6""","=""""","=""1.36e+06""","=""1.17e+00""","=""0.670""",A,"=""38540.93""","=""39200.93""","=""2p6.7p""","=""2P*""","=""3/2""","=""2p6.7d""","=""2D""","=""5/2""",,"=""c30""","=""""",
"=""""","=""""","=""16049.8""","=""0.5""","=""""","=""3.09e+05""","=""1.99e-01""","=""0.077""",D+,"=""39728.70""","=""[40351.761]""","=""2p6.8d""","=""2D""","=""5/2""","=""2p6.10f""","=""2F*""","=""7/2""",,"=""c58,LS""","=""""",
"=""""","=""""","=""16049.8""","=""0.5""","=""""","=""2.17e+05""","=""2.09e-01""","=""-0.078""",D+,"=""39728.70""","=""[40351.761]""","=""2p6.8d""","=""2D""","=""3/2""","=""2p6.10f""","=""2F*""","=""5/2""",,"=""c58,LS""","=""""",
"=""""","=""""","=""16049.8""","=""0.5""","=""""","=""1.55e+04""","=""9.96e-03""","=""-1.224""",E,"=""39728.70""","=""[40351.761]""","=""2p6.8d""","=""2D""","=""5/2""","=""2p6.10f""","=""2F*""","=""5/2""",,"=""c58,LS""","=""""",
"=""""","=""""","=""16838.4""","=""0.6""","=""""","=""1.27e+03""","=""1.35e-03""","=""-2.268""",B,"=""39200.93""","=""[39794.810]""","=""2p6.7d""","=""2D""","=""3/2""","=""2p6.9p""","=""2P*""","=""3/2""",,"=""c30""","=""""",
"=""""","=""""","=""16838.4""","=""0.6""","=""""","=""1.14e+04""","=""8.11e-03""","=""-1.313""",B+,"=""39200.93""","=""[39794.810]""","=""2p6.7d""","=""2D""","=""5/2""","=""2p6.9p""","=""2P*""","=""3/2""",,"=""c30""","=""""",
"=""""","=""""","=""16847.8""","=""0.6""","=""""","=""6.52e+03""","=""6.94e-03""","=""-1.557""",B+,"=""39200.93""","=""[39794.479]""","=""2p6.7d""","=""2D""","=""3/2""","=""2p6.9p""","=""2P*""","=""1/2""",,"=""c30""","=""""",
"=""""","=""""","=""17787.5""","=""0.6""","=""""","=""4.24e+04""","=""1.01e-01""","=""-0.695""",C,"=""39574.85""","=""40137.043""","=""2p6.9s""","=""2S""","=""1/2""","=""2p6.10p""","=""2P*""","=""3/2""",,"=""c58,LS""","=""""",
"=""""","=""""","=""17794.9""","=""0.6""","=""""","=""2.12e+04""","=""5.02e-02""","=""-0.998""",D+,"=""39574.85""","=""40136.810""","=""2p6.9s""","=""2S""","=""1/2""","=""2p6.10p""","=""2P*""","=""1/2""",,"=""c58,LS""","=""""",
"=""""","=""""","=""18036.25""","=""0.09""","=""""","=""1.12e+05""","=""2.73e-01""","=""-0.263""",C,"=""[39794.479]""","=""40348.918""","=""2p6.9p""","=""2P*""","=""1/2""","=""2p6.10d""","=""2D""","=""3/2""",,"=""c58,LS""","=""""",
"=""""","=""""","=""18047.02""","=""0.09""","=""""","=""2.23e+04""","=""2.72e-02""","=""-0.963""",D+,"=""[39794.810]""","=""40348.918""","=""2p6.9p""","=""2P*""","=""3/2""","=""2p6.10d""","=""2D""","=""3/2""",,"=""c58,LS""","=""""",
"=""""","=""""","=""18047.12""","=""0.09""","=""""","=""2.00e+05""","=""2.45e-01""","=""-0.009""",C+,"=""[39794.810]""","=""40348.915""","=""2p6.9p""","=""2P*""","=""3/2""","=""2p6.10d""","=""2D""","=""5/2""",,"=""c58,LS""","=""""",
"=""""","=""""","=""18753.6""","=""1.0""","=""""","=""4.57e+04""","=""4.02e-02""","=""-0.618""",A,"=""39200.93""","=""39734.16""","=""2p6.7d""","=""2D""","=""5/2""","=""2p6.8f""","=""2F*""","=""5/2""",,"=""c30""","=""""",
"=""""","=""""","=""18753.6""","=""1.0""","=""""","=""6.42e+05""","=""8.43e-01""","=""0.528""",A,"=""39200.93""","=""39734.16""","=""2p6.7d""","=""2D""","=""3/2""","=""2p6.8f""","=""2F*""","=""5/2""",,"=""c30""","=""""",
"=""""","=""""","=""18753.6""","=""1.0""","=""""","=""9.12e+05""","=""8.03e-01""","=""0.683""",A,"=""39200.93""","=""39734.16""","=""2p6.7d""","=""2D""","=""5/2""","=""2p6.8f""","=""2F*""","=""7/2""",,"=""c30""","=""""",
"=""""","=""""","=""18907.6""","=""0.7""","=""""","=""6.80e+05""","=""1.83e+00""","=""0.563""",A,"=""38012.042""","=""38540.93""","=""2p6.7s""","=""2S""","=""1/2""","=""2p6.7p""","=""2P*""","=""3/2""",,"=""c30""","=""""",
"=""""","=""""","=""18934.4""","=""0.7""","=""""","=""3.40e+05""","=""9.13e-01""","=""0.262""",A,"=""38012.042""","=""38540.18""","=""2p6.7s""","=""2S""","=""1/2""","=""2p6.7p""","=""2P*""","=""1/2""",,"=""c30""","=""""",
"=""""","=""""","=""19241.1""","=""1.0""","=""""","=""5.39e+03""","=""4.99e-03""","=""-1.524""",A,"=""39208.98""","=""39728.70""","=""2p6.7f""","=""2F*""","=""5/2""","=""2p6.8d""","=""2D""","=""5/2""",,"=""c30""","=""""",
"=""""","=""""","=""19241.1""","=""1.0""","=""""","=""7.56e+04""","=""6.99e-02""","=""-0.377""",A,"=""39208.98""","=""39728.70""","=""2p6.7f""","=""2F*""","=""5/2""","=""2p6.8d""","=""2D""","=""3/2""",,"=""c30""","=""""",
"=""""","=""""","=""19241.1""","=""1.0""","=""""","=""1.08e+05""","=""7.49e-02""","=""-0.222""",A,"=""39208.98""","=""39728.70""","=""2p6.7f""","=""2F*""","=""7/2""","=""2p6.8d""","=""2D""","=""5/2""",,"=""c30""","=""""",
"=""""","=""""","=""20238.0""","=""0.8""","=""""","=""2.25e+05""","=""2.30e-01""","=""0.140""",A+,"=""34548.729""","=""35042.85""","=""2p6.4d""","=""2D""","=""5/2""","=""2p6.5p""","=""2P*""","=""3/2""",,"=""c30""","=""""",
"=""""","=""""","=""20239.4""","=""0.8""","=""""","=""2.50e+04""","=""3.83e-02""","=""-0.815""",A+,"=""34548.764""","=""35042.85""","=""2p6.4d""","=""2D""","=""3/2""","=""2p6.5p""","=""2P*""","=""3/2""",,"=""c30""","=""""",
"=""""","=""""","=""20341.1""","=""0.8""","=""""","=""1.23e+05""","=""1.91e-01""","=""-0.117""",A+,"=""34548.764""","=""35040.38""","=""2p6.4d""","=""2D""","=""3/2""","=""2p6.5p""","=""2P*""","=""1/2""",,"=""c30""","=""""",
"=""""","=""""","=""20968.01""","=""0.12""","=""""","=""1.93e+04""","=""6.36e-02""","=""-0.896""",D+,"=""[39794.479]""","=""40271.396""","=""2p6.9p""","=""2P*""","=""1/2""","=""2p6.11s""","=""2S""","=""1/2""",,"=""c58,LS""","=""""",
"=""""","=""""","=""20982.57""","=""0.12""","=""""","=""3.86e+04""","=""6.36e-02""","=""-0.594""",C,"=""[39794.810]""","=""40271.396""","=""2p6.9p""","=""2P*""","=""3/2""","=""2p6.11s""","=""2S""","=""1/2""",,"=""c58,LS""","=""""",
"=""""","=""""","=""23236.9""","=""1.5""","=""""","=""3.52e+05""","=""1.43e+00""","=""0.456""",A,"=""39298.35""","=""39728.70""","=""2p6.8p""","=""2P*""","=""1/2""","=""2p6.8d""","=""2D""","=""3/2""",,"=""c30""","=""""",
"=""""","=""""","=""23263.4""","=""1.5""","=""""","=""7.04e+04""","=""1.43e-01""","=""-0.243""",A,"=""39298.84""","=""39728.70""","=""2p6.8p""","=""2P*""","=""3/2""","=""2p6.8d""","=""2D""","=""3/2""",,"=""c30""","=""""",
"=""""","=""""","=""23263.4""","=""1.5""","=""""","=""6.36e+05""","=""1.29e+00""","=""0.713""",A,"=""39298.84""","=""39728.70""","=""2p6.8p""","=""2P*""","=""3/2""","=""2p6.8d""","=""2D""","=""5/2""",,"=""c30""","=""""",
"=""""","=""""","=""23346.5""","=""1.5""","=""""","=""1.78e+05""","=""7.29e-01""","=""0.164""",A,"=""38540.18""","=""38968.51""","=""2p6.7p""","=""2P*""","=""1/2""","=""2p6.8s""","=""2S""","=""1/2""",,"=""c30""","=""""",
"=""""","=""""","=""23387.4""","=""1.5""","=""""","=""3.56e+05""","=""7.30e-01""","=""0.465""",A,"=""38540.93""","=""38968.51""","=""2p6.7p""","=""2P*""","=""3/2""","=""2p6.8s""","=""2S""","=""1/2""",,"=""c30""","=""""",
"=""""","=""""","=""27360.5""","=""2.1""","=""""","=""2.04e+04""","=""3.82e-02""","=""-0.640""",D,"=""39728.70""","=""40094.19""","=""2p6.8d""","=""2D""","=""5/2""","=""2p6.9f""","=""2F*""","=""5/2""",,"=""c58,LS""","=""""",
"=""""","=""""","=""27360.5""","=""2.1""","=""""","=""2.86e+05""","=""8.03e-01""","=""0.507""",C,"=""39728.70""","=""40094.19""","=""2p6.8d""","=""2D""","=""3/2""","=""2p6.9f""","=""2F*""","=""5/2""",,"=""c58,LS""","=""""",
"=""""","=""""","=""27360.5""","=""2.1""","=""""","=""4.09e+05""","=""7.64e-01""","=""0.661""",C,"=""39728.70""","=""40094.19""","=""2p6.8d""","=""2D""","=""5/2""","=""2p6.9f""","=""2F*""","=""7/2""",,"=""c58,LS""","=""""",
"=""""","=""""","=""28078.1""","=""2.2""","=""""","=""6.48e+04""","=""9.57e-02""","=""-0.116""",D+,"=""39734.16""","=""40090.31""","=""2p6.8f""","=""2F*""","=""7/2""","=""2p6.9d""","=""2D""","=""5/2""",,"=""c58,LS""","=""""",
"=""""","=""""","=""28078.1""","=""2.2""","=""""","=""4.52e+04""","=""8.93e-02""","=""-0.271""",D+,"=""39734.16""","=""40090.31""","=""2p6.8f""","=""2F*""","=""5/2""","=""2p6.9d""","=""2D""","=""3/2""",,"=""c58,LS""","=""""",
"=""""","=""""","=""28078.1""","=""2.2""","=""""","=""3.24e+03""","=""6.38e-03""","=""-1.417""",E,"=""39734.16""","=""40090.31""","=""2p6.8f""","=""2F*""","=""5/2""","=""2p6.9d""","=""2D""","=""5/2""",,"=""c58,LS""","=""""",
"=""""","=""""","=""30273""","=""3""","=""""","=""3.06e+05""","=""2.10e+00""","=""0.623""",A,"=""38968.51""","=""39298.84""","=""2p6.8s""","=""2S""","=""1/2""","=""2p6.8p""","=""2P*""","=""3/2""",,"=""c30""","=""""",
"=""""","=""""","=""30318""","=""3""","=""""","=""1.52e+05""","=""1.05e+00""","=""0.322""",A,"=""38968.51""","=""39298.35""","=""2p6.8s""","=""2S""","=""1/2""","=""2p6.8p""","=""2P*""","=""1/2""",,"=""c30""","=""""",
"=""""","=""""","=""33803.1""","=""2.3""","=""""","=""1.88e+05""","=""1.61e+00""","=""0.508""",B,"=""[39794.479]""","=""40090.31""","=""2p6.9p""","=""2P*""","=""1/2""","=""2p6.9d""","=""2D""","=""3/2""",,"=""c58,LS""","=""""",
"=""""","=""""","=""33840.9""","=""2.3""","=""""","=""3.38e+05""","=""1.45e+00""","=""0.763""",B,"=""[39794.810]""","=""40090.31""","=""2p6.9p""","=""2P*""","=""3/2""","=""2p6.9d""","=""2D""","=""5/2""",,"=""c58,LS""","=""""",
"=""""","=""""","=""33840.9""","=""2.3""","=""""","=""3.75e+04""","=""1.61e-01""","=""-0.191""",C+,"=""[39794.810]""","=""40090.31""","=""2p6.9p""","=""2P*""","=""3/2""","=""2p6.9d""","=""2D""","=""3/2""",,"=""c58,LS""","=""""",
"=""""","=""""","=""36166""","=""4""","=""""","=""8.54e+04""","=""8.37e-01""","=""0.224""",B+,"=""39298.35""","=""39574.85""","=""2p6.8p""","=""2P*""","=""1/2""","=""2p6.9s""","=""2S""","=""1/2""",,"=""c30""","=""""",
"=""""","=""""","=""36231""","=""4""","=""""","=""1.70e+05""","=""8.38e-01""","=""0.525""",B+,"=""39298.84""","=""39574.85""","=""2p6.8p""","=""2P*""","=""3/2""","=""2p6.9s""","=""2S""","=""1/2""",,"=""c30""","=""""",
"=""""","=""""","=""38248""","=""3""","=""""","=""2.14e+05""","=""7.82e-01""","=""0.671""",B,"=""40090.31""","=""[40351.761]""","=""2p6.9d""","=""2D""","=""5/2""","=""2p6.10f""","=""2F*""","=""7/2""",,"=""c58,LS""","=""""",
"=""""","=""""","=""38248""","=""3""","=""""","=""1.50e+05""","=""8.21e-01""","=""0.516""",B,"=""40090.31""","=""[40351.761]""","=""2p6.9d""","=""2D""","=""3/2""","=""2p6.10f""","=""2F*""","=""5/2""",,"=""c58,LS""","=""""",
"=""""","=""""","=""38248""","=""3""","=""""","=""1.07e+04""","=""3.91e-02""","=""-0.630""",C,"=""40090.31""","=""[40351.761]""","=""2p6.9d""","=""2D""","=""5/2""","=""2p6.10f""","=""2F*""","=""5/2""",,"=""c58,LS""","=""""",
"=""""","=""""","=""38335""","=""3""","=""""","=""9.12e+04""","=""3.35e-01""","=""0.303""",A,"=""37036.752""","=""37297.61""","=""2p6.5d""","=""2D""","=""5/2""","=""2p6.6p""","=""2P*""","=""3/2""",,"=""c30""","=""""",
"=""""","=""""","=""38338""","=""3""","=""""","=""1.02e+04""","=""5.59e-02""","=""-0.651""",A,"=""37036.772""","=""37297.61""","=""2p6.5d""","=""2D""","=""3/2""","=""2p6.6p""","=""2P*""","=""3/2""",,"=""c30""","=""""",
"=""""","=""""","=""38529""","=""3""","=""""","=""5.00e+04""","=""2.78e-01""","=""0.046""",A,"=""37036.772""","=""37296.32""","=""2p6.5d""","=""2D""","=""3/2""","=""2p6.6p""","=""2P*""","=""1/2""",,"=""c30""","=""""",
"=""""","=""""","=""39258""","=""3""","=""""","=""4.25e+04""","=""1.23e-01""","=""-0.007""",C+,"=""40094.19""","=""40348.915""","=""2p6.9f""","=""2F*""","=""7/2""","=""2p6.10d""","=""2D""","=""5/2""",,"=""c58,LS""","=""""",
"=""""","=""""","=""39258""","=""3""","=""""","=""2.12e+03""","=""8.19e-03""","=""-1.309""",D+,"=""40094.19""","=""40348.915""","=""2p6.9f""","=""2F*""","=""5/2""","=""2p6.10d""","=""2D""","=""5/2""",,"=""c58,LS""","=""""",
"=""""","=""""","=""39258""","=""3""","=""""","=""2.98e+04""","=""1.15e-01""","=""-0.161""",C+,"=""40094.19""","=""40348.918""","=""2p6.9f""","=""2F*""","=""5/2""","=""2p6.10d""","=""2D""","=""3/2""",,"=""c58,LS""","=""""",
"=""""","=""""","=""45463""","=""4""","=""""","=""1.32e+05""","=""2.04e+00""","=""0.611""",A,"=""39574.85""","=""[39794.810]""","=""2p6.9s""","=""2S""","=""1/2""","=""2p6.9p""","=""2P*""","=""3/2""",,"=""c30""","=""""",
"=""""","=""""","=""45531""","=""4""","=""""","=""6.58e+04""","=""1.02e+00""","=""0.310""",A,"=""39574.85""","=""[39794.479]""","=""2p6.9s""","=""2S""","=""1/2""","=""2p6.9p""","=""2P*""","=""1/2""",,"=""c30""","=""""",
"=""""","=""""","=""47145.8""","=""0.6""","=""""","=""1.05e+05""","=""1.75e+00""","=""0.544""",B,"=""40136.810""","=""40348.918""","=""2p6.10p""","=""2P*""","=""1/2""","=""2p6.10d""","=""2D""","=""3/2""",,"=""c58,LS""","=""""",
"=""""","=""""","=""47198.3""","=""0.6""","=""""","=""1.88e+05""","=""1.57e+00""","=""0.798""",B,"=""40137.043""","=""40348.915""","=""2p6.10p""","=""2P*""","=""3/2""","=""2p6.10d""","=""2D""","=""5/2""",,"=""c58,LS""","=""""",
"=""""","=""""","=""52969""","=""6""","=""""","=""3.22e+04""","=""6.76e-01""","=""0.131""",A,"=""[39794.479]""","=""39983.27""","=""2p6.9p""","=""2P*""","=""1/2""","=""2p6.10s""","=""2S""","=""1/2""",,"=""c30""","=""""",
"=""""","=""""","=""53062""","=""6""","=""""","=""6.42e+04""","=""6.77e-01""","=""0.433""",A,"=""[39794.810]""","=""39983.27""","=""2p6.9p""","=""2P*""","=""3/2""","=""2p6.10s""","=""2S""","=""1/2""",,"=""c30""","=""""",
"=""""","=""""","=""65031""","=""9""","=""""","=""8.44e+04""","=""2.67e+00""","=""0.728""",B,"=""39983.27""","=""40137.043""","=""2p6.10s""","=""2S""","=""1/2""","=""2p6.10p""","=""2P*""","=""3/2""",,"=""c58,LS""","=""""",
"=""""","=""""","=""65072""","=""9""","=""""","=""4.12e+04""","=""4.37e-01""","=""0.419""",A,"=""38387.255""","=""38540.93""","=""2p6.6d""","=""2D""","=""5/2""","=""2p6.7p""","=""2P*""","=""3/2""",,"=""c30""","=""""",
"=""""","=""""","=""65078""","=""9""","=""""","=""4.60e+03""","=""7.28e-02""","=""-0.536""",A,"=""38387.268""","=""38540.93""","=""2p6.6d""","=""2D""","=""3/2""","=""2p6.7p""","=""2P*""","=""3/2""",,"=""c30""","=""""",
"=""""","=""""","=""65130""","=""9""","=""""","=""4.18e+04""","=""1.33e+00""","=""0.425""",B,"=""39983.27""","=""40136.810""","=""2p6.10s""","=""2S""","=""1/2""","=""2p6.10p""","=""2P*""","=""1/2""",,"=""c58,LS""","=""""",
"=""""","=""""","=""65397""","=""9""","=""""","=""2.26e+04""","=""3.62e-01""","=""0.161""",A,"=""38387.268""","=""38540.18""","=""2p6.6d""","=""2D""","=""3/2""","=""2p6.7p""","=""2P*""","=""1/2""",,"=""c30""","=""""",
"=""""","=""""","=""74301.9""","=""1.6""","=""""","=""2.78e+04""","=""1.15e+00""","=""0.362""",B,"=""40136.810""","=""40271.396""","=""2p6.10p""","=""2P*""","=""1/2""","=""2p6.11s""","=""2S""","=""1/2""",,"=""c58,LS""","=""""",
"=""""","=""""","=""74430.8""","=""1.6""","=""""","=""5.54e+04""","=""1.15e+00""","=""0.663""",B,"=""40137.043""","=""40271.396""","=""2p6.10p""","=""2P*""","=""3/2""","=""2p6.11s""","=""2S""","=""1/2""",,"=""c58,LS""","=""""",
"=""""","=""""","=""581532.6""","=""2.2""","=""""","=""1.83e-07""","=""4.63e-10""","=""-9.03""",A,"=""16956.17025""","=""16973.36619""","=""2p6.3p""","=""2P*""","=""1/2""","=""2p6.3p""","=""2P*""","=""3/2""",M1,"=""c27""","=""""",
"=""""","=""""","=""581532.6""","=""2.2""","=""""","=""2.10e-13""","=""5.33e-16""","=""-14.97""",A,"=""16956.17025""","=""16973.36619""","=""2p6.3p""","=""2P*""","=""1/2""","=""2p6.3p""","=""2P*""","=""3/2""",E2,"=""c27""","=""""",
